Date,Open,High,Low,Close,Volume
2011-01-03,45.00,45.52,44.50,45.00,82590200
2011-01-04,44.81,45.28,44.28,45.03,59347400
2011-01-05,45.11,46.18,44.91,45.97,39738400
2011-01-06,45.90,47.10,45.80,46.83,98628400
2011-01-07,46.43,46.61,46.31,46.47,62973700
2011-01-10,46.47,46.99,46.15,46.27,71025700
2011-01-11,46.45,46.59,45.62,45.91,85036500
2011-01-12,45.78,46.94,45.57,46.31,92714000
2011-01-13,46.18,47.10,45.86,46.27,81515300
2011-01-14,46.47,46.81,46.31,46.80,73550500
2011-01-18,46.60,46.63,45.25,45.52,108241300
2011-01-19,45.36,46.62,45.17,46.62,74873700
2011-01-20,46.56,46.65,46.32,46.55,66112300
2011-01-21,46.67,47.12,46.49,47.03,82986400
2011-01-24,47.16,47.37,46.65,46.94,69835600
2011-01-25,46.85,47.47,46.30,46.68,84026100
2011-01-26,46.62,47.20,46.52,47.01,65635200
2011-01-27,47.03,47.78,46.80,47.59,85674800
2011-01-28,47.52,47.91,47.44,47.45,54743500
2011-01-31,47.29,47.40,47.24,47.34,81944300
2011-02-01,47.14,48.09,47.12,47.83,89663800
2011-02-02,47.97,48.13,47.04,47.21,82229700
2011-02-03,47.17,47.46,45.70,46.15,78894200
2011-02-04,46.69,46.91,46.30,46.43,113225600
2011-02-07,46.55,46.86,45.88,45.98,80225400
2011-02-08,45.84,46.14,44.66,44.68,67900500
2011-02-09,44.68,44.93,44.08,44.15,80068100
2011-02-10,44.21,44.49,43.43,43.85,99467700
2011-02-11,43.93,44.17,42.58,43.09,72335200
2011-02-14,43.17,43.22,41.78,42.15,54188300
2011-02-15,42.23,42.41,42.18,42.20,74684500
2011-02-16,42.18,43.33,41.90,42.79,60674600
2011-02-17,42.91,43.07,42.64,42.66,75272600
2011-02-18,43.04,43.12,42.01,42.21,55425700
2011-02-22,42.14,42.86,42.11,42.48,101823700
2011-02-23,42.42,43.13,42.02,42.96,78429800
2011-02-24,43.08,43.16,42.63,42.78,88686800
2011-02-25,43.00,43.25,42.85,43.15,79552300
2011-02-28,43.30,43.93,43.12,43.85,91085400
2011-03-01,44.07,44.25,43.21,43.73,75070600
2011-03-02,43.73,44.08,43.16,43.22,72644200
2011-03-03,43.18,43.53,43.04,43.47,65394100
2011-03-04,43.58,43.93,43.49,43.65,70003200
2011-03-07,43.77,44.51,43.55,44.39,91746900
2011-03-08,44.69,44.80,43.13,43.56,94036800
2011-03-09,43.83,44.04,43.08,43.14,71101700
2011-03-10,42.83,42.94,42.54,42.62,55777700
2011-03-11,42.76,42.83,41.49,41.55,92422400
2011-03-14,41.44,41.73,41.24,41.65,65603100
2011-03-15,41.31,42.25,41.28,42.01,68307400
2011-03-16,42.08,42.38,41.33,41.57,74939400
2011-03-17,41.55,42.60,41.27,42.47,93585800
2011-03-18,42.41,43.14,41.94,43.02,84593500
2011-03-21,42.80,43.71,42.77,43.45,74985200
2011-03-22,43.27,43.81,43.13,43.73,56867900
2011-03-23,43.69,44.50,43.68,44.38,79594300
2011-03-24,44.12,44.64,43.41,43.52,96431300
2011-03-25,43.50,44.30,43.44,43.94,81649100
2011-03-28,43.96,44.73,43.75,44.36,89623400
2011-03-29,44.33,44.53,43.08,43.21,80784200
2011-03-30,43.26,43.52,43.24,43.46,75995600
2011-03-31,43.45,43.91,43.23,43.31,81991600
2011-04-01,43.11,43.91,43.08,43.84,79680700
2011-04-04,43.67,43.85,43.50,43.57,115792800
2011-04-05,43.60,43.68,43.42,43.58,83070200
2011-04-06,43.75,43.96,43.67,43.83,78829000
2011-04-07,43.85,44.03,42.79,43.27,80046000
2011-04-08,43.19,44.08,43.01,43.68,83719600
2011-04-11,43.71,43.74,43.63,43.63,84136000
2011-04-12,43.32,44.19,43.26,43.98,92578900
2011-04-13,43.80,44.25,43.64,43.65,92156100
2011-04-14,43.59,44.98,43.29,44.39,83924000
2011-04-15,44.38,45.04,44.38,44.81,50256500
2011-04-18,44.75,44.77,44.45,44.71,92355700
2011-04-19,44.66,45.22,44.61,45.15,84232100
2011-04-20,44.94,46.27,44.80,46.03,101392700
2011-04-21,45.92,47.69,45.72,47.29,44720400
2011-04-22,47.34,48.05,46.18,46.20,91837400
2011-04-25,45.86,46.84,45.72,46.82,46024700
2011-04-26,46.60,47.60,46.02,47.16,80801600
2011-04-27,47.09,47.19,47.06,47.10,75116300
2011-04-28,47.38,47.96,45.92,46.40,93097800
2011-04-29,46.53,47.48,46.31,47.30,48992800
2011-05-02,47.59,47.78,46.36,46.42,91055200
2011-05-03,46.67,47.15,46.24,46.82,55122100
2011-05-04,46.74,48.61,46.49,47.76,72761000
2011-05-05,47.74,47.86,46.30,46.63,70016900
2011-05-06,46.41,46.53,46.15,46.43,88061000
2011-05-09,46.65,46.70,45.12,45.54,72998200
2011-05-10,45.67,45.90,45.45,45.72,81322400
2011-05-11,45.83,47.08,45.71,46.78,68764700
2011-05-12,46.91,48.31,46.76,48.23,72252300
2011-05-13,48.32,48.61,46.87,46.97,67634200
2011-05-16,47.01,47.17,46.34,46.57,85565300
2011-05-17,46.63,47.18,46.52,47.08,69813800
2011-05-18,47.31,48.23,46.85,48.22,64586600
2011-05-19,48.07,48.55,47.76,48.53,89565800
2011-05-20,48.33,48.58,47.66,47.99,85797400
2011-05-23,47.99,48.38,47.61,48.21,103365500
2011-05-24,48.44,49.03,48.07,48.20,78469000
2011-05-25,48.25,48.35,47.76,48.06,91315800
2011-05-26,48.02,48.40,47.18,47.54,70322100
2011-05-27,47.70,47.98,47.69,47.83,94498400
2011-05-31,47.85,48.14,47.33,48.06,101848500
2011-06-01,47.69,48.20,47.59,47.99,101418200
2011-06-02,47.80,48.44,47.74,47.84,53262900
2011-06-03,47.44,47.63,46.71,46.94,61928400
2011-06-06,46.89,47.12,46.17,46.60,50028300
2011-06-07,46.52,47.81,46.15,47.47,95386700
2011-06-08,47.55,47.84,46.96,47.34,98215900
2011-06-09,47.74,47.93,46.31,46.34,74181200
2011-06-10,46.23,47.41,45.97,47.29,66455300
2011-06-13,47.29,48.04,47.12,47.68,70161800
2011-06-14,47.61,49.27,47.54,49.22,65770600
2011-06-15,48.67,49.48,48.39,49.27,70477300
2011-06-16,49.12,49.15,48.90,48.93,67716100
2011-06-17,48.79,49.05,47.55,47.88,90728500
2011-06-20,47.93,48.93,47.62,48.85,110202800
2011-06-21,48.69,50.78,48.27,50.77,77565400
2011-06-22,50.51,50.63,49.73,50.15,91935000
2011-06-23,50.27,50.36,49.58,49.66,102981200
2011-06-24,49.65,50.14,49.64,50.11,101096700
2011-06-27,49.93,50.19,49.43,49.49,76694400
2011-06-28,49.34,49.63,48.80,49.29,87695200
2011-06-29,49.23,50.03,48.99,49.04,99874100
2011-06-30,49.20,49.23,48.82,49.18,96892400
2011-07-01,49.46,50.02,49.19,50.00,101055400
2011-07-05,49.74,50.34,49.53,50.02,70105200
2011-07-06,50.25,51.16,50.21,50.71,80172800
2011-07-07,50.72,51.07,50.35,50.39,93286700
2011-07-08,50.47,51.14,50.23,50.64,77129300
2011-07-11,50.84,50.90,48.84,49.04,110883300
2011-07-12,48.85,48.95,47.80,47.99,117539400
2011-07-13,48.16,48.65,47.75,48.57,67391200
2011-07-14,48.32,48.57,47.94,48.15,70795900
2011-07-15,48.07,49.01,47.54,48.58,78870600
2011-07-18,48.42,49.29,48.31,48.99,84894600
2011-07-19,49.32,50.05,49.15,49.97,96978500
2011-07-20,50.30,51.23,50.07,50.59,108238700
2011-07-21,50.74,51.47,50.40,51.36,68895100
2011-07-22,51.47,51.74,51.10,51.27,78844600
2011-07-25,51.17,51.36,50.29,50.74,92320000
2011-07-26,51.09,51.81,49.88,50.18,71773500
2011-07-27,50.46,50.66,49.76,49.82,88076200
2011-07-28,50.00,50.15,48.76,48.98,59036600
2011-07-29,48.96,49.21,48.39,48.59,85394700
2011-08-01,48.52,48.59,48.19,48.53,78190700
2011-08-02,48.51,49.20,48.34,48.72,86768800
2011-08-03,48.98,49.37,48.45,48.48,63601500
2011-08-04,48.30,48.60,47.05,47.11,68104200
2011-08-05,47.13,47.14,46.99,47.07,71615100
2011-08-08,47.38,47.50,46.99,47.25,59170100
2011-08-09,47.42,48.28,47.30,48.03,51270400
2011-08-10,48.37,48.62,48.16,48.46,62695300
2011-08-11,48.55,48.55,47.88,48.01,88043900
2011-08-12,48.09,48.11,47.18,47.50,76299100
2011-08-15,47.76,49.01,47.57,48.97,83419800
2011-08-16,49.10,49.93,48.47,49.53,78660900
2011-08-17,49.61,51.34,49.28,50.92,105782000
2011-08-18,50.82,53.14,50.60,52.57,72999000
2011-08-19,52.27,52.76,51.64,51.92,77764700
2011-08-22,52.24,52.35,51.98,52.22,92208800
2011-08-23,52.14,52.59,51.82,52.57,81285200
2011-08-24,52.43,53.17,52.11,53.01,83906900
2011-08-25,53.20,53.52,52.66,53.43,87519600
2011-08-26,53.25,53.61,52.85,53.59,65340600
2011-08-29,53.31,54.32,53.03,53.72,61911200
2011-08-30,53.60,53.84,52.36,52.51,70243800
2011-08-31,52.50,52.62,52.23,52.37,93612700
2011-09-01,52.44,52.85,51.50,51.78,118036400
2011-09-02,51.90,52.07,51.73,51.88,63690100
2011-09-06,52.09,52.24,51.27,51.51,85407600
2011-09-07,51.50,52.13,51.37,51.99,48394200
2011-09-08,52.08,52.93,51.71,52.63,77474900
2011-09-09,52.62,53.43,52.51,52.87,84858400
2011-09-12,52.75,53.25,52.34,53.11,81352700
2011-09-13,53.21,53.32,52.59,53.18,60458600
2011-09-14,53.27,53.52,52.56,52.82,74113100
2011-09-15,53.22,53.43,52.58,52.68,104141500
2011-09-16,52.82,52.91,52.25,52.29,81923500
2011-09-19,52.15,52.77,51.90,52.59,69755500
2011-09-20,52.72,52.90,52.59,52.59,82511300
2011-09-21,52.55,53.70,52.16,53.05,67648300
2011-09-22,53.39,54.24,51.94,52.00,73060200
2011-09-23,51.66,52.86,50.95,52.69,75244100
2011-09-26,52.56,52.84,51.87,52.09,78914800
2011-09-27,51.96,51.97,51.19,51.51,74437300
2011-09-28,51.55,52.05,51.06,51.36,87995500
2011-09-29,51.34,51.39,50.78,50.93,58616400
2011-09-30,50.62,51.43,50.09,51.15,62433600
2011-10-03,50.79,50.94,50.63,50.72,93369100
2011-10-04,50.76,51.17,49.63,49.91,72860600
2011-10-05,50.21,50.62,48.89,49.29,77193400
2011-10-06,49.59,50.79,49.42,50.28,72286100
2011-10-07,50.21,50.65,49.90,50.32,72217000
2011-10-11,50.42,51.00,49.32,49.45,62697300
2011-10-12,49.29,49.48,49.29,49.47,80815200
2011-10-13,49.19,49.84,47.95,48.33,78858400
2011-10-14,48.58,50.16,47.90,49.66,65603600
2011-10-17,49.81,50.08,48.23,48.55,80318900
2011-10-18,48.49,49.42,48.36,48.91,95802500
2011-10-19,48.85,49.38,48.36,49.32,50702000
2011-10-20,49.51,49.94,48.00,48.27,93871200
2011-10-21,48.34,48.83,47.66,48.50,70423100
2011-10-24,48.45,49.68,48.32,49.25,73582900
2011-10-25,49.31,49.83,49.00,49.60,83666400
2011-10-26,49.61,50.02,49.33,49.81,91362200
2011-10-27,49.74,50.75,49.73,50.53,81985200
2011-10-28,50.40,50.81,50.19,50.66,87889400
2011-10-31,50.86,51.24,50.64,50.92,59753800
2011-11-01,50.84,50.87,50.30,50.83,60298400
2011-11-02,50.60,51.64,50.30,51.32,63831900
2011-11-03,51.70,52.02,50.37,50.60,74108500
2011-11-04,50.86,51.62,50.51,51.21,64297900
2011-11-07,51.33,51.47,50.59,50.83,62890900
2011-11-08,50.83,51.38,49.93,50.01,90404900
2011-11-09,50.06,50.33,49.98,50.29,76847700
2011-11-10,50.02,51.65,49.93,51.59,59683400
2011-11-14,51.60,52.42,51.22,52.35,98313800
2011-11-15,52.42,52.56,51.73,51.94,98221500
2011-11-16,51.91,52.62,51.70,52.49,97013900
2011-11-17,52.59,52.94,51.74,52.13,44837600
2011-11-18,51.99,52.28,51.98,52.04,60484500
2011-11-21,52.09,52.66,51.79,52.11,62591900
2011-11-22,51.80,51.83,50.13,50.33,81938200
2011-11-23,50.34,50.49,50.00,50.48,87796300
2011-11-25,50.37,50.55,49.60,49.72,86983400
2011-11-28,49.47,49.62,49.07,49.21,69500300
2011-11-29,49.14,49.30,48.06,48.15,95591000
2011-11-30,48.16,48.21,46.86,47.08,110776900
2011-12-01,46.98,47.07,46.37,46.44,81213600
2011-12-02,46.62,47.48,46.57,47.04,96421000
2011-12-05,46.92,48.62,46.75,48.25,81366300
2011-12-06,48.44,48.76,47.58,48.25,40936500
2011-12-07,48.40,49.34,48.21,49.07,69984100
2011-12-08,48.96,49.09,48.85,48.89,74178700
2011-12-09,49.17,49.47,47.27,47.52,88098100
2011-12-12,47.27,48.11,46.39,47.64,92189700
2011-12-13,47.75,48.30,47.67,47.98,70781100
2011-12-14,48.00,48.30,47.51,47.69,64124700
2011-12-15,47.84,48.31,47.76,47.93,65924400
2011-12-16,47.64,48.56,47.45,48.36,77248800
2011-12-19,48.14,48.36,47.55,47.76,74897600
2011-12-20,47.61,47.91,46.64,46.73,80861100
2011-12-21,46.74,46.76,46.57,46.60,94608300
2011-12-22,46.62,46.64,45.98,46.47,62729200
2011-12-23,46.48,46.62,46.14,46.25,108138800
2011-12-27,46.21,47.18,46.07,46.97,73924600
2011-12-28,46.84,48.59,46.56,48.22,98834500
2011-12-29,47.97,48.01,47.70,47.94,80137700
2011-12-30,47.86,48.70,47.65,48.47,88494200
2012-01-03,48.57,49.38,48.49,49.17,68883000
2012-01-04,49.37,50.03,49.23,49.72,92949500
2012-01-05,49.62,50.69,49.47,50.52,78918800
2012-01-06,50.73,50.82,49.88,50.23,58240900
2012-01-09,49.97,51.00,49.77,50.80,75124400
2012-01-10,50.96,52.85,50.41,52.38,66321500
2012-01-11,52.16,53.06,51.63,53.02,88984100
2012-01-12,53.07,53.21,52.51,52.53,71086200
2012-01-13,52.34,53.09,52.25,53.01,92120200
2012-01-17,52.81,54.29,52.38,54.03,90657600
2012-01-18,53.91,54.51,53.67,54.32,88489900
2012-01-19,54.63,55.03,53.70,53.86,71293100
2012-01-20,53.73,55.40,53.33,55.12,96521900
2012-01-23,55.26,55.50,53.99,54.09,78111200
2012-01-24,54.13,54.51,53.57,54.50,77063000
2012-01-25,54.57,54.80,54.28,54.48,95485700
2012-01-26,54.55,54.68,53.40,53.51,72785700
2012-01-27,53.64,54.72,53.43,54.50,98055900
2012-01-30,54.24,54.96,54.11,54.78,92257300
2012-01-31,54.79,55.02,53.35,53.82,89323300
2012-02-01,53.90,54.33,53.66,54.31,78481000
2012-02-02,54.19,54.25,53.76,53.96,71251600
2012-02-03,54.03,54.13,52.39,52.44,86281000
2012-02-06,52.23,52.23,51.69,51.90,62459800
2012-02-07,52.05,52.40,51.97,52.11,84114700
2012-02-08,51.97,52.85,51.94,52.62,66090300
2012-02-09,52.57,53.33,52.51,52.76,97462100
2012-02-10,52.92,53.04,52.64,52.79,81409100
2012-02-13,53.02,53.76,52.81,53.17,95130900
2012-02-14,53.06,53.38,52.77,53.01,64579600
2012-02-15,52.88,54.36,52.15,53.95,79666500
2012-02-16,54.17,54.30,53.97,54.07,70072800
2012-02-17,53.47,54.66,53.44,54.31,77096700
2012-02-21,54.60,55.03,53.99,54.75,62277800
2012-02-22,55.03,55.62,53.87,53.89,93893700
2012-02-23,53.67,53.93,52.96,53.32,67285800
2012-02-24,53.57,55.50,53.16,54.56,86647300
2012-02-27,54.64,55.00,54.45,54.83,87993900
2012-02-28,54.93,55.20,54.40,54.59,100511300
2012-02-29,54.10,55.20,53.55,54.87,89076900
2012-03-01,54.77,55.35,54.35,54.47,54740200
2012-03-02,54.43,55.14,54.16,54.70,67987100
2012-03-05,54.61,54.75,53.74,54.15,61333200
2012-03-06,54.07,54.72,53.93,54.38,60571100
2012-03-07,54.32,54.68,52.85,53.10,63878200
2012-03-08,52.51,54.38,52.19,54.18,90586500
2012-03-09,54.14,54.53,53.71,53.76,89707700
2012-03-12,53.62,53.77,51.89,52.51,84328400
2012-03-13,52.49,52.77,52.33,52.34,63418400
2012-03-14,52.24,52.83,51.61,52.05,71873200
2012-03-15,52.05,52.31,52.03,52.18,88962700
2012-03-16,52.24,52.37,51.12,51.30,83882700
2012-03-19,51.66,51.88,51.59,51.62,62501500
2012-03-20,51.45,54.78,51.28,54.51,81761100
2012-03-21,54.88,55.39,53.29,53.48,80778700
2012-03-22,53.43,54.20,53.33,53.75,103135200
2012-03-23,53.57,53.76,53.41,53.51,75542300
2012-03-26,53.20,53.74,52.94,53.66,40080700
2012-03-27,53.85,53.93,51.70,52.23,85047000
2012-03-28,51.92,52.33,51.23,51.34,96690200
2012-03-29,51.53,51.97,51.13,51.71,55861700
2012-03-30,51.78,51.96,51.43,51.69,93539200
2012-04-02,51.58,52.99,51.53,52.99,97582100
2012-04-03,52.85,53.02,52.41,52.44,83204800
2012-04-04,52.54,52.74,52.06,52.58,71871300
2012-04-05,52.61,55.25,52.48,54.94,80961300
2012-04-06,55.10,55.31,53.99,54.31,75607200
2012-04-09,54.31,54.68,53.10,53.58,84509800
2012-04-10,53.47,53.63,53.22,53.56,98882900
2012-04-11,53.67,53.75,52.99,53.53,83580000
2012-04-12,53.28,54.32,52.64,54.21,73063200
2012-04-13,54.39,54.61,54.20,54.32,91276700
2012-04-16,54.33,54.88,53.41,53.71,75870700
2012-04-17,53.48,54.33,53.28,53.89,56856000
2012-04-18,53.67,56.62,53.67,56.06,84627000
2012-04-19,55.99,57.23,55.65,57.14,108937800
2012-04-20,56.73,57.18,54.50,54.80,74509200
2012-04-23,55.10,55.43,54.59,54.68,83655000
2012-04-24,54.89,54.93,53.88,53.97,59128000
2012-04-25,53.74,54.56,53.66,54.48,78708400
2012-04-26,54.45,54.55,54.30,54.34,75442200
2012-04-27,54.70,56.54,54.24,55.94,83844800
2012-04-30,56.03,56.80,55.68,56.72,80752900
2012-05-01,56.50,57.59,55.85,57.48,77754600
2012-05-02,56.99,58.06,56.93,57.63,92656100
2012-05-03,57.26,57.91,57.09,57.59,70743000
2012-05-04,57.86,57.92,57.75,57.87,64730200
2012-05-07,57.94,59.09,57.66,58.99,97018700
2012-05-08,58.69,59.56,58.23,59.45,89377300
2012-05-09,59.62,59.66,58.87,59.12,66560100
2012-05-10,59.04,61.24,58.96,60.25,62224700
2012-05-11,60.09,60.63,59.90,60.40,63229900
2012-05-14,60.28,60.56,60.14,60.31,114258100
2012-05-15,60.20,60.47,59.51,59.58,91316500
2012-05-16,59.97,60.48,58.81,59.06,84635600
2012-05-17,58.84,59.60,58.42,58.48,91338500
2012-05-18,58.39,58.59,55.68,56.07,89246700
2012-05-21,56.37,56.99,55.82,56.93,117247400
2012-05-22,57.27,57.49,57.19,57.41,89776700
2012-05-23,57.19,57.72,57.16,57.22,88298700
2012-05-24,57.69,58.35,57.64,58.12,76588600
2012-05-25,58.37,58.68,58.28,58.49,94660800
2012-05-29,58.15,59.21,57.98,58.80,86470600
2012-05-30,59.22,59.31,56.63,56.65,83653300
2012-05-31,56.32,56.47,55.86,56.45,40078600
2012-06-01,56.60,57.14,56.52,56.89,77654700
2012-06-04,56.64,58.52,55.89,58.28,67131600
2012-06-05,57.87,59.92,57.25,59.90,91302600
2012-06-06,60.10,61.40,59.51,61.18,50357100
2012-06-07,61.28,61.56,59.99,60.10,71324100
2012-06-08,60.08,60.33,57.74,58.13,63664800
2012-06-11,58.18,59.05,57.89,58.62,80767300
2012-06-12,58.60,58.79,58.44,58.64,83079600
2012-06-13,58.58,59.95,58.50,59.48,86862300
2012-06-14,59.23,59.52,59.21,59.35,71730600
2012-06-15,59.49,59.68,59.01,59.53,75528400
2012-06-18,59.54,59.69,58.16,58.19,61718300
2012-06-19,58.14,58.70,58.05,58.58,83225500
2012-06-20,58.44,58.79,58.07,58.18,70565900
2012-06-21,58.11,58.79,57.91,58.47,98349100
2012-06-22,58.12,59.03,58.09,58.87,112431400
2012-06-25,58.80,59.31,58.20,58.75,57046200
2012-06-26,58.52,59.24,58.34,59.02,79278800
2012-06-27,59.32,59.59,58.89,59.00,61601600
2012-06-28,58.77,60.17,58.62,59.66,62486100
2012-06-29,59.55,60.12,59.29,60.10,82868000
2012-07-02,60.10,60.60,59.45,59.59,87517100
2012-07-03,59.78,60.08,58.75,59.05,76013700
2012-07-05,59.16,61.15,58.39,60.61,93075100
2012-07-06,60.61,60.73,59.87,60.50,80994400
2012-07-09,61.02,61.42,60.59,61.38,71943400
2012-07-10,61.38,62.01,60.41,61.73,106094900
2012-07-11,61.81,62.03,60.86,61.18,89023900
2012-07-12,61.85,61.91,60.29,60.48,80942300
2012-07-13,60.27,60.84,60.20,60.57,92346200
2012-07-16,60.80,60.93,60.17,60.79,93698800
2012-07-17,60.90,61.56,60.30,61.33,78160400
2012-07-18,61.01,61.36,59.92,60.16,96606600
2012-07-19,60.01,60.31,59.28,59.61,56579200
2012-07-20,59.81,60.67,59.36,59.51,62005400
2012-07-23,59.17,61.24,59.17,60.95,82899300
2012-07-24,60.90,61.22,58.77,58.81,60815300
2012-07-25,59.03,59.60,58.88,59.19,103887800
2012-07-26,59.13,59.41,58.42,58.70,79649000
2012-07-27,58.76,59.44,58.74,59.07,95238100
2012-07-30,58.92,59.20,57.76,58.63,81733100
2012-07-31,58.48,59.13,58.25,58.94,73403700
2012-08-01,58.80,60.36,58.76,60.33,77029000
2012-08-02,60.25,60.80,60.15,60.64,93588800
2012-08-03,60.79,61.06,60.56,61.02,76127500
2012-08-06,61.04,61.95,60.65,61.34,50591200
2012-08-07,61.83,62.19,60.59,60.64,101481100
2012-08-08,60.77,61.60,60.60,61.12,75043300
2012-08-09,61.19,61.25,60.36,60.91,76244500
2012-08-10,61.46,61.95,60.06,60.16,77343800
2012-08-13,60.13,60.47,59.78,60.11,65571200
2012-08-14,59.92,60.38,59.78,59.89,40543100
2012-08-15,59.93,61.13,59.85,60.56,71651700
2012-08-16,60.30,60.92,60.10,60.51,70171900
2012-08-17,60.63,60.96,59.80,60.01,82720900
2012-08-20,60.34,61.35,60.25,61.33,82296800
2012-08-21,61.48,62.54,61.39,62.22,73475300
2012-08-22,62.12,63.46,62.08,63.40,68236300
2012-08-23,63.36,64.78,62.59,63.95,105093200
2012-08-24,64.08,64.75,63.70,63.82,86557900
2012-08-27,64.12,64.15,62.86,63.39,79657600
2012-08-28,63.29,63.50,62.23,63.10,58694200
2012-08-29,63.00,64.11,62.95,63.98,70929500
2012-08-30,64.26,64.39,63.94,64.06,80253500
2012-08-31,64.11,64.51,62.48,62.62,63391200
2012-09-04,62.71,63.03,61.93,62.56,68019200
2012-09-05,62.68,63.18,60.66,61.23,64369900
2012-09-06,61.04,61.81,60.83,61.36,75923400
2012-09-07,61.33,61.49,59.84,60.25,84524300
2012-09-10,60.50,60.63,58.61,59.11,77042800
2012-09-11,59.07,59.41,58.72,59.20,75475500
2012-09-12,59.16,59.65,58.13,59.13,85122400
2012-09-13,59.20,59.26,57.29,57.67,92134000
2012-09-14,57.76,58.88,57.62,58.32,36218900
2012-09-17,58.91,60.32,58.48,60.24,64196400
2012-09-18,60.04,60.18,58.90,58.90,75078400
2012-09-19,58.94,60.74,58.36,60.53,84333500
2012-09-20,61.01,61.42,59.43,59.89,45629800
2012-09-21,59.90,60.21,59.32,59.44,73021700
2012-09-24,59.53,59.63,58.90,59.28,98178700
2012-09-25,58.94,59.17,57.71,58.00,78845900
2012-09-26,58.22,59.34,57.94,59.14,81495700
2012-09-27,59.35,59.88,59.27,59.57,93286300
2012-09-28,59.77,60.45,58.61,58.90,89409500
2012-10-01,58.86,58.88,58.07,58.65,68733100
2012-10-02,58.74,59.01,56.71,57.33,82325800
2012-10-03,57.31,57.82,56.57,57.03,68227900
2012-10-04,57.23,57.98,56.92,57.84,87029400
2012-10-05,57.84,57.91,56.25,56.37,90205400
2012-10-09,56.55,56.60,55.89,56.01,94352300
2012-10-10,55.72,56.40,55.37,56.14,85478500
2012-10-11,56.07,57.37,55.52,57.04,40637500
2012-10-12,56.40,58.43,56.05,58.21,78207600
2012-10-15,58.18,58.45,57.56,57.81,67135300
2012-10-16,57.99,58.12,57.09,57.17,90687700
2012-10-17,57.12,58.44,57.08,57.56,96443300
2012-10-18,58.11,58.83,56.73,57.25,84307000
2012-10-19,57.03,57.05,56.69,56.99,72325300
2012-10-22,56.92,58.03,56.66,57.93,86673600
2012-10-23,57.72,59.90,57.58,59.42,92154800
2012-10-24,59.30,59.82,59.18,59.65,97159000
2012-10-25,59.54,59.73,58.91,59.47,95448700
2012-10-26,59.13,60.06,58.56,59.98,76298200
2012-10-29,59.75,59.87,58.12,58.30,82822300
2012-10-30,58.77,58.84,57.93,58.28,80437400
2012-10-31,58.22,59.05,57.28,57.36,98048300
2012-11-01,57.57,59.52,57.24,59.46,57742100
2012-11-02,59.16,60.44,59.11,60.10,56745200
2012-11-05,60.08,60.60,59.26,60.22,96363000
2012-11-06,60.35,60.37,59.71,60.04,96334400
2012-11-07,60.00,60.78,57.74,57.81,90186200
2012-11-08,57.69,58.85,57.48,58.44,77936100
2012-11-09,58.39,60.00,57.91,59.88,94481200
2012-11-13,59.89,60.42,59.09,59.23,78906000
2012-11-14,59.42,60.41,59.39,59.83,70268000
2012-11-15,60.12,60.61,59.89,60.48,89678000
2012-11-16,60.17,60.50,58.86,59.09,63043900
2012-11-19,58.61,60.02,58.60,59.92,84928200
2012-11-20,59.87,61.25,59.64,61.14,76177600
2012-11-21,61.15,61.80,60.78,61.34,81471300
2012-11-23,61.52,61.70,61.03,61.28,106862200
2012-11-26,61.54,62.21,61.50,61.99,59188400
2012-11-27,61.83,62.18,60.17,60.56,84793200
2012-11-28,61.06,61.17,59.84,60.64,97857400
2012-11-29,60.71,61.73,60.37,61.60,93131700
2012-11-30,61.17,61.29,59.97,60.45,86025900
2012-12-03,60.69,61.44,60.37,61.35,66609300
2012-12-04,61.42,61.63,60.59,60.96,100361800
2012-12-05,61.03,61.33,58.90,59.08,73783600
2012-12-06,58.71,59.41,58.65,58.99,109469100
2012-12-07,58.92,59.20,58.08,58.13,79868300
2012-12-10,58.17,59.04,57.77,58.42,95131300
2012-12-11,58.38,58.76,56.89,57.40,93467700
2012-12-12,57.56,58.81,56.97,58.32,72557600
2012-12-13,58.61,58.65,57.51,57.68,78943200
2012-12-14,58.03,58.07,57.99,57.99,97228100
2012-12-17,58.28,58.57,57.36,57.48,73847600
2012-12-18,57.45,57.58,56.83,57.21,92394100
2012-12-19,57.61,58.66,57.58,58.25,76279100
2012-12-20,58.32,58.50,57.92,58.45,89677000
2012-12-21,58.65,58.93,57.85,58.10,82665000
2012-12-24,58.05,58.32,56.87,57.03,83862600
2012-12-26,56.71,58.68,56.60,58.04,99684500
2012-12-27,57.52,58.76,56.78,58.69,67094200
2012-12-28,58.73,58.97,57.99,58.40,65723800
2012-12-31,58.25,58.88,57.54,58.62,52264100
2013-01-02,58.62,58.86,56.78,57.72,125630300
2013-01-03,57.93,58.18,56.79,56.86,73622700
2013-01-04,56.52,57.07,56.05,56.17,97091200
2013-01-07,55.78,56.91,54.98,56.48,75176300
2013-01-08,56.54,56.95,56.49,56.75,72726500
2013-01-09,56.83,57.16,55.96,56.13,68092100
2013-01-10,56.07,56.98,56.04,56.76,111206900
2013-01-11,56.65,57.46,56.60,57.45,68026100
2013-01-14,57.09,57.64,56.34,57.61,65020000
2013-01-15,57.59,58.84,57.47,58.52,86127100
2013-01-16,58.35,58.64,58.11,58.27,89004100
2013-01-17,58.37,58.57,57.72,58.18,85609000
2013-01-18,58.40,58.71,58.18,58.60,64890300
2013-01-22,58.47,58.85,58.19,58.57,81381900
2013-01-23,58.67,59.58,58.42,59.28,92705900
2013-01-24,59.33,59.33,57.69,58.18,69340600
2013-01-25,58.34,59.70,58.17,59.44,104056400
2013-01-28,59.81,59.94,58.73,58.75,72322300
2013-01-29,58.91,59.29,58.25,58.61,87118900
2013-01-30,58.78,59.20,57.09,57.42,83058100
2013-01-31,57.60,58.27,57.23,57.95,75330600
2013-02-01,57.85,59.13,57.82,59.08,95645700
2013-02-04,59.08,60.06,59.02,60.04,59057000
2013-02-05,60.12,61.14,60.05,60.79,79019900
2013-02-06,61.09,61.23,59.11,59.39,61991800
2013-02-07,59.69,60.08,58.46,58.70,86614200
2013-02-08,59.23,59.43,58.14,58.30,52725200
2013-02-11,58.05,58.38,57.41,57.49,89923300
2013-02-12,57.48,58.98,57.39,58.48,70691400
2013-02-13,58.08,59.34,57.92,58.65,93840400
2013-02-14,58.52,58.84,57.96,58.63,74202400
2013-02-15,58.25,59.29,58.15,59.07,103840100
2013-02-19,59.35,59.58,57.80,58.24,76704900
2013-02-20,58.41,59.01,56.98,57.46,74941400
2013-02-21,57.21,57.28,56.45,56.72,71225000
2013-02-22,56.79,57.58,56.75,57.16,73643500
2013-02-25,57.32,57.84,56.86,57.46,58176600
2013-02-26,57.86,58.01,57.85,57.97,82262300
2013-02-27,58.17,58.94,58.10,58.93,53669100
2013-02-28,58.96,59.00,57.51,57.75,78148400
2013-03-01,57.73,57.99,57.25,57.28,72020600
2013-03-04,57.42,57.43,57.35,57.42,74287400
2013-03-05,57.49,57.67,56.09,56.28,67051500
2013-03-06,56.17,56.29,55.80,55.85,75020600
2013-03-07,55.58,56.90,55.52,56.72,77664300
2013-03-08,56.96,58.06,56.83,57.68,82235000
2013-03-11,57.52,59.20,57.29,58.64,101299300
2013-03-12,58.57,59.07,58.34,58.68,74618600
2013-03-13,58.87,58.91,58.29,58.50,90689600
2013-03-14,58.49,59.71,58.43,59.47,92761600
2013-03-15,59.74,60.12,59.14,59.14,91822800
2013-03-18,58.88,59.75,58.67,59.45,76699600
2013-03-19,59.63,60.97,59.42,60.65,109786800
2013-03-20,60.33,60.55,59.89,60.32,58110100
2013-03-21,59.96,60.25,59.57,59.77,71086600
2013-03-22,59.52,60.07,59.32,59.77,84446100
2013-03-25,59.79,60.55,59.72,60.31,69798100
2013-03-26,60.15,61.31,60.06,60.75,81942100
2013-03-27,60.42,61.15,60.02,60.89,89401300
2013-03-28,61.19,62.03,61.06,61.41,78986200
2013-03-29,61.17,61.49,59.75,59.95,75068700
2013-04-01,59.92,59.99,59.03,59.19,87002000
2013-04-02,59.25,59.66,58.97,59.34,74416200
2013-04-03,59.23,59.70,58.26,58.52,71280500
2013-04-04,58.61,58.77,56.57,57.37,53808900
2013-04-05,57.51,57.62,56.13,56.35,89316600
2013-04-08,56.33,56.37,55.56,55.60,105091100
2013-04-09,55.83,55.98,55.27,55.47,64662400
2013-04-10,55.35,56.07,54.06,54.65,70378700
2013-04-11,54.42,54.92,54.09,54.87,99155100
2013-04-12,54.92,56.55,54.18,56.31,61112900
2013-04-15,56.09,56.55,55.90,56.21,64849600
2013-04-16,56.29,57.52,56.15,57.31,86979400
2013-04-17,57.29,57.59,56.76,57.58,80128700
2013-04-18,57.47,57.70,56.34,56.63,89179800
2013-04-19,56.76,57.11,56.29,56.43,58344300
2013-04-22,56.55,56.99,55.29,55.63,90971800
2013-04-23,54.98,56.65,54.34,56.29,69519400
2013-04-24,56.22,56.40,55.13,55.35,96647300
2013-04-25,55.38,56.74,54.87,56.48,91815100
2013-04-26,56.59,57.10,56.18,57.00,71807500
2013-04-29,56.87,57.35,55.19,55.31,96263400
2013-04-30,55.06,56.42,55.04,55.99,76471000
2013-05-01,56.02,57.75,55.93,57.33,64661200
2013-05-02,57.49,57.70,56.61,56.67,73334500
2013-05-03,56.21,57.67,56.02,57.54,59273100
2013-05-06,57.19,57.56,55.96,56.02,76188200
2013-05-07,55.89,57.08,55.75,56.26,65171900
2013-05-08,55.68,56.07,54.59,54.89,97090600
2013-05-09,54.76,55.50,54.75,55.32,64165300
2013-05-10,55.50,55.57,53.69,53.88,98291900
2013-05-13,53.65,53.80,51.55,51.82,90866200
2013-05-14,51.85,52.19,51.48,52.17,55210000
2013-05-15,51.98,54.24,51.80,54.03,77709000
2013-05-16,54.12,54.32,53.26,53.58,75792400
2013-05-17,53.71,54.32,53.54,54.28,70689700
2013-05-20,54.56,54.64,54.27,54.40,76878200
2013-05-21,54.41,54.74,54.11,54.16,109925400
2013-05-22,54.39,54.73,54.28,54.70,77303000
2013-05-23,54.78,56.20,54.60,56.09,61778900
2013-05-24,55.98,56.12,55.01,55.08,66082400
2013-05-28,55.41,55.89,54.96,55.58,71992000
2013-05-29,55.45,56.12,55.09,55.89,113498600
2013-05-30,55.93,55.96,54.66,54.73,72226000
2013-05-31,55.27,56.75,54.48,56.11,101302500
2013-06-03,56.30,58.05,56.27,57.80,57944400
2013-06-04,57.61,58.29,56.44,56.99,72513200
2013-06-05,57.06,59.54,56.99,58.52,73728700
2013-06-06,58.39,58.58,58.13,58.58,73045800
2013-06-07,58.55,59.28,57.97,58.46,83715400
2013-06-10,58.11,60.23,57.18,59.81,85825200
2013-06-11,59.86,60.44,58.99,60.02,77123800
2013-06-12,59.65,60.50,59.62,60.32,59569500
2013-06-13,60.41,62.12,60.38,61.72,82352700
2013-06-14,61.81,63.07,61.69,62.93,79014600
2013-06-17,63.14,64.14,62.83,63.78,89476000
2013-06-18,64.35,64.54,62.14,62.45,66027500
2013-06-19,62.04,62.60,60.60,60.99,98669100
2013-06-20,60.70,62.10,60.29,62.04,84343600
2013-06-21,61.79,62.15,61.07,61.18,61209600
2013-06-24,61.05,61.54,60.75,61.33,91749900
2013-06-25,61.54,61.56,60.31,60.35,64662100
2013-06-26,60.27,60.57,59.64,60.20,68990300
2013-06-27,60.06,60.07,59.06,59.06,75232800
2013-06-28,58.80,60.59,58.44,60.54,83841200
2013-07-01,60.39,60.48,58.84,59.63,114166300
2013-07-02,59.53,59.55,58.97,59.54,76104900
2013-07-03,59.51,59.62,59.32,59.38,87512100
2013-07-05,59.04,60.86,58.51,60.48,86514700
2013-07-08,60.46,60.52,58.87,59.22,75819900
2013-07-09,59.35,59.65,59.07,59.20,56831000
2013-07-10,59.28,59.77,59.00,59.03,80214500
2013-07-11,58.74,59.55,58.67,59.52,49156400
2013-07-12,59.71,60.10,59.46,59.96,85242400
2013-07-15,60.15,60.82,59.50,59.55,57934200
2013-07-16,59.62,60.54,59.51,59.78,84133500
2013-07-17,59.49,59.93,58.90,59.46,95244200
2013-07-18,59.11,60.21,58.88,59.89,68698400
2013-07-19,59.90,60.20,58.93,59.82,88603500
2013-07-22,59.57,60.01,58.66,59.24,97029700
2013-07-23,58.93,59.37,58.63,59.24,63508200
2013-07-24,59.45,60.46,59.29,59.58,48136400
2013-07-25,59.79,61.91,59.78,61.65,70286100
2013-07-26,61.81,61.82,61.19,61.21,83805300
2013-07-29,61.53,61.80,61.30,61.50,64235000
2013-07-30,61.72,62.90,61.27,62.87,79489400
2013-07-31,62.58,63.09,60.65,60.94,82956900
2013-08-01,61.22,61.44,59.15,59.38,90359700
2013-08-02,59.41,59.50,57.91,58.35,97138500
2013-08-05,58.45,59.32,58.14,58.27,85611300
2013-08-06,58.63,60.65,58.52,60.46,67156800
2013-08-07,60.57,61.59,60.14,60.83,75188400
2013-08-08,61.21,62.03,60.89,61.95,55564700
2013-08-09,61.97,62.18,61.61,61.76,89672900
2013-08-12,61.66,61.90,59.50,59.52,110647100
2013-08-13,59.35,59.51,57.19,57.51,59499600
2013-08-14,57.48,58.44,57.36,58.42,87600500
2013-08-15,58.03,58.87,57.81,58.60,90582000
2013-08-16,58.59,58.70,57.32,57.49,124711600
2013-08-19,57.46,58.75,56.80,58.49,110464300
2013-08-20,58.36,58.51,56.90,57.17,74032100
2013-08-21,56.67,58.46,56.64,58.18,95094000
2013-08-22,57.68,59.54,57.33,59.48,91577600
2013-08-23,59.65,59.72,58.61,58.82,53668300
2013-08-26,58.60,58.68,57.62,57.87,82263900
2013-08-27,58.19,59.07,57.60,58.64,76143100
2013-08-28,58.47,58.54,57.63,57.70,105015000
2013-08-29,57.78,58.72,57.48,58.48,76530000
2013-08-30,58.14,58.21,57.37,57.46,87232500
2013-09-03,57.31,58.63,56.71,58.19,102221800
2013-09-04,58.13,58.41,58.11,58.29,95316700
2013-09-05,58.43,58.77,57.88,57.94,61343300
2013-09-06,58.33,58.56,56.88,57.19,79726500
2013-09-09,57.41,57.75,57.39,57.42,85580000
2013-09-10,57.09,57.58,55.61,55.84,87964100
2013-09-11,55.84,55.92,55.05,55.64,76378000
2013-09-12,55.60,55.91,55.16,55.34,94638500
2013-09-13,55.20,56.24,54.76,55.94,69164900
2013-09-16,56.07,56.16,54.87,54.93,73655200
2013-09-17,55.28,56.79,54.92,56.40,102054200
2013-09-18,56.29,56.31,56.05,56.16,75923100
2013-09-19,56.42,56.55,54.97,55.24,59179100
2013-09-20,55.55,57.10,55.24,56.44,101441100
2013-09-23,56.20,57.91,56.08,57.90,60686000
2013-09-24,58.31,58.44,57.29,57.76,69682200
2013-09-25,58.15,58.40,56.95,57.02,83878500
2013-09-26,57.09,57.17,57.04,57.06,92205000
2013-09-27,57.45,57.88,56.24,56.50,91726000
2013-09-30,56.56,56.64,55.62,56.27,95140300
2013-10-01,56.53,58.50,56.01,57.63,91986200
2013-10-02,57.78,58.07,57.56,58.00,89133800
2013-10-03,57.80,58.39,57.73,58.15,81200700
2013-10-04,58.21,59.09,57.85,58.48,75810200
2013-10-07,58.44,58.52,58.23,58.46,72006700
2013-10-08,58.34,59.44,58.18,59.22,114559800
2013-10-09,58.95,61.08,58.79,60.03,93771700
2013-10-10,59.84,60.00,59.58,59.72,84470000
2013-10-11,59.42,60.25,58.86,59.83,98215700
2013-10-15,60.11,62.55,59.94,62.06,88497000
2013-10-16,61.58,62.83,61.57,62.47,89459000
2013-10-17,62.49,62.53,62.23,62.30,84104600
2013-10-18,62.15,64.32,61.92,64.26,89400800
2013-10-21,63.94,64.31,63.87,64.27,83265000
2013-10-22,64.46,64.48,62.75,63.23,61128600
2013-10-23,63.03,64.12,62.54,63.88,84350300
2013-10-24,64.19,64.41,62.55,63.03,89825500
2013-10-25,62.98,63.04,62.21,62.57,81132200
2013-10-28,62.65,63.16,62.30,62.89,76962800
2013-10-29,62.85,63.46,62.40,62.78,83809000
2013-10-30,62.94,63.11,61.77,62.07,79860000
2013-10-31,62.31,62.58,61.39,61.57,63784900
2013-11-01,61.46,62.31,60.64,61.04,79610600
2013-11-04,61.04,62.18,60.76,62.14,69291400
2013-11-05,62.58,62.63,61.05,61.48,61542100
2013-11-06,61.34,61.84,60.18,60.97,86566800
2013-11-07,61.42,63.27,61.20,62.89,84473500
2013-11-08,62.79,63.31,61.44,62.38,93321300
2013-11-12,62.24,63.92,61.85,63.80,76275100
2013-11-13,63.37,65.53,63.34,65.08,87307100
2013-11-14,64.86,65.34,64.27,64.93,82349500
2013-11-15,64.48,64.81,62.83,63.57,89027200
2013-11-18,63.42,64.08,63.02,64.01,68395300
2013-11-19,64.19,64.81,63.91,64.66,94262000
2013-11-20,64.65,66.29,64.58,65.62,69937600
2013-11-21,65.46,66.24,65.35,65.69,50444300
2013-11-22,65.42,66.97,65.26,66.89,79364500
2013-11-25,66.70,68.31,66.21,68.29,57964200
2013-11-26,67.90,68.29,66.85,67.21,94860500
2013-11-27,66.87,69.04,66.73,68.66,61758000
2013-11-29,69.20,69.82,68.63,68.83,81424900
2013-12-02,68.90,69.27,67.67,68.24,55483600
2013-12-03,67.99,68.26,67.30,67.90,86064000
2013-12-04,68.09,70.13,67.94,69.84,101603000
2013-12-05,70.26,71.10,69.91,70.86,75205700
2013-12-06,70.68,70.71,68.56,68.96,98130400
2013-12-09,68.93,69.27,68.44,69.04,77883500
2013-12-10,68.69,69.05,68.22,68.88,63425900
2013-12-11,68.45,69.29,68.20,68.69,76108400
2013-12-12,69.07,69.46,67.35,68.16,68151500
2013-12-13,69.10,69.72,66.47,66.68,89280900
2013-12-16,66.48,68.10,65.83,67.54,88367900
2013-12-17,67.10,67.77,66.40,66.59,105455900
2013-12-18,66.97,67.12,65.90,66.22,68301200
2013-12-19,66.50,66.76,65.62,65.63,78393300
2013-12-20,65.75,65.82,64.79,64.92,71333100
2013-12-23,65.30,66.25,65.23,65.65,68242000
2013-12-24,65.56,66.26,65.54,66.04,75185400
2013-12-26,66.11,66.31,65.04,65.37,88432900
2013-12-27,65.58,66.03,64.29,64.46,90009700
2013-12-30,64.38,64.84,63.78,64.01,95976100
2013-12-31,64.14,65.45,63.46,64.96,75349200
2014-01-02,64.90,65.50,64.77,65.09,77945400
2014-01-03,65.21,65.49,64.50,65.32,73777000
2014-01-06,65.37,65.61,64.58,65.01,28811300
2014-01-07,64.50,65.25,64.43,64.77,80432800
2014-01-08,64.79,65.00,64.50,64.98,80773900
2014-01-09,64.61,65.42,63.02,63.22,72065200
2014-01-10,63.00,64.78,62.48,64.78,82749000
2014-01-13,64.35,64.43,63.73,64.03,96435400
2014-01-14,64.24,64.49,63.17,63.50,61555300
2014-01-15,63.41,64.96,63.32,64.80,85884900
2014-01-16,64.70,65.47,64.10,65.02,70415900
2014-01-17,65.35,65.45,65.03,65.07,77723400
2014-01-21,65.26,65.30,64.46,64.51,77116600
2014-01-22,64.46,65.22,62.82,63.03,76222000
2014-01-23,62.51,63.38,61.87,63.22,102583300
2014-01-24,63.39,64.77,63.04,64.38,78370800
2014-01-27,64.31,64.52,63.27,63.53,76288500
2014-01-28,63.43,65.11,63.14,64.85,63782800
2014-01-29,65.04,65.52,63.27,63.78,104439500
2014-01-30,63.61,63.67,63.07,63.09,87064500
2014-01-31,63.07,63.90,62.92,63.59,80579200
2014-02-03,63.81,63.97,63.42,63.60,67465000
2014-02-04,63.75,64.41,63.28,64.28,75047300
2014-02-05,64.12,64.38,62.83,63.58,104807600
2014-02-06,63.95,64.16,62.49,62.62,67147900
2014-02-07,62.91,63.87,60.68,60.91,65312600
2014-02-10,61.37,61.43,59.53,59.84,101001200
2014-02-11,59.83,60.31,58.87,58.91,65153200
2014-02-12,58.96,59.30,57.43,57.70,90600800
2014-02-13,57.94,58.22,57.72,58.00,109142700
2014-02-14,58.10,58.22,56.77,57.46,61709600
2014-02-18,57.49,58.00,55.24,55.81,65176500
2014-02-19,55.79,58.07,55.48,57.97,99334600
2014-02-20,57.90,58.68,57.22,57.29,100106300
2014-02-21,57.14,57.55,56.26,56.26,110462200
2014-02-24,56.11,57.48,55.94,57.35,84141500
2014-02-25,57.45,58.54,56.72,58.41,83125200
2014-02-26,58.33,58.34,57.10,57.44,63019200
2014-02-27,57.12,57.62,55.86,56.22,76333500
2014-02-28,56.23,56.36,55.37,55.43,79707500
2014-03-03,55.79,56.82,55.73,56.42,84745300
2014-03-04,56.73,57.00,56.09,56.20,67195400
2014-03-05,55.75,55.87,55.18,55.56,76725700
2014-03-06,55.38,55.82,55.08,55.58,95219500
2014-03-07,55.76,56.67,55.24,56.64,104157500
2014-03-10,56.66,57.10,54.79,55.52,89383900
2014-03-11,55.53,55.61,54.81,55.24,92726700
2014-03-12,55.21,55.75,54.14,54.15,103290600
2014-03-13,54.17,56.25,53.84,56.00,50765000
2014-03-14,55.77,57.88,55.40,57.59,109097800
2014-03-17,57.86,58.46,57.64,58.46,79946100
2014-03-18,58.22,58.61,58.00,58.38,55330700
2014-03-19,58.35,59.04,57.58,58.99,85187600
2014-03-20,59.36,59.46,56.92,57.20,91226400
2014-03-21,57.45,57.56,57.08,57.48,71674700
2014-03-24,57.48,57.84,56.27,56.37,98546600
2014-03-25,56.37,56.41,55.25,55.31,93904600
2014-03-26,55.18,55.74,54.44,54.77,115301000
2014-03-27,54.67,54.80,54.29,54.54,79771300
2014-03-28,54.48,55.32,54.19,55.06,80565100
2014-03-31,55.35,56.06,55.28,55.69,73151300
2014-04-01,55.59,56.28,55.28,55.95,64586400
2014-04-02,56.08,56.09,55.20,55.21,86153300
2014-04-03,55.31,55.97,55.19,55.82,112954400
2014-04-04,55.92,56.40,55.50,55.77,71039600
2014-04-07,55.71,57.40,55.30,56.81,67947100
2014-04-08,56.98,57.10,55.64,56.08,82487600
2014-04-09,56.12,56.23,53.62,53.85,69899200
2014-04-10,53.87,54.30,53.30,53.51,87930700
2014-04-11,53.42,55.55,52.98,55.32,76546400
2014-04-14,54.86,56.07,54.18,55.76,72675700
2014-04-15,55.93,56.21,55.52,55.65,72410900
2014-04-16,55.82,56.69,55.74,56.44,81127400
2014-04-17,56.33,56.97,56.21,56.91,101910100
2014-04-18,56.88,57.84,56.59,57.35,50952000
2014-04-21,57.42,57.68,56.62,56.95,108726000
2014-04-22,56.74,57.51,56.67,57.06,85904000
2014-04-23,57.23,58.04,57.02,57.28,101995900
2014-04-24,57.45,57.49,56.68,56.77,93854900
2014-04-25,56.97,57.00,55.72,55.87,89294500
2014-04-28,56.08,56.63,55.91,56.04,67590200
2014-04-29,55.62,57.00,55.31,56.90,67432800
2014-04-30,57.03,58.16,56.57,57.50,92299400
2014-05-01,57.41,58.26,57.26,57.98,88692400
2014-05-02,58.24,58.68,57.91,58.46,111438800
2014-05-05,58.71,60.90,58.56,60.81,31595200
2014-05-06,61.01,61.26,60.95,61.08,70924200
2014-05-07,61.07,62.41,60.86,62.07,40820000
2014-05-08,62.77,64.46,62.64,63.95,110014200
2014-05-09,63.94,64.45,63.49,64.02,69474200
2014-05-12,63.77,64.58,63.76,64.30,57802500
2014-05-13,64.55,65.57,64.41,65.33,89915700
2014-05-14,64.97,67.48,64.65,67.03,91188700
2014-05-15,67.55,67.84,67.03,67.35,60844600
2014-05-16,67.63,67.86,66.94,67.73,69224800
2014-05-19,68.10,68.31,66.58,67.83,76739000
2014-05-20,68.12,68.14,66.31,66.62,102942500
2014-05-21,66.74,68.13,66.67,67.76,68199300
2014-05-22,67.41,67.87,67.09,67.51,79033700
2014-05-23,67.36,67.60,65.41,65.80,94807300
2014-05-27,65.96,66.47,65.60,65.67,81706100
2014-05-28,65.63,66.38,63.45,64.01,74061100
2014-05-29,64.12,64.29,62.95,63.07,81253900
2014-05-30,62.91,63.24,62.71,63.12,99763700
2014-06-02,62.93,63.43,62.07,62.28,79763400
2014-06-03,62.37,63.72,62.27,63.33,95085400
2014-06-04,63.52,64.23,61.80,61.98,64884300
2014-06-05,61.99,62.54,61.84,62.26,75244000
2014-06-06,62.03,63.09,62.01,62.82,70154600
2014-06-09,62.41,64.29,61.61,64.24,95310900
2014-06-10,64.77,65.39,64.45,65.17,62989600
2014-06-11,64.88,65.49,64.77,65.42,54502200
2014-06-12,65.21,65.56,65.13,65.53,86511500
2014-06-13,65.35,65.86,65.13,65.50,96657800
2014-06-16,65.74,66.93,65.50,66.65,111983200
2014-06-17,66.46,66.62,65.74,66.02,55158400
2014-06-18,66.18,66.76,65.54,66.57,60498400
2014-06-19,66.65,66.89,66.29,66.50,99314800
2014-06-20,66.21,66.78,65.89,66.76,89523300
2014-06-23,66.81,67.05,66.36,66.52,72800700
2014-06-24,66.21,68.91,65.82,68.72,84062200
2014-06-25,68.68,69.31,67.86,68.06,96878200
2014-06-26,68.27,68.58,68.11,68.34,89003300
2014-06-27,68.28,69.12,67.84,68.64,52747500
2014-06-30,68.40,69.38,68.26,69.29,79514800
2014-07-01,69.18,70.07,68.75,69.78,82791400
2014-07-02,69.73,70.86,69.30,70.24,96904300
2014-07-03,70.34,71.74,70.24,71.30,98640200
2014-07-07,70.66,71.00,68.87,69.71,81912700
2014-07-08,69.21,69.87,68.67,69.74,88206900
2014-07-09,69.88,70.73,68.29,68.48,74287200
2014-07-10,68.45,69.13,68.43,68.74,66751300
2014-07-11,68.74,68.99,67.42,67.55,83482500
2014-07-14,67.61,68.08,66.00,66.61,58316300
2014-07-15,66.57,66.68,66.02,66.58,48564900
2014-07-16,66.46,68.27,66.19,68.02,59117900
2014-07-17,68.05,68.65,67.89,68.63,88770300
2014-07-18,68.82,69.07,68.34,68.96,81189700
2014-07-21,69.05,71.46,68.71,70.45,78304800
2014-07-22,70.46,70.85,69.02,69.48,103185200
2014-07-23,69.19,69.30,66.67,67.35,85414200
2014-07-24,67.41,67.45,66.05,66.95,74943700
2014-07-25,66.64,66.84,66.49,66.70,98209500
2014-07-28,66.52,68.18,66.35,67.98,79681500
2014-07-29,68.02,70.48,67.98,70.22,55200900
2014-07-30,70.25,70.47,68.66,68.85,70282200
2014-07-31,69.15,71.77,68.97,71.48,71384600
2014-08-01,71.73,73.44,71.08,73.20,83826200
2014-08-04,73.34,74.17,72.81,74.13,77959800
2014-08-05,74.03,75.00,73.40,74.54,87480500
2014-08-06,74.54,77.69,74.02,77.31,79838700
2014-08-07,77.23,78.75,76.92,77.40,75635300
2014-08-08,77.93,78.49,76.05,76.84,74638800
2014-08-11,76.98,77.02,76.28,76.99,77038200
2014-08-12,76.79,76.83,74.91,75.42,73604300
2014-08-13,75.17,76.61,75.15,75.96,57780700
2014-08-14,76.33,76.65,75.80,75.83,67321400
2014-08-15,75.57,76.67,75.39,76.21,87907200
2014-08-18,76.32,77.51,76.11,76.62,62646800
2014-08-19,76.67,77.20,75.23,75.41,100109300
2014-08-20,75.72,77.28,75.00,76.91,85282700
2014-08-21,76.64,77.01,75.74,75.74,77060700
2014-08-22,75.88,77.23,74.76,76.76,55831600
2014-08-25,76.82,77.00,74.72,74.94,76870500
2014-08-26,75.18,75.82,74.82,75.36,74692700
2014-08-27,75.77,76.11,73.75,74.45,87706900
2014-08-28,74.48,74.86,74.07,74.50,97618500
2014-08-29,74.43,74.60,73.31,73.78,95171200
2014-09-02,74.04,74.35,70.57,71.41,90718000
2014-09-03,71.02,71.23,70.04,70.25,93565000
2014-09-04,70.30,70.43,69.55,70.34,106609200
2014-09-05,70.07,71.81,70.06,71.03,90600300
2014-09-08,70.69,70.80,68.72,69.50,89408900
2014-09-09,69.07,69.81,67.10,67.34,71548000
2014-09-10,66.91,67.39,65.78,66.50,81550000
2014-09-11,66.72,66.92,66.08,66.33,88824700
2014-09-12,66.56,66.59,65.52,65.74,54545600
2014-09-15,65.77,65.88,63.79,64.99,109231200
2014-09-16,65.25,66.26,64.67,65.86,77847800
2014-09-17,65.87,66.90,65.28,66.87,90226000
2014-09-18,66.74,67.86,66.58,67.65,46611300
2014-09-19,67.37,67.57,66.38,66.74,81855400
2014-09-22,66.95,67.22,66.59,66.85,62884400
2014-09-23,67.07,67.72,66.49,66.70,78378600
2014-09-24,67.03,67.70,64.51,65.32,62687100
2014-09-25,65.12,66.68,64.67,66.23,63478700
2014-09-26,66.16,66.67,66.04,66.36,54229200
2014-09-29,66.01,66.26,65.76,65.92,98818300
2014-09-30,66.22,67.91,66.20,67.38,68656800
2014-10-01,67.57,68.37,67.15,68.19,62925500
2014-10-02,68.33,69.22,67.67,69.11,56503100
2014-10-03,69.11,71.29,68.74,70.39,77417800
2014-10-06,70.36,71.47,69.87,71.18,103614400
2014-10-07,71.08,71.33,69.74,69.86,78298100
2014-10-08,70.17,70.57,69.44,69.49,66027100
2014-10-09,69.32,70.67,69.17,70.57,77700700
2014-10-10,70.82,71.08,69.41,69.78,69109100
2014-10-14,69.87,69.91,69.29,69.85,75992300
2014-10-15,69.58,70.85,69.45,70.30,68146400
2014-10-16,69.90,72.30,69.48,71.86,101115300
2014-10-17,71.64,73.37,71.63,73.30,112699700
2014-10-20,73.29,74.33,72.56,74.30,74068600
2014-10-21,73.93,74.40,73.70,74.11,65475600
2014-10-22,74.30,75.21,73.67,75.14,83078100
2014-10-23,75.49,75.99,74.54,75.75,81518100
2014-10-24,75.92,75.98,74.68,75.57,94754700
2014-10-27,75.07,77.39,74.78,77.13,71621900
2014-10-28,76.43,78.82,76.22,77.71,77114800
2014-10-29,77.98,78.45,76.51,76.83,79904300
2014-10-30,77.29,78.35,76.63,78.30,77438300
2014-10-31,78.19,78.41,77.49,78.00,85938200
2014-11-03,78.17,78.91,78.03,78.69,87259200
2014-11-04,78.62,78.82,76.25,76.91,86536400
2014-11-05,76.72,77.26,76.15,76.89,52787800
2014-11-06,77.19,77.25,74.99,75.80,88137600
2014-11-07,75.64,75.73,74.45,74.71,82915000
2014-11-10,74.97,75.02,72.53,72.61,51104100
2014-11-12,73.11,75.13,72.52,74.99,80943200
2014-11-13,74.96,75.57,74.57,74.83,69551700
2014-11-14,75.40,75.66,74.99,75.11,77976100
2014-11-17,74.72,76.49,74.66,76.37,62318100
2014-11-18,76.66,76.76,75.82,76.24,91781800
2014-11-19,76.24,77.73,76.01,76.83,89958400
2014-11-20,77.62,77.90,75.11,75.28,95101000
2014-11-21,75.29,76.00,74.94,75.50,87511900
2014-11-24,75.27,75.57,74.67,75.04,87804100
2014-11-25,75.53,76.32,75.25,75.61,88545200
2014-11-26,75.16,76.13,75.15,75.82,98640900
2014-11-28,75.96,76.11,73.67,74.26,80533900
2014-12-01,74.05,74.15,72.20,72.24,93130100
2014-12-02,72.64,72.94,70.45,71.16,62249700
2014-12-03,71.14,72.31,70.90,71.98,91893400
2014-12-04,72.23,72.87,72.08,72.45,77495800
2014-12-05,72.45,73.37,71.67,72.91,104441600
2014-12-08,72.60,72.86,70.28,70.75,87795700
2014-12-09,70.15,71.18,67.95,67.97,66973400
2014-12-10,68.46,68.63,67.01,67.37,86729300
2014-12-11,67.44,67.55,66.74,67.07,73636100
2014-12-12,66.77,66.80,66.24,66.50,97388100
2014-12-15,66.42,67.25,65.66,66.89,80925900
2014-12-16,67.16,67.40,65.60,66.75,78299800
2014-12-17,66.36,66.37,64.99,65.61,80139700
2014-12-18,66.21,67.23,64.37,64.79,63206300
2014-12-19,64.73,65.04,64.23,64.97,81699700
2014-12-22,64.88,65.24,64.20,65.08,76572300
2014-12-23,65.42,65.65,64.69,65.05,81316000
2014-12-24,65.11,67.67,64.53,67.34,96596700
2014-12-26,67.07,67.18,66.45,67.11,62194200
2014-12-29,67.35,67.86,66.84,67.26,78745100
2014-12-30,67.38,67.51,66.13,66.29,102743400
2014-12-31,66.59,66.92,65.79,65.97,77587300
2015-01-02,65.73,66.88,65.56,66.53,74571000
2015-01-05,66.23,67.35,66.00,67.13,83229100
2015-01-06,67.30,67.67,66.90,67.00,98249100
2015-01-07,66.89,67.55,66.84,67.43,81342000
2015-01-08,66.86,67.94,66.27,67.52,97604400
2015-01-09,67.36,68.23,65.36,65.67,64844500
2015-01-12,65.84,65.97,62.54,62.55,100562800
2015-01-13,62.38,64.97,62.06,64.81,75559200
2015-01-14,65.14,65.90,64.86,65.66,89732100
2015-01-15,65.53,65.98,65.04,65.64,95929600
2015-01-16,65.62,65.64,63.60,63.98,70373000
2015-01-20,63.57,64.04,62.58,62.81,109913300
2015-01-21,62.61,64.72,61.81,64.15,83737500
2015-01-22,64.10,64.27,60.89,61.56,74033600
2015-01-23,61.70,62.38,61.09,61.31,105258000
2015-01-26,61.36,62.31,61.27,62.17,91626300
2015-01-27,62.43,63.28,62.19,62.35,113994600
2015-01-28,61.81,63.54,61.63,63.11,81110500
2015-01-29,63.11,63.35,62.89,63.03,61069200
2015-01-30,62.99,65.60,62.59,65.38,86250900
2015-02-02,65.11,65.20,64.38,64.41,53443300
2015-02-03,64.40,64.64,62.80,63.15,92911000
2015-02-04,62.96,64.20,62.75,63.46,81481300
2015-02-05,63.57,64.96,63.54,64.88,44897900
2015-02-06,64.79,65.10,64.77,64.86,78033700
2015-02-09,64.99,66.18,64.86,65.93,66133700
2015-02-10,65.69,65.73,65.39,65.45,52136100
2015-02-11,65.78,66.27,64.15,64.33,66111300
2015-02-12,64.43,65.99,64.29,65.74,67141000
2015-02-13,66.21,67.68,65.59,67.34,81506700
2015-02-17,67.31,69.11,66.73,68.94,65435100
2015-02-18,68.80,69.44,68.12,68.52,98712600
2015-02-19,68.55,68.92,66.45,67.37,113157700
2015-02-20,67.24,67.34,65.91,66.23,88520800
2015-02-23,65.95,66.07,65.21,66.04,67124200
2015-02-24,66.04,66.79,65.94,66.66,79617400
2015-02-25,66.64,67.59,66.49,67.20,79984300
2015-02-26,67.03,67.23,65.80,65.81,66629500
2015-02-27,65.70,66.23,65.57,66.04,75632400
2015-03-02,65.78,66.18,65.57,66.09,99299500
2015-03-03,66.13,66.23,66.12,66.22,67743500
2015-03-04,65.86,66.35,65.77,66.23,93505400
2015-03-05,66.68,66.87,65.95,66.07,76328900
2015-03-06,66.08,67.07,66.01,66.70,64890500
2015-03-09,66.95,67.09,66.29,66.86,75551000
2015-03-10,66.54,67.43,66.09,67.12,93164700
2015-03-11,67.22,67.39,66.42,66.47,78481200
2015-03-12,66.43,67.03,66.35,66.90,70918200
2015-03-13,67.16,67.32,66.52,66.81,76411900
2015-03-16,67.05,67.38,63.96,64.76,64520500
2015-03-17,64.34,65.46,64.29,65.28,82797800
2015-03-18,65.58,65.59,64.87,65.06,93779400
2015-03-19,64.67,66.04,63.71,66.01,95291300
2015-03-20,66.37,66.39,65.42,65.89,107224600
2015-03-23,65.88,66.67,65.23,65.84,89776000
2015-03-24,65.52,66.23,65.40,66.09,46242900
2015-03-25,66.27,66.72,65.92,66.11,85667300
2015-03-26,66.12,66.17,65.12,65.71,58910000
2015-03-27,65.45,65.66,63.77,64.01,73452600
2015-03-30,63.82,66.80,62.69,65.85,68808400
2015-03-31,65.98,66.22,63.87,64.35,87264600
2015-04-01,64.00,64.48,63.26,64.07,78974900
2015-04-02,63.84,65.03,63.65,64.74,72612800
2015-04-03,65.23,65.42,64.54,65.16,80837900
2015-04-06,64.96,65.90,64.62,65.76,55891000
2015-04-07,65.86,66.65,65.23,66.56,64914300
2015-04-08,66.68,68.14,66.62,67.88,88843500
2015-04-09,68.14,68.38,68.00,68.22,107154400
2015-04-10,68.46,72.21,67.54,71.29,70740200
2015-04-13,70.57,70.61,69.63,70.24,98953900
2015-04-14,70.10,70.78,70.06,70.50,76128200
2015-04-15,70.84,71.63,70.05,70.15,97390700
2015-04-16,69.93,69.96,69.60,69.61,61395100
2015-04-17,70.12,70.47,69.92,69.94,83291500
2015-04-20,70.01,71.81,69.46,71.51,97103800
2015-04-21,71.16,71.78,70.66,70.78,61697200
2015-04-22,70.94,71.88,69.75,70.05,79599500
2015-04-23,70.60,71.00,70.43,70.84,65205900
2015-04-24,70.65,71.58,70.56,71.45,74764800
2015-04-27,71.61,73.64,71.34,73.60,84761900
2015-04-28,73.34,75.46,72.92,74.76,74570600
2015-04-29,74.59,75.57,74.40,75.03,69562400
2015-04-30,75.07,75.65,74.44,74.67,81995600
2015-05-01,74.83,75.35,74.33,74.93,68094500
2015-05-04,75.03,75.38,74.53,74.74,73777800
2015-05-05,74.80,74.94,73.20,73.24,68022400
2015-05-06,73.95,74.25,72.65,73.26,82621900
2015-05-07,72.95,73.52,72.22,73.09,67160600
2015-05-08,72.54,73.48,72.43,72.85,65107000
2015-05-11,73.02,73.49,71.88,72.40,64674900
2015-05-12,72.46,74.34,72.42,74.28,61417300
2015-05-13,73.86,75.44,73.43,75.08,85202900
2015-05-14,75.60,76.29,75.20,76.15,93586300
2015-05-15,75.94,76.46,74.92,75.47,76900900
2015-05-18,75.04,75.08,74.11,74.33,61004600
2015-05-19,74.46,74.57,73.86,74.03,55300300
2015-05-20,74.22,75.28,73.71,74.32,72200800
2015-05-21,75.03,75.84,73.89,73.95,72849000
2015-05-22,73.50,74.12,72.92,73.76,79317600
2015-05-26,73.38,75.33,73.15,74.85,77953800
2015-05-27,74.77,75.35,74.69,75.20,87278800
2015-05-28,75.07,75.37,74.02,74.11,66938000
2015-05-29,74.09,74.12,73.07,73.65,108255600
2015-06-01,73.44,73.90,72.59,72.94,63757500
2015-06-02,72.49,73.42,72.43,73.16,74251400
2015-06-03,73.03,73.30,70.98,71.91,76485900
2015-06-04,72.12,72.16,71.46,71.75,67326400
2015-06-05,71.98,73.14,71.91,72.52,47052400
2015-06-08,72.33,73.42,72.30,72.58,95231800
2015-06-09,72.74,72.80,71.13,71.61,130853100
2015-06-10,71.73,72.44,70.62,70.98,96145400
2015-06-11,70.84,71.64,70.72,71.14,52200700
2015-06-12,71.04,71.90,71.00,71.69,79649600
2015-06-15,71.70,72.98,71.06,72.62,75582900
2015-06-16,73.45,73.85,72.38,72.49,97299700
2015-06-17,72.54,72.63,71.05,71.09,81349000
2015-06-18,70.84,73.23,70.38,72.66,76406900
2015-06-19,72.61,73.14,72.39,73.01,67519300
2015-06-22,72.85,73.68,72.83,73.48,85642800
2015-06-23,73.82,75.53,73.49,73.83,74028100
2015-06-24,73.20,73.50,71.78,72.71,83633600
2015-06-25,72.40,72.43,72.19,72.39,85302600
2015-06-26,72.64,73.04,72.28,72.70,79989100
2015-06-29,72.82,74.37,72.61,73.86,78739300
2015-06-30,73.87,74.46,73.10,73.94,74433300
2015-07-01,74.16,75.02,70.28,70.58,78395500
2015-07-02,70.21,70.63,69.80,70.36,59029400
2015-07-06,70.47,71.20,70.12,70.77,46812900
2015-07-07,70.44,72.86,69.76,72.19,76041900
2015-07-08,71.81,73.02,71.32,72.99,89498800
2015-07-09,73.14,76.25,72.93,75.79,72664300
2015-07-10,75.55,78.06,75.15,77.44,67426500
2015-07-13,77.33,79.92,77.10,79.03,79962500
2015-07-14,79.23,80.75,78.90,80.16,63598200
2015-07-15,79.82,80.30,78.12,78.51,63904200
2015-07-16,78.71,80.10,78.65,79.52,72637700
2015-07-17,80.25,80.27,79.71,80.24,80432700
2015-07-20,80.18,80.78,79.59,79.60,78638300
2015-07-21,79.92,80.58,79.85,80.31,98115400
2015-07-22,80.56,81.08,80.55,80.81,74153200
2015-07-23,80.40,81.56,80.21,80.24,56839500
2015-07-24,79.81,80.66,79.26,80.09,63520300
2015-07-27,80.10,80.26,79.27,79.78,69214800
2015-07-28,79.10,81.04,78.90,80.05,75691000
2015-07-29,80.07,80.73,79.45,79.55,60539400
2015-07-30,79.63,80.64,79.40,80.20,86886600
2015-07-31,80.36,80.79,77.67,77.92,86557000
2015-08-03,78.07,78.49,77.44,77.60,66928500
2015-08-04,78.03,78.72,75.46,75.68,96357400
2015-08-05,75.58,76.02,74.65,75.15,76959200
2015-08-06,75.56,76.11,75.44,75.75,64820100
2015-08-07,75.92,76.02,75.51,75.79,70968600
2015-08-10,75.96,76.55,75.21,75.68,68531600
2015-08-11,75.64,76.01,75.63,75.78,94181900
2015-08-12,76.08,77.61,75.92,77.60,69866400
2015-08-13,77.37,77.69,76.11,76.34,97425200
2015-08-14,76.57,77.88,76.35,77.37,85062500
2015-08-17,77.73,78.49,75.63,75.65,78576100
2015-08-18,75.45,75.67,74.90,75.14,86701400
2015-08-19,74.86,75.54,74.73,75.35,76067600
2015-08-20,75.12,75.26,74.38,74.41,73024200
2015-08-21,74.40,74.84,74.04,74.66,60348700
2015-08-24,74.78,75.78,74.34,75.50,93563800
2015-08-25,75.78,76.12,73.78,74.18,116442700
2015-08-26,74.76,74.84,73.66,74.12,64359100
2015-08-27,74.62,75.42,73.30,73.73,79864300
2015-08-28,73.82,73.85,71.22,71.64,106791900
2015-08-31,71.53,71.73,71.38,71.47,108865400
2015-09-01,71.13,71.40,70.29,70.66,104157600
2015-09-02,70.90,72.34,70.89,72.13,78895600
2015-09-03,72.29,72.55,70.75,71.22,100492600
2015-09-04,71.15,73.37,70.72,73.10,81235300
2015-09-08,73.06,73.24,72.30,72.54,64901300
2015-09-09,72.52,74.74,71.69,74.72,84973000
2015-09-10,73.95,75.38,73.59,75.35,86805200
2015-09-11,75.34,76.58,74.86,75.88,102554400
2015-09-14,75.99,77.53,75.72,76.83,71723900
2015-09-15,76.80,78.97,76.52,77.89,67064500
2015-09-16,77.56,80.14,77.56,79.56,85473000
2015-09-17,79.58,81.78,79.17,81.66,89159500
2015-09-18,81.83,82.23,80.94,81.24,105536000
2015-09-21,81.84,81.90,79.29,79.73,85707400
2015-09-22,80.08,80.34,76.17,76.60,72769900
2015-09-23,76.79,77.86,75.58,76.18,80711800
2015-09-24,76.17,77.62,75.72,77.07,123654100
2015-09-25,76.66,77.85,76.12,77.53,51447800
2015-09-28,77.39,77.77,77.19,77.67,79767400
2015-09-29,77.25,77.33,76.61,77.28,105946300
2015-09-30,77.26,77.57,75.75,76.56,82631600
2015-10-01,76.90,77.17,75.80,76.25,66789100
2015-10-02,76.59,76.84,76.05,76.72,71506300
2015-10-05,77.01,77.22,74.58,74.74,92100500
2015-10-06,74.75,75.90,74.13,75.58,65707800
2015-10-07,75.90,76.21,73.52,73.97,83930500
2015-10-08,73.90,73.95,73.61,73.83,80878200
2015-10-09,73.25,73.77,72.19,73.16,89937300
2015-10-13,73.20,73.58,72.31,72.78,92224700
2015-10-14,72.80,73.33,70.93,71.68,92521200
2015-10-15,71.19,72.09,69.93,70.49,84122700
2015-10-16,70.34,70.36,69.79,70.28,91243700
2015-10-19,69.60,69.88,68.90,69.19,79248000
2015-10-20,69.06,72.28,68.77,71.83,66751200
2015-10-21,72.19,72.51,71.13,71.42,78626500
2015-10-22,71.24,71.85,70.56,70.75,88718300
2015-10-23,71.14,71.23,69.99,70.21,94436600
2015-10-26,70.28,71.08,69.07,69.12,108007500
2015-10-27,68.92,69.24,66.40,66.66,75034600
2015-10-28,66.19,67.15,65.95,66.46,65107700
2015-10-29,66.67,66.99,66.64,66.82,65081200
2015-10-30,67.00,67.60,64.83,65.37,83506800
2015-11-02,64.99,66.13,64.39,65.43,50160800
2015-11-03,65.33,65.83,64.00,64.31,59042600
2015-11-04,64.60,64.65,63.79,64.33,83720400
2015-11-05,64.14,64.95,63.89,64.74,84438700
2015-11-06,64.85,65.93,64.77,65.27,57150200
2015-11-09,64.76,66.09,64.56,65.75,89329800
2015-11-10,65.51,66.18,64.59,65.11,81164200
2015-11-12,65.31,66.58,65.07,66.03,91178000
2015-11-13,65.72,66.06,65.14,65.64,95896000
2015-11-16,65.26,66.17,64.79,66.03,78049600
2015-11-17,65.67,67.00,65.54,66.79,80510100
2015-11-18,66.69,66.75,66.36,66.53,87295300
2015-11-19,66.12,66.76,65.21,65.31,64299900
2015-11-20,65.29,66.69,64.80,65.97,88220300
2015-11-23,66.13,66.91,64.78,64.92,57040300
2015-11-24,65.33,65.37,64.08,64.12,96683400
2015-11-25,64.02,64.36,62.46,63.12,88364100
2015-11-27,63.54,64.09,63.44,63.99,70118700
2015-11-30,64.14,64.69,63.36,63.89,80185500
2015-12-01,63.84,64.72,61.42,61.83,71918300
2015-12-02,61.96,62.82,61.78,62.58,85696100
2015-12-03,62.97,64.69,62.88,64.62,98990500
2015-12-04,65.01,66.63,64.90,66.44,76638700
2015-12-07,66.65,67.30,65.25,65.93,84374300
2015-12-08,65.91,66.60,65.46,66.06,98523600
2015-12-09,66.29,66.94,65.77,66.62,78964200
2015-12-10,66.68,68.05,66.67,67.56,94390700
2015-12-11,67.62,67.66,67.46,67.65,69138900
2015-12-14,67.72,68.09,66.51,66.59,76709400
2015-12-15,67.09,67.79,66.89,67.40,92485900
2015-12-16,67.08,68.44,67.00,68.07,98539800
2015-12-17,68.06,68.92,66.74,66.77,62175100
2015-12-18,66.48,67.33,65.87,66.45,79018600
2015-12-21,66.69,67.11,66.38,66.77,100240700
2015-12-22,67.08,67.24,66.60,66.82,86069600
2015-12-23,67.19,68.04,67.06,67.40,68609400
2015-12-24,67.31,68.26,66.84,68.25,86034500
2015-12-28,68.27,69.36,68.26,68.86,72671800
2015-12-29,69.08,69.42,68.50,68.78,99923100
2015-12-30,68.84,69.38,67.26,67.44,68501000
2015-12-31,67.53,68.37,67.02,68.12,64800100
2016-01-04,68.18,69.81,68.08,69.61,82191400
2016-01-05,69.69,71.77,69.49,71.74,80091000
2016-01-06,71.72,72.20,71.57,71.74,80054500
2016-01-07,71.88,72.06,70.77,71.73,67241300
2016-01-08,71.32,74.00,71.20,73.34,91234400
2016-01-11,73.22,75.08,72.76,74.97,77796600
2016-01-12,74.57,75.88,73.81,75.37,63885300
2016-01-13,75.35,76.87,75.29,76.20,126080400
2016-01-14,75.98,76.71,75.23,75.35,88381000
2016-01-15,75.52,76.56,74.91,76.03,72657100
2016-01-19,76.43,77.45,74.86,75.11,93451400
2016-01-20,74.74,75.33,74.74,74.97,66544900
2016-01-21,74.74,75.52,74.23,74.85,98301000
2016-01-22,74.96,75.39,74.27,74.35,101550800
2016-01-25,74.79,75.19,71.84,72.05,91604300
2016-01-26,72.28,72.67,70.88,71.19,95232600
2016-01-27,71.33,71.71,70.76,71.58,97560600
2016-01-28,71.57,72.36,71.17,71.55,111968400
2016-01-29,71.43,71.89,70.68,71.16,133993900
2016-02-01,71.28,72.33,70.82,71.65,46662000
2016-02-02,71.81,72.76,71.62,72.43,92044300
2016-02-03,72.49,74.09,72.17,73.39,80948600
2016-02-04,73.22,73.34,72.12,72.53,108624000
2016-02-05,72.07,72.93,71.88,72.58,85068200
2016-02-08,72.34,72.71,71.96,72.25,89983600
2016-02-09,72.15,72.35,71.12,71.33,76384200
2016-02-10,71.00,71.02,69.01,69.78,98923400
2016-02-11,69.88,70.39,69.12,69.71,93691200
2016-02-12,69.32,69.45,68.67,68.84,84012800
2016-02-16,68.77,71.54,68.17,71.15,109007600
2016-02-17,71.26,71.62,70.86,71.07,113008400
2016-02-18,71.32,71.55,70.41,70.87,90217700
2016-02-19,70.95,72.25,70.44,70.48,80566800
2016-02-22,70.83,72.61,70.38,72.53,72621200
2016-02-23,72.36,72.41,71.11,71.54,115393600
2016-02-24,71.32,71.82,71.08,71.40,69637700
2016-02-25,71.72,72.14,70.41,70.61,88422000
2016-02-26,70.37,70.70,70.06,70.52,70747800
2016-02-29,70.48,70.74,69.99,70.51,70089400
2016-03-01,70.03,71.84,69.99,71.72,69618500
2016-03-02,72.06,72.65,69.85,70.25,104824700
2016-03-03,70.46,71.07,70.19,70.26,75643800
2016-03-04,70.06,72.09,69.95,72.02,55810200
2016-03-07,71.53,71.61,71.37,71.51,65802900
2016-03-08,71.59,71.65,70.31,71.35,59977000
2016-03-09,71.44,71.44,70.07,70.44,74844900
2016-03-10,70.78,71.76,67.45,67.76,73244200
2016-03-11,68.28,68.81,67.34,67.70,103683400
2016-03-14,67.77,69.31,67.73,68.96,67181000
2016-03-15,68.90,69.25,68.09,68.52,63692000
2016-03-16,68.46,68.51,66.32,66.69,84292700
2016-03-17,66.61,67.08,66.46,67.00,109616500
2016-03-18,66.64,67.34,65.98,67.13,75732000
2016-03-21,66.90,68.90,66.37,68.20,70126300
2016-03-22,68.18,69.22,68.02,69.18,102121700
2016-03-23,68.73,69.18,67.57,68.95,55643900
2016-03-24,68.59,69.61,68.15,69.40,80506600
2016-03-25,69.75,70.78,66.95,67.60,74575100
2016-03-28,67.42,69.13,66.96,68.79,90679000
2016-03-29,69.01,69.43,68.93,69.02,88064000
2016-03-30,69.33,70.35,69.16,70.20,78476700
2016-03-31,70.21,71.95,70.08,71.37,75423800
2016-04-01,71.61,71.98,70.82,71.10,81539200
2016-04-04,71.05,71.18,70.82,70.97,76034100
2016-04-05,70.73,70.80,69.68,70.09,72645100
2016-04-06,70.06,70.07,67.74,67.99,81528700
2016-04-07,68.01,68.14,67.75,67.90,83536100
2016-04-08,67.94,68.37,67.45,68.11,106451100
2016-04-11,68.13,68.67,66.53,67.05,87099500
2016-04-12,66.95,68.17,66.84,67.82,67321500
2016-04-13,68.12,68.74,67.20,67.97,84745600
2016-04-14,67.93,68.55,67.32,68.49,70743100
2016-04-15,68.38,68.50,67.68,67.75,107421900
2016-04-18,68.01,68.16,65.71,66.03,86265600
2016-04-19,65.77,66.98,65.35,66.86,71705200
2016-04-20,66.86,67.53,66.79,67.52,66312200
2016-04-21,67.93,68.59,66.69,67.46,91200900
2016-04-22,67.49,67.97,66.63,67.09,67995100
2016-04-25,67.48,67.85,66.83,66.86,62360200
2016-04-26,66.80,67.26,66.54,66.78,79147100
2016-04-27,66.65,66.83,65.98,66.33,67856700
2016-04-28,66.29,66.44,63.97,64.41,80440700
2016-04-29,64.27,65.40,63.88,65.23,85225700
2016-05-02,65.15,65.24,63.65,63.84,107422200
2016-05-03,63.74,64.13,63.54,63.59,102307900
2016-05-04,63.80,64.16,63.11,63.36,99922800
2016-05-05,63.47,63.90,63.47,63.67,70019100
2016-05-06,63.63,63.75,61.53,62.21,88764000
2016-05-09,62.04,64.02,61.72,63.42,66557600
2016-05-10,64.26,64.71,63.57,64.12,72995600
2016-05-11,64.07,65.56,64.02,64.93,72012900
2016-05-12,65.30,66.75,65.02,66.24,62742800
2016-05-13,65.93,66.42,65.24,65.51,50646400
2016-05-16,65.32,65.36,62.46,62.56,93649000
2016-05-17,62.88,63.16,62.85,62.94,81378200
2016-05-18,62.68,65.16,62.52,64.27,68172700
2016-05-19,64.00,65.55,63.59,65.47,84421700
2016-05-20,65.46,65.85,64.99,65.01,76568100
2016-05-23,64.83,65.80,64.80,64.99,91698400
2016-05-24,64.92,65.77,64.92,65.34,74785000
2016-05-25,65.39,65.41,63.09,63.66,88095400
2016-05-26,63.89,64.43,63.10,63.10,44773800
2016-05-27,63.16,63.16,62.46,62.58,109521400
2016-05-31,62.66,64.38,62.18,64.16,91415500
2016-06-01,64.52,64.78,63.29,63.61,70872500
2016-06-02,63.99,65.46,63.18,65.21,62105900
2016-06-03,65.13,65.45,65.09,65.30,46206800
2016-06-06,64.82,65.07,63.34,63.75,72837200
2016-06-07,63.50,66.08,63.19,65.99,69592300
2016-06-08,66.28,66.71,64.73,65.10,75227300
2016-06-09,64.99,65.80,64.36,65.79,75110700
2016-06-10,65.61,67.65,65.45,67.57,80879000
2016-06-13,67.46,67.74,66.14,67.10,51909500
2016-06-14,67.55,67.59,65.75,65.95,52193200
2016-06-15,65.98,67.45,65.84,67.07,92820200
2016-06-16,66.98,67.71,66.77,67.21,79273100
2016-06-17,67.03,67.06,65.41,66.05,98177300
2016-06-20,65.77,66.66,64.88,65.07,61021100
2016-06-21,65.82,66.12,64.50,64.77,74155700
2016-06-22,64.77,66.53,64.75,65.79,61431900
2016-06-23,65.84,65.93,65.23,65.59,119738300
2016-06-24,65.51,66.65,65.44,66.31,51845600
2016-06-27,66.61,68.19,66.07,68.06,63234200
2016-06-28,67.79,69.54,67.78,69.44,86114300
2016-06-29,68.92,71.41,68.61,71.02,95985200
2016-06-30,70.87,72.68,70.20,72.41,48157400
2016-07-01,72.52,73.29,69.88,70.74,65287900
2016-07-05,71.40,72.52,71.13,72.12,45178500
2016-07-06,72.11,72.97,71.98,72.54,93040400
2016-07-07,72.30,72.92,71.51,72.46,88994000
2016-07-08,72.41,72.45,71.06,71.35,76485200
2016-07-11,71.14,71.44,69.41,69.73,62753700
2016-07-12,69.52,69.68,68.60,68.64,78898000
2016-07-13,68.68,68.73,68.36,68.69,76739800
2016-07-14,68.79,68.93,67.03,67.56,83607200
2016-07-15,67.40,67.56,66.70,66.82,63551300
2016-07-18,67.12,67.41,65.78,66.28,97240400
2016-07-19,66.27,67.11,65.62,67.02,63963600
2016-07-20,67.07,67.17,66.48,66.80,71852800
2016-07-21,66.68,66.90,65.96,66.74,75933200
2016-07-22,66.85,68.24,66.77,68.16,93415000
2016-07-25,68.28,68.94,67.79,67.90,78715600
2016-07-26,68.10,68.94,67.66,68.59,105701800
2016-07-27,68.38,68.39,67.23,67.58,98593800
2016-07-28,67.77,68.35,67.76,67.99,71534300
2016-07-29,67.85,68.48,67.48,68.19,95328300
2016-08-01,68.23,68.57,68.11,68.45,63270000
2016-08-02,68.67,68.91,67.67,68.04,60075700
2016-08-03,68.47,69.05,66.67,67.07,106358200
2016-08-04,66.97,67.60,66.81,66.85,89141400
2016-08-05,66.57,67.35,65.67,66.46,106218900
2016-08-08,66.51,67.85,65.80,67.58,78144600
2016-08-09,67.93,68.79,67.34,68.59,72494100
2016-08-10,68.51,68.81,66.75,67.43,68448300
2016-08-11,68.11,68.28,67.87,68.15,105677900
2016-08-12,67.65,68.41,67.32,67.74,90439200
2016-08-15,68.16,68.45,67.97,68.28,55315600
2016-08-16,68.62,69.08,67.51,67.86,65578100
2016-08-17,68.18,68.51,66.19,66.46,67672600
2016-08-18,66.25,67.85,65.97,67.56,60074300
2016-08-19,67.95,68.41,67.52,68.10,96187900
2016-08-22,68.44,68.44,66.66,66.93,77344700
2016-08-23,67.29,67.41,64.65,65.14,90050600
2016-08-24,65.10,65.22,64.40,64.71,82624400
2016-08-25,64.66,65.18,63.30,63.65,54461500
2016-08-26,64.00,64.02,63.34,63.40,70985500
2016-08-29,63.50,64.18,63.27,64.08,64047400
2016-08-30,64.00,66.23,63.63,65.60,94149500
2016-08-31,65.39,65.52,64.92,65.33,85971100
2016-09-01,65.42,66.98,65.10,66.78,70879300
2016-09-02,66.43,68.13,66.18,68.04,101740000
2016-09-06,68.22,68.70,67.30,67.68,117794100
2016-09-07,67.74,67.91,65.94,66.08,65077500
2016-09-08,65.69,67.32,65.64,67.02,51425300
2016-09-09,67.16,68.21,66.82,67.72,83760900
2016-09-12,68.06,70.83,67.89,70.24,87155300
2016-09-13,70.32,72.74,70.17,71.84,52099300
2016-09-14,71.47,73.17,71.22,72.75,60568600
2016-09-15,72.59,75.52,72.24,74.69,66227300
2016-09-16,74.96,75.03,73.53,73.59,89510300
2016-09-19,73.22,73.90,72.78,73.87,84052100
2016-09-20,73.77,73.87,73.42,73.63,59449300
2016-09-21,73.99,75.89,73.55,75.65,65020000
2016-09-22,75.58,76.82,75.26,76.36,62009900
2016-09-23,76.19,76.63,72.53,72.99,80082800
2016-09-26,73.24,75.44,73.04,74.58,111976000
2016-09-27,75.08,75.42,73.59,73.64,102360100
2016-09-28,73.77,74.70,73.67,74.57,93280400
2016-09-29,74.19,74.21,74.05,74.11,62115100
2016-09-30,73.64,74.67,73.41,74.45,96627400
2016-10-03,74.39,75.93,74.10,75.24,68550800
2016-10-04,74.71,75.99,74.56,75.53,67794500
2016-10-05,75.52,75.77,74.52,74.53,96776400
2016-10-06,74.82,76.71,74.76,76.19,76684900
2016-10-07,75.39,77.65,74.87,76.71,91959800
2016-10-11,76.68,76.90,76.56,76.77,88883300
2016-10-12,76.88,77.70,76.13,77.66,70454200
2016-10-13,77.50,78.56,76.61,77.10,82804000
2016-10-14,77.24,79.53,77.19,79.39,89030900
2016-10-17,79.57,79.76,79.56,79.72,79001400
2016-10-18,80.08,80.59,79.93,80.23,61694500
2016-10-19,81.12,81.32,80.34,80.71,99585300
2016-10-20,80.83,81.12,79.40,79.67,71361200
2016-10-21,79.40,79.60,77.92,78.35,68007600
2016-10-24,78.04,78.83,77.72,78.68,71661000
2016-10-25,78.30,79.54,78.17,79.17,94265400
2016-10-26,79.41,81.32,79.09,80.85,83520700
2016-10-27,80.98,81.72,80.36,81.47,107647900
2016-10-28,81.64,82.30,79.49,80.21,57173800
2016-10-31,80.29,80.92,80.22,80.91,73238500
2016-11-01,81.45,82.19,81.01,81.99,81888800
2016-11-02,82.37,83.32,82.34,83.30,75895600
2016-11-03,83.65,84.20,83.29,83.77,57670500
2016-11-04,83.56,84.30,81.08,82.31,64307600
2016-11-07,82.22,84.66,81.65,83.82,71363200
2016-11-08,83.39,83.81,82.52,82.96,72182500
2016-11-09,82.76,84.04,82.67,83.74,76984500
2016-11-10,83.78,84.28,81.68,81.84,75220700
2016-11-14,81.45,83.54,81.29,82.85,63474300
2016-11-15,82.65,82.95,80.94,81.94,53730000
2016-11-16,82.63,83.98,82.41,83.35,99990600
2016-11-17,83.30,85.84,83.22,85.64,102746100
2016-11-18,85.14,87.48,84.63,87.21,80217600
2016-11-21,86.79,87.58,85.74,85.74,96068600
2016-11-22,85.73,86.34,84.06,84.59,94042800
2016-11-23,84.89,85.18,83.35,83.54,93650600
2016-11-25,83.53,84.45,83.51,84.44,70122300
2016-11-28,84.75,85.61,84.69,84.93,81841900
2016-11-29,85.05,85.70,84.08,85.19,72479000
2016-11-30,84.82,85.89,84.29,85.64,55457200
2016-12-01,86.01,86.44,85.65,86.43,59881400
2016-12-02,86.29,87.91,86.05,87.33,83406200
2016-12-05,88.01,89.73,87.87,89.62,79892700
2016-12-06,89.42,89.95,88.92,89.58,87050300
2016-12-07,89.55,90.52,89.46,89.89,81014800
2016-12-08,89.71,89.71,87.01,87.45,82487400
2016-12-09,87.38,88.24,85.51,85.78,84592800
2016-12-12,85.95,86.98,84.36,84.93,63638600
2016-12-13,84.89,85.26,83.32,83.49,68443500
2016-12-14,83.90,84.17,83.27,83.82,114855700
2016-12-15,83.98,85.55,83.73,85.19,85835200
2016-12-16,85.75,85.89,84.23,84.68,99225100
2016-12-19,84.72,86.15,83.69,84.11,72289100
2016-12-20,84.57,84.88,82.95,83.52,81234900
2016-12-21,83.94,84.85,83.62,83.73,101163300
2016-12-22,83.70,84.43,82.64,83.09,85045800
2016-12-23,83.97,84.16,82.82,83.68,88629800
2016-12-27,84.21,84.45,83.57,84.10,93992700
2016-12-28,84.31,84.60,83.78,84.58,79727700
2016-12-29,84.54,86.28,83.40,85.60,61239000
2016-12-30,85.59,86.00,84.75,85.68,59910200
2017-01-03,85.64,86.46,84.95,85.90,60127800
2017-01-04,86.02,88.36,85.30,88.24,58163200
2017-01-05,87.86,88.50,87.58,88.20,47849700
2017-01-06,88.25,89.89,88.07,89.29,61889100
2017-01-09,89.10,89.70,88.76,89.38,69299200
2017-01-10,90.01,90.07,88.44,88.79,105623300
2017-01-11,89.09,89.96,87.75,88.21,67174600
2017-01-12,88.83,89.27,86.70,87.15,81513600
2017-01-13,88.02,88.41,86.70,87.19,77203100
2017-01-17,87.39,87.79,85.00,86.43,77884700
2017-01-18,87.16,87.87,85.21,85.92,61371200
2017-01-19,86.07,87.56,86.02,87.54,87790300
2017-01-20,87.78,88.32,86.75,87.39,71709200
2017-01-23,87.08,90.19,87.05,88.92,97182300
2017-01-24,88.98,89.45,88.12,89.29,84146000
2017-01-25,89.84,91.11,89.84,90.48,59430500
2017-01-26,90.69,91.21,89.06,89.67,93192100
2017-01-27,89.56,90.57,89.18,89.88,60948800
2017-01-30,89.91,94.17,89.05,93.52,53484000
2017-01-31,93.27,95.16,93.27,94.69,111624700
2017-02-01,94.47,96.80,93.27,96.12,89553600
2017-02-02,95.60,97.51,95.30,96.45,96363000
2017-02-03,96.91,97.97,96.46,97.69,74586000
2017-02-06,98.15,99.11,95.88,95.98,73977900
2017-02-07,95.97,96.13,94.12,94.76,65946000
2017-02-08,94.28,96.11,93.63,95.36,72093600
2017-02-09,95.30,96.92,94.49,96.54,70886300
2017-02-10,97.35,97.83,95.23,95.93,56183900
2017-02-13,95.45,95.87,95.24,95.65,100201000
2017-02-14,95.48,95.81,94.80,95.12,64971600
2017-02-15,94.97,95.36,94.47,94.84,93681200
2017-02-16,95.18,95.27,92.43,93.14,62313600
2017-02-17,92.70,94.10,90.94,91.16,81701000
2017-02-21,91.28,91.52,90.41,91.05,65366400
2017-02-22,90.78,91.04,88.62,88.71,72409800
2017-02-23,88.61,88.84,87.11,87.43,77425700
2017-02-24,87.03,87.39,86.55,86.58,71313900
2017-02-27,86.80,87.71,85.18,85.25,77866600
2017-02-28,85.10,85.90,84.63,85.57,75097500
2017-03-01,85.40,85.54,84.96,85.02,65746900
2017-03-02,85.43,86.36,84.91,84.94,79341500
2017-03-03,85.08,85.09,83.63,83.68,80486900
2017-03-06,84.51,85.36,82.71,82.78,92366800
2017-03-07,82.94,84.00,82.92,83.44,75967400
2017-03-08,83.50,84.08,83.09,83.92,61176700
2017-03-09,83.99,84.33,82.42,83.35,69723500
2017-03-10,84.31,84.42,83.01,83.83,78630200
2017-03-13,84.28,84.64,83.95,84.08,76164000
2017-03-14,84.01,84.45,83.41,84.29,90929500
2017-03-15,84.43,86.90,83.55,86.35,103494200
2017-03-16,86.20,86.33,84.97,85.83,86572600
2017-03-17,86.09,86.90,85.70,86.38,87022400
2017-03-20,86.23,87.35,84.88,86.93,89918800
2017-03-21,86.76,87.71,86.05,86.62,76201200
2017-03-22,86.81,87.52,84.93,85.12,81713500
2017-03-23,85.62,86.40,85.34,86.01,93374100
2017-03-24,86.34,86.96,86.04,86.35,90768600
2017-03-27,86.64,87.07,85.74,86.41,56145800
2017-03-28,86.45,86.74,86.11,86.44,77852100
2017-03-29,85.63,86.83,85.16,86.46,76889600
2017-03-30,86.43,87.35,85.13,85.30,84150500
2017-03-31,85.25,86.13,85.06,85.67,103862600
2017-04-03,85.88,86.05,82.96,83.37,102997700
2017-04-04,83.99,84.24,83.01,83.34,68747600
2017-04-05,83.63,83.78,81.31,81.49,104185800
2017-04-06,80.95,81.26,80.86,81.07,73875900
2017-04-07,81.10,82.18,80.71,81.95,95530600
2017-04-10,81.90,82.55,81.58,81.63,86580800
2017-04-11,81.89,82.66,80.73,81.05,81519700
2017-04-12,81.05,81.85,81.03,81.67,69824400
2017-04-13,81.07,81.57,80.26,81.34,95924900
2017-04-14,81.07,81.08,80.71,80.85,91666100
2017-04-17,80.76,81.18,80.28,80.37,58264800
2017-04-18,79.73,83.67,79.72,82.21,101712500
2017-04-19,82.20,83.80,81.62,83.03,79110200
2017-04-20,82.96,84.00,82.92,83.62,89724400
2017-04-21,84.00,84.24,82.07,82.12,69269400
2017-04-24,82.11,82.89,81.82,82.88,80100500
2017-04-25,82.69,82.87,80.90,81.27,79204500
2017-04-26,81.25,81.98,81.17,81.85,36678800
2017-04-27,81.88,81.96,79.56,80.48,103337300
2017-04-28,80.82,83.59,80.70,82.87,89370100
2017-05-01,82.57,82.85,80.53,80.78,78421600
2017-05-02,80.07,82.66,79.58,82.27,108663600
2017-05-03,83.21,84.21,82.28,83.25,103203400
2017-05-04,83.52,83.73,80.80,81.04,100359600
2017-05-05,81.07,81.21,80.60,80.74,63950600
2017-05-08,81.55,82.55,81.43,82.49,111584600
2017-05-09,82.13,84.22,81.91,83.89,87535200
2017-05-10,83.64,84.00,81.34,81.81,105580300
2017-05-11,81.68,81.77,80.92,81.16,67825300
2017-05-12,81.33,81.77,79.49,79.73,79486000
2017-05-15,79.60,80.01,78.47,78.50,68461800
2017-05-16,78.77,78.83,77.62,77.75,72602300
2017-05-17,77.65,80.83,77.29,79.93,67272800
2017-05-18,80.36,81.19,79.74,80.08,66569900
2017-05-19,80.24,80.26,79.52,79.80,94384400
2017-05-22,79.28,79.64,79.13,79.39,78217000
2017-05-23,79.39,80.42,79.10,80.18,76317500
2017-05-24,79.82,81.14,79.31,81.00,50923600
2017-05-25,80.97,80.99,79.60,79.88,82151600
2017-05-26,79.89,82.06,79.84,81.65,62349300
2017-05-30,82.40,83.25,80.06,80.31,94618000
2017-05-31,80.25,80.37,79.94,79.97,74617500
2017-06-01,79.46,80.67,78.68,80.50,87061000
2017-06-02,80.55,82.83,80.20,82.58,75096200
2017-06-05,82.20,82.31,81.99,82.13,66872200
2017-06-06,82.76,82.79,82.23,82.46,60585300
2017-06-07,82.71,85.12,82.24,84.07,93687300
2017-06-08,84.62,84.91,84.55,84.83,80935200
2017-06-09,84.71,86.77,84.35,86.25,62471500
2017-06-12,85.89,87.77,85.78,87.56,82700700
2017-06-13,87.68,88.11,86.87,87.86,95004600
2017-06-14,87.39,88.98,87.29,88.65,81137300
2017-06-15,88.32,90.05,86.60,89.83,91324900
2017-06-16,89.57,89.97,89.22,89.74,73462500
2017-06-19,89.70,92.00,89.52,91.87,50347000
2017-06-20,91.31,91.87,89.02,89.11,59382700
2017-06-21,88.38,89.21,87.49,87.84,74667200
2017-06-22,88.36,90.67,86.90,89.72,82756700
2017-06-23,89.53,90.33,88.57,90.25,93108000
2017-06-26,90.19,91.07,89.24,89.33,109014200
2017-06-27,89.55,90.22,88.83,89.79,79756600
2017-06-28,89.96,91.78,89.64,91.21,80915900
2017-06-29,90.98,91.49,90.12,90.39,92259100
2017-06-30,90.24,91.76,90.00,91.39,83009100
2017-07-03,92.00,92.10,90.71,91.16,74808500
2017-07-05,91.64,92.42,89.89,90.95,81188300
2017-07-06,91.24,91.55,90.75,90.80,103638900
2017-07-07,91.43,93.53,90.95,92.28,78585400
2017-07-10,91.58,91.59,89.94,90.68,54271500
2017-07-11,90.74,90.89,89.83,90.13,103152100
2017-07-12,90.04,91.57,89.24,90.98,77849300
2017-07-13,90.29,90.95,89.06,89.28,98883300
2017-07-14,89.42,90.14,87.07,87.14,71014300
2017-07-17,87.39,88.64,87.22,87.86,48615400
2017-07-18,87.97,88.36,86.54,87.82,70282000
2017-07-19,87.19,87.65,86.05,87.59,57235600
2017-07-20,87.53,88.39,87.32,87.74,82217100
2017-07-21,87.83,88.67,86.17,86.43,82202800
2017-07-24,86.37,90.33,86.09,90.26,73320000
2017-07-25,90.38,91.06,88.12,88.89,105457800
2017-07-26,89.09,89.17,88.01,88.27,62763200
2017-07-27,88.80,89.54,86.29,86.37,59493900
2017-07-28,86.47,87.47,85.41,85.80,81715500
2017-07-31,86.75,88.12,86.64,87.76,90414000
2017-08-01,87.86,88.40,87.12,87.75,81216900
2017-08-02,87.88,89.32,87.82,88.50,67753500
2017-08-03,88.81,88.85,87.31,87.82,93987900
2017-08-04,87.82,90.70,87.79,90.21,47857300
2017-08-07,90.11,90.94,89.68,90.39,60090800
2017-08-08,90.87,91.21,88.57,88.66,74469500
2017-08-09,87.92,90.09,87.49,89.65,51022400
2017-08-10,89.03,89.51,88.97,89.12,78627500
2017-08-11,89.90,90.43,88.93,89.89,72287000
2017-08-14,90.18,90.26,89.62,90.03,76087800
2017-08-15,90.26,90.79,90.07,90.35,80386500
2017-08-16,90.48,91.08,90.17,90.49,87180600
2017-08-17,90.61,90.67,89.03,89.22,81635400
2017-08-18,88.90,89.52,86.78,87.19,80437300
2017-08-21,87.12,89.27,86.65,88.45,50384600
2017-08-22,88.10,88.76,87.68,88.23,74801000
2017-08-23,88.67,88.68,88.52,88.57,64928600
2017-08-24,88.83,89.01,87.56,87.92,68483400
2017-08-25,88.03,88.07,84.67,85.26,40347700
2017-08-28,85.42,85.47,83.33,83.62,61976300
2017-08-29,83.60,85.76,83.46,85.37,73157900
2017-08-30,85.00,85.57,83.01,84.35,98275700
2017-08-31,84.97,84.99,83.43,83.85,60434900
2017-09-01,84.10,84.49,81.33,82.01,52231800
2017-09-05,81.97,82.12,80.90,81.35,79556300
2017-09-06,81.57,81.67,80.85,80.89,105471800
2017-09-07,81.34,81.79,80.37,80.62,90537000
2017-09-08,81.03,81.24,79.36,80.53,74142600
2017-09-11,80.77,80.80,79.66,79.76,84338600
2017-09-12,80.06,80.22,78.86,79.08,67480800
2017-09-13,79.03,79.56,78.87,79.06,82845600
2017-09-14,79.53,79.90,79.28,79.45,74700900
2017-09-15,79.78,80.14,78.82,79.28,109603300
2017-09-18,79.61,81.60,79.35,81.38,66340900
2017-09-19,80.97,82.38,80.16,81.62,86703700
2017-09-20,81.86,82.03,81.47,81.81,85410800
2017-09-21,82.06,82.07,80.61,81.00,77350800
2017-09-22,81.29,82.36,80.91,82.25,82187500
2017-09-25,81.40,82.08,80.85,80.98,114361100
2017-09-26,80.39,80.55,78.53,79.03,58772800
2017-09-27,79.15,79.84,77.66,77.88,82806800
2017-09-28,77.61,78.78,77.51,78.61,93644100
2017-09-29,78.76,79.25,77.18,77.28,64891100
2017-10-02,77.27,79.22,76.97,78.80,61054100
2017-10-03,79.10,79.61,78.19,78.77,53610000
2017-10-04,78.61,79.33,76.73,77.00,108061900
2017-10-05,76.69,76.98,76.48,76.74,87539600
2017-10-06,76.93,79.01,76.55,78.83,69748700
2017-10-10,78.76,79.29,77.80,77.82,71177900
2017-10-11,77.47,77.49,76.19,76.31,74828100
2017-10-12,75.71,77.34,75.65,76.91,84961200
2017-10-13,77.92,78.45,77.49,78.44,66396700
2017-10-16,78.34,80.40,78.24,79.65,89695200
2017-10-17,79.58,80.09,79.08,79.25,90236800
2017-10-18,78.63,80.24,77.97,79.47,101042200
2017-10-19,79.16,79.94,78.54,79.86,87340900
2017-10-20,79.82,82.26,79.66,81.27,90792500
2017-10-23,81.40,84.62,81.08,83.93,86675300
2017-10-24,84.21,84.61,83.34,83.77,97391200
2017-10-25,83.53,85.87,83.51,85.40,88701600
2017-10-26,85.58,85.87,84.79,84.93,76417300
2017-10-27,85.35,85.84,85.33,85.66,71132300
2017-10-30,85.50,85.61,83.17,84.44,71290600
2017-10-31,84.43,84.55,82.98,83.46,81398100
2017-11-01,82.86,85.33,82.60,83.96,67558700
2017-11-02,83.70,84.51,82.49,82.82,78931000
2017-11-03,82.37,84.92,81.20,83.92,68291300
2017-11-06,84.16,85.11,82.77,83.21,80598800
2017-11-07,83.16,83.99,82.57,83.29,78594900
2017-11-08,83.85,84.02,82.54,83.17,83459100
2017-11-09,83.24,83.70,82.36,82.74,97378400
2017-11-13,83.02,83.14,81.85,82.88,80815600
2017-11-14,83.07,84.36,82.43,84.22,53633100
2017-11-15,84.31,88.30,84.06,88.22,89902900
2017-11-16,87.85,87.94,86.51,86.62,81810800
2017-11-17,87.23,87.71,86.44,86.99,83541000
2017-11-20,86.97,87.28,86.59,86.73,78586000
2017-11-21,86.09,86.13,85.39,85.52,69252700
2017-11-22,85.33,85.97,85.08,85.86,59201000
2017-11-24,85.49,85.75,84.64,84.71,86960900
2017-11-27,85.14,85.41,84.35,84.59,91871500
2017-11-28,84.97,86.54,84.64,86.16,54168300
2017-11-29,86.72,87.18,83.45,83.56,71332900
2017-11-30,84.33,84.55,83.86,83.86,50353900
2017-12-01,83.65,85.19,83.17,84.40,53962800
2017-12-04,83.76,84.82,83.17,83.18,93749400
2017-12-05,82.87,84.03,82.59,83.82,77435700
2017-12-06,83.98,84.43,83.42,84.25,101778300
2017-12-07,83.33,84.01,82.93,83.79,56455300
2017-12-08,83.60,85.47,83.42,85.32,81835000
2017-12-11,85.63,86.03,83.60,83.64,94509200
2017-12-12,83.36,85.34,82.71,84.43,93554500
2017-12-13,84.41,84.70,84.04,84.12,109164300
2017-12-14,83.82,83.96,82.56,82.78,86273200
2017-12-15,83.40,83.82,81.88,82.55,86654500
2017-12-18,83.24,83.37,81.65,82.11,86404900
2017-12-19,81.78,83.38,81.21,83.12,90582900
2017-12-20,82.84,82.97,80.66,81.26,84569600
2017-12-21,81.32,81.35,80.98,81.02,79800800
2017-12-22,81.28,82.36,80.37,80.47,77154600
2017-12-26,80.63,82.40,80.55,82.39,90184000
2017-12-27,82.64,82.65,79.87,81.01,73077400
2017-12-28,81.37,82.87,81.36,82.31,67098600
2017-12-29,82.75,83.61,80.13,80.16,94314900
2018-01-02,80.82,81.27,80.06,80.57,75958900
2018-01-03,80.67,81.16,80.29,80.41,74996400
2018-01-04,80.29,81.48,80.27,80.86,84662300
2018-01-05,80.88,81.39,79.91,80.01,72448400
2018-01-08,80.80,81.18,77.18,77.70,65963300
2018-01-09,78.01,78.15,75.64,75.92,94004800
2018-01-10,76.19,77.73,75.35,77.44,97488800
2018-01-11,77.93,78.59,77.24,77.70,65921700
2018-01-12,78.15,78.69,76.01,76.70,76910100
2018-01-16,77.50,78.44,76.73,77.75,87666800
2018-01-17,77.54,78.12,76.24,76.88,98506500
2018-01-18,77.00,77.09,75.44,76.04,91471100
2018-01-19,76.33,76.60,74.31,74.67,91479800
2018-01-22,74.98,76.14,74.54,76.02,73971700
2018-01-23,75.94,78.81,75.61,78.29,83428100
2018-01-24,77.82,78.10,76.67,77.16,96041000
2018-01-25,77.12,77.74,76.95,77.50,63396900
2018-01-26,77.32,78.86,77.13,78.64,93911600
2018-01-29,78.65,81.93,78.29,81.16,83722300
2018-01-30,81.59,81.67,78.17,78.28,71167000
2018-01-31,78.55,79.37,77.96,78.44,89356500
2018-02-01,78.11,79.21,77.87,79.19,87086800
2018-02-02,78.99,79.54,77.17,77.44,71274800
2018-02-05,77.54,78.08,77.17,77.90,77512000
2018-02-06,78.32,78.33,77.95,78.13,68111600
2018-02-07,78.15,79.61,77.62,78.97,76833500
2018-02-08,79.08,79.33,77.92,78.26,63585200
2018-02-09,77.81,78.76,77.78,78.74,58442400
2018-02-12,78.62,78.77,77.89,78.02,92777700
2018-02-13,77.80,78.99,77.31,78.72,56591300
2018-02-14,78.82,79.35,78.73,78.89,59377300
2018-02-15,78.84,79.31,78.33,78.43,65238700
2018-02-16,78.18,78.25,76.27,76.77,111804600
2018-02-20,76.45,79.07,75.73,78.68,57874900
2018-02-21,78.78,80.18,78.49,79.98,73497100
2018-02-22,79.80,81.58,79.26,81.03,69495500
2018-02-23,81.44,81.87,80.08,80.20,92061800
2018-02-26,80.28,80.85,79.25,79.76,68841600
2018-02-27,79.69,82.58,79.15,81.76,98847500
2018-02-28,82.09,82.87,81.64,82.65,79848200
2018-03-01,82.26,82.62,80.89,81.57,100235100
2018-03-02,81.90,82.12,80.84,81.60,84968100
2018-03-05,81.38,82.61,80.94,81.75,79426700
2018-03-06,82.02,82.43,81.24,81.48,61397700
2018-03-07,81.27,81.92,79.48,80.31,71121100
2018-03-08,80.01,81.84,79.59,81.82,77659700
2018-03-09,81.21,82.61,80.52,82.52,75534100
2018-03-12,82.55,82.97,81.86,82.25,88878500
2018-03-13,82.43,83.32,79.04,80.31,79421900
2018-03-14,79.86,80.63,78.95,79.59,92483000
2018-03-15,80.20,80.40,79.15,79.58,77659400
2018-03-16,79.59,80.80,78.89,80.61,75615800
2018-03-19,80.25,81.27,79.42,80.15,93293800
2018-03-20,80.82,81.56,79.78,81.49,84613700
2018-03-21,81.37,82.41,81.24,81.65,92535100
2018-03-22,82.16,82.37,80.03,80.73,86168000
2018-03-23,79.80,80.01,77.21,77.41,72312100
2018-03-26,78.12,78.68,75.98,76.06,83569300
2018-03-27,76.14,76.38,73.45,74.39,86726300
2018-03-28,74.41,74.60,73.93,74.25,81981300
2018-03-29,74.36,74.66,74.31,74.64,102406100
2018-03-30,74.29,76.40,74.13,76.23,49336500
2018-04-02,76.54,76.54,75.34,76.24,83912900
2018-04-03,76.39,76.42,74.89,74.94,81944800
2018-04-04,75.05,78.26,75.03,77.66,94725300
2018-04-05,77.49,78.43,76.99,78.04,72751100
2018-04-06,77.67,77.84,77.55,77.74,84079000
2018-04-09,77.87,78.09,76.97,77.45,69890900
2018-04-10,77.73,77.77,75.68,75.91,57627800
2018-04-11,75.97,76.71,75.56,76.67,65008800
2018-04-12,76.61,77.29,75.34,77.12,99998800
2018-04-13,76.96,79.09,76.67,79.00,58973700
2018-04-16,79.25,81.52,79.14,80.34,85684600
2018-04-17,80.83,81.51,80.62,81.40,58231200
2018-04-18,81.36,83.16,80.60,82.96,91142700
2018-04-19,82.68,83.71,82.59,82.61,89070200
2018-04-20,83.47,83.92,81.80,82.07,81713400
2018-04-23,81.56,82.07,81.46,82.02,71660900
2018-04-24,82.12,82.73,80.43,80.51,79830000
2018-04-25,80.49,80.59,79.57,80.36,84595000
2018-04-26,80.81,80.82,79.69,79.98,74486100
2018-04-27,79.95,81.20,79.11,80.81,48730700
2018-04-30,80.27,80.83,80.17,80.82,90351500
2018-05-01,80.45,80.78,78.22,78.56,80459800
2018-05-02,78.60,79.11,78.16,78.63,77781500
2018-05-03,78.63,80.62,78.21,80.35,72869200
2018-05-04,80.14,80.27,77.98,78.20,28163700
2018-05-07,78.02,78.56,77.25,77.35,77292700
2018-05-08,76.86,77.86,76.19,77.41,73812100
2018-05-09,76.95,77.33,75.78,75.93,87103300
2018-05-10,75.74,76.07,74.59,75.35,83549300
2018-05-11,75.15,75.59,74.36,75.47,68375000
2018-05-14,75.43,75.93,73.94,74.04,87509700
2018-05-15,73.69,74.74,72.80,74.42,76807000
2018-05-16,74.91,75.04,73.90,74.94,82960400
2018-05-17,74.41,74.68,73.51,73.58,77451300
2018-05-18,73.86,73.95,72.84,73.68,88304900
2018-05-21,73.85,74.99,73.85,74.95,89428100
2018-05-22,75.45,75.67,74.38,74.81,87046600
2018-05-23,75.25,75.39,74.74,75.36,103406300
2018-05-24,74.97,76.32,74.44,76.16,96806200
2018-05-25,76.28,76.47,75.19,75.95,87439000
2018-05-29,76.20,77.31,75.87,77.14,73335200
2018-05-30,77.45,77.81,77.42,77.65,76048400
2018-05-31,77.83,78.15,76.34,76.56,81423700
2018-06-01,76.39,77.38,76.12,77.22,81381200
2018-06-04,77.65,78.47,77.10,78.30,68104000
2018-06-05,78.28,79.34,77.83,79.31,63945000
2018-06-06,79.17,79.77,78.55,78.61,87395700
2018-06-07,78.69,79.33,77.89,79.21,81242100
2018-06-08,79.09,80.96,77.89,80.93,82123500
2018-06-11,80.72,82.02,80.26,81.26,54351000
2018-06-12,81.33,83.09,81.26,82.78,54764900
2018-06-13,83.70,84.81,82.93,84.47,84235000
2018-06-14,84.60,85.03,83.94,84.47,95237900
2018-06-15,84.52,85.81,83.20,85.37,95701200
2018-06-18,85.23,85.38,84.44,85.05,87697500
2018-06-19,85.19,87.54,85.05,86.47,91435500
2018-06-20,86.08,87.31,85.42,86.41,58090600
2018-06-21,86.60,87.45,84.54,85.75,93608400
2018-06-22,85.87,86.15,85.62,85.77,87755100
2018-06-25,85.82,85.95,85.49,85.73,45901200
2018-06-26,85.92,86.77,85.27,86.28,99369600
2018-06-27,86.23,87.39,86.01,86.94,98655300
2018-06-28,87.20,87.30,85.44,85.49,74356000
2018-06-29,85.70,85.94,84.12,84.71,61940800
2018-07-02,84.93,85.28,84.30,85.24,100338300
2018-07-03,85.26,86.19,84.63,85.92,81582200
2018-07-05,86.25,86.40,85.55,86.09,61645700
2018-07-06,86.05,89.99,84.65,89.62,69291300
2018-07-09,90.12,91.80,89.91,91.19,88283800
2018-07-10,91.18,91.57,89.97,91.14,73043300
2018-07-11,91.65,92.38,90.51,92.19,104823400
2018-07-12,92.32,94.72,91.98,94.11,68894400
2018-07-13,94.13,95.03,93.15,94.68,92346200
2018-07-16,94.32,94.88,91.86,92.28,97619000
2018-07-17,92.54,92.69,92.22,92.47,83068400
2018-07-18,92.63,93.22,91.75,92.60,89348900
2018-07-19,92.64,95.89,92.17,95.67,70379100
2018-07-20,95.86,96.69,93.06,93.12,100138000
2018-07-23,93.20,95.80,93.17,95.37,82072000
2018-07-24,95.04,95.98,94.52,95.20,70940100
2018-07-25,94.77,96.98,94.17,96.60,80913500
2018-07-26,96.88,97.84,95.76,96.24,98340400
2018-07-27,96.34,96.84,95.79,96.55,77836500
2018-07-30,97.19,98.40,97.04,98.27,57575000
2018-07-31,99.11,99.22,98.38,98.45,65501000
2018-08-01,98.81,100.51,98.72,100.08,98987700
2018-08-02,100.37,100.38,99.43,100.01,78471800
2018-08-03,100.27,100.66,99.39,99.45,66206700
2018-08-06,99.53,99.60,98.89,99.19,83922100
2018-08-07,98.96,99.56,98.04,98.50,86597200
2018-08-08,97.48,99.17,96.62,98.39,88739000
2018-08-09,98.73,101.13,98.05,100.49,72833500
2018-08-10,100.77,101.27,98.64,98.80,81988600
2018-08-13,98.85,99.09,96.38,96.44,82813600
2018-08-14,96.52,96.64,96.39,96.49,82195300
2018-08-15,96.91,99.69,96.11,99.04,83425300
2018-08-16,99.45,101.27,98.98,100.68,80949000
2018-08-17,100.79,103.04,100.76,102.77,81285700
2018-08-20,102.70,104.89,102.24,104.78,60055100
2018-08-21,105.07,105.91,103.36,103.70,65848800
2018-08-22,104.07,104.33,103.75,103.94,98429500
2018-08-23,104.92,105.76,99.51,99.94,79299400
2018-08-24,99.60,99.66,98.19,99.11,71721700
2018-08-27,99.34,100.61,99.03,100.10,93820700
2018-08-28,99.77,99.86,97.16,97.86,116632200
2018-08-29,97.71,97.80,94.85,94.97,116198400
2018-08-30,95.92,96.19,92.92,93.23,80509100
2018-08-31,93.11,95.10,92.94,93.65,85093800
2018-09-04,93.63,95.61,92.04,95.41,67532200
2018-09-05,95.21,99.57,94.94,99.29,94065400
2018-09-06,99.68,101.88,99.08,101.55,96797900
2018-09-07,101.40,102.40,98.31,99.35,73599700
2018-09-10,98.71,99.23,94.84,96.05,59260100
2018-09-11,96.14,96.63,95.90,96.38,67825200
2018-09-12,96.74,98.42,96.54,98.04,84027800
2018-09-13,98.06,99.71,95.43,95.80,58022400
2018-09-14,95.89,96.64,94.94,95.17,94971400
2018-09-17,94.93,95.14,94.32,94.66,79590600
2018-09-18,94.32,95.11,93.87,94.84,71351800
2018-09-19,94.87,95.46,94.57,94.72,80414500
2018-09-20,94.31,95.78,93.81,95.60,67493100
2018-09-21,95.45,97.57,94.57,97.27,91914200
2018-09-24,96.90,98.50,96.81,97.51,76997600
2018-09-25,97.44,99.06,97.40,98.76,89580100
2018-09-26,99.11,102.51,97.99,101.90,104110600
2018-09-27,101.91,102.21,98.98,100.48,76637500
2018-09-28,100.98,101.71,98.40,99.06,82289000
2018-10-01,99.23,100.09,98.06,99.97,45014100
2018-10-02,99.93,103.28,99.03,102.93,90913200
2018-10-03,102.58,103.34,102.54,103.34,87089000
2018-10-04,103.40,105.41,102.65,105.19,87406500
2018-10-05,104.71,105.45,104.40,104.85,71831000
2018-10-09,105.20,106.48,103.83,106.45,71868000
2018-10-10,105.89,106.72,104.88,105.60,42658400
2018-10-11,105.02,106.98,105.00,106.83,80820300
2018-10-12,106.47,107.74,106.23,107.61,69547700
2018-10-15,106.90,108.76,105.80,108.41,82224200
2018-10-16,108.47,111.05,108.31,110.83,82323200
2018-10-17,110.49,113.12,110.49,112.77,83473300
2018-10-18,112.58,113.14,111.16,111.91,63706700
2018-10-19,112.21,113.66,111.88,113.56,91538400
2018-10-22,112.56,113.66,110.20,110.86,87003900
2018-10-23,110.77,113.75,110.17,112.69,72357300
2018-10-24,112.87,118.30,112.54,117.60,60376500
2018-10-25,118.12,119.34,117.59,118.70,72039100
2018-10-26,118.79,120.83,117.83,119.77,56782200
2018-10-29,119.47,121.19,119.34,120.05,81567700
2018-10-30,120.53,122.12,120.01,121.73,72231900
2018-10-31,122.21,123.21,120.99,121.07,104975900
2018-11-01,122.20,122.93,122.08,122.48,94260400
2018-11-02,123.59,123.61,121.67,122.15,69885000
2018-11-05,122.07,122.16,121.37,121.56,72255300
2018-11-06,122.27,122.32,121.73,121.97,74230100
2018-11-07,122.10,123.52,121.24,122.05,66498100
2018-11-08,121.57,121.77,118.42,119.11,93037200
2018-11-09,119.47,123.92,118.54,123.09,73103500
2018-11-13,123.77,123.99,123.41,123.54,43966700
2018-11-14,122.38,122.84,119.60,120.63,73008000
2018-11-15,121.32,123.57,120.48,122.81,41567400
2018-11-16,122.41,123.10,122.01,122.96,77860100
2018-11-19,123.80,124.23,123.43,123.54,89083800
2018-11-20,123.68,126.01,122.82,125.06,72825400
2018-11-21,125.16,125.82,122.93,123.59,53953900
2018-11-23,124.32,124.91,117.70,118.45,73864300
2018-11-26,118.31,118.60,117.53,118.49,92954600
2018-11-27,119.53,120.68,119.09,119.13,78092100
2018-11-28,118.69,121.67,117.98,121.16,53403100
2018-11-29,120.88,121.10,119.97,120.00,61973300
2018-11-30,119.48,121.80,119.39,119.73,79098100
2018-12-03,120.02,121.44,119.34,120.67,78393000
2018-12-04,120.65,122.32,119.61,120.31,83906200
2018-12-05,120.72,121.17,119.81,120.07,67937400
2018-12-06,120.63,122.69,120.17,120.75,30797000
2018-12-07,121.16,122.60,117.08,119.17,75075700
2018-12-10,119.71,122.45,119.54,122.25,99380700
2018-12-11,122.82,123.44,120.02,120.78,92368300
2018-12-12,120.76,121.90,119.69,121.06,52466300
2018-12-13,120.71,121.24,119.95,120.67,68673000
2018-12-14,120.20,120.37,118.87,119.61,67185700
2018-12-17,119.99,121.68,119.79,120.79,102567300
2018-12-18,120.54,122.89,119.54,122.85,83163800
2018-12-19,122.37,126.70,122.36,125.78,53704300
2018-12-20,125.35,127.17,125.12,127.08,68199300
2018-12-21,126.97,128.53,125.93,126.42,100419800
2018-12-24,126.55,128.51,125.89,128.27,88678100
2018-12-26,128.14,128.91,125.52,125.71,78358600
2018-12-27,125.18,126.43,124.47,126.00,54844200
2018-12-28,126.28,128.01,125.33,127.19,53580900
2018-12-31,126.03,129.15,125.74,128.46,116837300
2019-01-02,128.29,128.48,126.15,126.44,73344900
2019-01-03,126.98,127.01,123.44,123.81,61255300
2019-01-04,123.95,127.41,123.72,127.14,72879700
2019-01-07,127.75,128.19,125.14,126.34,114689900
2019-01-08,126.39,127.13,123.38,123.43,102931700
2019-01-09,123.72,124.00,120.47,121.34,90078000
2019-01-10,121.35,122.30,120.54,121.55,72177500
2019-01-11,121.33,124.22,120.50,123.91,93325600
2019-01-14,124.09,124.23,123.18,124.08,101564400
2019-01-15,124.56,126.83,123.91,126.50,78836400
2019-01-16,125.47,127.78,125.20,127.10,73070700
2019-01-17,126.66,128.82,125.85,128.15,81792100
2019-01-18,127.04,130.97,126.60,130.21,86572300
2019-01-22,129.70,130.46,129.40,129.62,71203000
2019-01-23,128.92,130.95,128.82,130.34,46917300
2019-01-24,130.06,130.48,128.66,129.72,105901600
2019-01-25,129.54,129.87,127.19,128.62,90130300
2019-01-28,129.10,130.33,127.73,130.03,68106600
2019-01-29,130.66,130.89,127.41,128.57,84106100
2019-01-30,128.11,130.24,127.55,128.85,92630100
2019-01-31,128.56,128.76,127.37,127.46,96044800
2019-02-01,127.75,129.22,127.17,127.42,74477300
2019-02-04,127.05,128.43,125.91,126.54,72924900
2019-02-05,126.30,129.25,125.41,128.76,76020900
2019-02-06,127.76,129.50,127.51,129.03,86845600
2019-02-07,129.38,129.39,128.71,129.30,44198500
2019-02-08,129.40,133.03,128.09,132.64,106381000
2019-02-11,132.08,133.29,126.21,127.09,75417700
2019-02-12,126.37,127.21,124.84,125.08,79476100
2019-02-13,124.50,124.59,120.09,120.14,68714800
2019-02-14,120.32,120.66,119.86,120.24,68419600
2019-02-15,119.96,121.57,119.35,121.13,82457800
2019-02-19,120.50,122.62,119.63,122.41,75632800
2019-02-20,122.21,123.00,121.38,122.99,79654700
2019-02-21,123.39,123.74,121.04,121.48,68519000
2019-02-22,122.07,125.91,121.25,124.80,94671100
2019-02-25,125.46,126.44,125.28,125.44,70788400
2019-02-26,125.48,126.00,124.94,125.02,85728700
2019-02-27,125.13,126.31,121.91,123.00,64395300
2019-02-28,123.12,124.51,122.07,123.84,89431400
2019-03-01,124.16,125.48,122.72,122.99,88725500
2019-03-04,123.27,123.31,121.41,122.23,89201100
2019-03-05,121.73,123.19,121.01,122.67,67948300
2019-03-06,122.28,123.54,121.63,123.13,79573400
2019-03-07,122.92,123.90,121.55,121.68,84958200
2019-03-08,122.01,124.15,121.46,124.04,99809400
2019-03-11,123.77,124.37,121.82,122.24,77601000
2019-03-12,121.84,122.65,120.24,120.26,86510700
2019-03-13,120.74,121.20,119.14,120.87,79716000
2019-03-14,121.58,122.98,121.09,121.15,65238900
2019-03-15,120.69,121.97,120.37,121.33,58072600
2019-03-18,121.24,121.46,120.38,120.63,59575700
2019-03-19,121.18,121.56,119.99,120.75,92217300
2019-03-20,120.54,120.58,118.88,119.78,47219700
2019-03-21,120.21,120.56,116.03,116.90,74910700
2019-03-22,116.21,119.79,116.00,118.25,59462300
2019-03-25,118.13,118.32,115.83,116.52,79049200
2019-03-26,116.82,117.03,115.46,116.18,74214100
2019-03-27,116.89,117.86,116.62,117.52,95708300
2019-03-28,117.96,118.51,117.12,117.61,83197900
2019-03-29,116.82,123.96,115.23,122.60,65708600
2019-04-01,121.82,122.18,118.90,120.09,90289900
2019-04-02,119.65,120.65,118.27,118.79,72237300
2019-04-03,119.17,119.22,118.85,118.99,88716200
2019-04-04,119.33,122.36,119.13,121.48,71026000
2019-04-05,122.00,122.93,120.90,121.06,49328800
2019-04-08,121.38,121.50,117.42,118.52,89166900
2019-04-09,118.23,120.70,117.89,120.61,74323500
2019-04-10,120.41,120.95,118.73,118.99,114106100
2019-04-11,118.54,118.72,117.46,118.67,82019200
2019-04-12,119.06,120.69,118.97,120.29,58210000
2019-04-15,119.66,120.71,118.28,119.12,72762500
2019-04-16,119.13,119.89,118.21,118.35,102578600
2019-04-17,118.45,119.32,117.90,119.26,77217200
2019-04-18,119.84,120.13,117.99,118.93,70662200
2019-04-19,118.54,119.93,118.02,119.47,76356600
2019-04-22,119.65,119.92,117.80,117.82,80535700
2019-04-23,117.32,118.85,116.29,117.64,71556700
2019-04-24,118.12,118.81,114.17,115.77,62872400
2019-04-25,115.58,115.74,112.77,113.13,57704700
2019-04-26,112.97,117.43,111.86,116.20,94241100
2019-04-29,115.74,118.53,114.59,117.04,120917500
2019-04-30,116.73,120.00,116.41,118.69,86602700
2019-05-01,118.36,119.24,116.96,117.01,100625600
2019-05-02,116.70,117.58,116.57,116.99,90206800
2019-05-03,117.53,118.16,116.10,116.66,84228900
2019-05-06,116.18,116.35,113.81,114.24,58344900
2019-05-07,114.33,115.37,114.23,115.22,80448600
2019-05-08,115.60,116.98,113.32,114.02,83606100
2019-05-09,113.47,114.34,113.18,113.71,77245400
2019-05-10,112.70,112.82,109.82,111.20,74054800
2019-05-13,111.39,114.23,110.67,112.92,81048100
2019-05-14,112.15,114.82,111.94,114.26,79790000
2019-05-15,113.88,115.32,113.32,114.98,75460100
2019-05-16,114.92,116.01,112.86,113.46,72423000
2019-05-17,113.57,113.92,112.26,112.59,78484500
2019-05-20,112.45,116.20,111.50,114.72,84272300
2019-05-21,114.38,114.71,113.59,114.29,84659900
2019-05-22,114.74,114.85,113.49,114.79,85631100
2019-05-23,114.88,116.71,114.72,115.07,95877600
2019-05-24,115.96,116.50,112.32,113.20,88385600
2019-05-28,112.77,116.16,112.74,115.87,97861800
2019-05-29,115.81,116.07,112.22,112.51,99291400
2019-05-30,112.47,113.90,111.90,112.93,68146200
2019-05-31,113.17,113.74,112.57,112.84,80227200
2019-06-03,112.93,113.68,110.00,110.18,80397700
2019-06-04,110.17,111.60,108.94,110.79,82664300
2019-06-05,111.66,112.34,111.02,111.71,68865200
2019-06-06,111.63,112.06,111.21,111.85,112510100
2019-06-07,112.04,112.37,109.57,110.53,51672800
2019-06-10,110.60,111.69,109.53,111.33,71175100
2019-06-11,111.04,113.43,110.96,113.27,88634100
2019-06-12,113.60,114.36,112.92,113.69,55177400
2019-06-13,112.82,117.06,112.01,116.72,74927800
2019-06-14,117.25,118.54,116.88,118.27,81829100
2019-06-17,117.51,120.68,117.48,119.68,69070100
2019-06-18,119.51,122.62,119.00,122.23,88827300
2019-06-19,122.26,122.89,120.01,121.04,53601900
2019-06-20,120.78,120.83,119.69,120.12,62119100
2019-06-21,119.85,121.44,119.67,121.08,106029300
2019-06-24,121.66,122.75,120.33,122.05,81867100
2019-06-25,123.23,125.54,122.14,124.87,83075700
2019-06-26,125.38,127.77,125.19,127.04,51344400
2019-06-27,127.11,127.83,125.82,127.38,70457800
2019-06-28,127.04,128.56,126.12,127.80,87490900
2019-07-01,127.39,127.72,126.84,127.28,62278000
2019-07-02,127.89,128.40,126.58,126.59,66714000
2019-07-03,127.04,127.37,125.41,125.75,93499400
2019-07-05,126.41,127.51,126.40,127.48,62595900
2019-07-08,127.99,129.90,126.52,126.60,80029500
2019-07-09,127.27,127.90,125.64,125.95,74429400
2019-07-10,125.63,126.74,125.28,126.27,60512700
2019-07-11,125.86,126.27,125.20,125.33,80037700
2019-07-12,124.80,125.68,124.34,124.94,83795000
2019-07-15,124.91,125.71,119.79,120.95,49637900
2019-07-16,120.84,121.90,120.67,121.68,94983900
2019-07-17,121.72,122.19,121.04,121.18,65779100
2019-07-18,120.58,122.52,120.08,121.60,67731300
2019-07-19,121.67,122.37,121.21,122.34,82256400
2019-07-22,122.72,122.80,118.85,119.05,90283600
2019-07-23,119.07,124.09,118.37,123.51,94541000
2019-07-24,122.15,123.98,121.85,123.89,57115300
2019-07-25,123.87,124.37,123.67,124.33,78962300
2019-07-26,124.13,124.96,120.84,121.16,92885500
2019-07-29,121.60,123.12,119.64,122.45,70145800
2019-07-30,122.35,123.54,121.73,123.37,69489100
2019-07-31,123.67,124.64,122.81,122.88,78779500
2019-08-01,122.67,123.99,122.44,123.53,94206600
2019-08-02,123.68,126.53,123.64,126.14,92184400
2019-08-05,126.62,127.86,125.71,125.73,85400400
2019-08-06,125.57,125.82,124.20,124.27,77736200
2019-08-07,124.40,127.08,124.38,127.03,63764800
2019-08-08,127.09,128.93,127.08,127.79,68313700
2019-08-09,128.09,128.97,126.91,127.71,54004300
2019-08-12,127.64,132.69,126.85,132.48,99275500
2019-08-13,132.72,134.27,131.28,133.06,86205400
2019-08-14,132.06,133.78,131.65,132.98,79170400
2019-08-15,132.84,134.10,132.46,133.78,76379700
2019-08-16,134.21,135.27,131.28,133.25,85225400
2019-08-19,133.59,134.16,132.44,133.95,51107700
2019-08-20,133.41,134.65,133.21,134.51,100463700
2019-08-21,134.06,134.22,133.04,133.45,89939000
2019-08-22,133.65,134.90,132.66,133.20,68159600
2019-08-23,133.37,135.08,132.87,134.08,77453700
2019-08-26,134.31,136.38,134.01,135.11,111211500
2019-08-27,135.12,136.55,133.95,136.54,91783100
2019-08-28,136.58,138.86,136.16,138.41,101983300
2019-08-29,138.97,139.32,137.37,139.16,81611000
2019-08-30,138.62,140.84,137.94,140.48,67334400
2019-09-03,139.68,140.43,139.53,139.90,74307000
2019-09-04,140.45,141.20,138.73,139.59,95542500
2019-09-05,139.14,143.06,137.94,142.00,83499200
2019-09-06,142.37,142.49,138.05,138.06,71528700
2019-09-09,137.66,139.91,136.85,139.04,39800000
2019-09-10,138.40,146.24,138.01,146.01,91654100
2019-09-11,146.90,146.97,141.77,142.18,94519800
2019-09-12,142.12,146.75,140.46,145.61,79573700
2019-09-13,144.76,145.08,141.91,141.98,80811100
2019-09-16,141.83,144.23,140.51,142.91,78502100
2019-09-17,142.79,147.10,141.30,146.59,61114900
2019-09-18,146.44,151.92,146.05,150.02,84326400
2019-09-19,150.09,150.78,147.46,148.09,61538100
2019-09-20,147.38,147.45,145.06,145.32,78872500
2019-09-23,145.13,145.78,141.53,142.31,83111800
2019-09-24,142.54,144.86,142.34,143.95,79977600
2019-09-25,144.28,144.44,142.04,143.19,63489100
2019-09-26,143.21,144.51,143.19,143.28,65865900
2019-09-27,142.79,143.99,142.72,143.91,84916100
2019-09-30,142.74,145.95,142.39,144.86,59757800
2019-10-01,145.68,146.53,145.43,146.08,64895600
2019-10-02,145.39,146.85,145.12,146.39,87115500
2019-10-03,146.10,146.32,142.55,142.95,71839100
2019-10-04,142.93,146.76,142.22,146.16,86034800
2019-10-07,146.39,147.72,139.67,140.29,78628200
2019-10-08,140.25,143.19,139.11,142.97,81965900
2019-10-09,142.47,142.57,141.24,141.72,74809600
2019-10-10,141.67,142.07,141.08,141.35,63220800
2019-10-11,142.50,142.66,138.62,140.29,58019200
2019-10-15,141.68,141.97,139.18,139.56,89516000
2019-10-16,139.41,139.77,139.37,139.56,86506300
2019-10-17,139.89,140.96,138.16,139.02,67937700
2019-10-18,138.02,138.50,136.45,136.79,105936000
2019-10-21,136.88,138.66,136.39,138.60,84244200
2019-10-22,138.97,139.24,137.43,137.44,81482700
2019-10-23,137.25,140.88,136.46,140.29,88552700
2019-10-24,141.29,141.57,139.85,140.00,67983100
2019-10-25,140.47,140.50,138.45,138.57,70015300
2019-10-28,138.89,140.71,136.96,139.52,70864100
2019-10-29,138.04,141.84,136.73,141.43,77955200
2019-10-30,141.06,141.99,139.38,139.52,93602200
2019-10-31,139.89,140.31,138.92,138.96,89891300
2019-11-01,138.67,142.58,138.61,142.01,66795900
2019-11-04,140.99,141.40,139.72,139.93,95305500
2019-11-05,139.59,140.14,136.38,138.20,122883400
2019-11-06,139.02,140.01,138.55,138.59,67861400
2019-11-07,138.94,139.60,135.62,136.13,102595200
2019-11-08,136.58,137.23,131.22,131.24,60780500
2019-11-12,131.32,131.56,127.13,128.06,72510900
2019-11-13,128.88,129.83,127.67,128.87,82024700
2019-11-14,127.41,130.63,126.00,130.22,45666000
2019-11-15,129.58,132.00,128.31,131.45,76399000
2019-11-18,132.45,132.73,131.72,132.30,85579400
2019-11-19,132.84,132.86,128.89,129.94,97253000
2019-11-20,130.05,131.95,129.80,131.34,85908900
2019-11-21,131.15,134.26,130.55,133.70,86784100
2019-11-22,132.72,133.16,131.10,132.38,47336300
2019-11-25,132.13,134.91,131.85,134.33,79097600
2019-11-26,134.24,135.56,132.49,133.65,75856700
2019-11-27,133.14,134.38,132.49,134.10,115707900
2019-11-29,134.83,135.39,133.88,134.91,99346500
2019-12-02,135.45,135.48,130.83,132.00,68349700
2019-12-03,131.83,135.42,131.62,135.01,98826000
2019-12-04,135.48,136.60,132.65,133.35,63117800
2019-12-05,133.31,133.92,133.11,133.22,88517700
2019-12-06,133.35,133.63,131.93,132.31,65031800
2019-12-09,132.04,134.55,130.99,133.29,99944200
2019-12-10,134.61,134.79,134.01,134.23,87955500
2019-12-11,133.41,134.76,133.22,134.35,99690600
2019-12-12,134.25,137.55,133.94,137.30,91555100
2019-12-13,137.85,138.45,137.54,137.94,79182500
2019-12-16,138.50,139.03,137.08,137.18,69715300
2019-12-17,136.27,136.50,131.00,131.44,76329400
2019-12-18,130.92,131.12,130.32,130.96,81102000
2019-12-19,130.90,131.03,130.20,130.48,87538400
2019-12-20,130.05,130.81,128.17,128.87,88246300
2019-12-23,128.51,129.90,127.22,127.31,79917700
2019-12-24,127.17,128.76,126.83,128.54,90323200
2019-12-26,128.45,131.27,127.90,130.67,66930700
2019-12-27,131.24,134.58,130.78,134.53,83015500
2019-12-30,133.60,137.72,133.14,136.93,58069300
2019-12-31,137.50,137.64,134.89,135.55,84284100
2020-01-02,135.41,136.22,134.83,136.14,77079800
2020-01-03,136.45,137.03,133.15,133.45,101821200
2020-01-06,133.25,135.22,132.83,135.00,72166600
2020-01-07,136.27,136.43,134.00,135.80,71278700
2020-01-08,134.81,135.62,133.84,134.64,55089100
2020-01-09,135.27,135.74,133.75,134.50,91028100
2020-01-10,134.25,134.64,133.12,134.07,59174100
2020-01-13,133.94,135.60,132.80,132.88,100595700
2020-01-14,133.63,135.80,133.23,135.62,59964400
2020-01-15,135.50,142.54,134.98,142.16,67729600
2020-01-16,142.67,144.32,141.84,143.98,48010500
2020-01-17,144.82,146.41,143.16,146.33,79749600
2020-01-21,145.97,146.80,144.18,146.72,87553200
2020-01-22,147.91,148.44,145.34,145.99,105454900
2020-01-23,146.72,151.38,146.17,150.92,91151900
2020-01-24,150.78,152.40,149.28,150.12,81052300
2020-01-27,150.24,151.70,150.15,151.04,70244900
2020-01-28,150.60,150.83,149.26,150.79,76253300
2020-01-29,150.96,152.26,150.50,152.15,113625800
2020-01-30,152.68,153.37,151.94,152.06,108742900
2020-01-31,152.67,154.29,151.25,153.44,92237300
2020-02-03,153.57,153.67,150.24,150.57,61341000
2020-02-04,150.25,150.73,149.55,150.36,84074500
2020-02-05,149.97,155.00,149.66,153.51,91559400
2020-02-06,152.92,153.71,150.22,151.17,63805400
2020-02-07,150.99,151.12,148.67,149.69,87927600
2020-02-10,150.04,154.58,149.85,152.83,88991500
2020-02-11,152.46,154.30,150.85,153.77,79924700
2020-02-12,153.35,156.78,152.14,156.27,69618500
2020-02-13,155.61,155.64,150.73,151.12,100110200
2020-02-14,151.46,152.50,151.03,151.47,72002500
2020-02-18,151.31,153.83,148.45,148.63,88755200
2020-02-19,147.66,147.90,144.97,145.59,93692500
2020-02-20,146.23,146.75,146.23,146.53,70048100
2020-02-21,147.15,150.18,146.92,149.20,88892400
2020-02-24,149.21,150.83,144.95,145.92,100631800
2020-02-25,145.71,146.00,143.22,143.55,90250200
2020-02-26,143.53,144.23,142.33,142.35,76183500
2020-02-27,141.82,142.40,140.25,142.13,84747800
2020-02-28,142.70,143.36,139.15,139.37,77383100
2020-03-02,140.15,145.04,139.60,144.25,71474400
2020-03-03,144.84,145.77,144.74,145.58,80322600
2020-03-04,145.71,146.13,143.95,144.83,76669200
2020-03-05,144.96,145.01,143.09,143.75,71206500
2020-03-06,144.05,149.60,143.88,148.90,68270900
2020-03-09,149.92,155.84,149.40,154.03,59277200
2020-03-10,153.53,153.81,151.25,152.90,86274400
2020-03-11,152.88,153.86,151.71,153.71,71212400
2020-03-12,153.28,156.90,152.93,156.65,95240200
2020-03-13,155.88,157.20,152.77,153.87,79520100
2020-03-16,154.07,155.27,151.28,152.52,82755700
2020-03-17,153.20,156.25,152.53,155.65,75483600
2020-03-18,154.98,155.38,153.72,154.02,96524000
2020-03-19,154.62,155.10,151.76,153.01,58375700
2020-03-20,153.42,153.61,148.63,149.94,79508600
2020-03-23,150.21,150.62,147.92,148.24,85998000
2020-03-24,149.04,151.20,148.81,149.79,66279900
2020-03-25,149.38,149.95,147.71,147.94,73425600
2020-03-26,148.90,150.01,144.94,145.07,75305300
2020-03-27,144.85,145.82,142.79,143.72,116507500
2020-03-30,144.02,147.72,142.75,147.62,101632300
2020-03-31,146.71,149.54,146.23,148.02,91873700
2020-04-01,148.59,149.51,146.44,146.77,114751200
2020-04-02,146.78,148.30,145.82,147.11,111097100
2020-04-03,146.77,149.10,146.17,148.09,92849900
2020-04-06,147.48,148.50,145.93,148.36,82337700
2020-04-07,148.47,148.92,143.06,144.36,59634200
2020-04-08,145.12,146.23,142.67,145.01,63105700
2020-04-09,145.31,145.40,144.45,144.55,74706300
2020-04-10,144.34,146.84,143.99,146.39,75067700
2020-04-13,145.94,145.94,141.65,143.43,89327000
2020-04-14,142.82,146.37,142.30,145.71,65174600
2020-04-15,145.51,145.88,144.35,144.62,94169100
2020-04-16,143.68,144.60,140.37,140.93,69129400
2020-04-17,140.71,145.72,139.96,143.79,79875200
2020-04-20,144.42,145.49,142.26,142.67,62494900
2020-04-21,142.63,144.89,141.65,143.47,82451400
2020-04-22,143.37,144.45,142.18,143.11,51835700
2020-04-23,142.76,146.35,141.89,145.48,78525900
2020-04-24,145.89,148.17,145.39,147.91,91334200
2020-04-27,148.27,150.99,148.04,150.39,52742500
2020-04-28,151.23,152.97,150.65,151.98,75413600
2020-04-29,151.54,151.76,148.22,148.26,64547700
2020-04-30,147.59,148.64,143.92,144.51,73311300
2020-05-01,144.14,145.14,143.39,144.92,68822400
2020-05-04,144.19,144.75,142.50,142.82,89780600
2020-05-05,142.78,144.28,142.70,143.81,108022100
2020-05-06,143.55,144.69,143.23,144.15,86596000
2020-05-07,143.64,144.69,140.12,141.08,77648100
2020-05-08,141.03,141.48,137.95,138.87,25570700
2020-05-11,139.41,140.28,134.94,136.51,64408800
2020-05-12,136.88,137.04,134.60,134.69,83259100
2020-05-13,134.34,134.90,132.83,134.28,67951600
2020-05-14,134.28,136.72,132.92,135.69,90177900
2020-05-15,135.84,139.29,135.41,138.47,85050800
2020-05-18,138.82,140.68,136.23,136.45,80778500
2020-05-19,136.24,136.79,134.91,135.29,79431000
2020-05-20,134.58,139.30,133.74,138.52,87946200
2020-05-21,138.69,140.63,137.51,140.40,90544600
2020-05-22,139.84,142.01,139.48,140.89,69856200
2020-05-26,140.66,141.06,134.77,135.96,84308300
2020-05-27,135.79,136.34,133.79,133.91,56000700
2020-05-28,134.38,134.44,133.15,134.25,88464300
2020-05-29,133.97,134.65,132.69,133.06,98966500
2020-06-01,133.13,137.74,133.07,137.15,91789000
2020-06-02,137.01,137.71,135.72,137.34,81406800
2020-06-03,137.02,138.03,136.45,137.93,85929900
2020-06-04,138.40,139.09,135.45,135.66,89757500
2020-06-05,135.38,136.27,133.44,133.54,77364600
2020-06-08,133.77,134.73,132.05,132.21,117302300
2020-06-09,132.34,132.44,130.68,130.98,84355100
2020-06-10,130.00,131.08,129.31,130.55,83658900
2020-06-11,129.67,131.62,129.52,131.32,72265700
2020-06-12,129.65,131.83,129.16,131.81,91593200
2020-06-15,131.95,135.04,130.53,133.85,79176500
2020-06-16,133.97,134.69,130.99,131.15,92959500
2020-06-17,130.86,132.92,130.09,131.60,88175800
2020-06-18,131.30,132.34,129.77,132.10,59376900
2020-06-19,131.91,135.53,131.01,135.34,81300700
2020-06-22,134.98,135.70,134.35,134.91,92978600
2020-06-23,134.86,136.35,134.72,135.59,94536200
2020-06-24,135.55,135.63,133.81,133.93,82735800
2020-06-25,133.43,134.90,132.21,134.81,56278200
2020-06-26,135.56,136.17,135.50,135.64,66849900
2020-06-29,136.16,136.44,133.13,134.36,109898100
2020-06-30,134.12,134.94,133.23,133.49,90399000
2020-07-01,134.63,135.14,132.91,133.44,97798700
2020-07-02,134.73,135.84,134.41,134.64,41407000
2020-07-06,135.29,135.78,131.05,132.33,81047600
2020-07-07,132.94,134.21,132.50,134.14,87248000
2020-07-08,133.81,134.53,132.94,133.48,81472300
2020-07-09,133.30,137.96,132.71,137.40,92648400
2020-07-10,136.52,141.44,136.31,140.48,98231600
2020-07-13,140.23,141.15,138.62,139.62,91015600
2020-07-14,140.15,140.84,138.22,138.30,64935600
2020-07-15,138.06,144.76,136.70,143.55,55996900
2020-07-16,142.58,145.81,142.33,144.91,77051000
2020-07-17,145.83,146.74,145.10,146.14,55183100
2020-07-20,147.28,148.58,144.77,145.18,79642100
2020-07-21,146.04,146.48,144.02,144.87,104658500
2020-07-22,143.97,147.14,143.56,146.63,68075900
2020-07-23,147.10,148.17,146.47,147.98,93241500
2020-07-24,147.47,147.60,145.52,146.10,88974300
2020-07-27,146.00,151.39,146.00,148.85,73415000
2020-07-28,149.26,150.11,148.40,149.52,79625000
2020-07-29,150.42,150.68,146.75,147.34,64273800
2020-07-30,146.95,150.21,146.57,149.55,79682200
2020-07-31,149.32,151.77,148.57,149.11,90062100
2020-08-03,148.35,151.49,146.89,150.86,69537700
2020-08-04,150.85,150.88,148.41,149.56,79168600
2020-08-05,148.96,151.32,147.56,150.34,75154600
2020-08-06,150.03,151.76,144.67,146.65,93882800
2020-08-07,147.08,148.17,145.31,147.46,101243400
2020-08-10,147.44,148.23,142.52,144.07,70667200
2020-08-11,144.13,145.08,143.01,144.42,63981600
2020-08-12,144.57,145.07,138.74,138.96,86314700
2020-08-13,139.40,140.86,138.59,138.84,77179500
2020-08-14,139.60,140.81,139.51,140.38,83866100
2020-08-17,139.71,141.76,137.92,141.42,94299800
2020-08-18,140.49,145.53,139.85,144.00,82361100
2020-08-19,144.29,144.77,141.32,141.67,89321900
2020-08-20,142.05,146.21,140.28,145.08,57919600
2020-08-21,145.87,149.23,145.37,148.63,75409600
2020-08-24,149.09,149.18,145.23,145.93,76248000
2020-08-25,146.93,147.43,142.94,144.16,84017400
2020-08-26,144.44,144.91,141.95,142.91,81909600
2020-08-27,142.53,142.86,142.37,142.85,76992600
2020-08-28,143.42,144.59,142.60,143.25,57860200
2020-08-31,142.73,142.76,137.96,137.99,85281800
2020-09-01,137.60,139.95,137.41,139.25,89589900
2020-09-02,139.47,140.57,137.11,138.72,75362600
2020-09-03,138.57,139.42,136.41,136.61,82559000
2020-09-04,137.11,138.70,135.11,138.61,72705500
2020-09-08,138.39,139.41,137.58,137.90,66534600
2020-09-09,138.90,140.48,137.67,140.31,71453400
2020-09-10,139.72,142.98,138.92,141.45,60179300
2020-09-11,141.84,141.91,139.49,140.77,70921500
2020-09-14,140.50,143.88,140.07,143.29,49995800
2020-09-15,144.10,145.39,143.48,145.04,82126200
2020-09-16,144.70,144.82,143.84,143.92,98499200
2020-09-17,144.36,144.51,139.54,140.45,88992200
2020-09-18,138.66,139.73,138.45,139.29,77586900
2020-09-21,138.87,141.02,137.39,140.61,72763600
2020-09-22,141.54,142.59,139.31,140.11,56351500
2020-09-23,140.21,144.34,139.94,143.90,76128800
2020-09-24,143.94,145.85,143.78,144.46,98234500
2020-09-25,144.97,145.12,144.16,144.88,87521000
2020-09-28,146.28,147.10,145.40,145.75,53760000
2020-09-29,145.10,145.65,143.14,143.80,54972500
2020-09-30,143.75,144.38,142.45,143.53,82618000
2020-10-01,143.26,143.35,140.43,142.09,57462900
2020-10-02,142.49,143.19,136.96,137.13,54801400
2020-10-05,136.74,137.67,132.96,133.51,94395200
2020-10-06,132.67,135.69,131.66,135.04,52908600
2020-10-07,134.21,134.41,133.80,134.16,77254800
2020-10-08,134.52,135.67,133.85,133.95,86155200
2020-10-09,134.06,134.08,130.53,131.02,94956100
2020-10-13,131.47,132.44,128.71,129.90,57936800
2020-10-14,129.06,131.64,129.05,131.49,78108300
2020-10-15,131.01,132.34,129.76,131.73,98181400
2020-10-16,131.44,133.10,130.59,130.74,50858700
2020-10-19,131.18,134.56,130.89,133.84,64505700
2020-10-20,134.08,134.49,133.16,133.75,76078000
2020-10-21,133.66,134.51,132.07,133.08,74182400
2020-10-22,132.54,135.47,132.26,135.44,72521100
2020-10-23,135.54,136.07,131.87,131.96,91829900
2020-10-26,131.71,133.20,130.60,133.11,77215400
2020-10-27,133.58,134.51,129.88,130.92,72901700
2020-10-28,131.84,133.47,128.43,129.41,58152600
2020-10-29,129.47,129.91,127.27,128.13,87438100
2020-10-30,127.55,128.51,126.90,128.43,90914900
2020-11-02,129.67,130.65,127.88,128.70,68476400
2020-11-03,129.03,129.49,127.43,129.34,102474900
2020-11-04,129.62,129.88,128.92,129.80,74780900
2020-11-05,129.87,133.31,129.40,132.64,81501600
2020-11-06,132.73,137.21,131.99,136.11,78084600
2020-11-09,136.16,137.72,134.63,137.61,82397400
2020-11-10,137.75,140.17,137.47,139.21,79534400
2020-11-12,138.38,139.56,137.58,138.44,118408300
2020-11-13,138.05,139.20,135.59,136.18,80087100
2020-11-16,136.13,137.86,135.66,137.43,84507700
2020-11-17,137.52,138.52,137.36,137.53,110405700
2020-11-18,137.64,139.42,137.43,139.35,118860800
2020-11-19,139.60,140.04,135.09,135.58,66229900
2020-11-20,134.59,143.22,134.12,141.22,91636700
2020-11-23,140.67,140.87,138.28,138.54,81190000
2020-11-24,138.17,139.68,137.47,138.64,82884400
2020-11-25,138.72,141.42,138.27,140.75,77290000
2020-11-27,140.65,140.98,137.08,137.86,77708600
2020-11-30,138.96,139.66,136.02,136.74,84189400
2020-12-01,136.53,137.88,132.66,132.66,76239600
2020-12-02,132.53,133.71,129.23,129.87,89812700
2020-12-03,129.06,129.60,126.03,126.18,103811700
2020-12-04,127.11,127.38,126.31,126.45,73039700
2020-12-07,126.49,127.12,125.36,127.08,69779400
2020-12-08,127.03,127.60,125.80,126.54,78657000
2020-12-09,126.22,129.62,125.31,129.06,126464400
2020-12-10,129.11,132.67,128.56,131.86,86728200
2020-12-11,131.68,132.71,129.86,131.90,42601900
2020-12-14,132.55,132.83,131.03,131.52,68022400
2020-12-15,131.10,131.50,130.59,131.03,59883800
2020-12-16,130.81,131.65,129.77,130.20,82397300
2020-12-17,129.92,133.78,129.64,132.86,84495300
2020-12-18,133.18,134.03,132.93,133.39,74514600
2020-12-21,133.57,134.85,132.02,132.78,67792800
2020-12-22,133.31,133.45,131.20,132.38,66105600
2020-12-23,132.67,133.84,132.41,133.53,106633100
2020-12-24,133.84,134.91,132.25,132.78,74596300
2020-12-28,132.82,133.91,132.71,133.47,72973500
2020-12-29,133.97,134.27,132.54,133.46,82328600
2020-12-30,133.72,136.91,133.21,136.28,73077200
2020-12-31,136.47,139.35,135.88,138.73,92278500
2021-01-04,137.85,138.14,135.03,135.83,68919500
2021-01-05,135.58,136.42,135.49,135.55,60354500
2021-01-06,135.19,137.87,134.66,137.07,87531500
2021-01-07,136.08,136.74,134.37,136.19,79292200
2021-01-08,136.92,140.58,136.41,137.92,74855200
2021-01-11,138.73,139.64,138.19,138.67,60768600
2021-01-12,139.28,140.24,139.01,139.96,65653400
2021-01-13,140.29,140.50,139.72,139.86,82736700
2021-01-14,140.71,141.99,140.25,140.55,76824000
2021-01-15,139.61,142.53,139.04,141.70,91656500
2021-01-19,142.43,143.06,137.40,138.62,70684200
2021-01-20,137.50,137.51,136.19,136.76,51661800
2021-01-21,136.85,137.74,134.45,134.73,80324800
2021-01-22,134.80,138.26,134.01,138.26,83345900
2021-01-25,138.55,139.39,136.91,138.94,85227300
2021-01-26,139.31,139.87,138.30,139.77,81185900
2021-01-27,140.17,140.62,139.27,140.18,55280500
2021-01-28,139.79,140.10,138.05,139.13,87116500
2021-01-29,138.76,139.65,136.29,137.62,41716300
2021-02-01,137.16,139.88,137.11,139.45,94052500
2021-02-02,139.52,139.71,138.58,138.71,80269600
2021-02-03,138.52,142.69,136.95,142.11,93078000
2021-02-04,141.21,142.58,139.53,142.57,55461200
2021-02-05,143.13,143.51,141.82,142.81,80740400
2021-02-08,142.16,142.44,141.26,142.38,53586100
2021-02-09,142.10,143.90,141.55,142.26,93993700
2021-02-10,141.83,142.96,141.25,142.37,79731400
2021-02-11,141.95,146.19,141.68,145.72,59970700
2021-02-12,146.06,151.27,145.27,150.98,107709300
2021-02-16,150.56,151.13,146.88,148.38,74836200
2021-02-17,147.53,149.31,145.17,148.98,62801200
2021-02-18,148.58,151.41,147.31,150.60,53465500
2021-02-19,149.97,150.50,147.88,148.58,103456300
2021-02-22,147.66,148.90,147.06,147.19,78450900
2021-02-23,147.72,149.15,145.39,146.20,75606400
2021-02-24,146.88,147.79,140.10,141.03,84721500
2021-02-25,140.21,143.54,139.99,142.47,76445400
2021-02-26,143.36,144.22,142.22,142.42,94888300
2021-03-01,143.47,144.06,140.86,142.27,62103400
2021-03-02,141.48,142.99,140.13,142.50,83212800
2021-03-03,142.73,143.54,142.70,143.08,92000600
2021-03-04,142.92,148.45,141.27,148.21,61455700
2021-03-05,148.70,149.86,147.90,148.65,82424400
2021-03-08,146.90,151.94,146.50,150.56,99584600
2021-03-09,150.93,151.51,148.47,149.41,60051900
2021-03-10,149.18,151.03,148.88,150.23,94899300
2021-03-11,150.52,150.69,148.99,149.55,86800400
2021-03-12,150.08,151.50,148.86,149.25,81987300
2021-03-15,147.83,150.12,146.69,147.26,85404800
2021-03-16,147.23,147.71,144.99,145.50,84891400
2021-03-17,145.50,147.09,145.19,146.56,95359600
2021-03-18,146.91,150.52,146.77,148.26,92895600
2021-03-19,148.93,149.84,148.20,149.33,62013300
2021-03-22,149.78,151.30,147.69,147.87,75862700
2021-03-23,147.40,149.14,146.19,148.62,56166500
2021-03-24,149.04,149.81,142.74,143.09,88009600
2021-03-25,142.65,146.57,141.69,145.20,88054300
2021-03-26,145.65,147.69,144.55,145.18,72671400
2021-03-29,145.07,146.30,144.54,145.83,79205300
2021-03-30,145.72,149.16,144.45,148.47,92670200
2021-03-31,148.54,149.02,146.80,147.58,89253100
2021-04-01,146.63,150.40,146.25,149.78,84174100
2021-04-02,149.58,150.10,148.80,148.84,95282000
2021-04-05,148.13,150.17,147.84,150.12,56182800
2021-04-06,150.68,152.76,148.19,149.25,72118100
2021-04-07,150.01,150.87,147.75,150.00,103769100
2021-04-08,149.13,153.99,148.58,153.36,72624200
2021-04-09,151.99,152.30,150.93,151.91,52838100
2021-04-12,152.06,152.34,149.46,150.58,78435400
2021-04-13,150.23,151.21,149.89,149.90,76445400
2021-04-14,149.33,151.30,149.25,150.64,84850900
2021-04-15,152.02,157.29,151.20,157.07,65177600
2021-04-16,156.80,157.08,155.71,155.75,86541900
2021-04-19,155.10,155.78,150.95,151.08,65885000
2021-04-20,150.91,151.95,148.03,149.67,88896700
2021-04-21,149.84,150.73,145.97,146.22,86105400
2021-04-22,147.14,147.50,144.05,145.08,48294300
2021-04-23,145.26,145.56,145.06,145.21,64133600
2021-04-26,144.48,144.65,141.24,143.22,88688500
2021-04-27,142.94,144.00,140.38,141.87,83480100
2021-04-28,142.91,143.53,136.83,138.04,74990800
2021-04-29,137.08,139.19,136.90,138.53,71807000
2021-04-30,138.51,138.79,136.79,137.10,81740300
2021-05-03,137.75,140.68,136.42,139.49,101492200
2021-05-04,139.64,142.10,137.93,141.83,91492800
2021-05-05,141.71,142.99,140.05,140.10,95004300
2021-05-06,139.60,140.32,139.03,139.44,107583900
2021-05-07,139.53,142.60,139.18,139.68,66901500
2021-05-10,139.97,142.79,139.53,141.41,61771900
2021-05-11,141.54,142.37,136.53,138.02,75990000
2021-05-12,138.58,139.07,137.72,138.00,88953400
2021-05-13,138.11,143.03,137.80,142.06,60252600
2021-05-14,142.80,144.07,140.55,141.99,75206000
2021-05-17,142.07,143.11,141.52,142.59,78864400
2021-05-18,143.12,143.44,142.48,142.72,88698400
2021-05-19,142.54,142.55,139.58,140.31,62934200
2021-05-20,141.30,143.87,141.19,142.47,123365800
2021-05-21,143.19,144.36,143.01,143.18,88581700
2021-05-24,143.58,145.49,143.26,143.66,92885800
2021-05-25,143.10,145.49,141.57,145.37,78778600
2021-05-26,145.49,148.43,144.70,147.23,87784600
2021-05-27,145.51,145.65,142.32,143.22,109887100
2021-05-28,143.01,145.60,142.35,144.40,70380800
2021-06-01,144.50,145.47,142.29,143.27,76052700
2021-06-02,142.78,144.06,141.80,143.75,58320300
2021-06-03,143.85,144.49,142.15,142.36,68753800
2021-06-04,142.74,142.87,140.53,140.66,68965000
2021-06-07,141.69,143.83,141.51,142.84,80730100
2021-06-08,142.86,143.41,141.84,142.97,83539300
2021-06-09,142.08,142.52,141.32,142.52,76912300
2021-06-10,141.19,142.40,141.10,142.06,66010800
2021-06-11,141.97,142.39,141.06,142.39,63954700
2021-06-14,142.91,143.63,142.21,142.51,79718100
2021-06-15,143.16,143.34,136.73,137.68,74468700
2021-06-16,137.75,139.11,135.68,136.07,62299600
2021-06-17,135.71,136.11,134.05,135.77,86864500
2021-06-21,135.39,137.67,135.05,137.49,91259300
2021-06-22,137.42,141.99,137.35,140.53,82992800
2021-06-23,140.58,142.36,137.59,138.75,74601000
2021-06-24,139.09,143.17,138.48,143.04,77064100
2021-06-25,143.12,143.79,142.56,143.43,69909400
2021-06-28,144.60,146.36,144.46,144.68,91499200
2021-06-29,144.78,145.39,143.50,143.71,65425700
2021-06-30,144.00,144.81,140.98,142.60,97989900
2021-07-01,143.21,146.63,142.22,145.92,82739600
2021-07-02,146.48,148.24,145.32,145.63,42665200
2021-07-06,145.27,145.70,144.37,145.61,112006100
2021-07-07,144.68,149.51,143.99,148.38,68477400
2021-07-08,147.62,155.00,147.55,152.48,84409600
2021-07-09,152.72,154.35,148.36,149.27,71140700
2021-07-12,149.64,149.77,147.44,149.05,65209700
2021-07-13,149.27,149.29,146.93,149.24,93058600
2021-07-14,149.72,153.83,149.31,153.58,88587300
2021-07-15,154.40,160.48,152.98,159.59,85468400
2021-07-16,159.12,159.69,158.75,159.66,81946100
2021-07-19,161.33,161.57,160.27,160.76,79705000
2021-07-20,162.50,163.10,161.22,163.07,70067600
2021-07-21,163.58,167.70,163.20,166.11,69875000
2021-07-22,166.01,166.95,165.27,165.51,70103400
2021-07-23,165.70,168.81,165.48,167.85,83550800
2021-07-26,166.93,167.61,165.03,166.29,80188800
2021-07-27,166.33,167.29,159.78,159.93,87076400
2021-07-28,159.42,159.53,156.14,156.86,68330400
2021-07-29,156.82,158.54,156.56,157.60,92101500
2021-07-30,157.42,161.18,156.79,159.71,85291000
2021-08-02,161.06,161.19,154.17,154.60,48803000
2021-08-03,154.09,154.68,150.18,150.71,78662400
2021-08-04,150.91,151.90,150.76,150.90,110262700
2021-08-05,150.68,152.18,142.87,143.68,78323600
2021-08-06,144.62,146.65,143.23,145.19,74599600
2021-08-09,145.83,148.09,143.75,147.76,70484900
2021-08-10,146.87,147.34,140.77,141.56,84599300
2021-08-11,141.02,145.06,140.58,143.51,80819600
2021-08-12,143.69,144.26,143.29,143.40,83597800
2021-08-13,143.07,146.92,142.36,146.82,83576700
2021-08-16,147.10,148.11,146.01,147.75,63335000
2021-08-17,147.82,149.46,147.24,147.54,73429000
2021-08-18,146.92,149.33,146.52,148.12,87688900
2021-08-19,147.96,153.46,147.52,150.56,65355200
2021-08-20,150.86,151.63,150.51,151.31,81849900
2021-08-23,151.29,153.52,150.74,151.73,90160600
2021-08-24,151.83,152.37,148.41,148.79,73176100
2021-08-25,149.04,150.32,148.60,150.22,89086500
2021-08-26,150.17,151.16,149.31,150.63,64047900
2021-08-27,151.46,155.30,151.23,155.20,62124000
2021-08-30,154.44,156.60,153.45,155.51,58824300
2021-08-31,155.82,155.83,154.67,155.64,89533100
2021-09-01,155.34,156.37,153.64,154.52,73554500
2021-09-02,154.79,157.12,154.62,156.56,86441800
2021-09-03,157.12,158.20,154.34,156.43,61145200
2021-09-07,156.85,157.87,154.31,155.12,90835300
2021-09-08,155.56,161.45,154.64,159.27,72400800
2021-09-09,159.77,165.16,159.09,163.94,83988500
2021-09-10,164.32,164.64,162.60,163.17,78812600
2021-09-13,163.04,163.13,159.99,161.01,75857300
2021-09-14,161.51,164.29,161.42,164.12,67638500
2021-09-15,164.79,166.02,162.41,162.42,79629300
2021-09-16,163.00,170.21,162.28,169.83,64418600
2021-09-17,170.05,171.39,169.51,169.82,113106000
2021-09-20,170.04,173.77,169.87,172.64,103442100
2021-09-21,171.30,173.64,168.99,169.64,117517300
2021-09-22,169.10,170.25,167.27,169.89,67532900
2021-09-23,169.78,174.27,168.55,173.06,77940300
2021-09-24,173.78,176.15,171.85,174.55,62263400
2021-09-27,175.42,175.49,172.95,173.48,87426800
2021-09-28,173.60,180.46,173.22,180.37,86069000
2021-09-29,179.58,182.86,178.27,182.72,93806600
2021-09-30,183.10,183.39,181.02,182.42,88664900
2021-10-01,183.16,183.29,180.33,181.09,54603700
2021-10-04,181.67,183.18,180.63,180.69,77606000
2021-10-05,180.20,185.29,179.97,184.74,114442300
2021-10-06,183.97,185.85,181.95,182.93,75313100
2021-10-07,182.29,183.98,182.17,183.35,89625500
2021-10-08,182.58,182.98,180.41,181.43,74867000
2021-10-12,182.18,185.53,179.91,185.24,92454500
2021-10-13,185.49,187.91,183.11,185.11,84830500
2021-10-14,186.74,188.55,186.02,187.87,81285000
2021-10-15,189.13,190.98,187.49,189.81,90250600
2021-10-18,190.60,191.68,187.80,188.47,73517000
2021-10-19,187.98,191.44,187.23,190.80,85876400
2021-10-20,191.33,194.25,190.16,193.85,81138800
2021-10-21,194.22,194.72,190.42,190.84,88908600
2021-10-22,189.78,194.18,189.28,193.20,78777700
2021-10-25,192.23,205.09,191.40,204.18,49187400
2021-10-26,203.60,203.79,201.90,203.56,75451100
2021-10-27,204.61,207.53,202.13,205.83,69410000
2021-10-28,205.52,206.01,200.87,202.01,65091900
2021-10-29,200.90,204.79,200.13,203.72,88651900
2021-11-01,203.80,204.35,200.73,202.21,50651800
2021-11-02,202.71,207.94,201.11,204.87,80835500
2021-11-03,203.89,205.10,203.36,205.00,86058100
2021-11-04,206.60,209.38,201.57,201.68,87319900
2021-11-05,201.09,208.32,199.28,205.37,92750100
2021-11-08,206.26,206.66,203.56,204.99,79486800
2021-11-09,205.57,206.79,201.09,202.16,67642400
2021-11-10,201.58,204.96,201.22,202.67,97331300
2021-11-12,202.59,204.11,199.09,200.03,81745800
2021-11-15,200.06,202.07,199.70,201.54,84019800
2021-11-16,201.26,203.66,201.05,201.65,78716200
2021-11-17,202.28,204.20,200.51,200.83,80084400
2021-11-18,200.89,203.57,200.54,203.18,94604200
2021-11-19,201.78,201.89,198.27,199.59,84596400
2021-11-22,199.67,203.94,198.39,202.86,78058900
2021-11-23,201.94,202.29,197.06,197.10,96525600
2021-11-24,196.92,203.97,196.09,202.28,89781400
2021-11-26,202.47,204.55,201.84,203.14,83409400
2021-11-29,203.06,204.53,202.29,202.64,80648200
2021-11-30,203.48,203.93,200.57,200.70,93252600
2021-12-01,200.64,203.16,200.00,202.68,61495200
2021-12-02,202.26,203.20,200.50,202.50,70383300
2021-12-03,203.86,204.81,202.25,202.26,97903900
2021-12-06,202.87,205.91,200.95,205.76,77723200
2021-12-07,205.66,205.87,204.31,204.71,75678200
2021-12-08,204.73,206.68,204.10,204.29,100669300
2021-12-09,203.96,205.98,203.78,205.93,95427900
2021-12-10,206.00,210.07,205.80,209.61,83588700
2021-12-13,208.81,210.53,206.79,209.43,90986500
2021-12-14,210.93,211.11,209.90,210.23,84666300
2021-12-15,211.28,211.37,210.44,210.67,79881400
2021-12-16,208.78,214.01,208.59,213.35,94012400
2021-12-17,212.53,219.30,210.52,218.52,94251000
2021-12-20,218.48,219.42,213.49,215.71,80384600
2021-12-21,215.15,216.47,212.67,215.55,82274600
2021-12-22,213.72,217.57,211.19,215.68,61164100
2021-12-23,216.29,219.83,214.77,217.90,71200300
2021-12-27,216.86,223.54,216.28,223.20,65315300
2021-12-28,223.82,225.74,219.65,223.40,95308800
2021-12-29,223.81,224.82,221.64,224.38,98003300
2021-12-30,225.77,228.78,224.46,228.53,64472000
2022-01-03,227.71,230.60,223.11,224.50,86557800
2022-01-04,226.16,226.58,221.97,222.15,99130100
2022-01-05,221.05,221.83,220.18,220.89,88452600
2022-01-06,222.24,222.45,219.93,221.13,62376000
2022-01-07,222.09,223.51,221.54,222.17,72348800
2022-01-10,222.57,223.10,218.94,220.69,86855300
2022-01-11,219.73,227.98,217.85,226.91,92792600
2022-01-12,228.40,228.90,224.69,224.74,86933400
2022-01-13,225.47,225.64,223.19,224.30,86610700
2022-01-14,222.81,228.68,220.90,228.28,81348200
2022-01-18,225.91,234.68,224.73,231.22,91375000
2022-01-19,230.61,233.08,228.53,231.40,72781100
2022-01-20,230.61,233.73,228.73,232.96,86992500
2022-01-21,233.63,236.67,232.79,236.10,74630300
2022-01-24,236.23,236.46,236.11,236.26,87041100
2022-01-25,236.57,239.23,234.27,238.81,45722100
2022-01-26,238.33,240.19,235.53,235.70,86083700
2022-01-27,236.62,236.69,236.05,236.16,69782600
2022-01-28,235.63,236.77,230.25,230.54,88899600
2022-01-31,229.15,231.58,227.53,227.64,54729600
2022-02-01,225.45,228.05,221.92,223.94,84070400
2022-02-02,224.42,228.67,223.61,228.47,66648400
2022-02-03,227.92,228.22,225.16,227.08,78429600
2022-02-04,225.52,229.82,223.73,228.32,70566200
2022-02-07,227.52,228.85,223.76,225.33,50250100
2022-02-08,224.98,225.44,224.83,224.85,101124400
2022-02-09,225.49,230.04,222.53,224.10,83058300
2022-02-10,222.19,223.75,220.24,221.41,71962700
2022-02-11,221.05,225.67,220.54,224.53,89416000
2022-02-14,225.22,226.44,217.32,219.12,55508700
2022-02-15,219.55,221.53,217.35,221.43,74566100
2022-02-16,222.18,233.27,220.91,230.79,93362500
2022-02-17,232.65,232.81,226.64,228.08,70139400
2022-02-18,227.31,229.71,226.15,228.36,80864800
2022-02-22,227.83,229.71,222.06,223.16,96661600
2022-02-23,224.15,225.12,222.35,223.24,76912900
2022-02-24,224.73,225.76,216.92,217.57,79718900
2022-02-25,217.90,221.51,215.89,219.83,76049800
2022-02-28,219.58,223.22,217.72,218.34,84276200
2022-03-01,217.35,218.42,212.20,212.42,85277100
2022-03-02,212.99,213.63,207.51,208.42,72547800
2022-03-03,208.75,209.19,200.96,203.60,103289500
2022-03-04,202.75,203.59,200.63,202.88,75122500
2022-03-07,202.49,206.33,201.06,205.69,67839500
2022-03-08,204.92,205.61,204.43,204.59,74433400
2022-03-09,205.11,205.65,200.57,201.08,91755900
2022-03-10,201.00,201.30,197.62,198.66,81095300
2022-03-11,199.70,199.71,198.58,199.15,86611000
2022-03-14,200.28,201.58,191.11,192.00,41777600
2022-03-15,192.30,194.50,191.06,193.86,82480200
2022-03-16,194.84,195.72,193.44,195.19,79927000
2022-03-17,196.06,197.37,187.49,188.10,58808500
2022-03-18,189.29,193.40,187.88,191.65,68325400
2022-03-21,191.33,192.51,184.69,187.02,93091700
2022-03-22,187.54,188.99,186.09,186.51,98966000
2022-03-23,187.96,190.37,187.02,190.00,64087900
2022-03-24,190.56,191.95,184.61,185.38,54838500
2022-03-25,185.13,186.26,178.69,180.30,77923600
2022-03-28,180.54,181.20,177.23,177.34,80927700
2022-03-29,179.04,180.92,174.28,174.53,69776100
2022-03-30,174.31,175.17,173.42,174.27,63703300
2022-03-31,173.88,175.99,172.92,172.98,45873200
2022-04-01,173.67,174.31,170.10,171.77,81604300
2022-04-04,171.57,173.27,169.39,170.61,71902100
2022-04-05,169.60,170.81,168.59,170.25,49743900
2022-04-06,169.22,169.42,167.38,168.14,67227300
2022-04-07,168.21,169.18,166.84,169.10,79351900
2022-04-08,168.73,169.31,168.47,169.20,70395400
2022-04-11,170.27,171.28,166.24,166.70,102564100
2022-04-12,166.35,173.22,164.71,171.54,76678400
2022-04-13,170.64,170.91,166.85,168.33,75957400
2022-04-14,167.87,171.75,167.74,170.36,95891400
2022-04-15,169.57,170.13,167.47,168.53,86837000
2022-04-18,169.40,171.96,168.94,169.59,92151400
2022-04-19,169.12,172.11,168.35,171.07,78990500
2022-04-20,172.18,174.66,171.53,173.47,66286900
2022-04-21,173.93,177.85,173.33,177.40,91716300
2022-04-22,178.94,179.77,173.95,175.24,54346600
2022-04-25,175.23,184.25,175.18,183.21,76742300
2022-04-26,183.91,186.24,183.47,184.45,66174700
2022-04-27,182.97,183.19,182.04,182.27,76116300
2022-04-28,182.00,182.40,177.99,178.64,78260000
2022-04-29,178.17,188.13,178.08,185.31,87656800
2022-05-02,186.25,190.54,185.01,190.16,47017700
2022-05-03,190.14,191.87,189.62,190.23,84315400
2022-05-04,190.82,194.55,189.03,192.58,99443300
2022-05-05,192.10,196.89,189.84,196.62,104424200
2022-05-06,195.67,197.60,192.31,197.03,74458900
2022-05-09,197.04,197.27,194.12,195.86,100139600
2022-05-10,196.98,197.11,195.32,195.87,68280700
2022-05-11,195.92,199.51,195.20,198.53,80340800
2022-05-12,199.89,199.97,197.23,198.72,86236500
2022-05-13,198.53,198.55,192.95,195.12,64917200
2022-05-16,194.92,200.51,192.98,197.53,76547200
2022-05-17,197.33,197.46,191.08,192.49,62134100
2022-05-18,192.37,193.66,189.65,190.43,93221800
2022-05-19,189.98,194.80,189.88,194.23,80643000
2022-05-20,194.13,195.39,191.90,195.08,117632700
2022-05-23,194.52,198.47,194.33,195.92,76205600
2022-05-24,195.18,196.46,194.25,196.37,80292100
2022-05-25,197.67,199.80,197.23,199.64,108455600
2022-05-26,200.44,200.56,199.09,199.61,86047700
2022-05-27,199.45,200.71,192.41,193.85,90441400
2022-05-31,193.45,195.08,191.04,194.72,59983900
2022-06-01,193.57,193.84,183.00,185.90,90055300
2022-06-02,186.43,187.31,178.67,180.31,62929700
2022-06-03,179.89,185.21,179.61,184.93,83776000
2022-06-06,186.46,189.61,185.25,188.07,61800800
2022-06-07,186.82,187.62,185.97,186.89,95380500
2022-06-08,187.23,188.94,185.80,186.83,85902500
2022-06-09,187.84,188.16,186.69,187.23,53775300
2022-06-10,186.91,193.31,186.29,190.29,63686100
2022-06-13,191.95,192.90,187.45,188.20,82430100
2022-06-14,189.05,190.22,183.78,185.82,64888500
2022-06-15,186.65,186.66,183.69,184.20,77826200
2022-06-16,183.64,185.22,183.38,184.75,72836400
2022-06-17,185.61,186.95,185.13,185.66,61029000
2022-06-21,186.51,187.44,184.50,184.70,78172800
2022-06-22,184.89,187.03,183.34,187.03,88301300
2022-06-23,188.49,188.66,182.84,184.27,92364100
2022-06-24,184.62,184.85,183.53,184.22,70859700
2022-06-27,182.62,183.78,182.40,182.44,87077500
2022-06-28,182.78,182.95,178.93,179.81,67309600
2022-06-29,181.18,184.69,180.62,183.40,83466900
2022-06-30,183.05,183.70,180.73,182.67,58693200
2022-07-01,183.32,183.52,178.96,180.04,88293200
2022-07-05,179.67,180.77,178.72,180.33,76584900
2022-07-06,180.42,181.02,176.01,177.76,63036900
2022-07-07,175.90,180.40,175.12,179.58,101974200
2022-07-08,178.35,182.79,177.13,182.12,106730400
2022-07-11,181.98,186.29,180.84,185.18,69076200
2022-07-12,184.83,186.73,181.93,182.36,85755400
2022-07-13,181.07,183.04,180.16,182.12,93131500
2022-07-14,182.73,187.65,181.14,187.53,88276400
2022-07-15,187.88,188.54,186.96,187.08,80516000
2022-07-18,186.49,193.37,185.63,190.91,74408800
2022-07-19,189.39,197.29,189.32,195.59,77874500
2022-07-20,196.13,197.19,190.30,191.62,74284700
2022-07-21,191.32,196.59,189.83,195.37,105659400
2022-07-22,196.03,198.35,195.08,197.79,61613600
2022-07-25,198.78,201.87,198.60,200.60,77011700
2022-07-26,200.39,206.15,200.19,206.00,85181200
2022-07-27,205.88,208.08,205.42,207.57,67094800
2022-07-28,208.29,208.52,207.08,207.93,91391200
2022-07-29,207.78,211.30,206.51,209.99,74033700
2022-08-01,208.37,209.33,206.56,208.99,98689100
2022-08-02,209.56,211.62,209.11,210.69,58271600
2022-08-03,211.01,211.43,202.56,204.38,118879700
2022-08-04,203.95,211.23,203.22,209.99,95408700
2022-08-05,210.48,211.58,207.37,208.39,103757500
2022-08-08,208.11,211.82,206.95,210.23,88292400
2022-08-09,209.92,212.06,206.58,211.34,66933400
2022-08-10,212.06,213.96,211.28,211.77,70891900
2022-08-11,210.62,212.82,210.60,212.23,63463800
2022-08-12,210.86,212.54,210.59,212.53,51333300
2022-08-15,212.42,212.87,207.27,207.35,86916900
2022-08-16,206.25,208.48,204.64,205.73,70056400
2022-08-17,206.47,209.70,206.29,209.64,80399100
2022-08-18,209.03,210.07,205.91,206.48,99429400
2022-08-19,205.04,205.08,203.01,203.28,59914900
2022-08-22,202.96,210.67,202.57,210.10,88796000
2022-08-23,208.22,215.48,207.91,214.13,61459300
2022-08-24,215.34,219.54,214.84,219.41,72611500
2022-08-25,219.39,220.03,217.91,219.43,67915800
2022-08-26,220.05,220.58,218.19,220.40,79874400
2022-08-29,220.88,225.02,219.44,223.04,63299500
2022-08-30,223.24,226.06,222.15,225.02,83836400
2022-08-31,224.08,225.21,221.27,224.76,65911300
2022-09-01,225.49,226.55,219.30,219.81,79266100
2022-09-02,219.53,220.04,214.66,217.41,79508300
2022-09-06,216.74,218.54,212.30,212.50,78859100
2022-09-07,210.76,217.92,210.26,217.76,99691500
2022-09-08,218.91,218.97,214.96,216.47,82464900
2022-09-09,216.27,216.89,215.40,215.91,72699100
2022-09-12,215.56,218.24,214.80,216.90,69426600
2022-09-13,215.23,217.82,214.92,216.99,95186000
2022-09-14,217.83,220.36,216.38,218.78,66577000
2022-09-15,218.69,219.97,214.67,216.71,70318800
2022-09-16,217.62,219.67,211.66,211.74,81421200
2022-09-19,211.72,218.70,211.33,217.53,85321900
2022-09-20,216.79,216.96,214.91,215.18,82735800
2022-09-21,215.69,216.30,212.13,213.64,60873100
2022-09-22,212.29,212.99,209.51,211.07,66184600
2022-09-23,209.75,210.27,207.73,209.33,53211900
2022-09-26,209.28,209.84,208.24,209.42,50074900
2022-09-27,210.07,212.13,208.63,211.85,58151200
2022-09-28,212.82,213.36,208.27,208.48,85212100
2022-09-29,208.41,209.77,208.33,209.42,74278900
2022-09-30,209.33,209.67,204.59,207.29,50273700
2022-10-03,207.47,211.66,207.45,211.14,76580700
2022-10-04,210.98,211.37,206.48,207.21,77227700
2022-10-05,206.80,209.48,206.06,207.54,105724600
2022-10-06,207.97,211.44,205.55,209.82,89784200
2022-10-07,209.40,209.72,205.14,205.50,87401400
2022-10-11,205.34,206.57,203.66,205.86,107541300
2022-10-12,206.87,207.40,204.68,206.32,90551200
2022-10-13,206.52,207.85,202.34,203.83,65423500
2022-10-14,203.41,204.85,202.65,203.16,62358200
2022-10-17,203.75,206.46,202.63,206.26,103330900
2022-10-18,206.15,208.31,204.45,207.02,110502300
2022-10-19,207.61,208.38,205.08,205.71,103131500
2022-10-20,205.00,205.26,204.78,205.05,105636000
2022-10-21,204.42,207.00,204.37,206.44,115789500
2022-10-24,205.26,210.85,204.60,210.44,100211000
2022-10-25,211.42,213.31,211.27,212.97,75518200
2022-10-26,214.19,217.20,213.09,215.30,78437000
2022-10-27,216.35,222.35,214.66,220.42,77782200
2022-10-28,220.75,220.98,214.48,215.23,75143600
2022-10-31,215.41,217.67,210.43,210.52,70922000
2022-11-01,210.33,210.48,202.84,203.34,75681900
2022-11-02,203.83,208.14,203.59,205.90,103914100
2022-11-03,205.76,207.21,198.47,198.84,116278700
2022-11-04,198.04,198.91,197.65,198.70,92102200
2022-11-07,199.51,202.28,198.33,200.98,64116000
2022-11-08,201.71,201.85,195.50,196.75,68287200
2022-11-09,197.17,198.14,193.98,194.78,79671600
2022-11-10,194.73,195.75,193.08,194.00,83420100
2022-11-14,193.71,197.79,193.44,196.15,87367100
2022-11-15,196.23,196.60,191.43,191.69,84757800
2022-11-16,191.85,192.87,189.62,192.62,107520200
2022-11-17,191.72,194.99,190.86,194.66,91320200
2022-11-18,194.31,195.72,193.69,195.07,98701700
2022-11-21,194.24,195.78,192.89,195.52,88162600
2022-11-22,196.40,200.51,194.90,199.23,94680900
2022-11-23,198.15,201.17,197.44,199.86,74053600
2022-11-25,198.89,200.51,195.43,199.76,77738700
2022-11-28,199.05,199.63,198.11,198.71,101476300
2022-11-29,198.84,201.31,198.66,200.64,57915400
2022-11-30,199.89,200.79,197.95,199.72,64164800
2022-12-01,201.14,202.23,198.30,201.66,100889900
2022-12-02,202.25,202.39,200.18,201.92,92445000
2022-12-05,199.98,206.55,199.50,205.34,70961500
2022-12-06,205.52,206.69,202.41,202.83,66886100
2022-12-07,203.11,203.28,202.63,203.01,103321300
2022-12-08,201.97,205.23,201.72,204.02,77184600
2022-12-09,203.94,205.79,202.73,205.24,103014100
2022-12-12,205.30,210.35,204.68,208.70,89827800
2022-12-13,208.16,211.08,207.40,209.86,87521200
2022-12-14,209.77,213.95,209.71,212.65,81821900
2022-12-15,212.93,220.28,210.49,218.93,72101500
2022-12-16,218.47,223.45,217.75,221.60,68904000
2022-12-19,221.53,221.68,216.38,217.96,71351500
2022-12-20,216.90,217.55,211.44,213.20,107156700
2022-12-21,213.73,216.68,211.16,215.26,97065200
2022-12-22,214.70,216.67,212.19,213.93,101248000
2022-12-23,214.97,215.14,213.14,214.77,73641900
2022-12-27,216.54,217.16,213.33,214.10,76611700
2022-12-28,215.53,219.45,214.91,218.24,54631400
2022-12-29,217.83,223.12,216.83,222.09,76023600
2022-12-30,222.47,222.85,217.31,218.22,77372000
2023-01-03,217.98,219.50,217.41,218.99,51127600
2023-01-04,219.39,220.42,217.79,217.88,75642700
2023-01-05,217.14,218.48,211.73,213.51,55203000
2023-01-06,212.63,217.58,211.99,215.49,81059700
2023-01-09,215.43,216.64,213.13,214.92,95918700
2023-01-10,214.21,218.20,213.02,216.24,77056300
2023-01-11,217.30,225.73,215.44,224.33,75273800
2023-01-12,224.97,229.20,224.80,228.70,83150700
2023-01-13,228.99,233.20,227.23,232.35,79955700
2023-01-17,232.20,234.88,230.37,230.74,98333300
2023-01-18,230.57,231.43,225.53,226.50,67717200
2023-01-19,227.37,231.38,226.25,230.62,87992000
2023-01-20,230.68,232.02,228.46,229.39,77407800
2023-01-23,229.39,232.16,227.97,229.37,57497400
2023-01-24,231.09,232.45,225.61,227.90,81722000
2023-01-25,228.02,229.13,227.42,228.08,90559200
2023-01-26,227.83,236.50,226.91,236.30,101225300
2023-01-27,236.08,237.00,234.19,234.98,58478800
2023-01-30,236.18,236.52,233.61,233.78,69707700
2023-01-31,233.31,235.89,231.28,234.30,80754400
2023-02-01,233.84,235.20,233.73,235.10,40431700
2023-02-02,236.13,237.87,229.36,230.70,73184400
2023-02-03,231.77,232.26,223.05,224.44,85838500
2023-02-06,225.71,226.03,221.54,222.33,108178400
2023-02-07,221.55,222.28,220.20,221.46,85388800
2023-02-08,221.85,222.32,217.50,218.70,60690300
2023-02-09,218.20,219.28,215.17,215.29,87785800
2023-02-10,215.65,217.56,210.35,212.13,93198900
2023-02-13,210.79,211.53,209.63,210.75,50601200
2023-02-14,210.57,212.20,208.85,210.24,85106900
2023-02-15,211.14,212.34,204.99,205.02,107394200
2023-02-16,205.18,205.74,201.74,203.22,86553200
2023-02-17,201.25,204.35,200.74,204.19,79773900
2023-02-21,205.00,206.20,203.37,203.69,66200300
2023-02-22,203.98,204.97,198.71,199.45,68115800
2023-02-23,199.23,199.56,198.06,198.28,109148200
2023-02-24,198.27,199.40,197.39,198.12,79312400
2023-02-27,197.86,200.52,197.13,200.31,92675900
2023-02-28,201.23,201.72,195.26,195.37,97198500
2023-03-01,195.34,197.53,194.17,197.28,93338900
2023-03-02,196.01,197.50,194.15,195.81,81894200
2023-03-03,195.14,196.63,193.69,196.31,86169400
2023-03-06,197.60,199.12,197.24,198.22,56889100
2023-03-07,199.12,200.97,195.22,195.53,65837600
2023-03-08,196.16,196.91,192.83,193.08,81301100
2023-03-09,192.46,193.46,192.46,192.65,97958500
2023-03-10,193.07,196.57,192.86,194.66,118298400
2023-03-13,195.47,197.04,192.49,192.97,75430100
2023-03-14,193.05,193.80,188.25,188.83,102412000
2023-03-15,189.39,190.38,185.17,186.78,94031000
2023-03-16,187.64,190.11,185.84,187.78,74036000
2023-03-17,188.57,192.48,186.96,190.98,78112800
2023-03-20,191.34,191.47,187.98,189.44,62811400
2023-03-21,189.80,190.50,188.00,188.42,95457600
2023-03-22,187.49,189.66,186.49,187.82,108165400
2023-03-23,187.60,189.95,186.60,187.34,76953000
2023-03-24,187.98,188.44,184.35,184.61,81134500
2023-03-27,185.89,187.02,182.69,183.31,92472400
2023-03-28,183.45,184.32,181.33,183.82,92301900
2023-03-29,184.63,185.68,183.98,184.01,68156800
2023-03-30,184.03,184.74,183.06,183.99,89284900
2023-03-31,183.28,183.58,181.14,181.15,77802600
2023-04-03,181.48,182.44,178.50,179.60,101591100
2023-04-04,179.94,180.06,177.54,177.62,93210500
2023-04-05,177.00,181.89,175.29,180.37,63616700
2023-04-06,179.76,184.27,178.73,184.26,83146800
2023-04-07,184.31,185.27,182.96,185.12,96372100
2023-04-10,184.75,190.69,183.77,189.48,84804000
2023-04-11,189.88,190.24,188.53,188.55,64878800
2023-04-12,187.53,189.26,186.90,187.63,55212600
2023-04-13,188.26,188.75,183.75,183.93,69436200
2023-04-14,183.49,185.32,182.45,184.49,72754800
2023-04-17,184.76,185.86,182.41,183.16,70778700
2023-04-18,182.03,184.01,180.59,183.34,51835500
2023-04-19,184.04,185.08,182.72,184.61,86854800
2023-04-20,184.77,185.82,183.11,183.86,85520500
2023-04-21,185.44,186.04,180.57,180.74,67386500
2023-04-24,179.55,180.63,178.93,180.57,91638100
2023-04-25,179.26,180.48,178.48,180.32,84286400
2023-04-26,180.85,181.88,180.15,180.34,72625600
2023-04-27,181.01,182.92,179.56,182.12,86053600
2023-04-28,180.83,182.13,178.59,181.48,71035100
2023-05-01,181.89,183.13,179.99,180.71,85805900
2023-05-02,181.41,187.09,181.02,185.39,57535700
2023-05-03,186.46,189.07,185.79,188.32,75956300
2023-05-04,188.43,189.53,186.16,188.00,58008800
2023-05-05,186.85,187.53,185.26,185.34,88018200
2023-05-08,183.91,184.33,183.25,184.06,101098500
2023-05-09,185.64,186.50,182.67,185.07,108685000
2023-05-10,185.39,188.40,184.78,187.36,76709700
2023-05-11,188.12,194.52,187.41,194.14,59756400
2023-05-12,193.91,194.01,192.27,193.37,92981500
2023-05-15,193.21,195.47,193.09,193.75,90055700
2023-05-16,193.60,195.28,192.02,192.68,65650900
2023-05-17,191.97,193.67,189.95,192.86,93808700
2023-05-18,192.65,194.96,190.46,191.73,84345900
2023-05-19,190.89,192.71,188.14,188.68,98090300
2023-05-22,188.38,193.11,186.51,191.55,69885400
2023-05-23,192.43,192.95,191.11,191.90,65281600
2023-05-24,191.93,196.38,191.90,195.57,75685500
2023-05-25,195.06,197.13,192.97,194.09,76465700
2023-05-26,195.46,195.47,194.80,194.83,87437500
2023-05-30,195.87,198.22,194.54,196.72,79717900
2023-05-31,196.78,199.33,191.28,191.30,82117300
2023-06-01,189.98,191.25,187.28,187.59,94532900
2023-06-02,188.59,190.45,186.59,189.72,73344400
2023-06-05,190.74,191.92,189.57,190.02,69089100
2023-06-06,189.59,190.50,184.55,184.94,95736000
2023-06-07,186.02,186.92,182.81,182.97,66670700
2023-06-08,182.37,183.33,180.13,180.19,68257900
2023-06-09,180.02,181.46,177.72,178.98,73379300
2023-06-12,178.66,183.33,177.38,183.20,73913700
2023-06-13,183.36,183.98,180.37,181.72,100831100
2023-06-14,181.63,187.69,181.54,187.34,53732000
2023-06-15,188.44,188.65,186.15,186.70,88172900
2023-06-16,186.46,187.66,182.41,184.74,85739800
2023-06-20,185.09,191.23,184.74,189.16,67569700
2023-06-21,189.21,193.46,188.73,191.90,85483400
2023-06-22,192.11,197.43,192.02,195.93,89688500
2023-06-23,195.29,201.98,193.85,201.70,97728900
2023-06-26,201.69,205.98,198.79,204.94,84799000
2023-06-27,206.11,209.38,204.89,208.72,68075400
2023-06-28,209.43,210.33,202.05,203.48,105560800
2023-06-29,202.54,203.18,200.86,201.06,82802200
2023-06-30,200.75,203.26,199.37,202.44,92105500
2023-07-03,201.63,203.31,200.77,203.11,83743300
2023-07-05,202.54,205.36,201.23,205.36,83946000
2023-07-06,204.84,205.68,202.02,203.97,85158200
2023-07-07,202.99,207.54,202.77,207.43,59745000
2023-07-10,207.84,214.33,207.33,213.80,94827000
2023-07-11,214.60,217.08,214.41,215.72,96191100
2023-07-12,215.87,218.48,214.11,218.46,91910400
2023-07-13,218.06,221.63,218.00,220.16,82139800
2023-07-14,220.32,223.78,219.58,223.26,48336700
2023-07-17,222.59,224.29,222.01,224.01,68717400
2023-07-18,224.97,227.25,220.48,222.39,80201000
2023-07-19,224.51,224.83,221.69,223.09,69405700
2023-07-20,220.72,224.75,220.24,223.50,86719800
2023-07-21,223.87,225.09,218.33,218.55,90860700
2023-07-24,218.61,219.76,218.50,219.38,76361400
2023-07-25,219.58,220.02,218.80,219.54,58318400
2023-07-26,219.32,220.56,219.27,220.29,54703400
2023-07-27,218.99,220.62,216.79,218.58,68009900
2023-07-28,218.53,222.81,217.74,220.22,92863800
2023-07-31,219.89,223.19,218.63,222.34,100952100
2023-08-01,222.23,222.80,219.31,220.08,80188100
2023-08-02,220.06,222.56,219.64,221.21,90076000
2023-08-03,220.78,224.85,220.30,223.85,95811000
2023-08-04,225.94,226.52,225.22,226.38,94297100
2023-08-07,225.27,225.57,221.72,223.35,69028600
2023-08-08,223.02,224.34,218.98,220.02,53833000
2023-08-09,218.92,221.08,218.60,220.15,75269900
2023-08-10,220.03,221.05,215.14,216.80,75549100
2023-08-11,218.17,226.27,217.59,225.03,58052100
2023-08-14,225.01,226.38,222.25,222.34,89916200
2023-08-15,221.61,222.99,219.49,219.73,94540200
2023-08-16,218.57,222.82,217.17,221.83,78120700
2023-08-17,222.34,222.65,219.38,220.27,55301200
2023-08-18,219.65,220.11,211.20,212.71,93404300
2023-08-21,213.26,214.01,210.64,212.23,53087800
2023-08-22,211.66,212.67,208.44,209.12,77496200
2023-08-23,208.69,209.57,206.36,207.48,94471400
2023-08-24,207.44,211.01,201.89,202.54,76422600
2023-08-25,201.22,202.44,199.70,199.82,95964400
2023-08-28,200.79,202.59,198.39,199.30,86987400
2023-08-29,198.40,199.43,197.24,199.03,96189800
2023-08-30,199.16,199.96,194.98,195.72,105169100
2023-08-31,196.08,197.38,193.28,193.60,94643700
2023-09-01,195.45,197.14,190.18,191.11,79339100
2023-09-05,191.49,191.73,190.21,191.45,82560700
2023-09-06,192.11,192.45,190.70,190.96,69393500
2023-09-07,190.58,191.17,187.30,187.39,81368200
2023-09-08,187.29,189.26,187.01,189.11,64854600
2023-09-11,189.12,190.82,186.73,187.09,77875800
2023-09-12,187.90,188.80,187.63,188.10,58521800
2023-09-13,187.36,188.20,184.69,185.48,107685200
2023-09-14,185.79,188.18,185.46,186.22,88080100
2023-09-15,188.38,190.29,185.71,185.80,85373200
2023-09-18,185.10,187.14,182.65,185.87,87699800
2023-09-19,184.51,188.57,183.91,187.17,62219900
2023-09-20,186.79,189.35,185.59,188.29,81741600
2023-09-21,188.20,188.75,187.83,188.64,72095100
2023-09-22,189.92,190.10,188.45,188.99,82484600
2023-09-25,189.38,191.34,184.74,185.36,92760000
2023-09-26,186.23,186.26,184.70,185.08,74918900
2023-09-27,184.56,184.94,178.62,179.08,67461200
2023-09-28,179.07,179.89,171.55,173.17,82299200
2023-09-29,173.39,175.84,170.92,172.34,82012600
2023-10-02,171.77,173.00,169.39,171.73,83604500
2023-10-03,171.94,176.36,171.60,175.54,81763600
2023-10-04,175.36,177.90,175.35,177.23,98058000
2023-10-05,177.41,180.72,177.26,180.11,84043900
2023-10-06,179.12,179.59,178.80,179.22,86390200
2023-10-10,177.78,183.25,177.09,180.35,72933600
2023-10-11,181.36,183.53,181.31,183.43,70345600
2023-10-12,183.48,185.12,183.01,184.81,85545600
2023-10-13,184.76,186.59,184.49,185.71,78049700
2023-10-16,187.67,188.95,185.82,185.94,54269900
2023-10-17,186.72,188.10,181.62,183.37,87201900
2023-10-18,183.73,183.78,179.12,180.92,78202100
2023-10-19,180.47,181.91,176.37,177.10,87898700
2023-10-20,177.40,180.27,175.62,178.18,85855300
2023-10-23,178.38,179.39,176.89,177.46,79910300
2023-10-24,177.32,177.78,174.85,175.70,64864700
2023-10-25,176.75,178.12,174.27,176.65,78692400
2023-10-26,177.22,178.88,174.32,175.17,73905900
2023-10-27,175.61,178.41,175.20,177.93,81845300
2023-10-30,177.39,183.67,176.06,183.05,88334100
2023-10-31,182.59,185.05,182.04,184.28,83412200
2023-11-01,185.15,186.99,182.05,182.41,64856500
2023-11-02,182.63,183.51,178.22,178.43,58607400
2023-11-03,178.08,185.41,177.05,183.86,86628700
2023-11-06,184.14,185.97,183.49,185.10,54842900
2023-11-07,185.17,185.47,181.83,181.92,87749400
2023-11-08,181.65,185.88,181.18,184.86,85473600
2023-11-09,184.78,185.57,179.33,180.36,65640200
2023-11-13,180.96,183.69,178.01,179.22,70758100
2023-11-14,179.51,179.79,178.31,178.63,71636100
2023-11-15,178.07,179.16,176.78,177.72,71983800
2023-11-16,177.25,177.57,173.39,174.79,81595600
2023-11-17,175.05,181.81,173.45,181.17,59506600
2023-11-20,180.47,180.48,179.61,180.14,86012900
2023-11-21,180.28,181.60,180.00,181.21,71764800
2023-11-22,181.17,182.52,180.91,181.34,72112600
2023-11-24,180.45,181.33,176.21,177.13,89434600
2023-11-27,175.48,177.34,175.27,175.75,84422200
2023-11-28,175.20,176.50,172.46,176.36,54778700
2023-11-29,176.39,179.25,175.68,178.88,71124100
2023-11-30,178.92,179.24,176.86,178.02,67493500
2023-12-01,178.95,179.27,178.40,179.05,95209800
2023-12-04,179.09,180.36,177.58,178.21,76716100
2023-12-05,178.19,180.13,177.41,179.83,81096200
2023-12-06,180.14,180.63,173.38,173.40,87091600
2023-12-07,173.13,176.28,172.61,175.03,99394600
2023-12-08,176.28,176.80,172.49,173.50,78609600
2023-12-11,173.13,173.72,170.87,172.10,83804500
2023-12-12,171.53,172.51,164.47,165.06,94295400
2023-12-13,164.75,164.99,162.22,162.58,78373000
2023-12-14,163.40,164.47,161.72,164.20,102568800
2023-12-15,163.85,170.41,163.46,170.06,92454400
2023-12-18,169.57,171.01,168.16,168.40,86439600
2023-12-19,168.82,169.47,166.21,166.86,104640200
2023-12-20,167.67,169.07,166.84,168.20,84708100
2023-12-21,167.94,169.18,166.98,169.03,111870500
2023-12-22,169.53,169.69,167.55,167.67,80644100
2023-12-26,167.25,168.66,167.20,167.37,88513100
2023-12-27,168.33,169.40,166.35,166.54,87905700
2023-12-28,165.85,168.45,165.39,168.21,75913200
2023-12-29,168.04,170.55,166.27,170.33,79592000
2024-01-02,170.06,175.01,169.74,174.98,94216500
2024-01-03,174.35,178.87,174.32,177.49,57853000
2024-01-04,177.45,179.76,174.70,179.36,83870300
2024-01-05,179.86,180.51,179.36,179.87,111248600
2024-01-08,179.29,185.15,178.01,182.49,76156500
2024-01-09,183.91,185.22,179.25,179.92,88575700
2024-01-10,180.11,186.14,179.53,185.90,81720500
2024-01-11,186.16,187.39,185.62,186.76,101786400
2024-01-12,186.19,191.48,185.65,190.81,122536100
2024-01-16,190.77,190.82,188.02,188.62,67297600
2024-01-17,189.30,193.70,188.64,191.61,71998400
2024-01-18,190.86,192.86,190.26,192.82,89526000
2024-01-19,192.30,193.36,192.14,192.35,106107000
2024-01-22,191.72,194.29,190.41,190.50,51192000
2024-01-23,189.52,190.64,186.52,188.08,76324300
2024-01-24,188.57,193.87,188.08,193.28,79196500
2024-01-25,192.67,197.00,192.40,196.90,81898100
2024-01-26,198.21,199.00,195.08,197.29,104221900
2024-01-29,196.31,198.01,196.06,197.91,79638000
2024-01-30,197.65,197.76,195.49,195.83,92048900
2024-01-31,195.87,196.57,189.50,190.59,60958700
2024-02-01,189.84,189.96,185.07,185.63,85058200
2024-02-02,184.05,185.38,183.43,184.05,74247100
2024-02-05,183.57,184.41,183.40,183.72,105164000
2024-02-06,183.71,183.79,179.75,180.64,88166100
2024-02-07,179.95,183.96,178.51,182.91,70055800
2024-02-08,183.11,184.98,180.84,184.44,79461600
2024-02-09,183.07,185.48,182.76,184.98,71966600
2024-02-12,185.21,185.38,180.19,180.28,70020100
2024-02-13,181.79,181.90,179.27,179.81,78278800
2024-02-14,180.51,180.53,178.54,179.85,82147800
2024-02-15,180.57,183.38,176.12,176.61,62861600
2024-02-16,176.36,177.41,170.67,171.05,57980500
2024-02-20,170.76,178.15,169.72,176.17,89487500
2024-02-21,176.97,178.00,176.54,177.95,84987400
2024-02-22,177.71,179.18,175.93,177.05,81079800
2024-02-23,177.51,182.09,177.41,181.47,90906800
2024-02-26,180.76,186.37,179.83,184.63,73698900
2024-02-27,184.91,186.36,184.31,185.97,77616500
2024-02-28,186.11,187.15,185.57,186.70,103347500
2024-02-29,185.05,189.92,183.65,188.99,66452900
2024-03-01,188.91,194.60,187.56,193.27,103875000
2024-03-04,193.71,195.33,193.46,193.55,89171900
2024-03-05,193.97,194.81,191.77,192.95,90624100
2024-03-06,193.24,196.95,193.00,194.72,77728400
2024-03-07,195.72,196.76,185.40,186.74,95096700
2024-03-08,186.69,188.43,186.15,187.08,85568700
2024-03-11,186.51,187.64,185.57,186.04,66678400
2024-03-12,186.72,187.11,185.03,186.09,76309200
2024-03-13,187.68,187.69,185.54,185.68,74027200
2024-03-14,185.43,188.53,182.78,186.73,87482600
2024-03-15,187.86,188.33,186.59,187.12,80153800
2024-03-18,186.99,188.29,186.42,187.41,78712900
2024-03-19,186.30,189.11,184.97,187.13,64400900
2024-03-20,186.47,189.72,185.79,188.52,87765300
2024-03-21,187.87,189.58,185.42,187.18,75531500
2024-03-22,188.06,190.54,187.37,190.06,72423000
2024-03-25,190.14,191.50,185.20,185.41,55275400
2024-03-26,185.01,187.71,182.71,186.09,85945100
2024-03-27,186.19,188.51,185.36,187.46,75221100
2024-03-28,188.52,189.30,183.49,184.02,60898400
2024-03-29,183.96,185.08,182.61,182.95,86954200
2024-04-01,182.42,187.34,180.35,186.74,70634200
2024-04-02,187.01,187.15,185.83,186.47,90603100
2024-04-03,185.85,186.66,181.55,184.13,70982400
2024-04-04,184.50,185.24,175.41,176.19,99804600
2024-04-05,176.89,177.99,176.03,177.23,85077100
2024-04-08,177.36,179.13,177.23,177.64,57833000
2024-04-09,177.34,180.35,176.81,179.41,83098100
2024-04-10,179.50,186.95,178.41,185.15,35649700
2024-04-11,184.10,187.46,183.94,185.25,67190300
2024-04-12,186.42,186.77,185.03,185.74,89943900
2024-04-15,187.51,188.45,183.92,183.95,69600200
2024-04-16,183.96,184.27,183.40,183.89,82655400
2024-04-17,182.38,184.06,182.34,183.93,91712000
2024-04-18,183.44,187.05,183.06,186.15,87802700
2024-04-19,185.08,188.77,184.26,187.82,98182600
2024-04-22,186.41,187.74,184.11,185.78,66831300
2024-04-23,185.68,187.08,183.40,184.58,76626600
2024-04-24,184.45,188.85,183.93,188.55,83918000
2024-04-25,188.08,188.78,183.82,185.96,88409400
2024-04-26,186.79,189.93,185.18,188.17,61811700
2024-04-29,188.20,193.85,188.01,192.92,59587000
2024-04-30,192.17,196.16,191.60,194.92,55967700
2024-05-01,195.24,196.18,194.22,195.74,75047900
2024-05-02,194.76,200.25,194.31,199.88,86178900
2024-05-03,199.59,201.43,198.45,201.01,74563400
2024-05-06,200.34,201.16,198.95,201.04,78806600
2024-05-07,201.28,201.43,200.08,200.50,91359000
2024-05-08,200.28,204.62,199.51,204.05,54223800
2024-05-09,203.57,207.24,202.64,206.24,69967800
2024-05-10,206.46,211.33,205.76,211.12,55832400
2024-05-13,211.52,211.74,209.80,210.09,94421700
2024-05-14,210.29,210.96,208.13,209.13,81705000
2024-05-15,210.07,211.35,207.09,207.81,97439500
2024-05-16,206.94,209.06,205.85,208.72,46357200
2024-05-17,209.06,209.83,204.28,206.60,57089400
2024-05-20,208.00,211.85,205.92,209.54,68162400
2024-05-21,209.55,210.89,208.21,210.64,81483900
2024-05-22,208.78,209.09,207.35,207.59,82236200
2024-05-23,208.41,209.78,197.58,198.61,87558900
2024-05-24,198.45,198.53,193.21,193.31,86434300
2024-05-28,193.82,199.11,193.74,197.63,61601100
2024-05-29,197.85,200.21,197.28,197.53,66476200
2024-05-30,198.02,198.64,196.91,198.04,66919100
2024-05-31,199.02,201.00,196.49,196.86,96686600
2024-06-03,196.97,200.13,195.40,198.11,94119700
2024-06-04,198.74,201.29,192.21,192.56,87803900
2024-06-05,191.56,192.47,185.56,186.96,76003300
2024-06-06,186.30,186.93,181.94,182.54,83307600
2024-06-07,182.45,183.09,181.80,182.86,82503200
2024-06-10,184.02,186.32,183.98,184.93,112066600
2024-06-11,184.31,186.96,184.30,186.37,90475900
2024-06-12,186.11,186.14,185.11,186.14,68358200
2024-06-13,186.63,187.53,182.06,182.71,73355100
2024-06-14,182.32,185.62,182.04,185.03,50140400
2024-06-17,184.07,185.93,183.08,184.37,96170500
2024-06-18,182.92,185.76,180.95,184.44,63855500
2024-06-20,185.02,185.74,182.34,184.36,82154200
2024-06-21,183.52,183.66,182.38,183.19,59498300
2024-06-24,183.44,184.03,179.29,181.34,85966200
2024-06-25,181.71,182.02,178.25,179.87,85525300
2024-06-26,179.15,180.30,176.26,176.55,78802800
2024-06-27,176.87,177.99,176.72,177.36,69690700
2024-06-28,175.84,178.16,174.55,177.04,115429600
2024-07-01,176.96,180.04,174.86,179.91,89386600
2024-07-02,179.16,179.83,175.13,175.23,84477500
2024-07-03,175.38,179.69,174.91,178.49,77954200
2024-07-05,178.63,179.01,177.45,178.44,80773800
2024-07-08,178.57,179.12,176.85,178.15,90704900
2024-07-09,178.59,179.60,174.83,176.15,81680200
2024-07-10,175.70,177.59,172.77,174.16,92188200
2024-07-11,173.14,173.51,170.06,170.45,73505300
2024-07-12,169.60,173.91,168.03,172.94,87688400
2024-07-15,173.62,174.63,171.39,172.54,80518200
2024-07-16,171.82,175.81,170.93,174.58,86968100
2024-07-17,174.33,177.37,174.15,176.92,80616500
2024-07-18,177.16,177.57,174.69,175.75,73913200
2024-07-19,175.63,175.74,174.34,175.27,78906000
2024-07-22,174.57,174.95,174.01,174.52,80862400
2024-07-23,173.05,177.95,172.30,177.40,82373600
2024-07-24,178.06,178.93,175.99,177.90,60108100
2024-07-25,177.48,179.49,177.08,178.50,88268400
2024-07-26,177.33,181.48,176.87,180.59,75803600
2024-07-29,180.12,182.10,179.35,180.53,92171800
2024-07-30,180.56,188.46,180.38,186.31,86546800
2024-07-31,184.84,185.24,182.99,183.86,69299200
2024-08-01,183.95,188.14,181.50,187.49,67165600
2024-08-02,187.49,191.70,187.29,191.61,87230300
2024-08-05,191.95,192.32,186.12,188.47,76992400
2024-08-06,188.47,192.28,187.05,191.05,78923400
2024-08-07,190.28,192.91,187.65,191.97,77491100
2024-08-08,190.71,195.41,189.14,194.61,94163900
2024-08-09,194.45,195.82,189.11,191.24,82236600
2024-08-12,190.83,192.15,189.62,192.06,71475600
2024-08-13,193.24,193.61,188.98,189.38,69942300
2024-08-14,189.15,190.19,187.10,188.56,71760400
2024-08-15,188.86,194.17,186.66,192.76,86539100
2024-08-16,192.79,195.38,191.88,192.49,55254000
2024-08-19,191.13,193.02,184.35,186.21,71881200
2024-08-20,186.76,187.85,182.15,182.48,71684200
2024-08-21,182.13,182.50,179.53,179.54,87798000
2024-08-22,178.49,182.70,177.88,182.46,66764700
2024-08-23,182.75,184.23,179.03,180.71,76815600
2024-08-26,181.59,182.33,176.65,176.69,76032300
2024-08-27,176.60,181.10,174.95,179.85,80406100
2024-08-28,179.64,182.09,178.70,180.70,62948600
2024-08-29,180.22,182.29,177.87,181.79,96053700
2024-08-30,181.46,181.74,179.38,179.78,118696700
2024-09-03,180.56,185.28,180.44,183.84,68661500
2024-09-04,183.88,184.95,183.43,183.65,93676400
2024-09-05,183.94,184.25,178.16,178.44,82391900
2024-09-06,178.84,180.82,174.97,175.59,93116000
2024-09-09,173.52,174.20,173.30,173.56,77647800
2024-09-10,173.66,174.09,171.87,173.32,92523600
2024-09-11,173.70,176.04,171.69,175.51,97203400
2024-09-12,175.65,176.62,173.12,173.78,98402900
2024-09-13,172.74,175.46,171.50,172.41,61811200
2024-09-16,171.85,178.49,170.81,178.40,84427100
2024-09-17,178.87,179.24,178.05,178.79,102116100
2024-09-18,179.07,179.99,176.70,177.55,100714100
2024-09-19,177.85,179.73,177.50,177.81,75969200
2024-09-20,176.98,179.25,173.06,174.67,69852100
2024-09-23,174.85,176.81,173.94,176.27,110481100
2024-09-24,177.27,180.54,177.24,179.03,75779000
2024-09-25,179.04,179.10,176.55,177.64,82733300
2024-09-26,178.58,182.39,178.48,180.51,91099600
2024-09-27,181.12,181.68,179.37,179.89,79427800
2024-09-30,180.47,182.29,179.38,180.84,67819400
2024-10-01,180.34,181.32,178.20,179.01,89011900
2024-10-02,178.52,179.57,176.43,177.04,78828600
2024-10-03,176.55,176.96,172.96,173.28,77900100
2024-10-04,174.06,175.28,172.56,174.04,89619800
2024-10-07,174.89,175.43,172.09,173.49,87564600
2024-10-08,172.76,173.40,172.18,173.02,100334900
2024-10-09,172.12,172.43,169.47,170.31,96003900
2024-10-10,170.37,170.99,167.26,167.55,68721900
2024-10-11,168.41,168.91,165.47,166.17,96161000
2024-10-15,166.33,168.55,165.41,167.56,75748600
2024-10-16,167.97,169.37,166.12,168.53,107955100
2024-10-17,168.84,169.99,166.97,167.02,62355200
2024-10-18,167.39,168.84,166.96,167.97,78964800
2024-10-21,167.86,174.01,167.30,172.67,58457800
2024-10-22,172.98,173.93,171.84,173.14,98976100
2024-10-23,173.60,180.06,172.73,178.67,83160100
2024-10-24,178.58,180.61,178.43,180.02,78467400
2024-10-25,181.21,185.10,180.73,183.83,66357000
2024-10-28,183.04,183.91,181.45,182.54,65480500
2024-10-29,182.24,186.03,181.48,185.96,62123600
2024-10-30,185.31,185.61,182.61,182.84,63197900
2024-10-31,183.60,184.52,183.24,183.67,79124000
2024-11-01,184.45,184.55,182.51,182.92,74663300
2024-11-04,182.35,184.29,176.37,177.68,101987000
2024-11-05,177.72,179.28,173.58,174.26,63115000
2024-11-06,173.93,178.65,173.75,177.45,70549100
2024-11-07,176.46,179.22,176.30,178.94,72636900
2024-11-08,178.35,183.03,177.95,182.63,90765000
2024-11-12,182.85,183.44,182.27,183.34,78265800
2024-11-13,183.73,183.78,175.24,175.69,68321200
2024-11-14,175.16,177.38,174.98,176.54,89672600
2024-11-15,176.52,176.97,173.54,175.22,88289400
2024-11-18,175.78,176.56,173.71,174.09,53505600
2024-11-19,175.03,175.75,172.66,173.11,97028800
2024-11-20,173.33,174.73,170.90,171.33,86175700
2024-11-21,170.76,170.83,168.77,169.07,80246500
2024-11-22,168.00,174.30,167.78,172.46,85370000
2024-11-25,172.49,173.92,171.70,173.82,122485400
2024-11-26,173.59,173.65,171.69,172.31,86879400
2024-11-27,171.90,173.31,171.05,171.42,75836700
2024-11-29,170.94,175.63,169.31,174.15,73678200
2024-12-02,173.74,176.79,173.56,175.33,67934600
2024-12-03,175.42,177.30,173.58,176.03,104918800
2024-12-04,176.49,178.27,172.82,173.01,117212300
2024-12-05,172.43,173.16,170.97,172.07,94466900
2024-12-06,173.33,175.35,169.30,169.36,88709100
2024-12-09,170.30,170.85,164.36,164.75,105639600
2024-12-10,164.58,168.54,164.37,167.20,69959400
2024-12-11,167.39,167.66,165.20,166.58,82454300
2024-12-12,167.57,168.43,164.09,165.76,90943000
2024-12-13,165.15,165.40,161.89,163.59,81840100
2024-12-16,163.18,165.87,162.39,165.68,91259900
2024-12-17,165.27,172.25,164.81,171.18,62524500
2024-12-18,170.48,173.55,169.54,172.88,50037600
2024-12-19,173.36,175.71,172.47,175.50,81560000
2024-12-20,175.34,176.40,169.17,172.43,71566900
2024-12-23,172.49,173.43,170.83,173.08,99985800
2024-12-24,173.12,175.75,171.71,173.83,90090200
2024-12-26,173.68,180.06,173.12,177.95,57710100
2024-12-27,179.01,180.14,177.57,178.15,88197700
2024-12-30,178.02,179.65,174.42,175.82,69201000
2024-12-31,175.21,176.73,174.65,175.82,38067700
2025-01-02,174.85,175.30,174.12,174.86,111437700
2025-01-03,174.38,179.41,174.37,178.88,93204500
2025-01-06,179.00,181.59,177.49,180.84,71846300
2025-01-07,180.96,183.04,180.67,181.94,76363200
2025-01-08,182.14,183.80,181.11,182.59,104851800
2025-01-09,182.28,186.39,182.05,185.08,88202400
2025-01-10,185.39,185.50,183.64,183.87,121245900
2025-01-13,184.19,184.44,181.35,181.50,82076800
2025-01-14,180.63,181.22,176.32,176.61,63552800
2025-01-15,176.88,180.19,176.74,179.96,78603100
2025-01-16,180.25,183.51,179.60,181.50,97957500
2025-01-17,181.29,184.02,181.22,183.41,89727800
2025-01-21,184.21,186.89,180.90,183.68,73433800
2025-01-22,183.72,188.52,182.80,188.47,66757100
2025-01-23,187.91,189.19,185.80,185.85,85777400
2025-01-24,186.54,189.53,185.44,189.38,95570200
2025-01-27,190.71,191.10,186.50,187.13,109281100
2025-01-28,186.27,186.31,185.28,186.00,57579400
2025-01-29,185.94,186.26,182.33,182.77,67854300
2025-01-30,183.40,184.28,181.94,183.16,83229700
2025-01-31,183.60,184.17,181.87,182.51,79344200
2025-02-03,183.25,185.96,182.51,183.84,73522400
2025-02-04,184.80,185.70,182.22,182.37,86075700
2025-02-05,181.08,181.60,178.43,178.74,64790400
2025-02-06,179.23,180.94,178.85,180.42,44347700
2025-02-07,179.26,184.32,178.12,184.09,100105000
2025-02-10,183.40,187.05,183.12,186.27,71367300
2025-02-11,185.47,186.60,184.58,186.24,68235600
2025-02-12,186.59,188.67,186.58,187.50,90898000
2025-02-13,186.27,187.72,180.62,182.90,88049500
2025-02-14,182.97,185.71,180.98,182.12,65038400
2025-02-18,181.03,185.50,179.95,185.46,96639100
2025-02-19,186.92,188.10,185.46,186.86,75839900
2025-02-20,186.47,187.60,184.37,184.60,85239800
2025-02-21,184.58,188.62,182.97,187.11,82499400
2025-02-24,186.24,187.92,184.77,186.86,94982000
2025-02-25,186.43,190.81,185.22,189.04,95572500
2025-02-26,190.02,191.62,184.06,185.20,80183300
2025-02-27,185.37,185.99,182.84,183.86,78989200
2025-02-28,183.01,186.17,181.24,184.89,107255800
2025-03-03,184.51,186.44,182.27,185.85,68054300
2025-03-04,185.73,188.11,185.58,187.53,60459000
2025-03-05,188.83,190.79,186.88,187.61,79443200
2025-03-06,187.52,187.77,186.04,187.17,65887200
2025-03-07,187.49,190.07,186.36,188.62,74286100
2025-03-10,189.40,193.66,188.93,191.20,91855600
2025-03-11,193.01,193.43,186.06,187.01,123743900
2025-03-12,187.48,188.15,185.14,186.23,95158900
2025-03-13,185.43,186.79,183.67,185.78,71373000
2025-03-14,185.05,186.44,183.39,186.35,71254500
2025-03-17,187.61,190.70,187.47,189.33,62743600
2025-03-18,189.63,190.37,184.01,185.71,84956500
2025-03-19,184.29,187.90,183.83,187.33,107046500
2025-03-20,186.94,188.28,181.01,182.65,81992400
2025-03-21,182.31,182.57,179.46,180.74,61393100
2025-03-24,180.48,180.57,177.33,179.48,109491400
2025-03-25,179.93,181.27,177.90,178.90,87527500
2025-03-26,179.37,179.40,176.74,177.42,77249700
2025-03-27,178.36,178.96,175.63,176.22,98833200
2025-03-28,174.89,177.29,174.78,175.48,82985500
2025-03-31,175.68,175.71,174.80,174.93,79888100
2025-04-01,174.79,174.97,169.54,170.34,69293100
2025-04-02,169.61,170.91,166.46,166.98,60165000
2025-04-03,167.53,168.28,164.32,166.08,72971000
2025-04-04,165.20,167.88,165.11,167.59,101780500
2025-04-07,166.66,171.30,165.00,170.32,85595500
2025-04-08,171.42,179.81,170.72,177.93,87070600
2025-04-09,178.22,179.51,177.66,178.38,57811400
2025-04-10,178.96,180.37,175.86,176.45,124585300
2025-04-11,177.38,178.80,176.30,177.09,74690900
2025-04-14,176.18,180.80,175.29,179.07,84017300
2025-04-15,180.05,180.99,179.40,179.60,109173900
2025-04-16,179.67,180.64,176.63,176.93,81780400
2025-04-17,177.31,178.31,176.66,176.84,48009000
2025-04-18,177.40,179.67,176.89,176.89,92314400
2025-04-21,177.34,178.22,173.36,173.38,59212700
2025-04-22,173.11,173.27,169.74,170.45,78552300
2025-04-23,170.44,174.66,168.51,173.73,85403500
2025-04-24,173.84,176.25,166.97,168.21,103314900
2025-04-25,168.92,169.84,168.44,168.84,106694600
2025-04-28,167.35,170.00,166.58,168.37,104450100
2025-04-29,169.33,172.10,168.43,172.10,73961800
2025-04-30,171.46,173.97,169.36,173.86,75645100
2025-05-01,175.38,175.90,171.66,171.81,88764800
2025-05-02,172.15,176.22,171.33,175.27,87313600
2025-05-05,176.50,178.65,173.20,173.98,73345000
2025-05-06,173.83,180.58,172.57,179.41,78148200
2025-05-07,180.67,185.96,179.05,184.07,61540900
2025-05-08,184.39,186.42,183.05,184.01,72479100
2025-05-09,184.32,187.55,183.69,186.30,55240600
2025-05-12,186.65,189.37,186.28,186.97,86099600
2025-05-13,185.12,186.43,184.40,184.61,74264900
2025-05-14,183.53,187.98,183.17,187.73,107950200
2025-05-15,186.52,190.40,185.75,189.07,85868400
2025-05-16,189.14,192.95,188.63,191.64,83623700
2025-05-19,191.47,196.57,189.39,194.86,85266200
2025-05-20,195.51,199.71,194.73,199.15,91712200
2025-05-21,199.44,203.72,198.91,202.38,81109600
2025-05-22,203.40,206.06,202.16,202.23,60068900
2025-05-23,201.67,203.69,201.11,202.62,69652900
2025-05-27,202.91,205.10,202.45,203.99,76925200
2025-05-28,203.59,203.96,203.22,203.75,91582300
2025-05-29,202.80,204.86,201.06,203.16,97174500
2025-05-30,201.72,210.16,199.10,209.00,98360000
2025-06-02,208.92,211.28,208.31,210.64,87029300
2025-06-03,209.86,217.33,208.32,216.78,87795900
2025-06-04,216.32,217.64,214.06,214.40,67954700
2025-06-05,213.57,215.44,213.38,214.37,106399500
2025-06-06,213.42,213.49,212.77,213.09,68714400
2025-06-09,215.51,216.50,211.89,211.96,70585500
2025-06-10,211.99,213.44,209.14,211.16,84067400
2025-06-11,210.05,211.48,209.59,210.89,82104300
2025-06-12,210.72,211.02,206.90,209.65,73540500
2025-06-13,209.66,216.65,208.80,215.48,85852400
2025-06-16,214.19,218.75,213.44,217.76,93370000
2025-06-17,218.67,220.40,214.93,215.46,91433500
2025-06-18,214.64,214.65,213.20,213.83,57123000
2025-06-20,214.26,217.63,214.02,216.32,81719300
2025-06-23,215.90,220.14,214.22,218.19,62699800
2025-06-24,217.45,217.47,215.68,216.32,75591200
2025-06-25,219.12,219.94,218.41,219.42,98532400
2025-06-26,218.85,219.25,212.10,214.90,85757200
2025-06-27,213.55,214.25,211.39,213.51,50848700
2025-06-30,213.03,219.92,211.61,219.18,72280100
2025-07-01,218.27,218.63,210.90,210.96,104142100
2025-07-02,211.85,212.03,209.99,210.45,83170500
2025-07-03,210.78,214.91,210.28,213.70,69771000
2025-07-07,212.64,215.47,211.79,213.36,92589100
2025-07-08,214.84,215.45,207.93,211.02,86101300
2025-07-09,210.79,213.46,205.45,208.38,85351500
2025-07-10,207.25,209.32,201.82,202.18,113696200
2025-07-11,203.03,204.42,197.90,198.40,119890600
2025-07-14,198.89,200.88,198.14,198.77,76050000
2025-07-15,197.92,198.84,197.22,197.27,77049400
2025-07-16,196.33,199.09,196.04,197.41,86136300
2025-07-17,197.25,197.76,196.77,197.15,63629500
2025-07-18,196.58,198.90,195.29,198.17,83114800
2025-07-21,198.57,200.03,192.24,193.52,67370400
2025-07-22,193.70,194.52,192.14,192.83,71607000
2025-07-23,191.86,192.62,190.98,192.05,57241800
2025-07-24,191.17,192.01,190.37,191.36,104213200
2025-07-25,191.13,191.22,187.77,189.05,58606200
2025-07-28,190.01,191.96,181.64,183.20,59283400
2025-07-29,182.69,186.36,181.41,185.15,81213300
2025-07-30,185.56,187.87,184.42,187.62,60672500
2025-07-31,187.10,195.47,187.02,194.57,78540200
2025-08-01,194.87,197.51,194.86,196.88,70596400
2025-08-04,196.39,202.93,195.14,201.93,71843500
2025-08-05,202.23,204.75,201.89,203.90,91628800
2025-08-06,203.12,204.55,201.27,202.92,104896600
2025-08-07,202.26,205.02,202.05,204.59,80344700
2025-08-08,206.15,207.15,199.61,201.23,72219400
2025-08-11,201.94,203.22,201.78,202.13,82955700
2025-08-12,201.07,202.95,200.92,201.98,78337800
2025-08-13,202.89,203.23,197.75,199.01,73352500
2025-08-14,198.83,203.10,198.38,202.84,67850800
2025-08-15,203.91,208.81,201.97,206.42,75910000
2025-08-18,205.25,208.22,203.36,208.00,70210600
2025-08-19,207.86,211.50,204.96,210.70,78451700
2025-08-20,210.27,218.17,207.29,216.07,72936700
2025-08-21,215.40,216.46,213.16,215.78,96579400
2025-08-22,214.70,215.09,210.72,211.62,82156300
2025-08-25,213.24,214.23,207.85,208.80,79405000
2025-08-26,208.74,212.59,207.56,211.14,110488000
2025-08-27,210.81,213.53,207.66,212.02,112888600
2025-08-28,210.55,212.12,207.35,207.54,80563900
2025-08-29,208.43,213.33,208.25,211.83,76020200
2025-09-02,212.75,214.91,212.42,212.67,65580100
2025-09-03,212.47,218.05,210.71,217.99,86366300
2025-09-04,216.73,223.58,216.56,221.82,73544400
2025-09-05,222.29,223.39,219.80,220.53,91961100
2025-09-08,220.48,221.00,219.93,220.98,97595200
2025-09-09,219.63,219.73,217.30,218.73,69742100
2025-09-10,220.54,221.05,213.16,216.16,90299400
2025-09-11,216.76,217.48,213.99,215.37,85449000
2025-09-12,214.46,220.67,213.65,217.14,35333300
2025-09-15,216.39,223.35,215.71,221.78,66072900
2025-09-16,222.44,222.99,218.33,219.01,82813600
2025-09-17,220.03,221.66,219.27,221.47,73963100
2025-09-18,221.97,224.25,221.05,221.76,75728800
2025-09-19,222.20,225.40,221.03,221.20,83907800
2025-09-22,220.84,226.91,217.67,225.12,69589300
2025-09-23,227.00,227.19,223.70,224.10,95134600
2025-09-24,223.83,230.49,223.08,228.92,83252400
2025-09-25,229.11,229.45,226.36,227.95,81381900
2025-09-26,228.29,229.69,224.73,225.01,61546200
2025-09-29,224.74,228.04,223.96,227.78,94846900
2025-09-30,228.49,228.77,221.93,223.07,97838500
2025-10-01,224.47,226.12,218.75,219.36,77203300
2025-10-02,217.38,220.23,216.90,218.96,86743000
2025-10-03,218.77,220.17,217.98,219.19,72712100
2025-10-06,220.31,222.22,217.45,218.53,73418700
2025-10-07,219.78,220.47,211.51,212.42,89882000
2025-10-08,212.02,213.19,206.88,208.47,73603900
2025-10-09,209.04,210.64,208.60,210.33,80072000
2025-10-10,210.49,213.60,207.92,212.28,87899400
2025-10-14,212.41,214.07,208.82,209.36,65829800
2025-10-15,208.83,210.98,206.88,210.45,92421900
2025-10-16,211.32,211.98,208.97,211.36,56365200
2025-10-17,212.40,215.59,212.06,214.85,69649000
2025-10-20,216.26,216.85,211.96,212.77,98203700
2025-10-21,213.01,219.20,212.66,217.71,95465000
2025-10-22,217.84,218.47,215.68,216.97,81258400
2025-10-23,217.98,223.67,217.07,221.95,80127200
2025-10-24,224.97,225.71,224.40,225.27,84609800
2025-10-27,225.08,225.63,221.85,222.13,73794400
2025-10-28,222.07,224.07,219.30,221.35,82500700
2025-10-29,222.96,223.76,221.67,222.54,95474300
2025-10-30,221.54,226.41,221.15,226.19,87300900
2025-10-31,223.90,224.14,221.46,221.80,66725700
2025-11-03,222.71,225.30,219.15,220.40,67984600
2025-11-04,221.67,223.05,220.54,222.71,55741700
2025-11-05,223.93,224.65,222.87,224.55,98766800
2025-11-06,225.50,226.59,220.23,221.30,95893900
2025-11-07,222.31,222.57,217.64,218.60,93183700
2025-11-10,218.02,220.58,217.36,220.27,68781700
2025-11-12,221.23,221.69,216.58,217.18,107067000
2025-11-13,216.33,218.86,215.55,218.19,52338900
2025-11-14,216.84,222.81,216.44,221.46,96169200
2025-11-17,221.29,223.23,221.06,221.77,93958200
2025-11-18,220.64,221.06,211.60,213.31,66263200
2025-11-19,212.38,217.74,211.71,217.35,82454600
2025-11-20,216.81,221.48,216.19,221.39,62245300
2025-11-21,221.04,227.06,220.95,226.38,73833700
2025-11-24,226.54,230.29,225.97,229.55,68496900
2025-11-25,228.62,230.15,222.04,224.08,89784600
2025-11-26,223.55,229.32,223.24,229.12,101637700
2025-11-28,228.99,231.79,227.52,230.53,111304600
2025-12-01,230.70,234.67,228.16,234.02,58773200
2025-12-02,234.49,235.23,232.86,233.69,88702600
2025-12-03,234.44,235.78,233.06,233.06,76104700
2025-12-04,233.29,235.19,231.79,232.46,85063300
2025-12-05,232.91,239.93,232.51,238.30,56664700
2025-12-08,238.97,239.68,238.36,239.49,48826700
2025-12-09,239.49,241.94,235.55,238.97,59551100
2025-12-10,239.17,241.38,233.96,234.65,99138300
2025-12-11,233.80,237.58,232.82,236.53,60666400
2025-12-12,236.77,236.80,236.26,236.78,92641800
2025-12-15,237.75,238.68,237.28,237.56,79912200
2025-12-16,236.94,242.52,235.89,241.30,90896100
2025-12-17,242.61,244.70,242.33,244.13,73158000
2025-12-18,243.64,247.10,242.62,244.34,97018700
2025-12-19,245.43,245.70,243.20,245.33,81594800
2025-12-22,247.02,247.62,245.37,245.86,79543500
2025-12-23,246.10,250.02,245.94,248.70,83454600
2025-12-24,248.33,253.03,247.78,251.47,78937400
2025-12-26,251.95,252.85,250.49,252.18,62136600
2025-12-29,251.79,252.48,246.84,249.14,79093100
2025-12-30,248.25,254.95,247.82,252.49,86427200
2025-12-31,253.58,257.47,251.60,256.09,81292900
