Date,Open,High,Low,Close,Volume
2011-01-03,150.00,150.62,149.92,150.00,5304900
2011-01-04,149.89,150.46,147.33,148.54,4930100
2011-01-05,148.25,149.11,146.86,148.79,4097600
2011-01-06,148.37,149.87,144.04,144.64,5519700
2011-01-07,144.75,145.45,140.52,140.55,6208900
2011-01-10,141.45,141.85,137.63,137.67,5723000
2011-01-11,137.56,137.66,135.94,136.10,6464600
2011-01-12,135.11,135.56,133.02,134.69,4052200
2011-01-13,134.87,135.38,133.78,133.85,6460800
2011-01-14,133.57,133.70,132.93,133.56,5580700
2011-01-17,133.40,133.88,131.87,131.91,3100400
2011-01-18,131.53,132.84,131.19,132.01,4520800
2011-01-19,132.35,134.10,131.09,133.29,4130300
2011-01-20,133.62,134.82,133.15,133.92,7221400
2011-01-21,133.58,136.45,133.42,135.80,4529200
2011-01-24,135.81,140.23,135.46,139.66,5375300
2011-01-25,138.95,139.87,138.41,138.42,5015700
2011-01-26,137.43,143.24,136.72,141.86,5253000
2011-01-27,142.58,143.46,137.90,139.68,5123100
2011-01-28,140.41,140.79,139.35,139.62,4426500
2011-01-31,139.35,141.93,139.12,141.82,4541700
2011-02-01,141.92,145.49,141.72,144.82,5504600
2011-02-02,144.68,146.52,143.75,146.38,7050500
2011-02-03,147.38,148.29,146.09,148.00,5433600
2011-02-04,147.74,151.95,146.54,151.01,5271400
2011-02-07,151.10,152.65,150.96,151.26,5506600
2011-02-08,151.18,154.36,149.60,152.87,5412400
2011-02-09,153.05,153.71,151.12,151.32,3863800
2011-02-10,152.08,152.52,147.65,147.87,6436400
2011-02-11,147.37,148.16,141.52,143.22,6652600
2011-02-14,142.68,148.14,142.52,146.58,5555400
2011-02-15,146.89,148.46,146.09,148.09,3673600
2011-02-16,148.02,148.25,146.28,146.95,4630000
2011-02-17,147.10,148.49,145.17,145.58,4617000
2011-02-18,145.09,145.54,143.19,144.36,4339100
2011-02-21,144.21,144.61,139.82,141.80,6886400
2011-02-22,142.12,142.29,139.46,139.97,4769400
2011-02-23,140.39,141.82,138.59,139.07,4806000
2011-02-24,138.67,142.96,137.28,141.30,5919500
2011-02-25,141.88,142.27,141.66,142.00,4018200
2011-02-28,142.71,142.86,137.72,138.72,4462900
2011-03-01,139.08,141.73,138.92,141.18,6433900
2011-03-02,140.40,143.87,139.93,143.06,4665300
2011-03-03,143.97,144.93,142.92,143.43,3351700
2011-03-04,142.70,144.34,141.86,143.57,7211700
2011-03-07,143.03,146.75,142.71,144.64,6062400
2011-03-08,144.47,145.18,144.27,144.99,3928000
2011-03-09,145.45,146.11,142.68,143.40,4850600
2011-03-10,143.54,148.88,143.32,147.47,6395100
2011-03-11,148.53,151.07,148.08,149.49,5149800
2011-03-14,148.80,150.98,148.58,150.39,2982400
2011-03-15,151.14,152.04,148.23,148.58,5735400
2011-03-16,148.01,148.28,145.92,146.17,4547300
2011-03-17,146.22,148.41,144.87,148.25,5074400
2011-03-18,147.10,149.56,146.81,148.97,3038000
2011-03-21,149.14,150.31,148.94,150.17,7471200
2011-03-22,150.11,151.80,147.56,147.89,4356500
2011-03-23,148.27,148.40,147.10,148.03,4352300
2011-03-24,148.34,148.87,144.68,145.39,4426000
2011-03-25,145.48,145.70,143.59,144.52,3772400
2011-03-28,143.20,145.46,142.97,144.46,6585600
2011-03-29,143.32,148.14,142.98,147.52,3396800
2011-03-30,147.47,150.32,145.64,145.94,3407400
2011-03-31,145.61,146.07,143.48,143.55,4787300
2011-04-01,144.59,146.39,144.09,144.81,5603100
2011-04-04,144.51,146.56,143.51,146.47,4530400
2011-04-05,146.54,147.48,142.91,143.26,4115900
2011-04-06,143.20,145.02,141.54,144.59,4298700
2011-04-07,144.67,149.18,144.55,147.07,4871100
2011-04-08,147.02,147.96,145.86,146.40,3936100
2011-04-11,146.28,147.27,145.76,146.84,4459400
2011-04-12,147.24,150.14,147.03,148.74,5233800
2011-04-13,148.89,150.52,147.79,150.32,4315800
2011-04-14,150.89,151.31,149.98,150.14,5039500
2011-04-15,150.31,150.67,148.70,149.55,3406500
2011-04-18,149.94,151.21,149.73,150.17,3224300
2011-04-19,150.61,151.44,148.20,151.41,6991800
2011-04-20,150.35,151.30,150.09,150.87,4463300
2011-04-21,152.74,154.18,148.44,149.18,3175300
2011-04-22,148.17,151.25,147.85,150.55,6204300
2011-04-25,150.03,153.23,148.18,152.33,4871000
2011-04-26,152.10,155.74,151.95,154.54,4940800
2011-04-27,154.34,155.21,152.55,153.59,4400700
2011-04-28,152.85,158.34,151.91,157.18,5495500
2011-04-29,157.39,162.87,156.03,162.74,4453300
2011-05-02,162.99,163.30,160.59,160.84,4151100
2011-05-03,161.57,162.61,159.24,161.50,4140300
2011-05-04,162.42,164.70,161.87,162.88,5955600
2011-05-05,163.92,164.23,157.89,158.05,4745100
2011-05-06,157.95,159.04,156.50,157.06,3064500
2011-05-09,157.93,158.69,154.15,154.18,6186200
2011-05-10,154.05,156.71,151.97,152.91,4917200
2011-05-11,152.43,153.44,149.44,149.81,5113900
2011-05-12,148.82,149.89,146.75,148.52,5450500
2011-05-13,147.79,148.94,147.75,148.03,3828600
2011-05-16,147.67,149.62,145.86,147.14,5983300
2011-05-17,146.86,150.85,145.34,149.55,6467100
2011-05-18,151.26,151.77,148.43,149.09,5399600
2011-05-19,149.96,151.06,149.55,150.41,3624500
2011-05-20,150.71,152.09,150.22,151.31,4622000
2011-05-23,152.04,153.01,150.18,150.93,5134400
2011-05-24,151.60,151.73,150.11,150.48,4654500
2011-05-25,150.97,152.86,148.81,152.26,4697600
2011-05-26,153.43,154.65,152.25,153.74,4898700
2011-05-27,152.72,156.73,152.11,156.38,5989100
2011-05-30,156.44,156.68,154.14,154.46,4725900
2011-05-31,154.29,155.95,153.59,155.34,3289300
2011-06-01,154.46,156.38,154.46,155.04,5681800
2011-06-02,156.08,156.43,154.56,155.26,5143900
2011-06-03,155.12,157.88,153.93,156.99,5172000
2011-06-06,157.16,162.01,156.99,160.78,5436300
2011-06-07,160.69,161.69,156.52,157.25,5345500
2011-06-08,156.94,157.17,155.00,155.35,5831100
2011-06-09,155.41,158.24,154.57,157.66,5186500
2011-06-10,157.52,159.05,155.28,158.63,5323700
2011-06-13,157.57,162.66,157.55,162.52,4790600
2011-06-14,163.29,165.77,162.52,164.68,5154500
2011-06-15,165.59,165.87,162.80,165.15,7286400
2011-06-16,164.48,167.51,162.87,166.50,5498400
2011-06-17,166.83,174.06,166.63,171.78,5190200
2011-06-20,171.31,171.53,169.62,170.72,5042000
2011-06-21,168.33,171.12,167.67,170.81,4996400
2011-06-22,170.78,171.84,166.62,167.21,5476900
2011-06-23,166.21,167.39,165.45,166.26,4586600
2011-06-24,166.16,168.49,166.06,166.81,7048200
2011-06-27,167.00,167.15,165.28,166.30,5567300
2011-06-28,165.23,168.05,165.00,166.87,3761500
2011-06-29,166.01,166.45,162.73,163.57,6316000
2011-06-30,163.28,163.49,162.50,162.80,5052000
2011-07-01,162.16,164.19,161.44,162.75,3106200
2011-07-04,162.66,163.65,162.28,162.72,6258200
2011-07-05,161.73,167.54,161.48,166.38,3522900
2011-07-06,166.17,166.89,160.65,162.09,4252500
2011-07-07,162.51,164.68,160.32,164.42,5109900
2011-07-08,164.99,166.57,164.78,166.08,5311000
2011-07-11,165.68,166.86,161.22,161.46,5676600
2011-07-12,160.96,162.35,157.81,159.03,3252800
2011-07-13,159.37,161.31,159.14,160.19,3791500
2011-07-14,160.79,164.46,158.50,164.21,3971400
2011-07-15,165.78,167.34,160.33,162.21,3576700
2011-07-18,162.46,163.36,161.55,161.61,6523000
2011-07-19,161.39,162.33,161.14,161.87,4147800
2011-07-20,161.19,161.93,158.24,159.17,5153500
2011-07-21,157.79,160.88,156.64,160.06,5070000
2011-07-22,160.75,163.97,160.47,163.49,4653400
2011-07-25,163.61,164.16,161.87,162.27,3677100
2011-07-26,161.28,161.37,158.32,159.15,5114600
2011-07-27,158.58,159.87,157.29,159.81,4947600
2011-07-28,160.36,161.23,158.52,159.79,4526300
2011-07-29,159.75,160.85,155.40,155.49,4722600
2011-08-01,156.42,158.23,155.04,157.99,5271800
2011-08-02,156.41,161.12,155.37,160.31,4297300
2011-08-03,160.91,162.22,160.36,160.79,3661800
2011-08-04,162.50,164.19,160.15,161.19,3063000
2011-08-05,162.14,162.51,160.27,161.41,5649700
2011-08-08,161.07,161.42,160.99,161.25,3745100
2011-08-09,161.13,163.47,160.15,161.96,3911500
2011-08-10,161.46,162.22,158.73,159.27,5304300
2011-08-11,159.58,160.74,158.03,158.88,4857600
2011-08-12,158.62,158.63,158.05,158.26,4430400
2011-08-15,158.67,160.28,157.89,160.03,5090400
2011-08-16,159.42,161.04,158.81,160.82,5465200
2011-08-17,160.49,160.73,160.49,160.60,4151600
2011-08-18,160.39,162.99,159.62,160.38,5098800
2011-08-19,160.85,164.66,160.39,164.21,3818400
2011-08-22,163.75,166.92,163.58,165.23,3649000
2011-08-23,165.52,166.53,165.16,165.21,4446400
2011-08-24,164.74,165.01,158.08,159.46,4529300
2011-08-25,160.15,161.59,158.91,160.66,4020700
2011-08-26,160.35,161.65,157.76,157.86,4260800
2011-08-29,158.13,159.37,156.98,159.03,4748000
2011-08-30,159.23,161.89,158.31,160.96,5128700
2011-08-31,161.52,162.56,154.31,154.48,4924800
2011-09-01,154.00,156.18,153.95,155.78,3208400
2011-09-02,156.31,161.51,154.82,160.48,7976000
2011-09-05,159.84,161.70,158.29,160.03,6021600
2011-09-06,160.41,164.32,160.23,164.12,5109900
2011-09-07,163.55,164.31,160.09,160.94,3117100
2011-09-08,161.23,162.41,157.74,158.63,3938800
2011-09-09,159.23,160.44,158.44,159.87,4903700
2011-09-12,160.17,160.30,157.03,157.90,6140000
2011-09-13,158.51,165.52,157.10,161.70,6029000
2011-09-14,161.55,165.62,161.24,164.62,5290100
2011-09-15,165.59,166.13,162.42,162.89,6916100
2011-09-16,162.49,164.62,162.33,163.92,6980400
2011-09-19,163.56,167.20,163.08,166.80,5285400
2011-09-20,166.56,169.77,166.37,168.83,4524300
2011-09-21,168.36,171.72,167.19,171.44,5781700
2011-09-22,171.48,171.73,169.38,171.06,4483300
2011-09-23,170.30,170.58,168.93,169.61,5400200
2011-09-26,170.96,172.47,170.78,171.45,5468800
2011-09-27,171.35,171.59,167.23,167.92,4732900
2011-09-28,168.54,168.84,168.12,168.30,3099700
2011-09-29,169.49,170.16,169.14,169.94,4949200
2011-09-30,170.19,170.72,166.44,167.88,5073600
2011-10-03,166.33,168.00,164.43,166.61,4658200
2011-10-04,165.43,170.98,165.28,170.22,3624600
2011-10-05,170.06,172.81,167.76,168.28,3248000
2011-10-06,168.15,168.99,167.63,168.42,4472900
2011-10-07,167.89,168.62,167.05,168.50,4588000
2011-10-10,167.84,170.17,167.04,169.58,6640700
2011-10-11,170.19,170.27,167.79,167.86,4314000
2011-10-12,167.46,169.31,165.88,168.96,5986900
2011-10-13,168.33,169.62,163.91,165.75,5482200
2011-10-14,165.61,166.52,161.63,161.72,4509400
2011-10-17,161.84,168.05,159.75,167.49,4534700
2011-10-18,167.71,172.37,165.70,172.19,3250600
2011-10-19,171.98,172.23,165.84,168.30,5288400
2011-10-20,168.90,169.85,166.10,167.85,4290100
2011-10-21,166.53,167.22,165.81,165.89,4198700
2011-10-24,164.38,166.43,162.13,165.81,4928000
2011-10-25,164.56,167.02,164.00,166.23,2944400
2011-10-26,166.92,167.40,162.17,165.18,3432700
2011-10-27,165.15,169.43,164.42,168.81,7130600
2011-10-28,169.19,170.15,166.19,166.29,5327700
2011-10-31,166.74,167.58,162.79,162.94,4472200
2011-11-01,162.21,164.51,161.40,163.39,5048300
2011-11-02,163.30,167.15,163.30,166.55,5646400
2011-11-03,166.26,167.85,158.36,159.64,3623300
2011-11-04,159.36,161.55,159.11,161.19,5825500
2011-11-07,162.57,163.41,160.77,161.35,4757400
2011-11-08,161.60,163.97,161.31,163.30,5247200
2011-11-09,163.30,166.12,162.94,165.98,3590700
2011-11-10,166.21,167.38,164.05,164.70,6894800
2011-11-11,165.09,167.43,164.06,166.98,4410700
2011-11-14,166.34,167.42,165.94,167.33,4067600
2011-11-15,167.86,167.87,167.12,167.15,5294800
2011-11-16,168.17,168.18,164.12,165.69,5111400
2011-11-17,166.47,167.79,162.98,163.44,5880500
2011-11-18,164.06,167.33,163.94,167.18,6170600
2011-11-21,168.45,169.39,164.53,165.30,5730100
2011-11-22,164.81,166.30,163.05,164.84,5157300
2011-11-23,164.52,166.29,163.15,166.27,5780300
2011-11-24,165.96,166.36,162.66,162.83,5312500
2011-11-25,162.97,163.28,161.45,161.54,5524500
2011-11-28,161.30,163.58,159.36,159.62,5186800
2011-11-29,159.74,160.90,159.67,160.09,4806500
2011-11-30,160.04,161.14,158.63,158.93,3557600
2011-12-01,158.23,158.88,157.55,157.76,5036200
2011-12-02,157.25,157.95,153.48,154.95,6790500
2011-12-05,154.42,154.67,153.01,154.31,4572700
2011-12-06,154.49,155.42,154.19,154.26,3257000
2011-12-07,155.12,156.35,154.09,154.78,4497900
2011-12-08,153.80,154.51,151.97,152.87,5873100
2011-12-09,152.30,152.80,151.03,151.98,4646100
2011-12-12,151.93,154.06,151.25,152.87,4897300
2011-12-13,153.13,154.54,152.73,153.01,3957900
2011-12-14,153.86,157.06,149.21,149.48,6443800
2011-12-15,148.96,149.03,147.04,147.67,3695300
2011-12-16,149.46,149.62,147.92,148.03,5241700
2011-12-19,148.57,148.64,146.72,148.27,3976400
2011-12-20,148.55,153.63,147.24,151.67,4584000
2011-12-21,152.42,154.10,151.67,151.76,6043900
2011-12-22,152.27,153.85,149.23,149.24,3860000
2011-12-23,149.15,149.69,146.92,147.57,6054300
2011-12-26,148.24,148.51,147.86,147.88,4590100
2011-12-27,146.56,146.57,145.45,146.19,5209900
2011-12-28,145.24,146.33,145.18,145.68,4571300
2011-12-29,146.16,146.37,144.19,144.42,3990100
2011-12-30,144.14,145.18,143.29,144.59,4216000
2012-01-02,145.20,145.82,144.64,145.35,5193800
2012-01-03,145.73,147.65,145.26,145.36,5524700
2012-01-04,145.23,148.28,144.42,148.19,5680500
2012-01-05,148.37,149.35,143.87,144.22,5604300
2012-01-06,143.67,144.96,143.09,144.66,6441000
2012-01-09,144.13,146.10,142.65,144.79,6112700
2012-01-10,144.84,145.20,144.34,144.92,6242100
2012-01-11,145.02,146.28,142.63,142.75,3731300
2012-01-12,143.64,143.67,140.04,141.34,6046400
2012-01-13,140.76,144.83,139.59,144.78,3872500
2012-01-16,144.82,146.72,144.81,146.55,3891200
2012-01-17,145.60,148.02,144.23,147.68,4627300
2012-01-18,148.45,150.00,147.63,149.81,3518600
2012-01-19,149.60,149.73,146.29,146.84,5227800
2012-01-20,146.96,151.34,146.48,149.39,5226100
2012-01-23,150.96,152.09,146.27,146.42,4609400
2012-01-24,145.50,146.71,141.58,143.99,6242600
2012-01-25,143.54,144.13,142.52,143.34,5664000
2012-01-26,144.29,145.49,143.98,145.40,3956800
2012-01-27,145.16,145.76,140.99,143.20,5238200
2012-01-30,143.60,145.70,143.35,145.09,5027600
2012-01-31,144.64,149.42,143.27,148.78,5536000
2012-02-01,149.30,151.62,148.90,151.29,4450900
2012-02-02,150.40,152.39,149.14,152.10,4909600
2012-02-03,152.79,152.97,148.86,149.39,5807700
2012-02-06,149.50,150.35,147.69,148.16,6184600
2012-02-07,148.18,148.33,145.55,146.08,3525500
2012-02-08,147.16,147.27,145.06,145.56,7240700
2012-02-09,145.39,145.60,145.09,145.16,4958500
2012-02-10,145.36,145.71,143.60,143.90,3530100
2012-02-13,143.42,148.53,142.72,147.45,3055600
2012-02-14,146.44,151.07,146.29,151.02,4637300
2012-02-15,151.00,152.10,149.58,151.75,3262800
2012-02-16,151.37,152.33,150.84,151.90,5282100
2012-02-17,151.97,153.86,150.92,153.60,6186000
2012-02-20,153.49,154.03,153.42,153.91,5770200
2012-02-21,155.02,155.57,148.52,148.58,6445700
2012-02-22,149.47,149.61,147.80,148.01,4547600
2012-02-23,148.27,150.33,147.54,148.20,4087700
2012-02-24,148.64,151.17,147.74,150.17,4675000
2012-02-27,150.06,152.24,148.28,152.17,4978000
2012-02-28,151.34,151.99,148.72,149.09,4887600
2012-02-29,148.41,148.75,145.75,146.25,6388500
2012-03-01,146.97,147.79,143.56,144.38,3996000
2012-03-02,144.48,145.19,144.42,144.48,3300300
2012-03-05,143.87,144.46,137.69,139.32,4368600
2012-03-06,139.82,141.30,138.02,140.89,5014300
2012-03-07,141.81,141.95,138.76,139.45,6263600
2012-03-08,138.64,139.45,136.64,136.79,5011500
2012-03-09,136.55,138.21,133.50,135.12,5265100
2012-03-12,135.22,137.31,133.59,137.17,5702500
2012-03-13,137.45,137.85,135.41,135.51,5570800
2012-03-14,135.53,136.12,132.79,134.10,3838600
2012-03-15,134.27,135.29,131.46,132.30,3985100
2012-03-16,133.27,133.87,131.27,132.65,3584000
2012-03-19,133.90,134.29,133.29,133.41,5139200
2012-03-20,133.91,133.97,132.00,132.63,5468400
2012-03-21,132.68,134.67,131.13,134.27,5748800
2012-03-22,134.05,136.97,133.87,136.62,4956000
2012-03-23,137.13,138.26,136.98,138.16,4880900
2012-03-26,137.69,139.16,137.37,139.10,4245100
2012-03-27,138.97,139.78,138.68,138.71,5666700
2012-03-28,138.23,139.10,137.57,137.80,4998600
2012-03-29,137.31,142.09,136.68,140.90,7193600
2012-03-30,140.81,142.19,139.06,140.32,3847300
2012-04-02,139.66,141.74,139.27,140.24,4736200
2012-04-03,141.32,145.38,141.13,144.91,5994400
2012-04-04,144.91,145.52,143.99,144.61,4649000
2012-04-05,144.04,146.07,143.51,145.24,3903900
2012-04-06,145.76,146.57,144.79,144.93,7444500
2012-04-09,145.64,147.72,144.68,147.43,5187500
2012-04-10,147.91,149.93,144.36,145.90,5940700
2012-04-11,145.92,146.31,144.12,145.96,5844000
2012-04-12,146.51,149.52,145.61,147.90,7099200
2012-04-13,148.76,149.98,143.57,144.37,5169300
2012-04-16,144.02,146.52,143.03,145.94,5149200
2012-04-17,145.85,146.06,140.37,143.17,5445700
2012-04-18,142.70,145.55,142.65,143.67,5007500
2012-04-19,144.68,148.03,144.44,147.06,2894600
2012-04-20,147.92,147.98,145.94,146.08,5643000
2012-04-23,145.79,151.77,145.66,148.85,4990900
2012-04-24,148.16,153.26,147.66,152.90,3208200
2012-04-25,153.34,153.47,152.40,152.51,3763700
2012-04-26,152.58,155.53,151.87,155.31,5886700
2012-04-27,154.44,156.17,154.04,155.53,3840000
2012-04-30,155.95,157.93,155.81,156.39,6092100
2012-05-01,156.36,156.64,154.82,154.91,4697400
2012-05-02,154.73,154.89,152.23,152.90,6276300
2012-05-03,153.24,153.33,152.37,152.73,5727600
2012-05-04,151.93,154.44,151.34,154.44,4944200
2012-05-07,154.72,154.95,151.47,151.67,4970600
2012-05-08,151.29,152.05,148.91,149.39,4994900
2012-05-09,149.76,151.32,148.05,151.00,4741300
2012-05-10,150.80,153.55,150.64,152.45,5652400
2012-05-11,151.48,154.20,150.89,152.99,3257000
2012-05-14,152.73,153.22,150.20,151.07,5785900
2012-05-15,150.77,153.71,149.90,152.56,6181500
2012-05-16,153.07,153.98,152.75,153.27,1785400
2012-05-17,153.52,153.94,149.06,149.74,4398700
2012-05-18,149.51,149.65,146.53,146.95,4407900
2012-05-21,146.93,148.88,146.28,148.74,3566800
2012-05-22,148.88,149.03,147.38,147.57,5345600
2012-05-23,147.20,150.86,145.66,150.39,6195800
2012-05-24,151.14,155.52,150.83,154.50,7661200
2012-05-25,154.09,155.26,151.99,152.36,3570200
2012-05-28,152.89,157.47,152.59,156.98,4680800
2012-05-29,156.66,157.04,155.40,155.75,4690000
2012-05-30,155.85,156.51,155.81,155.82,4947900
2012-05-31,155.30,158.50,154.99,158.02,4654800
2012-06-01,158.69,162.73,158.47,161.80,3002300
2012-06-04,161.27,162.74,161.09,162.17,5095100
2012-06-05,161.37,164.18,159.77,162.98,4153900
2012-06-06,162.60,163.75,160.73,161.11,4316000
2012-06-07,161.36,164.15,159.56,163.97,6489000
2012-06-08,163.80,167.13,162.76,166.31,4563300
2012-06-11,166.81,169.88,165.57,168.71,5461200
2012-06-12,167.80,168.32,163.23,165.15,5038600
2012-06-13,165.00,167.54,164.62,167.14,5649500
2012-06-14,167.15,170.05,166.41,168.97,7028500
2012-06-15,169.94,172.28,169.27,172.14,5129300
2012-06-18,170.97,171.19,165.25,166.46,4760600
2012-06-19,165.54,169.37,164.94,168.53,7033600
2012-06-20,167.95,168.24,164.74,166.58,4731900
2012-06-21,166.10,167.50,165.61,166.69,4075500
2012-06-22,167.31,168.50,164.62,166.37,6337900
2012-06-25,165.76,166.25,163.33,163.35,4105500
2012-06-26,163.09,166.91,163.04,165.05,4152400
2012-06-27,164.62,171.33,164.11,170.86,3814100
2012-06-28,170.30,176.22,169.60,175.00,6354900
2012-06-29,174.87,178.01,173.19,177.88,3882400
2012-07-02,177.88,181.10,177.56,179.94,4646900
2012-07-03,180.29,181.27,179.88,180.14,3984600
2012-07-04,181.81,182.61,178.67,178.68,5979300
2012-07-05,177.78,178.03,176.59,177.79,5594600
2012-07-06,177.65,180.12,176.91,178.39,5058800
2012-07-09,179.32,179.66,175.46,175.78,3618600
2012-07-10,175.03,175.81,171.66,172.66,6612700
2012-07-11,173.11,173.20,168.15,168.61,3833500
2012-07-12,169.05,169.65,166.58,166.60,5740800
2012-07-13,167.36,167.76,167.23,167.73,4885600
2012-07-16,168.25,172.55,167.28,171.95,4522600
2012-07-17,171.34,171.68,169.36,169.62,4818400
2012-07-18,169.46,169.77,165.28,165.80,5693300
2012-07-19,165.44,166.29,164.66,165.89,3529800
2012-07-20,165.62,166.88,164.89,165.95,4727500
2012-07-23,166.39,170.43,165.35,169.40,6759400
2012-07-24,168.97,169.13,166.86,168.82,6190600
2012-07-25,168.69,172.69,168.55,171.57,4688400
2012-07-26,170.89,174.39,170.10,173.62,3013000
2012-07-27,173.66,176.25,173.33,175.27,4798600
2012-07-30,174.27,176.59,173.69,176.15,6681300
2012-07-31,176.37,179.67,175.90,179.44,2832500
2012-08-01,179.01,179.80,177.34,177.48,3302100
2012-08-02,177.26,181.79,177.21,181.31,4510700
2012-08-03,180.92,181.82,179.70,181.11,4084500
2012-08-06,180.44,182.57,179.90,181.28,5138600
2012-08-07,181.97,183.13,180.54,181.13,3712100
2012-08-08,181.15,181.80,177.27,178.77,5079700
2012-08-09,178.56,179.81,177.64,179.68,4673400
2012-08-10,180.41,181.06,175.17,175.66,5513900
2012-08-13,175.94,176.20,173.48,174.10,6982700
2012-08-14,174.97,176.15,169.91,171.68,4244900
2012-08-15,170.64,173.43,169.60,172.56,5017800
2012-08-16,173.27,174.94,172.79,174.31,4685900
2012-08-17,173.52,173.96,171.69,171.80,4644900
2012-08-20,171.63,178.87,170.76,177.93,5016500
2012-08-21,179.11,179.24,173.10,174.15,4059200
2012-08-22,174.28,175.17,172.84,174.36,6090300
2012-08-23,174.03,175.09,172.26,172.87,5776600
2012-08-24,172.15,174.42,171.43,174.33,3499300
2012-08-27,174.80,176.44,171.95,175.37,4983200
2012-08-28,175.76,176.32,173.80,174.72,5645600
2012-08-29,174.74,176.71,169.53,170.84,3463500
2012-08-30,171.24,171.34,168.29,169.84,3965100
2012-08-31,170.15,170.80,168.74,170.65,5044600
2012-09-03,170.92,172.64,168.96,169.73,3750700
2012-09-04,168.92,171.65,168.46,169.39,5181800
2012-09-05,168.87,171.15,162.50,163.39,6004800
2012-09-06,163.73,164.51,163.03,163.97,5032600
2012-09-07,163.87,167.81,162.67,166.44,4290100
2012-09-10,166.45,167.26,162.17,163.95,5292500
2012-09-11,164.51,165.65,161.13,162.26,5054100
2012-09-12,162.39,163.38,161.62,162.67,4908800
2012-09-13,162.51,162.64,159.33,160.71,4374600
2012-09-14,160.41,162.97,159.74,162.32,4515400
2012-09-17,161.73,165.94,160.92,164.85,5465700
2012-09-18,164.77,166.46,163.13,165.30,5483800
2012-09-19,164.93,168.30,164.17,166.23,4486000
2012-09-20,164.92,168.77,164.16,168.20,4771100
2012-09-21,167.74,168.88,166.97,168.68,6959500
2012-09-24,167.89,168.02,165.36,165.55,5618800
2012-09-25,165.03,167.80,164.28,166.49,4871000
2012-09-26,167.69,168.13,162.73,163.71,4557900
2012-09-27,165.17,165.77,162.00,162.75,5930500
2012-09-28,162.27,165.37,161.97,164.56,4602500
2012-10-01,164.90,168.43,164.58,167.51,3940100
2012-10-02,167.40,170.29,166.81,170.15,6081600
2012-10-03,169.05,171.02,167.62,170.41,6254100
2012-10-04,169.11,170.07,168.33,169.83,4730900
2012-10-05,170.68,171.46,169.49,169.66,4518000
2012-10-08,168.88,170.87,167.77,170.33,6333900
2012-10-09,170.38,175.20,170.22,173.32,6114400
2012-10-10,173.05,174.79,171.91,174.72,5609400
2012-10-11,175.69,178.29,175.69,176.81,3844200
2012-10-12,175.65,178.47,174.97,178.07,4442500
2012-10-15,177.30,179.55,176.69,179.14,3718500
2012-10-16,178.31,178.89,177.52,177.64,5865100
2012-10-17,177.86,180.02,177.83,180.00,5610500
2012-10-18,180.18,181.96,178.46,179.02,5795100
2012-10-19,179.00,181.77,177.72,179.48,3617900
2012-10-22,180.58,181.43,178.12,178.58,5366300
2012-10-23,178.86,180.26,171.63,173.00,4267100
2012-10-24,173.71,175.19,172.35,172.78,4043100
2012-10-25,173.58,175.52,173.50,174.20,5611700
2012-10-26,174.47,175.33,168.23,170.68,5088100
2012-10-29,171.36,173.59,170.78,172.59,3922700
2012-10-30,171.70,177.96,168.99,176.83,5209200
2012-10-31,176.11,179.68,175.62,177.55,6362400
2012-11-01,176.76,183.01,175.18,182.21,5826500
2012-11-02,180.56,187.27,177.88,186.96,6115000
2012-11-05,187.56,188.19,184.84,185.89,4175100
2012-11-06,184.48,185.96,181.47,183.06,1796400
2012-11-07,182.23,182.59,180.43,180.80,5983200
2012-11-08,180.42,182.23,180.38,182.00,5041800
2012-11-09,181.36,181.85,176.35,177.04,5007100
2012-11-12,176.64,180.02,176.17,178.49,4036500
2012-11-13,178.48,180.65,178.08,180.54,6030600
2012-11-14,179.29,180.48,174.68,174.91,5076600
2012-11-15,173.94,174.89,171.23,172.16,5405600
2012-11-16,174.15,175.01,173.73,174.45,2926000
2012-11-19,174.96,176.44,174.71,176.42,4948200
2012-11-20,176.20,176.68,172.03,172.54,3873000
2012-11-21,172.37,173.33,171.41,171.50,5009400
2012-11-22,173.02,173.49,171.39,172.69,5125200
2012-11-23,172.09,174.58,169.81,172.76,4637400
2012-11-26,172.10,172.85,170.23,170.83,4969600
2012-11-27,170.30,171.35,167.57,167.93,4388800
2012-11-28,168.25,170.03,167.18,169.31,5726900
2012-11-29,169.57,171.60,167.30,168.12,5389400
2012-11-30,167.69,168.72,167.57,168.40,5307000
2012-12-03,168.87,170.10,168.70,169.69,5092400
2012-12-04,170.24,172.17,169.98,171.75,3650100
2012-12-05,172.79,173.57,166.96,167.94,3560700
2012-12-06,168.84,170.48,168.72,170.41,5544800
2012-12-07,170.87,174.39,169.58,173.51,4765400
2012-12-10,174.07,174.46,171.30,172.52,3657600
2012-12-11,172.30,175.39,171.86,174.93,6284000
2012-12-12,175.62,177.45,171.61,172.98,5152200
2012-12-13,171.78,173.80,170.59,173.79,5435700
2012-12-14,173.75,174.65,172.55,174.54,6196500
2012-12-17,174.01,176.68,172.67,176.09,4164600
2012-12-18,176.61,176.62,171.21,171.75,4300100
2012-12-19,171.33,172.23,171.28,172.03,5324300
2012-12-20,172.19,172.25,169.66,169.83,4871800
2012-12-21,169.56,170.53,164.55,166.92,4876100
2012-12-24,166.78,166.98,162.66,162.77,5535600
2012-12-25,161.46,162.85,160.04,162.68,3155100
2012-12-26,162.04,163.52,159.04,159.30,4094500
2012-12-27,158.80,161.24,157.55,160.90,5173100
2012-12-28,160.82,161.15,159.72,160.27,4288200
2012-12-31,160.50,160.69,159.70,160.35,5209000
2013-01-01,161.15,161.24,158.81,160.43,5189400
2013-01-02,160.49,161.69,156.25,157.43,4662000
2013-01-03,157.85,159.61,156.10,159.33,3661700
2013-01-04,159.12,160.44,156.57,156.98,5059000
2013-01-07,158.07,158.57,154.67,155.18,4119400
2013-01-08,155.87,156.33,154.43,155.53,4176600
2013-01-09,154.56,156.90,154.00,156.04,4613800
2013-01-10,156.66,156.80,152.36,152.69,6105200
2013-01-11,153.54,155.42,151.89,154.45,3479600
2013-01-14,154.22,155.42,153.39,155.33,4256900
2013-01-15,156.11,156.92,155.20,155.88,5403800
2013-01-16,155.63,156.71,151.81,152.67,3825300
2013-01-17,152.60,152.67,150.87,151.57,4099900
2013-01-18,152.48,152.60,152.11,152.19,4041200
2013-01-21,152.64,153.58,151.81,152.46,3982000
2013-01-22,151.23,151.58,148.38,151.01,3454400
2013-01-23,150.41,152.34,149.91,150.63,5038100
2013-01-24,150.55,153.51,149.64,151.30,3908600
2013-01-25,151.02,151.91,146.99,147.16,4593800
2013-01-28,147.84,148.01,145.33,145.85,3930800
2013-01-29,144.93,145.58,144.12,144.48,6681300
2013-01-30,144.17,144.68,140.15,141.30,5376300
2013-01-31,142.01,145.03,141.62,143.63,4269500
2013-02-01,143.52,144.20,139.25,139.27,4608900
2013-02-04,139.25,140.31,137.20,137.94,4785300
2013-02-05,138.60,139.29,137.94,138.73,6375500
2013-02-06,138.55,140.72,137.56,140.06,3838600
2013-02-07,139.47,143.25,139.40,141.55,6244900
2013-02-08,141.65,143.82,141.00,142.29,6154400
2013-02-11,141.76,142.56,140.79,142.28,2681400
2013-02-12,141.63,142.60,140.87,141.70,5803100
2013-02-13,142.39,143.83,142.25,143.29,5214300
2013-02-14,143.38,147.53,142.09,147.07,4825600
2013-02-15,146.78,147.50,144.60,144.81,4838700
2013-02-18,144.84,145.05,142.51,143.29,4424800
2013-02-19,142.43,143.72,141.99,142.19,4988400
2013-02-20,142.80,144.18,141.66,142.07,5524300
2013-02-21,142.00,145.25,141.44,144.93,5686500
2013-02-22,145.39,146.99,145.11,145.96,5240000
2013-02-25,145.99,152.33,145.79,151.56,4931200
2013-02-26,151.83,153.03,151.63,151.63,3113200
2013-02-27,152.01,152.84,150.02,151.64,5254500
2013-02-28,151.24,155.09,149.49,154.90,3662400
2013-03-01,154.72,154.77,151.39,152.23,4622800
2013-03-04,152.55,155.58,152.55,155.07,5423900
2013-03-05,155.36,156.91,154.44,154.80,5612300
2013-03-06,155.07,155.52,152.58,152.70,3720400
2013-03-07,152.31,152.70,150.68,151.58,4509000
2013-03-08,151.55,151.93,150.47,150.94,5282300
2013-03-11,150.47,151.95,149.83,151.45,5040100
2013-03-12,151.36,151.54,147.41,148.14,4392400
2013-03-13,148.93,150.44,147.42,150.27,5557300
2013-03-14,149.88,150.98,149.75,150.39,6203200
2013-03-15,149.66,149.78,147.64,148.24,4127600
2013-03-18,148.15,149.52,147.45,148.78,5704900
2013-03-19,149.10,150.23,145.29,145.39,4788900
2013-03-20,144.61,148.63,144.13,147.37,6146600
2013-03-21,147.27,147.47,146.10,146.15,4080600
2013-03-22,146.60,146.83,143.34,144.41,5217100
2013-03-25,145.40,145.41,144.04,144.64,5463700
2013-03-26,145.37,147.23,143.97,144.44,6126600
2013-03-27,143.31,145.69,142.36,144.91,6616700
2013-03-28,145.22,148.64,144.86,148.24,3871600
2013-03-29,148.47,148.81,146.87,147.79,4002900
2013-04-01,148.33,149.77,146.90,149.00,5912300
2013-04-02,149.44,151.23,147.34,147.64,4016600
2013-04-03,146.78,147.10,145.04,145.30,5654200
2013-04-04,144.32,146.93,143.49,146.53,5924100
2013-04-05,147.10,147.44,142.03,143.32,5124000
2013-04-08,143.13,143.24,142.06,142.65,2862900
2013-04-09,142.60,143.22,142.11,142.58,4250700
2013-04-10,143.01,143.95,141.99,142.92,3888900
2013-04-11,142.87,146.51,141.88,144.82,4858700
2013-04-12,145.04,145.69,144.19,145.00,2896800
2013-04-15,144.29,145.27,143.67,143.93,7132600
2013-04-16,143.66,144.11,141.61,142.10,3307200
2013-04-17,141.55,142.91,141.13,142.68,4196200
2013-04-18,141.89,145.67,141.67,145.40,3854200
2013-04-19,144.92,150.52,144.77,149.56,4028000
2013-04-22,149.61,150.34,146.26,146.96,3932400
2013-04-23,146.77,151.09,145.55,150.21,4716900
2013-04-24,150.47,151.59,149.71,149.74,5277300
2013-04-25,150.36,150.45,148.96,150.28,5677400
2013-04-26,150.38,152.69,145.43,146.39,7041600
2013-04-29,146.55,147.29,145.47,145.87,4483700
2013-04-30,147.08,147.44,143.80,144.36,3253800
2013-05-01,143.81,145.10,143.62,144.85,4432700
2013-05-02,145.02,145.85,142.76,142.90,6874000
2013-05-03,142.65,143.69,142.00,143.42,5499900
2013-05-06,143.31,145.32,141.61,144.82,4593700
2013-05-07,144.62,145.77,141.86,143.02,6450900
2013-05-08,142.71,144.53,141.77,143.71,2888100
2013-05-09,143.76,149.02,143.40,149.02,6875700
2013-05-10,149.56,150.72,146.50,147.25,6482200
2013-05-13,148.16,151.58,147.57,150.37,5495700
2013-05-14,150.31,151.69,149.56,149.58,3492600
2013-05-15,149.89,151.05,149.35,150.35,4434100
2013-05-16,149.93,153.25,149.76,152.15,5575700
2013-05-17,152.64,158.08,151.15,155.97,5495700
2013-05-20,156.18,157.27,154.20,154.89,4073300
2013-05-21,154.55,156.39,152.60,155.77,4553100
2013-05-22,155.75,157.94,155.21,157.01,4491500
2013-05-23,157.04,157.70,156.93,157.26,5039600
2013-05-24,156.74,157.35,153.89,154.74,5308100
2013-05-27,156.25,158.17,150.42,150.67,6223400
2013-05-28,150.36,151.03,146.29,146.68,2822100
2013-05-29,146.30,149.86,145.74,149.60,4938900
2013-05-30,148.93,149.13,148.01,148.35,4374400
2013-05-31,148.18,148.65,147.66,148.30,6092400
2013-06-03,146.99,147.36,144.68,145.08,4011800
2013-06-04,144.03,147.68,143.03,147.13,3198800
2013-06-05,147.06,154.19,146.88,153.49,5300100
2013-06-06,152.87,154.67,152.26,153.57,5224200
2013-06-07,153.16,155.40,152.19,154.00,4497700
2013-06-10,153.92,155.44,152.18,152.19,5466200
2013-06-11,152.53,154.23,152.30,153.01,4891000
2013-06-12,153.20,155.89,152.99,154.51,4927400
2013-06-13,155.86,157.18,155.52,156.05,5533800
2013-06-14,156.86,158.09,153.81,154.04,5998400
2013-06-17,153.92,154.32,153.87,154.28,6091400
2013-06-18,154.77,156.64,151.78,152.35,5567000
2013-06-19,152.17,154.01,151.68,153.67,4575700
2013-06-20,153.16,157.48,152.58,155.56,5825100
2013-06-21,156.06,157.63,153.28,154.59,3085700
2013-06-24,154.89,155.19,153.46,154.34,4612100
2013-06-25,154.97,156.18,154.22,155.76,3760200
2013-06-26,155.32,155.65,153.90,154.80,4330600
2013-06-27,154.33,156.67,153.81,155.95,4717800
2013-06-28,156.63,157.71,153.31,154.14,5286300
2013-07-01,154.90,155.64,150.25,150.49,4896400
2013-07-02,150.73,151.34,150.16,150.69,4632900
2013-07-03,151.29,151.68,150.11,150.30,5404500
2013-07-04,150.05,152.92,149.44,152.59,5270200
2013-07-05,152.53,156.50,151.82,154.09,6719300
2013-07-08,153.29,160.68,152.19,160.31,4217800
2013-07-09,160.19,164.07,159.91,162.43,4876900
2013-07-10,162.77,163.54,160.70,161.00,3936900
2013-07-11,161.48,163.81,159.00,159.42,7082800
2013-07-12,158.98,160.17,154.74,155.02,5452400
2013-07-15,154.87,157.83,153.69,156.27,3364400
2013-07-16,156.30,156.38,155.04,155.39,6382900
2013-07-17,155.19,157.10,154.74,155.75,5132300
2013-07-18,155.56,157.39,155.55,157.09,3419300
2013-07-19,157.17,158.74,155.34,155.73,5373200
2013-07-22,155.29,156.36,154.26,154.55,5096700
2013-07-23,155.15,156.22,153.18,154.15,5363700
2013-07-24,153.85,155.74,153.46,155.57,7370700
2013-07-25,155.46,157.21,154.82,156.31,4798300
2013-07-26,156.09,156.62,155.76,155.79,5491900
2013-07-29,156.69,157.29,155.34,155.49,4158100
2013-07-30,155.02,158.12,155.00,157.57,3831700
2013-07-31,158.13,159.91,157.06,157.93,4782200
2013-08-01,158.20,158.92,155.71,156.77,5239000
2013-08-02,156.43,157.64,152.59,152.75,5486000
2013-08-05,152.65,154.41,152.39,153.77,3919600
2013-08-06,153.19,154.42,151.17,154.01,4158000
2013-08-07,153.98,154.99,150.12,150.21,4550600
2013-08-08,150.37,153.56,149.94,153.14,4002500
2013-08-09,152.78,155.89,152.35,154.85,4957900
2013-08-12,155.98,156.62,155.28,155.72,5384300
2013-08-13,156.17,157.36,153.77,154.26,7421500
2013-08-14,154.48,155.66,154.26,154.50,6014500
2013-08-15,155.04,158.77,154.52,157.49,3941700
2013-08-16,157.90,159.00,157.81,158.24,5303000
2013-08-19,158.12,159.94,157.37,159.58,5907500
2013-08-20,158.87,161.61,157.80,160.32,6335500
2013-08-21,161.38,164.84,160.78,164.61,5151800
2013-08-22,164.94,165.21,157.95,158.59,4810400
2013-08-23,158.25,162.59,156.13,161.79,5724800
2013-08-26,162.36,163.64,159.56,159.86,5843100
2013-08-27,159.85,160.63,159.63,160.00,3897600
2013-08-28,159.15,160.12,157.40,158.27,5822100
2013-08-29,158.53,159.54,153.63,153.76,4108800
2013-08-30,155.56,157.81,155.24,156.86,4020300
2013-09-02,156.79,157.47,151.54,151.77,5609900
2013-09-03,152.46,153.60,150.43,151.56,4191700
2013-09-04,152.10,152.23,148.11,148.24,5036500
2013-09-05,147.22,148.64,146.34,148.36,4590900
2013-09-06,148.51,149.38,147.60,148.41,6214600
2013-09-09,148.55,153.42,148.47,152.62,4079900
2013-09-10,152.51,152.62,149.15,151.31,5306000
2013-09-11,150.93,152.11,150.50,150.82,5139100
2013-09-12,151.00,152.11,150.29,151.76,5106400
2013-09-13,152.83,154.81,148.51,148.63,5445000
2013-09-16,149.04,150.80,145.16,146.42,1796900
2013-09-17,146.42,146.58,145.50,145.69,6451800
2013-09-18,146.04,150.08,146.00,149.84,4274400
2013-09-19,149.57,149.74,148.69,148.85,4877900
2013-09-20,148.44,149.04,147.25,148.52,5852300
2013-09-23,148.28,149.76,145.15,145.44,4883200
2013-09-24,145.54,146.92,143.88,145.36,4486800
2013-09-25,146.33,146.75,145.99,146.31,3325700
2013-09-26,146.84,151.18,145.19,150.62,5570400
2013-09-27,150.82,150.88,144.10,144.89,4405300
2013-09-30,144.71,145.91,142.61,143.01,3992200
2013-10-01,143.88,144.74,138.59,139.17,5553100
2013-10-02,138.47,138.82,132.81,134.38,5495100
2013-10-03,134.29,134.43,131.64,132.33,5286000
2013-10-04,133.26,135.11,132.62,134.30,4503300
2013-10-07,135.06,135.82,132.68,132.95,5135800
2013-10-08,133.27,133.99,128.14,128.63,4788200
2013-10-09,129.02,129.81,127.23,127.43,6104300
2013-10-10,127.08,130.15,126.82,129.55,5254400
2013-10-11,130.02,130.28,129.26,129.64,3861000
2013-10-14,129.86,130.76,128.12,130.72,5508800
2013-10-15,131.49,132.16,130.66,131.12,3838000
2013-10-16,130.81,134.07,130.74,133.76,5352800
2013-10-17,134.26,135.42,133.08,135.17,4109100
2013-10-18,135.14,136.20,132.57,133.86,5634400
2013-10-21,134.44,134.84,133.18,133.62,5701700
2013-10-22,133.23,135.85,132.42,135.50,6016200
2013-10-23,135.03,136.08,131.94,132.54,4921600
2013-10-24,132.27,133.63,130.27,130.91,4930600
2013-10-25,130.92,131.97,129.94,130.60,3119100
2013-10-28,131.05,133.59,130.77,132.93,5958500
2013-10-29,131.85,132.84,130.86,132.02,5535800
2013-10-30,132.33,133.20,130.74,131.86,4050700
2013-10-31,131.49,131.82,129.91,131.80,4846500
2013-11-01,132.17,134.65,132.01,133.54,3532900
2013-11-04,132.36,133.20,131.29,131.92,3093400
2013-11-05,132.05,133.15,131.12,131.40,6159300
2013-11-06,130.94,132.12,130.11,130.25,2433500
2013-11-07,130.79,131.84,130.23,131.20,4777300
2013-11-08,130.77,132.21,130.63,131.80,3899300
2013-11-11,130.96,133.28,129.90,131.54,5373300
2013-11-12,130.98,134.15,130.20,132.59,4980700
2013-11-13,131.51,131.94,130.71,131.01,6144300
2013-11-14,131.58,132.60,131.39,132.41,4842400
2013-11-15,132.56,136.01,131.81,134.92,2986400
2013-11-18,135.24,136.50,133.74,134.11,6410100
2013-11-19,134.61,134.62,132.54,132.80,5682800
2013-11-20,132.08,136.62,130.94,135.89,5114000
2013-11-21,135.28,135.79,133.07,134.00,2700000
2013-11-22,134.16,134.22,130.51,130.80,6573400
2013-11-25,130.08,130.95,129.81,130.68,4315700
2013-11-26,130.78,133.04,129.53,131.75,4606100
2013-11-27,131.80,132.90,130.68,132.51,4103700
2013-11-28,132.62,132.64,131.59,132.05,3881800
2013-11-29,131.35,132.62,130.80,132.04,4015200
2013-12-02,132.38,132.76,131.57,132.43,4939500
2013-12-03,132.77,134.35,132.40,133.75,5360900
2013-12-04,132.92,134.78,132.48,134.28,4365000
2013-12-05,134.25,138.06,133.68,137.40,3791700
2013-12-06,137.81,139.31,137.05,137.98,4250300
2013-12-09,137.41,138.03,136.78,137.83,3886000
2013-12-10,138.11,140.28,137.48,139.92,4210500
2013-12-11,139.30,139.38,136.97,137.91,4700700
2013-12-12,138.25,139.09,137.95,138.24,5699200
2013-12-13,138.35,139.73,134.17,136.11,4554300
2013-12-16,136.74,137.08,133.15,134.78,4625100
2013-12-17,133.35,133.89,131.89,132.10,5265600
2013-12-18,131.02,134.71,130.72,133.49,6720400
2013-12-19,133.90,134.82,133.02,134.31,3319000
2013-12-20,134.64,135.00,132.88,133.60,5948300
2013-12-23,134.47,135.42,133.17,133.43,6230600
2013-12-24,133.41,135.29,132.97,134.62,4343800
2013-12-25,134.99,137.46,133.82,136.84,4844800
2013-12-26,136.97,137.08,133.46,134.56,4771200
2013-12-27,134.49,135.33,130.57,130.64,3876500
2013-12-30,130.13,131.58,129.98,130.99,4884100
2013-12-31,130.34,131.05,129.18,129.35,4792000
2014-01-01,128.60,130.23,127.61,129.43,4688800
2014-01-02,129.85,130.07,127.62,128.14,4531300
2014-01-03,127.26,131.16,126.80,130.87,4622100
2014-01-06,131.06,131.30,127.11,127.58,4672600
2014-01-07,127.20,129.53,127.02,127.35,5539900
2014-01-08,127.25,127.85,126.22,127.69,3815900
2014-01-09,128.58,128.63,126.70,126.80,4404700
2014-01-10,125.86,127.89,125.03,126.36,3411600
2014-01-13,125.99,129.63,125.66,128.39,2545900
2014-01-14,129.33,130.09,128.24,129.99,5991600
2014-01-15,130.33,131.36,129.90,130.11,5621000
2014-01-16,129.74,132.03,129.51,131.80,5180200
2014-01-17,132.61,133.16,128.99,129.16,4871500
2014-01-20,128.35,130.21,128.29,129.34,5938900
2014-01-21,130.11,130.15,130.03,130.13,4986700
2014-01-22,131.40,132.78,127.30,128.24,6509700
2014-01-23,127.63,127.83,126.53,126.60,4105400
2014-01-24,126.37,127.41,125.88,126.73,4895300
2014-01-27,126.98,128.89,125.55,127.56,5816400
2014-01-28,127.86,128.70,127.84,127.97,4753900
2014-01-29,128.10,129.19,127.29,128.95,5163900
2014-01-30,128.87,130.24,128.28,129.90,5909100
2014-01-31,129.59,132.23,129.38,130.54,5141500
2014-02-03,131.37,131.64,130.27,130.55,5232300
2014-02-04,130.34,130.91,127.89,129.43,3641700
2014-02-05,129.67,130.30,128.49,128.62,4952200
2014-02-06,129.08,129.69,127.67,128.90,3645600
2014-02-07,129.29,129.36,128.64,129.20,4881800
2014-02-10,128.20,128.57,127.32,128.55,4829200
2014-02-11,128.73,129.15,126.45,126.46,5599700
2014-02-12,126.26,126.83,124.42,124.96,4532900
2014-02-13,124.86,125.56,123.34,123.95,5199400
2014-02-14,123.88,124.69,123.07,123.61,5541600
2014-02-17,123.87,124.14,122.51,122.85,3837400
2014-02-18,123.09,124.30,122.29,123.68,6987900
2014-02-19,123.40,124.09,122.99,123.62,4432200
2014-02-20,123.96,124.27,120.85,121.01,5032500
2014-02-21,120.59,121.62,120.31,120.83,5415500
2014-02-24,120.94,122.66,119.86,121.42,3487600
2014-02-25,120.38,122.12,118.81,121.62,4788700
2014-02-26,121.27,123.49,121.22,122.94,3754000
2014-02-27,123.94,124.83,123.93,124.23,6711300
2014-02-28,124.36,127.44,123.73,126.29,4255900
2014-03-03,125.93,126.26,124.01,124.28,6164100
2014-03-04,124.80,128.38,123.16,127.93,6766400
2014-03-05,127.80,128.85,125.78,126.11,4178300
2014-03-06,125.78,127.79,125.55,127.46,4429900
2014-03-07,127.00,127.30,125.10,125.68,6262800
2014-03-10,126.19,127.93,125.53,127.74,4384500
2014-03-11,127.73,133.73,126.97,132.57,4983000
2014-03-12,132.60,134.14,130.22,133.82,5192200
2014-03-13,133.41,138.85,132.31,138.67,6140800
2014-03-14,138.80,138.87,135.83,136.41,2880800
2014-03-17,136.91,137.76,133.64,133.96,3276700
2014-03-18,133.89,137.31,132.76,137.29,4757100
2014-03-19,136.87,137.46,134.87,135.72,6022800
2014-03-20,135.43,138.53,135.41,136.56,5276300
2014-03-21,135.75,139.46,135.61,139.37,2598500
2014-03-24,139.79,145.96,138.87,145.23,6389300
2014-03-25,145.11,146.63,144.15,146.26,4564400
2014-03-26,145.87,146.30,144.76,145.26,5002000
2014-03-27,145.84,146.99,145.16,146.97,5035500
2014-03-28,146.47,149.42,146.34,148.57,4362500
2014-03-31,148.61,152.10,148.00,150.57,4805500
2014-04-01,150.68,153.31,148.59,151.90,3686900
2014-04-02,151.68,151.71,148.71,148.74,4131000
2014-04-03,148.75,149.23,143.66,144.30,2908600
2014-04-04,144.41,146.09,143.98,145.08,5023900
2014-04-07,145.57,146.11,145.37,145.69,6329400
2014-04-08,145.76,146.74,144.99,146.68,3072500
2014-04-09,147.12,150.02,145.93,149.88,5858700
2014-04-10,150.43,154.79,149.76,152.59,5468600
2014-04-11,153.12,154.13,149.59,151.24,5129300
2014-04-14,150.81,153.41,150.26,153.21,4482200
2014-04-15,153.50,153.70,152.58,153.62,6146900
2014-04-16,153.23,153.80,151.71,151.94,4995200
2014-04-17,151.95,155.41,151.90,154.10,7497500
2014-04-18,153.21,158.87,152.73,157.36,4370600
2014-04-21,158.16,160.05,155.18,155.20,4572200
2014-04-22,155.20,155.37,153.93,154.20,4190000
2014-04-23,153.93,154.74,149.85,150.82,5565500
2014-04-24,151.23,152.75,149.10,149.60,3541600
2014-04-25,150.51,150.51,147.59,148.35,4478100
2014-04-28,147.59,148.02,146.39,147.41,5417800
2014-04-29,148.17,148.39,147.04,148.17,5790900
2014-04-30,148.78,149.92,147.53,148.16,4951300
2014-05-01,148.29,148.35,144.21,144.89,4084400
2014-05-02,145.13,145.38,140.81,140.99,6051600
2014-05-05,140.50,140.72,139.93,140.11,6385500
2014-05-06,139.63,140.48,136.93,136.96,5318900
2014-05-07,136.36,138.49,134.73,138.23,5046800
2014-05-08,138.00,141.19,136.62,140.08,3380400
2014-05-09,140.55,140.64,139.88,140.45,5282100
2014-05-12,140.48,140.70,138.50,139.66,5920300
2014-05-13,139.02,143.20,138.36,140.89,4383500
2014-05-14,140.42,140.75,139.11,140.33,4343300
2014-05-15,140.80,141.49,140.60,141.14,5804000
2014-05-16,140.48,140.57,138.37,139.75,5651700
2014-05-19,138.26,141.40,136.97,141.24,4696700
2014-05-20,142.40,144.59,141.98,143.69,6080800
2014-05-21,144.32,145.62,139.33,140.15,5712700
2014-05-22,139.61,145.93,138.05,143.95,7030900
2014-05-23,143.86,145.40,142.81,145.29,3920900
2014-05-26,144.74,146.80,144.58,145.49,5240200
2014-05-27,146.45,147.01,143.55,146.16,3364000
2014-05-28,146.70,147.45,145.75,146.99,4188200
2014-05-29,146.60,150.21,146.18,150.07,4134000
2014-05-30,150.15,153.28,150.07,152.58,3874500
2014-06-02,153.14,154.20,152.78,153.88,5863500
2014-06-03,153.96,154.85,150.41,151.26,3419300
2014-06-04,152.11,153.44,151.11,152.94,5279300
2014-06-05,152.42,153.39,150.07,150.77,5723400
2014-06-06,150.11,152.26,148.81,151.06,5656800
2014-06-09,151.84,152.52,147.55,148.46,3453200
2014-06-10,148.79,151.81,144.88,145.38,5237100
2014-06-11,145.41,145.70,141.23,141.38,6424800
2014-06-12,141.82,141.90,140.33,141.23,4672400
2014-06-13,141.13,141.37,139.21,139.83,6775000
2014-06-16,139.55,141.22,138.76,140.43,4985000
2014-06-17,140.80,142.16,139.84,141.20,5867500
2014-06-18,140.01,140.42,139.42,139.64,5292600
2014-06-19,139.76,142.97,139.75,142.96,7444500
2014-06-20,143.07,143.96,142.44,142.75,6680700
2014-06-23,142.71,143.71,141.12,142.96,5874300
2014-06-24,143.06,144.77,142.31,143.89,4334800
2014-06-25,144.04,145.28,138.31,138.85,5161600
2014-06-26,138.99,139.23,137.22,137.53,4232900
2014-06-27,137.38,140.88,136.17,139.32,5647800
2014-06-30,138.96,139.27,136.24,136.72,5706800
2014-07-01,136.95,137.23,135.52,136.91,4628200
2014-07-02,137.24,138.09,136.51,137.62,3998400
2014-07-03,137.08,139.17,135.54,138.67,5360500
2014-07-04,139.78,140.25,134.80,135.30,5696600
2014-07-07,135.51,136.21,132.76,133.93,5285000
2014-07-08,134.15,134.30,132.57,133.51,6845800
2014-07-09,133.76,133.76,132.31,132.64,5978300
2014-07-10,133.08,136.16,132.35,135.81,2536100
2014-07-11,134.92,137.03,134.22,136.86,6014900
2014-07-14,136.78,136.90,136.03,136.68,5104700
2014-07-15,136.75,138.74,135.48,137.94,4471200
2014-07-16,137.21,137.75,135.15,137.44,4348800
2014-07-17,136.76,137.04,135.28,135.46,5845700
2014-07-18,135.43,140.43,135.21,139.83,5767200
2014-07-21,139.73,141.77,138.75,141.47,5032000
2014-07-22,141.34,142.56,139.74,142.12,4679700
2014-07-23,142.84,143.41,141.88,142.20,5577000
2014-07-24,141.32,144.94,140.75,144.34,4958400
2014-07-25,144.08,144.16,142.11,142.23,7418000
2014-07-28,142.55,143.65,140.66,140.91,5513300
2014-07-29,140.53,140.55,139.85,140.10,3569500
2014-07-30,140.72,141.11,140.54,140.95,5627200
2014-07-31,141.08,141.27,138.56,139.21,4572000
2014-08-01,140.29,140.44,137.81,138.16,6011800
2014-08-04,138.65,140.77,138.27,140.04,5234800
2014-08-05,139.81,143.65,139.75,142.84,5095100
2014-08-06,143.56,143.56,142.46,142.88,5651600
2014-08-07,142.90,144.23,142.46,143.60,5599000
2014-08-08,143.51,144.35,142.44,142.96,6121500
2014-08-11,143.26,144.09,137.18,137.97,5878400
2014-08-12,137.26,138.85,136.26,136.56,5531900
2014-08-13,136.02,140.07,134.96,139.05,5334300
2014-08-14,138.70,144.04,138.30,142.15,4323900
2014-08-15,142.47,143.85,140.19,140.49,4193600
2014-08-18,140.37,142.54,139.73,141.30,5771600
2014-08-19,141.23,144.11,141.16,142.80,5334300
2014-08-20,142.80,145.27,142.77,143.56,4876900
2014-08-21,143.92,144.83,140.93,141.71,3591900
2014-08-22,141.29,142.99,138.88,139.59,3796900
2014-08-25,139.60,140.47,138.55,140.03,3583400
2014-08-26,139.52,140.78,138.38,140.49,5869500
2014-08-27,141.24,145.30,140.99,145.20,5552600
2014-08-28,146.13,147.32,144.28,144.30,4654200
2014-08-29,143.86,147.84,143.86,146.88,5959500
2014-09-01,146.34,147.49,145.57,145.68,4858600
2014-09-02,146.15,146.84,142.86,143.23,5118500
2014-09-03,142.80,144.53,141.43,144.10,5021800
2014-09-04,144.06,144.72,143.48,143.71,4396000
2014-09-05,143.53,145.86,143.45,145.04,5250900
2014-09-08,145.34,148.52,144.82,147.31,7167200
2014-09-09,146.89,150.07,146.46,149.57,4857600
2014-09-10,150.19,153.40,150.16,153.03,4455300
2014-09-11,153.25,154.94,153.15,153.28,3240500
2014-09-12,153.51,153.93,152.23,153.25,5177800
2014-09-15,153.98,154.75,153.78,153.86,5040000
2014-09-16,154.43,160.60,153.12,159.20,4311000
2014-09-17,158.86,161.16,157.48,160.39,3332400
2014-09-18,159.34,162.55,158.60,162.48,7398100
2014-09-19,161.46,161.99,159.89,159.94,5195800
2014-09-22,159.98,162.43,159.95,162.22,3659800
2014-09-23,163.37,164.42,160.46,162.01,3763400
2014-09-24,161.64,164.27,160.76,163.94,5466200
2014-09-25,163.95,166.63,163.30,166.31,5332900
2014-09-26,166.46,170.03,166.28,168.83,4391100
2014-09-29,168.61,169.76,168.26,168.77,6550200
2014-09-30,168.08,170.90,167.02,170.67,4582200
2014-10-01,171.21,171.92,166.95,167.99,5880800
2014-10-02,169.29,170.47,167.86,169.07,4599200
2014-10-03,168.56,172.33,167.81,172.11,6235500
2014-10-06,172.61,174.14,171.28,171.54,5015700
2014-10-07,172.47,172.82,170.04,171.07,5094300
2014-10-08,170.99,172.25,170.46,171.61,3149100
2014-10-09,170.62,170.99,168.35,168.89,5859900
2014-10-10,169.83,172.17,169.60,169.78,3978700
2014-10-13,169.71,171.79,165.93,166.13,5768900
2014-10-14,166.24,168.34,164.64,165.19,5930800
2014-10-15,165.32,167.87,164.36,166.36,7576200
2014-10-16,165.75,166.75,163.06,163.22,4530100
2014-10-17,164.08,165.90,162.76,165.54,4224400
2014-10-20,164.77,166.43,164.39,166.10,5008300
2014-10-21,166.91,167.64,160.74,161.98,5574600
2014-10-22,161.93,162.25,161.35,162.04,6163100
2014-10-23,161.33,161.66,159.92,160.77,7054900
2014-10-24,161.04,163.09,159.81,162.05,5351500
2014-10-27,160.46,165.94,159.07,163.96,4995700
2014-10-28,164.82,167.08,163.02,165.12,5402900
2014-10-29,165.10,165.97,162.95,163.49,6469200
2014-10-30,162.52,163.98,162.06,162.19,4789300
2014-10-31,162.48,163.24,160.21,160.97,4313900
2014-11-03,160.87,161.09,159.49,160.64,4956500
2014-11-04,161.20,163.14,160.67,162.96,5440700
2014-11-05,161.75,166.29,160.85,166.13,6176300
2014-11-06,166.01,166.23,162.94,164.69,3772900
2014-11-07,164.27,165.26,163.56,164.53,4373300
2014-11-10,163.81,164.19,157.63,158.59,5344100
2014-11-11,158.84,160.71,158.07,159.49,6328800
2014-11-12,159.19,159.33,155.55,156.07,4191900
2014-11-13,156.26,157.16,153.28,154.92,4603500
2014-11-14,154.74,154.80,152.60,153.00,3563300
2014-11-17,152.64,152.97,151.45,151.84,5418600
2014-11-18,151.48,151.71,150.35,151.05,6273300
2014-11-19,151.58,151.83,148.48,149.69,4878900
2014-11-20,151.44,151.75,149.94,150.36,6121400
2014-11-21,150.98,152.41,150.57,151.92,5890500
2014-11-24,152.25,152.54,151.02,151.24,3593800
2014-11-25,151.09,152.42,149.53,152.03,4591300
2014-11-26,152.45,153.02,148.11,148.14,6108200
2014-11-27,148.97,149.07,145.46,145.74,5932700
2014-11-28,145.74,149.89,145.37,147.97,4221700
2014-12-01,148.35,149.33,146.96,147.99,4089100
2014-12-02,147.62,148.05,145.82,147.41,5426600
2014-12-03,147.51,149.22,147.45,147.48,3887800
2014-12-04,147.17,150.89,146.33,149.85,4187900
2014-12-05,150.24,151.09,148.37,148.97,5136700
2014-12-08,148.61,148.70,143.96,144.48,6407300
2014-12-09,143.67,146.04,143.59,145.44,5623100
2014-12-10,146.19,147.86,145.61,147.73,6273100
2014-12-11,147.17,147.84,145.17,145.24,2445200
2014-12-12,145.66,146.04,145.42,145.55,4995500
2014-12-15,144.94,145.11,141.50,141.92,4974100
2014-12-16,142.07,144.58,140.73,143.27,5969900
2014-12-17,142.77,144.26,141.59,142.28,4183600
2014-12-18,143.60,144.38,141.91,142.24,6444800
2014-12-19,143.34,144.39,140.47,141.53,4780600
2014-12-22,142.43,143.15,142.30,142.47,5337900
2014-12-23,141.68,142.07,137.29,139.01,3413100
2014-12-24,138.31,139.52,137.86,139.24,4223300
2014-12-25,139.30,140.88,138.70,140.46,6042000
2014-12-26,139.58,140.35,137.49,138.45,3972400
2014-12-29,138.90,142.00,138.71,141.63,5147800
2014-12-30,140.59,142.21,139.93,142.15,5396600
2014-12-31,142.63,143.11,141.37,142.10,4597500
2015-01-01,142.26,143.54,140.94,142.73,4658000
2015-01-02,142.25,143.32,140.74,141.60,5097200
2015-01-05,142.56,142.84,140.47,140.65,6896500
2015-01-06,141.87,141.89,138.86,139.53,8344500
2015-01-07,139.45,143.61,139.30,142.80,4251700
2015-01-08,143.44,144.61,142.57,144.56,7236400
2015-01-09,143.52,145.22,141.22,145.00,6339800
2015-01-12,144.23,145.45,143.64,145.31,6784600
2015-01-13,145.24,147.61,144.04,147.22,4339700
2015-01-14,146.38,148.34,146.29,146.77,5486800
2015-01-15,146.65,148.61,146.30,147.95,6323600
2015-01-16,147.82,148.84,146.44,147.41,4876100
2015-01-19,147.84,148.46,146.33,148.43,4054100
2015-01-20,149.56,150.08,146.51,147.19,3768700
2015-01-21,145.50,149.90,145.04,149.43,4282000
2015-01-22,148.86,149.30,148.27,149.06,4445200
2015-01-23,148.99,150.43,147.30,148.32,5234200
2015-01-26,149.41,155.21,148.50,154.89,5150700
2015-01-27,155.81,158.38,154.86,156.33,5350200
2015-01-28,156.05,158.10,155.88,157.66,6228700
2015-01-29,157.21,157.42,157.11,157.23,4602900
2015-01-30,157.18,159.69,156.88,159.61,4714700
2015-02-02,160.02,160.43,157.64,157.86,4698000
2015-02-03,157.24,159.05,155.38,156.93,6537100
2015-02-04,157.64,158.45,152.17,153.78,5112500
2015-02-05,153.95,154.47,152.69,153.01,6431800
2015-02-06,152.27,155.81,151.75,154.95,6278400
2015-02-09,155.45,157.35,155.11,157.18,3116600
2015-02-10,157.83,159.31,155.67,155.84,3921900
2015-02-11,155.73,156.79,150.70,151.37,4180100
2015-02-12,151.99,153.94,149.03,149.16,4642400
2015-02-13,149.61,151.67,148.28,148.63,5409200
2015-02-16,149.15,149.99,148.54,148.81,6635500
2015-02-17,148.53,149.49,147.78,148.99,3989900
2015-02-18,148.48,150.16,146.99,147.91,6067100
2015-02-19,147.18,149.38,146.56,148.76,4368500
2015-02-20,148.26,154.37,147.73,154.18,6452300
2015-02-23,154.76,155.05,151.91,152.17,4086600
2015-02-24,151.47,153.93,151.25,153.46,5949200
2015-02-25,153.18,154.81,152.51,154.03,4597800
2015-02-26,154.58,155.33,154.10,155.14,4361500
2015-02-27,154.70,157.90,154.26,154.65,4615700
2015-03-02,153.94,156.88,153.53,156.72,4846500
2015-03-03,157.21,157.89,153.24,154.24,5508000
2015-03-04,154.45,155.95,150.27,152.49,7762800
2015-03-05,151.74,152.04,150.61,151.30,5814000
2015-03-06,150.07,155.34,149.98,154.72,6345200
2015-03-09,155.48,155.84,150.66,151.94,4225500
2015-03-10,152.61,153.18,150.42,152.40,4687000
2015-03-11,152.53,155.16,152.44,153.88,5775200
2015-03-12,152.67,153.60,149.68,150.43,4276000
2015-03-13,150.52,150.73,146.65,147.64,6057100
2015-03-16,147.27,147.31,144.73,146.06,3731400
2015-03-17,145.38,145.74,141.97,142.86,4836400
2015-03-18,144.31,144.71,142.84,143.54,3432600
2015-03-19,142.73,147.41,141.50,146.44,4877400
2015-03-20,147.05,149.08,144.97,146.07,5122800
2015-03-23,146.37,146.45,145.05,145.64,4978500
2015-03-24,145.07,146.26,143.77,144.58,5969100
2015-03-25,144.31,145.11,139.49,140.87,5999100
2015-03-26,140.28,141.75,139.66,140.73,3292400
2015-03-27,140.79,140.79,138.57,139.66,5591300
2015-03-30,139.31,139.86,138.23,138.70,6059400
2015-03-31,137.94,138.22,137.18,137.59,5721700
2015-04-01,137.71,138.15,133.64,135.01,4407200
2015-04-02,134.70,135.64,132.64,132.70,4928200
2015-04-03,132.53,133.81,130.97,133.56,4862400
2015-04-06,133.68,134.94,132.27,132.53,6005800
2015-04-07,132.96,134.48,132.60,134.07,5318600
2015-04-08,134.72,134.98,131.00,131.60,3930100
2015-04-09,131.67,131.90,129.83,130.36,3778300
2015-04-10,130.09,130.28,129.50,129.67,4797100
2015-04-13,130.10,130.99,129.71,130.31,4675200
2015-04-14,129.66,129.76,127.93,129.06,4388100
2015-04-15,129.42,129.87,126.33,126.54,5605900
2015-04-16,126.82,127.04,126.16,126.53,4113300
2015-04-17,125.71,126.91,125.67,125.87,6659900
2015-04-20,125.40,127.57,125.06,127.01,5099400
2015-04-21,127.14,131.54,125.41,130.78,4471900
2015-04-22,130.13,134.53,129.61,133.58,3883900
2015-04-23,133.63,137.95,133.31,137.78,4240800
2015-04-24,137.37,138.38,134.37,134.64,4479300
2015-04-27,135.22,137.59,135.16,136.95,5664700
2015-04-28,136.36,139.57,136.21,137.10,6170000
2015-04-29,136.97,140.71,136.48,139.80,4481900
2015-04-30,140.05,140.30,138.06,138.39,5260300
2015-05-01,138.46,138.83,137.43,137.57,6074900
2015-05-04,138.38,139.39,135.55,136.17,6055000
2015-05-05,136.59,137.40,135.12,136.81,5185300
2015-05-06,136.02,139.44,135.10,139.33,5373900
2015-05-07,139.93,140.06,134.80,136.19,7286000
2015-05-08,136.14,137.15,135.97,136.37,5064200
2015-05-11,137.57,137.91,134.90,135.05,5636200
2015-05-12,134.22,138.91,132.59,138.65,6449200
2015-05-13,139.00,140.73,138.79,140.44,4657400
2015-05-14,139.45,148.70,136.26,148.47,4786200
2015-05-15,148.18,148.26,144.71,144.84,4409200
2015-05-18,145.91,147.36,144.51,144.87,5493600
2015-05-19,144.41,146.08,144.25,145.57,5777600
2015-05-20,145.41,146.08,144.62,144.93,4740500
2015-05-21,144.79,149.52,143.44,148.53,6097200
2015-05-22,149.46,150.77,142.62,144.27,5421500
2015-05-25,143.74,145.31,142.85,143.90,4732200
2015-05-26,144.35,147.99,143.61,147.05,4927800
2015-05-27,146.88,150.68,146.64,149.15,4070600
2015-05-28,149.20,149.69,147.56,148.86,5724400
2015-05-29,149.14,152.01,147.94,151.37,4618400
2015-06-01,152.04,153.72,148.00,148.43,3033700
2015-06-02,148.49,152.60,147.53,151.96,5389300
2015-06-03,151.99,156.14,151.34,154.81,6246800
2015-06-04,154.68,157.86,154.61,157.50,4846100
2015-06-05,158.12,160.27,157.51,159.02,5263300
2015-06-08,158.01,158.87,157.63,157.94,4153800
2015-06-09,159.50,160.72,159.14,160.49,5211100
2015-06-10,161.55,161.60,157.92,159.17,3139100
2015-06-11,157.97,159.58,157.58,159.27,4451000
2015-06-12,158.96,160.10,157.83,158.98,5045800
2015-06-15,159.68,162.72,158.96,161.65,7079600
2015-06-16,160.43,161.42,160.32,161.31,3412000
2015-06-17,161.04,161.54,158.85,159.96,4673800
2015-06-18,160.04,163.58,158.44,163.38,5104700
2015-06-19,162.55,166.00,162.02,165.78,5764200
2015-06-22,166.06,170.81,164.71,169.51,4061100
2015-06-23,169.67,170.37,166.90,167.64,4435200
2015-06-24,167.78,168.70,163.71,165.44,4402300
2015-06-25,164.75,167.37,163.09,166.93,6029200
2015-06-26,166.15,171.50,164.97,168.17,4385500
2015-06-29,167.21,169.89,167.08,168.18,5059300
2015-06-30,167.93,168.61,165.26,165.68,5472400
2015-07-01,166.16,171.26,163.87,168.74,4194900
2015-07-02,169.42,172.47,167.98,170.93,6378900
2015-07-03,170.60,173.56,170.13,173.17,5412800
2015-07-06,172.68,173.75,170.13,170.42,4846500
2015-07-07,169.99,175.81,169.88,173.62,4523600
2015-07-08,172.24,173.03,169.43,170.61,4121900
2015-07-09,170.20,172.36,168.81,172.07,4515300
2015-07-10,171.38,175.72,170.49,174.76,4530200
2015-07-13,175.73,176.99,173.79,174.60,5192900
2015-07-14,174.30,175.58,174.04,175.15,4649700
2015-07-15,174.69,174.97,171.65,171.75,3244300
2015-07-16,171.16,178.07,170.84,175.84,6151100
2015-07-17,175.87,175.89,173.19,174.57,4039800
2015-07-20,175.29,175.45,168.44,168.81,4376800
2015-07-21,169.21,170.96,168.32,170.12,5009200
2015-07-22,169.74,172.26,169.58,171.97,5639400
2015-07-23,173.32,174.00,173.05,173.23,5137400
2015-07-24,172.86,174.30,172.79,173.50,5482400
2015-07-27,174.39,176.64,170.73,171.20,5144200
2015-07-28,169.61,170.46,166.16,166.88,4887300
2015-07-29,167.42,168.27,164.54,165.72,3516900
2015-07-30,165.90,166.73,165.81,166.42,4115300
2015-07-31,166.79,169.42,166.70,168.97,3853400
2015-08-03,169.41,169.56,167.43,168.24,3345900
2015-08-04,167.96,171.14,167.93,170.99,5193700
2015-08-05,170.17,171.93,170.11,171.42,5456300
2015-08-06,170.84,176.20,169.32,175.13,3975200
2015-08-07,175.77,176.08,174.97,175.06,3634600
2015-08-10,176.41,176.47,174.72,174.75,3710700
2015-08-11,175.74,178.48,174.73,176.79,4808600
2015-08-12,177.93,178.31,173.57,173.98,5310300
2015-08-13,173.79,174.31,169.94,171.32,5207900
2015-08-14,170.54,174.21,169.91,173.70,3332900
2015-08-17,173.05,179.61,172.52,178.30,4903300
2015-08-18,179.59,180.48,173.67,174.59,5226600
2015-08-19,175.91,178.16,175.04,177.83,5962700
2015-08-20,177.56,177.91,171.83,174.18,5773800
2015-08-21,174.56,174.94,170.64,171.32,5971100
2015-08-24,171.60,174.31,170.37,172.61,7206900
2015-08-25,173.73,181.11,172.63,179.39,5824400
2015-08-26,179.29,185.41,178.83,183.36,4941600
2015-08-27,182.39,183.66,181.36,182.48,5267800
2015-08-28,181.50,185.40,180.81,184.56,3877500
2015-08-31,184.46,191.13,184.19,189.90,4894700
2015-09-01,189.90,194.34,188.01,193.82,4357000
2015-09-02,194.05,194.38,190.62,191.52,5261100
2015-09-03,191.82,192.64,187.39,188.40,5784500
2015-09-04,188.21,188.97,187.71,187.85,6997800
2015-09-07,188.47,190.97,187.55,190.34,5824300
2015-09-08,190.89,193.23,187.06,187.35,3847300
2015-09-09,186.69,187.43,184.91,186.56,4970800
2015-09-10,185.78,188.14,184.44,187.08,5384700
2015-09-11,188.20,190.02,187.66,187.68,4988700
2015-09-14,186.31,190.35,185.12,189.82,3610200
2015-09-15,190.12,190.15,186.71,186.71,4661200
2015-09-16,186.49,188.13,185.95,187.97,3586800
2015-09-17,186.94,189.55,185.55,189.09,4470200
2015-09-18,189.01,190.66,188.20,190.22,6603600
2015-09-21,189.83,190.35,188.47,188.98,6128300
2015-09-22,188.39,192.02,187.90,191.22,3528600
2015-09-23,190.71,191.42,186.38,187.96,4352800
2015-09-24,188.60,189.19,188.00,189.03,5333200
2015-09-25,189.27,189.82,186.01,187.80,5730000
2015-09-28,187.50,190.72,186.70,189.00,4892700
2015-09-29,188.26,188.70,184.36,185.88,6960100
2015-09-30,185.14,190.81,184.54,190.34,4987900
2015-10-01,191.85,195.29,190.47,194.09,4189800
2015-10-02,192.85,194.55,192.35,193.12,5287200
2015-10-05,195.12,196.36,194.79,196.12,3947600
2015-10-06,197.19,198.43,194.88,196.33,4891200
2015-10-07,195.92,196.39,191.54,192.27,5324500
2015-10-08,193.48,193.59,188.19,190.23,4423700
2015-10-09,188.65,190.61,187.64,190.22,3802200
2015-10-12,191.44,192.01,191.14,191.32,4537700
2015-10-13,192.05,193.51,185.58,187.41,6113900
2015-10-14,186.27,189.24,186.07,186.64,4793900
2015-10-15,186.26,186.60,184.05,184.06,6035500
2015-10-16,184.43,185.65,184.28,185.00,5400400
2015-10-19,183.80,186.65,183.61,186.07,4947700
2015-10-20,185.49,187.10,185.32,186.45,5170700
2015-10-21,187.08,187.50,185.26,185.70,4859700
2015-10-22,186.16,186.70,185.62,186.56,6465700
2015-10-23,186.69,188.71,185.01,188.60,4320300
2015-10-26,189.36,190.88,189.04,189.51,6894900
2015-10-27,189.79,190.96,189.40,189.75,5959900
2015-10-28,189.91,191.23,185.21,186.77,3422500
2015-10-29,186.43,190.36,184.83,190.26,4481900
2015-10-30,190.49,191.73,187.25,188.42,5322400
2015-11-02,189.40,193.14,188.73,191.80,5624600
2015-11-03,191.64,194.43,190.76,193.81,6319700
2015-11-04,194.02,194.06,189.31,190.14,5767600
2015-11-05,188.97,194.76,188.82,192.36,4659300
2015-11-06,192.01,193.76,191.89,193.14,4189900
2015-11-09,194.58,196.31,191.79,195.04,5902200
2015-11-10,195.11,196.50,193.74,194.35,4638800
2015-11-11,195.46,195.62,192.18,192.34,6721700
2015-11-12,190.85,193.30,188.78,192.32,6594300
2015-11-13,191.75,195.35,190.22,192.02,5217800
2015-11-16,192.86,193.85,192.29,193.53,7406100
2015-11-17,194.61,196.32,193.64,194.80,3439000
2015-11-18,194.69,194.88,194.03,194.30,5188800
2015-11-19,193.18,195.42,189.24,195.03,5295400
2015-11-20,195.58,197.32,194.54,194.98,5351700
2015-11-23,195.45,197.43,194.36,196.07,4729300
2015-11-24,196.25,199.70,196.20,196.89,5290000
2015-11-25,196.46,200.44,196.43,199.41,3928500
2015-11-26,199.67,199.87,193.89,194.98,6316900
2015-11-27,195.66,196.02,194.17,194.84,5222400
2015-11-30,195.73,196.34,195.04,195.93,4521000
2015-12-01,194.99,195.57,194.64,194.72,3735900
2015-12-02,194.79,205.47,194.77,204.24,3896000
2015-12-03,204.11,206.72,199.55,200.11,4810800
2015-12-04,200.27,201.20,193.50,196.26,4975900
2015-12-07,196.10,203.10,194.13,202.50,4731600
2015-12-08,201.57,205.24,198.10,204.51,5937000
2015-12-09,205.15,205.25,204.13,204.72,5325300
2015-12-10,205.21,205.75,201.25,202.89,5717200
2015-12-11,202.37,209.21,201.47,209.21,5721500
2015-12-14,208.17,210.22,206.46,207.04,5929000
2015-12-15,207.53,207.66,202.65,203.74,5004600
2015-12-16,204.11,206.03,203.65,203.73,3854600
2015-12-17,203.68,206.24,202.60,206.07,4973100
2015-12-18,205.67,207.14,204.95,206.37,3712100
2015-12-21,205.88,209.71,203.11,208.85,4274200
2015-12-22,208.36,209.03,203.90,205.96,5816900
2015-12-23,206.50,206.82,204.59,204.94,4835400
2015-12-24,204.90,207.57,204.70,205.68,4740400
2015-12-25,206.27,206.35,205.09,206.11,7742900
2015-12-28,206.81,206.89,201.51,202.08,6615200
2015-12-29,201.97,202.06,198.10,198.97,5673600
2015-12-30,198.24,199.43,197.82,198.14,6116200
2015-12-31,197.51,198.60,193.99,195.61,6085400
2016-01-01,195.60,196.60,192.27,193.68,4635000
2016-01-04,194.59,199.54,194.12,198.80,6369400
2016-01-05,198.11,202.89,197.51,200.16,3883700
2016-01-06,199.73,199.82,195.63,197.57,5400000
2016-01-07,196.93,197.53,192.78,194.31,5450300
2016-01-08,194.98,203.23,194.63,202.07,5265900
2016-01-11,202.13,207.26,200.07,207.13,5250900
2016-01-12,206.46,207.79,203.70,205.94,4280900
2016-01-13,207.22,207.65,204.38,205.66,4314600
2016-01-14,205.59,207.15,204.72,206.50,6596900
2016-01-15,207.43,208.06,205.56,207.74,5827900
2016-01-18,207.76,211.03,206.03,210.53,4530200
2016-01-19,209.79,210.68,208.43,210.34,4309600
2016-01-20,211.62,214.49,210.64,211.21,5014000
2016-01-21,210.83,217.27,210.01,216.41,4732700
2016-01-22,215.62,217.36,215.50,215.95,5464400
2016-01-25,215.25,215.87,211.82,213.10,2616300
2016-01-26,214.07,214.64,212.34,212.90,4744300
2016-01-27,212.31,215.54,211.52,215.10,4330300
2016-01-28,214.41,218.23,212.99,216.92,5478300
2016-01-29,216.55,218.81,213.51,214.43,4668400
2016-02-01,212.94,214.75,209.00,210.45,6845500
2016-02-02,212.81,214.58,207.64,209.64,3857200
2016-02-03,210.73,213.41,209.99,212.41,5744600
2016-02-04,211.19,212.61,211.19,211.87,3981700
2016-02-05,213.63,216.36,213.57,215.71,5558200
2016-02-08,215.43,218.22,212.91,213.14,5698600
2016-02-09,211.73,218.55,210.44,217.52,5318100
2016-02-10,216.68,219.37,214.04,218.21,4309100
2016-02-11,217.07,219.05,214.18,214.41,4416500
2016-02-12,215.05,217.53,214.03,214.30,4653200
2016-02-15,214.33,218.90,213.21,217.17,3579100
2016-02-16,215.90,219.38,213.93,217.69,5164700
2016-02-17,217.80,218.55,211.73,214.00,6639300
2016-02-18,213.44,213.63,210.08,211.39,5114300
2016-02-19,210.88,211.53,206.98,208.27,3951000
2016-02-22,208.34,211.38,207.92,208.97,4163300
2016-02-23,209.22,216.13,208.14,214.70,6483800
2016-02-24,213.06,213.57,212.43,213.17,4166700
2016-02-25,214.28,215.54,212.85,215.01,6833800
2016-02-26,215.07,218.25,213.37,216.61,4777300
2016-02-29,217.33,217.62,211.39,211.67,2543100
2016-03-01,212.44,213.03,209.87,211.34,5673600
2016-03-02,212.48,213.18,208.91,209.17,4612000
2016-03-03,209.64,211.49,201.63,203.08,4874800
2016-03-04,203.58,206.11,203.56,205.38,6727200
2016-03-07,205.43,209.56,204.42,208.17,5597800
2016-03-08,209.63,209.65,206.41,207.03,5211200
2016-03-09,207.40,209.04,205.72,207.48,4547900
2016-03-10,208.35,209.19,205.56,206.24,6211300
2016-03-11,206.16,206.98,204.84,205.65,4017200
2016-03-14,205.71,207.60,202.62,203.52,4534600
2016-03-15,201.84,212.44,201.33,211.70,5718700
2016-03-16,212.43,214.70,211.12,213.86,4939800
2016-03-17,212.89,213.41,211.41,211.93,5087300
2016-03-18,211.30,213.84,210.36,213.20,6390600
2016-03-21,214.42,214.86,213.00,214.62,6402000
2016-03-22,215.00,219.66,213.84,217.66,7605200
2016-03-23,218.06,221.75,216.98,218.88,5655600
2016-03-24,219.94,223.30,213.91,215.71,5240800
2016-03-25,214.86,218.00,214.67,215.48,5339100
2016-03-28,214.09,216.53,214.08,216.22,6519100
2016-03-29,216.22,216.44,214.79,214.83,4639800
2016-03-30,214.72,214.97,213.05,213.96,4287800
2016-03-31,214.12,216.75,213.46,214.49,6000100
2016-04-01,212.76,218.38,212.71,217.93,6156400
2016-04-04,218.55,226.60,216.95,224.67,5302300
2016-04-05,224.31,226.98,223.67,225.78,4381400
2016-04-06,224.79,226.51,224.57,225.99,5662600
2016-04-07,225.59,227.35,216.15,216.40,3805300
2016-04-08,216.59,218.16,210.92,211.38,3468800
2016-04-11,211.34,220.86,209.61,219.74,4561600
2016-04-12,219.24,222.07,217.42,221.56,6049600
2016-04-13,221.08,221.36,218.53,220.93,4737800
2016-04-14,219.87,233.22,217.13,232.62,5658200
2016-04-15,233.31,234.74,231.23,233.61,4604400
2016-04-18,234.49,237.31,232.55,236.21,5939900
2016-04-19,236.59,237.87,228.63,230.47,6213900
2016-04-20,228.62,235.75,227.01,235.14,3542300
2016-04-21,235.43,236.56,230.74,232.45,4848400
2016-04-22,231.28,231.71,228.68,229.24,5555800
2016-04-25,228.36,233.60,228.22,232.93,7165900
2016-04-26,233.72,240.48,232.44,238.73,4635600
2016-04-27,238.47,240.62,236.96,237.30,7147000
2016-04-28,237.48,239.27,236.75,237.94,5321800
2016-04-29,237.39,237.62,234.26,235.49,5008600
2016-05-02,235.51,236.20,234.20,234.91,2173700
2016-05-03,236.04,237.47,234.09,237.31,3818300
2016-05-04,236.49,242.16,236.02,241.46,6294400
2016-05-05,240.83,241.82,235.64,237.39,3913200
2016-05-06,238.34,246.21,237.11,242.84,5835500
2016-05-09,242.83,244.02,241.88,243.21,4873900
2016-05-10,242.73,249.02,242.10,246.34,3801800
2016-05-11,246.94,247.64,243.93,245.83,2902700
2016-05-12,245.35,246.41,240.45,242.38,4872200
2016-05-13,242.45,246.79,240.53,246.00,5125200
2016-05-16,246.21,255.28,243.97,252.27,4626500
2016-05-17,251.46,254.66,249.09,253.31,4985200
2016-05-18,253.65,254.74,245.94,247.76,6142500
2016-05-19,247.60,247.72,241.42,242.40,3179200
2016-05-20,242.82,243.85,239.69,241.02,5205100
2016-05-23,239.96,245.64,238.39,243.96,5359800
2016-05-24,243.49,245.03,239.33,240.06,4233800
2016-05-25,239.72,240.47,236.60,237.84,6944400
2016-05-26,237.86,243.09,236.74,242.60,6466200
2016-05-27,242.92,245.42,240.14,240.22,4490200
2016-05-30,240.45,246.69,239.60,244.86,3676500
2016-05-31,246.69,248.72,243.08,244.50,5388200
2016-06-01,244.52,244.63,235.54,236.10,2342600
2016-06-02,236.76,237.30,229.53,230.03,3709000
2016-06-03,229.60,232.05,228.89,231.28,4988700
2016-06-06,231.63,235.33,229.69,234.80,7487700
2016-06-07,235.74,236.30,234.45,234.59,4744900
2016-06-08,234.21,239.71,233.19,239.05,6342700
2016-06-09,238.35,243.28,238.16,242.68,6717800
2016-06-10,244.63,246.86,243.90,245.52,5434200
2016-06-13,245.19,248.12,243.58,247.41,5140100
2016-06-14,245.54,250.88,244.20,250.07,3946700
2016-06-15,253.45,254.12,250.20,251.09,3447200
2016-06-16,250.07,252.96,247.41,251.36,5122700
2016-06-17,251.62,255.01,250.32,253.24,5898500
2016-06-20,252.01,252.19,248.21,248.26,4781100
2016-06-21,250.52,251.52,248.29,248.80,4651300
2016-06-22,248.54,254.78,246.71,252.91,6602400
2016-06-23,254.30,254.48,245.31,247.50,4402500
2016-06-24,246.40,246.71,240.68,241.65,3541000
2016-06-27,244.07,245.05,236.58,238.42,4627200
2016-06-28,236.67,238.18,235.41,236.35,3225800
2016-06-29,236.16,237.75,234.77,237.28,4676100
2016-06-30,238.22,238.99,236.51,236.73,5725100
2016-07-01,236.57,237.88,234.23,237.24,5109300
2016-07-04,236.07,239.82,235.89,239.01,3110200
2016-07-05,240.77,251.14,240.53,249.49,5420900
2016-07-06,249.58,259.93,249.06,257.39,4697900
2016-07-07,256.38,256.93,254.18,254.27,5962800
2016-07-08,254.50,256.21,250.19,251.24,5576400
2016-07-11,250.33,258.76,249.94,257.97,6650600
2016-07-12,259.26,262.27,258.38,261.13,6261200
2016-07-13,261.90,262.42,256.47,257.51,3737300
2016-07-14,257.00,259.40,249.67,252.28,4813600
2016-07-15,253.70,256.37,247.60,249.49,6422800
2016-07-18,249.02,254.80,248.45,254.74,7281800
2016-07-19,254.39,254.72,251.56,251.77,5088900
2016-07-20,250.08,250.40,246.09,248.72,4255400
2016-07-21,248.78,251.85,247.80,250.35,4932900
2016-07-22,248.59,251.77,242.12,245.33,6963800
2016-07-25,244.51,245.29,236.74,236.98,4934700
2016-07-26,236.25,236.26,234.94,236.25,5321400
2016-07-27,236.93,240.71,234.49,238.83,3792800
2016-07-28,238.17,241.46,238.10,241.08,4875100
2016-07-29,240.47,241.09,239.12,239.65,5277200
2016-08-01,238.40,238.92,238.29,238.49,2752900
2016-08-02,236.95,242.04,236.74,240.15,4718600
2016-08-03,239.30,243.11,235.47,242.67,2959700
2016-08-04,242.40,244.28,241.92,244.04,5113600
2016-08-05,244.55,248.17,243.44,246.06,3149800
2016-08-08,247.25,249.29,242.81,243.52,5823500
2016-08-09,242.98,247.15,242.10,245.95,7222300
2016-08-10,246.26,246.53,242.70,243.76,4626200
2016-08-11,243.69,246.10,241.37,242.64,4954300
2016-08-12,241.95,248.65,241.52,245.72,3819400
2016-08-15,246.97,247.64,244.01,245.53,4640900
2016-08-16,245.28,247.68,241.85,245.35,4832000
2016-08-17,245.11,247.34,239.83,240.56,4783000
2016-08-18,239.99,245.38,239.66,242.44,3306300
2016-08-19,242.29,248.24,242.27,245.21,4524500
2016-08-22,244.85,245.94,240.39,242.22,4885400
2016-08-23,244.05,246.22,241.79,245.35,4494400
2016-08-24,244.14,248.38,243.52,248.27,6185200
2016-08-25,246.89,249.17,246.10,248.13,5558800
2016-08-26,248.85,251.09,244.97,245.72,4920200
2016-08-29,245.66,246.90,244.20,246.02,3572600
2016-08-30,243.90,246.33,241.26,242.11,5486900
2016-08-31,243.46,246.71,240.99,245.38,5408500
2016-09-01,243.97,246.60,242.90,245.46,4552100
2016-09-02,246.44,249.37,242.88,244.63,3933800
2016-09-05,244.81,245.69,239.96,242.23,5064100
2016-09-06,243.57,244.02,234.68,235.17,5527100
2016-09-07,235.15,240.08,233.21,238.94,4912700
2016-09-08,238.60,239.91,235.89,236.52,4875800
2016-09-09,236.09,237.10,234.11,235.79,4181500
2016-09-12,235.37,241.79,234.53,241.28,3483200
2016-09-13,240.94,247.57,239.83,245.92,5456800
2016-09-14,245.41,246.91,240.26,240.90,5424200
2016-09-15,240.49,240.78,238.92,239.51,5303900
2016-09-16,237.85,240.88,237.07,239.14,5529100
2016-09-19,238.41,239.21,237.26,238.24,4666600
2016-09-20,238.03,241.73,237.83,239.72,4149600
2016-09-21,238.13,241.67,235.65,240.21,3707000
2016-09-22,239.66,240.56,238.11,238.18,5847100
2016-09-23,237.87,237.93,233.12,234.25,4991500
2016-09-26,235.23,238.14,232.55,237.78,5366000
2016-09-27,237.92,240.30,237.85,240.19,5742900
2016-09-28,239.39,240.48,238.77,240.09,4225300
2016-09-29,241.44,241.57,233.13,236.02,4629700
2016-09-30,236.14,237.88,230.62,232.85,3674500
2016-10-03,231.83,234.73,229.59,231.51,6729100
2016-10-04,232.24,232.77,225.85,227.00,6480400
2016-10-05,226.57,230.77,224.54,228.19,5703300
2016-10-06,227.36,228.08,226.17,226.47,6239200
2016-10-07,224.47,226.67,222.79,224.77,5523000
2016-10-10,224.83,227.55,224.43,225.67,3718500
2016-10-11,224.80,227.32,223.33,223.35,5110400
2016-10-12,223.12,224.77,222.80,224.27,6174800
2016-10-13,225.44,231.31,224.96,229.99,3814900
2016-10-14,230.13,235.18,228.85,233.67,4027400
2016-10-17,234.68,234.86,233.38,233.71,5318000
2016-10-18,235.63,236.79,230.40,233.37,4168600
2016-10-19,233.91,235.42,233.02,234.43,4114300
2016-10-20,233.14,233.71,230.05,231.73,4697100
2016-10-21,231.61,235.30,230.97,233.01,5280200
2016-10-24,233.75,235.36,229.24,230.80,4001600
2016-10-25,232.44,237.30,232.17,236.24,5672000
2016-10-26,236.81,246.30,235.58,243.97,4293900
2016-10-27,243.76,245.81,242.05,243.34,4452600
2016-10-28,245.12,247.15,241.11,241.34,5030100
2016-10-31,240.28,241.28,233.01,234.25,6653100
2016-11-01,233.38,233.69,229.00,229.64,4418800
2016-11-02,231.56,232.52,227.85,229.43,5969700
2016-11-03,229.00,229.39,227.01,228.31,4491300
2016-11-04,227.24,231.87,226.89,230.17,5486100
2016-11-07,229.72,238.73,227.66,237.55,4572500
2016-11-08,239.08,240.03,236.35,237.94,6598800
2016-11-09,237.37,242.70,236.02,241.88,3488100
2016-11-10,241.91,246.65,241.56,246.40,5581500
2016-11-11,248.22,248.77,246.83,248.36,4404300
2016-11-14,248.45,253.98,247.63,253.29,4532400
2016-11-15,252.77,253.90,250.35,250.91,5392800
2016-11-16,252.71,255.30,249.75,249.97,3490900
2016-11-17,250.48,252.40,249.53,250.61,5185900
2016-11-18,251.12,257.39,250.12,254.37,5136600
2016-11-21,254.12,262.62,252.30,261.77,5871700
2016-11-22,261.59,261.98,257.18,259.45,3864800
2016-11-23,260.20,262.27,257.97,260.84,5014100
2016-11-24,259.76,261.72,257.47,257.90,6109500
2016-11-25,255.95,256.83,253.52,254.53,3191400
2016-11-28,253.57,255.10,249.68,250.13,4571200
2016-11-29,251.05,251.61,244.43,247.55,4285700
2016-11-30,248.35,251.48,247.89,247.92,3811300
2016-12-01,246.02,251.98,245.89,251.03,4341300
2016-12-02,252.31,252.73,250.12,251.00,3754700
2016-12-05,249.51,250.76,247.46,249.15,5488000
2016-12-06,247.93,249.31,244.59,245.89,4713500
2016-12-07,246.16,248.15,242.87,243.71,4147600
2016-12-08,243.24,244.31,236.36,236.84,4801000
2016-12-09,237.11,244.62,235.98,242.11,6079100
2016-12-12,242.17,247.31,241.68,245.56,4070500
2016-12-13,244.01,245.18,238.86,240.28,6154200
2016-12-14,240.65,241.45,237.10,238.71,5727300
2016-12-15,239.71,240.72,232.47,233.30,5126400
2016-12-16,234.35,236.58,232.02,233.55,4332000
2016-12-19,233.29,235.30,232.24,233.98,4816000
2016-12-20,233.82,240.24,232.67,238.88,4901300
2016-12-21,239.08,240.06,235.38,236.85,3503700
2016-12-22,238.76,238.84,233.26,235.18,5363300
2016-12-23,235.81,240.76,235.47,240.28,6356200
2016-12-26,239.48,240.59,236.14,240.11,5058600
2016-12-27,240.49,241.93,238.23,238.85,4625600
2016-12-28,238.04,238.85,234.85,235.19,4039800
2016-12-29,235.48,237.83,232.54,235.11,5013000
2016-12-30,237.29,238.63,227.52,227.78,5758700
2017-01-02,229.12,229.58,224.52,225.07,4889600
2017-01-03,224.29,228.59,223.96,226.38,5097000
2017-01-04,225.44,225.54,223.38,224.40,6846600
2017-01-05,224.40,227.69,221.78,226.79,6166700
2017-01-06,229.88,231.09,229.42,230.78,5366000
2017-01-09,230.20,236.42,229.38,235.33,4467900
2017-01-10,236.38,239.47,235.04,238.64,2732200
2017-01-11,238.41,240.99,237.22,239.90,5307700
2017-01-12,239.45,245.69,238.50,245.13,5841800
2017-01-13,244.51,244.74,242.42,242.60,3690000
2017-01-16,244.86,245.95,236.64,238.85,5182500
2017-01-17,237.75,244.04,237.10,243.19,4296200
2017-01-18,241.71,245.42,240.49,244.14,6172100
2017-01-19,243.64,247.69,243.09,247.09,5088300
2017-01-20,246.52,251.61,245.54,250.67,5329500
2017-01-23,249.31,254.24,248.00,254.05,6453500
2017-01-24,254.26,256.25,247.00,249.45,5464600
2017-01-25,249.96,251.29,247.11,248.63,4379400
2017-01-26,247.26,248.70,243.30,247.89,6103100
2017-01-27,248.40,252.17,248.37,248.98,4633100
2017-01-30,248.27,257.20,247.36,256.07,6678200
2017-01-31,257.68,259.72,253.07,254.90,4768800
2017-02-01,255.19,260.80,254.23,259.52,5395900
2017-02-02,259.18,265.20,257.49,263.08,6398500
2017-02-03,264.06,266.10,259.69,260.08,4342400
2017-02-06,260.94,263.24,256.99,258.97,3805300
2017-02-07,259.28,262.26,257.79,259.65,5063500
2017-02-08,258.60,259.33,257.57,259.20,4442900
2017-02-09,258.95,258.97,253.19,254.05,5062500
2017-02-10,254.23,257.83,254.03,255.58,6307600
2017-02-13,254.58,255.58,252.74,254.22,4362000
2017-02-14,256.02,256.63,249.37,250.48,6013700
2017-02-15,250.59,251.79,243.53,245.81,4442000
2017-02-16,244.58,244.82,243.87,243.94,6557300
2017-02-17,244.38,247.74,242.91,247.10,4135800
2017-02-20,248.97,249.92,248.26,248.67,5449000
2017-02-21,250.25,250.58,245.55,247.09,5068000
2017-02-22,246.30,254.33,245.16,252.00,4996100
2017-02-23,251.09,251.14,250.04,250.40,4910300
2017-02-24,251.06,252.55,246.85,247.21,4642700
2017-02-27,246.51,248.98,243.67,248.02,3807200
2017-02-28,245.63,249.98,243.82,249.07,5294300
2017-03-01,248.69,248.92,246.02,247.56,4404200
2017-03-02,247.65,249.80,243.78,244.82,4431000
2017-03-03,245.87,246.93,239.79,243.04,5830100
2017-03-06,242.24,247.97,242.00,246.22,6020400
2017-03-07,245.39,252.46,243.90,252.11,4665700
2017-03-08,252.57,253.18,247.46,250.99,3966600
2017-03-09,251.92,253.30,248.77,249.32,5316900
2017-03-10,249.51,253.41,245.74,247.59,4866000
2017-03-13,246.45,252.93,244.48,252.39,3689100
2017-03-14,252.61,253.28,250.32,251.74,5099800
2017-03-15,252.75,253.65,251.50,252.98,4365500
2017-03-16,253.11,255.57,250.52,250.76,5364400
2017-03-17,250.10,252.28,249.57,250.56,4319300
2017-03-20,251.57,252.56,248.93,249.34,4509100
2017-03-21,250.17,251.18,245.01,245.32,4485200
2017-03-22,243.50,248.36,242.99,247.53,3947600
2017-03-23,247.24,249.68,247.07,248.93,5537300
2017-03-24,249.06,252.32,245.17,251.10,5979400
2017-03-27,251.97,253.24,251.74,252.90,4803100
2017-03-28,252.35,253.78,252.11,253.34,5521100
2017-03-29,253.45,259.54,252.85,257.31,4361800
2017-03-30,256.66,267.37,256.35,266.16,3446200
2017-03-31,267.26,269.10,259.67,261.91,6311700
2017-04-03,261.25,261.42,257.15,258.64,3570400
2017-04-04,258.67,263.45,257.20,262.66,5349400
2017-04-05,262.94,269.46,262.34,268.88,4781500
2017-04-06,267.09,271.28,266.13,269.29,4310400
2017-04-07,272.27,272.71,265.20,265.72,4681200
2017-04-10,265.87,266.13,263.93,265.17,5323100
2017-04-11,265.54,268.87,255.37,258.16,3760800
2017-04-12,257.73,260.67,256.99,260.42,4332600
2017-04-13,260.69,261.08,259.64,260.26,3798600
2017-04-14,260.92,261.00,258.76,259.68,3160000
2017-04-17,259.76,260.38,252.53,253.97,5200800
2017-04-18,254.15,261.04,253.00,260.45,4082500
2017-04-19,258.93,262.77,256.95,261.78,4873000
2017-04-20,262.49,264.01,257.69,259.15,5361800
2017-04-21,259.08,259.56,256.86,258.02,4777100
2017-04-24,257.61,259.17,248.23,250.17,5422300
2017-04-25,250.06,251.13,247.85,249.37,4182600
2017-04-26,248.29,252.12,246.96,250.87,4520300
2017-04-27,252.03,254.33,250.40,253.54,4547300
2017-04-28,252.53,254.12,248.90,250.25,3255600
2017-05-01,251.46,254.01,246.02,248.28,7638700
2017-05-02,247.74,249.38,246.20,249.30,6131100
2017-05-03,249.27,252.66,248.85,251.34,3811500
2017-05-04,250.77,264.51,250.46,262.20,5849400
2017-05-05,264.13,264.65,259.41,261.00,4825800
2017-05-08,260.12,261.89,257.96,259.94,5128700
2017-05-09,259.38,263.65,258.34,262.10,4077200
2017-05-10,262.81,263.95,258.04,259.55,3054100
2017-05-11,259.03,259.77,255.03,256.27,4283600
2017-05-12,255.82,261.07,253.63,258.49,4259200
2017-05-15,258.87,259.02,257.03,257.71,7076300
2017-05-16,256.56,256.65,255.55,255.68,4741400
2017-05-17,256.69,259.61,254.75,254.94,5514500
2017-05-18,256.29,257.18,253.96,256.00,4562300
2017-05-19,255.26,256.63,250.61,251.44,4662000
2017-05-22,252.14,258.07,250.01,256.95,5651100
2017-05-23,254.84,261.04,252.67,259.95,4186000
2017-05-24,260.61,263.50,260.45,263.46,5163300
2017-05-25,263.05,267.46,260.57,265.98,4387700
2017-05-26,267.03,274.71,266.38,272.89,5106900
2017-05-29,274.58,274.76,269.84,270.01,5174100
2017-05-30,269.11,272.77,266.00,268.16,4185500
2017-05-31,268.84,268.98,265.40,267.08,5350000
2017-06-01,269.20,271.45,266.36,268.44,5452300
2017-06-02,269.21,270.83,267.75,267.91,5928100
2017-06-05,268.56,269.65,264.45,268.18,3852600
2017-06-06,268.29,273.49,266.15,272.31,3811200
2017-06-07,270.65,271.25,267.10,267.42,4462000
2017-06-08,266.61,271.96,266.03,270.76,5642200
2017-06-09,268.68,273.14,267.85,270.64,6270400
2017-06-12,270.61,279.76,268.56,277.59,4775300
2017-06-13,276.75,278.01,275.42,276.56,3253000
2017-06-14,275.56,282.47,274.99,280.85,5562500
2017-06-15,279.88,281.03,273.61,274.47,4836700
2017-06-16,276.34,276.69,272.07,273.45,3835800
2017-06-19,272.07,281.32,271.24,279.41,5627500
2017-06-20,279.61,285.47,276.11,283.43,5939300
2017-06-21,284.89,286.18,279.63,280.23,4973100
2017-06-22,282.80,283.31,277.03,278.98,4516900
2017-06-23,278.06,278.51,276.90,277.80,3880000
2017-06-26,277.52,279.25,272.14,272.50,4551300
2017-06-27,273.19,274.12,270.69,274.06,5515300
2017-06-28,273.88,277.06,273.57,275.30,4189600
2017-06-29,273.45,277.88,272.44,277.64,4083500
2017-06-30,277.90,279.48,275.38,277.86,4703800
2017-07-03,277.66,279.55,273.57,274.32,4566000
2017-07-04,275.40,278.34,274.86,277.39,5187200
2017-07-05,278.59,279.26,275.10,278.34,5763700
2017-07-06,277.40,284.63,275.92,283.07,3420500
2017-07-07,283.69,287.32,281.72,286.35,6391300
2017-07-10,288.66,289.44,286.37,289.05,3987200
2017-07-11,289.52,289.97,282.79,284.32,3930400
2017-07-12,283.36,284.36,278.32,279.77,2987400
2017-07-13,281.52,282.62,272.53,274.26,4924000
2017-07-14,274.24,275.18,272.04,272.32,5010200
2017-07-17,272.40,275.09,270.74,272.38,4732800
2017-07-18,271.87,272.31,262.31,263.88,4206200
2017-07-19,262.12,266.72,262.01,266.54,5585400
2017-07-20,264.02,264.10,257.43,259.09,4792200
2017-07-21,257.70,258.07,252.79,256.00,3829000
2017-07-24,252.80,255.48,251.74,254.82,4589100
2017-07-25,254.19,254.77,250.14,251.70,3818400
2017-07-26,252.20,252.44,243.61,246.21,4796400
2017-07-27,246.78,247.60,244.77,246.11,5408500
2017-07-28,247.25,247.62,237.11,238.81,4451400
2017-07-31,239.72,243.06,239.19,241.49,5827000
2017-08-01,242.26,243.57,240.25,241.05,4722500
2017-08-02,242.15,242.81,239.69,240.31,5315900
2017-08-03,239.79,240.43,237.57,239.27,5321500
2017-08-04,239.43,245.29,237.93,245.27,4370500
2017-08-07,244.42,246.45,241.89,245.16,6165500
2017-08-08,243.47,247.35,242.59,247.33,3633100
2017-08-09,247.50,247.88,243.25,243.84,4519000
2017-08-10,244.67,245.80,241.82,243.30,5366300
2017-08-11,244.56,244.96,240.53,240.63,5339900
2017-08-14,238.08,239.60,237.10,239.19,6014600
2017-08-15,240.31,241.91,239.69,241.61,4538500
2017-08-16,241.34,242.63,241.21,242.60,5357500
2017-08-17,242.79,242.91,240.78,241.43,5324200
2017-08-18,240.86,243.53,239.87,240.03,6122600
2017-08-21,240.11,241.77,234.01,235.32,7084000
2017-08-22,234.84,235.45,229.57,230.78,4536000
2017-08-23,231.14,235.84,231.07,234.98,4973800
2017-08-24,236.47,237.25,232.07,233.31,5140400
2017-08-25,232.01,233.17,230.40,231.33,5315700
2017-08-28,230.90,236.59,230.08,232.75,5607600
2017-08-29,232.50,235.03,227.15,228.14,3008500
2017-08-30,226.21,232.35,225.66,232.22,6264800
2017-08-31,231.15,232.63,230.70,232.22,5367200
2017-09-01,232.51,240.17,231.99,239.87,6444700
2017-09-04,238.20,241.19,236.71,237.72,6059300
2017-09-05,236.19,237.59,235.87,236.03,6057600
2017-09-06,234.93,238.57,234.37,238.06,3528100
2017-09-07,239.39,239.51,237.56,237.68,4621400
2017-09-08,237.97,238.33,235.39,237.43,3784000
2017-09-11,236.15,239.81,231.51,233.38,5113300
2017-09-12,234.28,235.85,228.42,228.85,4527100
2017-09-13,228.07,228.77,226.02,226.72,3881100
2017-09-14,225.37,232.05,223.51,230.64,4924700
2017-09-15,230.94,231.31,224.99,225.82,5393500
2017-09-18,226.61,230.68,222.11,227.98,5532300
2017-09-19,227.97,229.51,226.35,228.51,3596000
2017-09-20,229.29,229.65,228.19,229.24,4728100
2017-09-21,230.51,232.80,229.11,230.99,4794200
2017-09-22,232.06,232.74,220.68,222.19,4609000
2017-09-25,222.54,225.33,219.71,223.92,5663800
2017-09-26,224.40,225.92,219.66,222.72,4241900
2017-09-27,222.80,227.43,221.81,226.58,4964800
2017-09-28,227.35,232.24,227.26,229.71,5104000
2017-09-29,232.40,233.85,231.63,232.11,5224000
2017-10-02,231.07,235.19,230.96,233.80,5378000
2017-10-03,234.46,235.45,232.00,232.37,6574100
2017-10-04,232.41,236.58,229.30,235.57,5429800
2017-10-05,234.21,236.87,233.65,235.80,5867300
2017-10-06,236.23,236.32,231.78,232.74,5255000
2017-10-09,231.97,233.19,227.48,228.93,5597400
2017-10-10,226.20,230.90,225.24,230.37,5741100
2017-10-11,231.64,231.80,228.02,228.25,4335100
2017-10-12,228.55,228.92,222.78,224.38,5715600
2017-10-13,224.89,225.19,223.02,223.48,4195600
2017-10-16,225.54,226.19,220.33,221.03,4726400
2017-10-17,220.30,223.74,219.73,223.56,6979300
2017-10-18,224.16,224.38,217.37,217.39,5158200
2017-10-19,216.93,217.29,216.21,216.82,4349900
2017-10-20,216.94,220.39,216.36,219.39,5603000
2017-10-23,219.21,225.27,219.07,223.31,5944900
2017-10-24,223.26,224.26,215.24,217.38,3048600
2017-10-25,216.74,218.02,210.77,212.67,5543900
2017-10-26,211.78,212.05,209.94,210.96,5892300
2017-10-27,209.34,212.55,207.93,211.53,4618800
2017-10-30,211.34,212.85,205.75,208.04,5348500
2017-10-31,207.23,208.74,206.39,208.30,3751700
2017-11-01,207.95,215.18,206.84,214.59,4781900
2017-11-02,213.88,214.17,212.28,212.79,5062100
2017-11-03,212.37,217.62,210.86,217.57,6640900
2017-11-06,217.82,218.63,216.64,216.71,4638500
2017-11-07,216.51,217.60,215.66,216.86,4650000
2017-11-08,215.54,218.53,214.13,216.84,5021100
2017-11-09,217.34,220.99,216.87,218.62,5404400
2017-11-10,219.09,224.09,217.00,223.03,4307900
2017-11-13,223.35,227.48,221.03,227.47,5852500
2017-11-14,226.98,230.95,225.22,230.26,3264200
2017-11-15,229.35,229.72,223.06,224.07,6947100
2017-11-16,224.44,229.25,223.96,227.98,3612500
2017-11-17,227.62,230.36,227.11,230.04,5869500
2017-11-20,230.50,234.05,230.13,232.71,4251400
2017-11-21,234.43,235.34,232.99,234.16,4507800
2017-11-22,234.44,235.26,229.91,230.26,5118900
2017-11-23,229.33,232.48,226.57,231.64,6077400
2017-11-24,230.35,231.63,230.14,230.25,5639600
2017-11-27,229.71,230.59,227.87,228.23,5361700
2017-11-28,226.93,227.71,223.33,224.75,4068300
2017-11-29,224.08,231.02,221.00,230.55,6155200
2017-11-30,229.93,232.24,228.62,230.88,4836200
2017-12-01,231.14,237.12,229.09,234.28,4499100
2017-12-04,235.19,236.15,233.08,233.53,3633800
2017-12-05,233.49,235.27,228.23,228.86,5367700
2017-12-06,228.45,232.76,228.06,231.83,4594200
2017-12-07,232.78,234.57,231.98,233.91,6264100
2017-12-08,233.55,235.49,233.16,235.48,6897400
2017-12-11,235.65,237.54,234.95,237.13,5064600
2017-12-12,236.73,238.23,234.40,235.68,2849700
2017-12-13,236.51,247.68,234.38,246.52,5140900
2017-12-14,247.60,247.85,239.37,241.71,6129500
2017-12-15,241.24,242.22,236.97,237.72,5543300
2017-12-18,238.47,239.84,236.34,239.32,2862300
2017-12-19,239.61,240.53,231.36,233.38,5561500
2017-12-20,232.77,233.17,232.16,232.91,5444100
2017-12-21,233.57,235.69,232.10,232.52,5763200
2017-12-22,232.55,234.25,227.50,229.21,4759000
2017-12-25,228.94,236.14,228.65,235.17,5184000
2017-12-26,235.41,237.52,233.86,234.31,4603100
2017-12-27,234.58,241.60,233.15,241.06,5437600
2017-12-28,241.03,247.51,239.50,246.64,7137200
2017-12-29,247.55,250.59,245.39,249.12,6037000
2018-01-01,249.58,252.43,245.80,246.51,5133500
2018-01-02,245.20,245.46,239.66,241.83,4038200
2018-01-03,241.16,242.17,236.42,239.08,6627400
2018-01-04,238.55,239.93,236.37,237.37,6267400
2018-01-05,237.11,237.54,229.49,232.97,3859900
2018-01-08,232.92,233.81,229.20,230.51,5714100
2018-01-09,230.42,231.23,230.36,230.68,3933100
2018-01-10,232.23,232.47,229.46,230.87,6826100
2018-01-11,230.54,232.09,229.23,229.28,5648300
2018-01-12,229.23,230.95,228.75,230.41,5917400
2018-01-15,230.12,231.93,227.58,228.02,3981000
2018-01-16,227.34,229.12,221.55,222.49,3690200
2018-01-17,223.81,225.04,217.41,218.89,6231500
2018-01-18,219.30,220.95,218.01,218.23,6606100
2018-01-19,218.79,220.29,212.89,214.98,5152200
2018-01-22,214.83,215.01,208.08,209.01,5392200
2018-01-23,208.41,209.02,206.07,206.17,5011600
2018-01-24,206.87,207.77,204.34,204.85,4133500
2018-01-25,204.26,204.29,202.18,203.40,3289700
2018-01-26,203.95,207.13,202.88,206.92,4992500
2018-01-29,207.58,210.06,207.19,208.17,4392000
2018-01-30,208.49,218.34,207.96,214.52,4361000
2018-01-31,215.02,217.74,213.69,215.76,5822700
2018-02-01,215.39,216.11,214.88,215.15,4787600
2018-02-02,214.59,220.97,212.74,219.34,5770800
2018-02-05,220.32,227.20,219.59,226.39,6162600
2018-02-06,227.81,229.21,218.15,220.74,4515500
2018-02-07,219.99,220.58,214.88,215.51,4629400
2018-02-08,214.03,217.95,212.66,217.41,5237100
2018-02-09,217.82,219.84,215.42,215.90,4838000
2018-02-12,216.33,216.42,209.95,212.10,3903600
2018-02-13,211.79,215.03,210.75,214.12,5496000
2018-02-14,215.07,216.29,210.52,211.46,4693900
2018-02-15,210.82,218.31,210.63,216.90,6396500
2018-02-16,216.11,218.04,213.19,214.01,5570500
2018-02-19,213.08,215.37,212.77,213.01,4119700
2018-02-20,212.99,216.16,211.67,215.18,7138000
2018-02-21,215.34,216.21,214.03,214.56,4297100
2018-02-22,215.56,217.73,210.82,212.94,4836000
2018-02-23,212.80,213.89,211.75,212.87,4018600
2018-02-26,212.70,217.01,212.01,214.90,4561300
2018-02-27,216.31,218.08,213.50,215.31,8176600
2018-02-28,215.98,216.69,212.55,213.27,4821500
2018-03-01,213.51,214.43,211.51,211.68,5529900
2018-03-02,211.75,214.47,210.90,213.70,5813800
2018-03-05,213.31,214.21,210.56,211.38,6384600
2018-03-06,211.04,212.20,208.98,209.64,6016000
2018-03-07,210.16,212.87,209.64,209.76,3129200
2018-03-08,211.17,213.82,210.99,212.47,5479700
2018-03-09,212.64,218.57,209.79,217.46,3605900
2018-03-12,217.12,218.88,215.98,217.89,5082300
2018-03-13,218.72,219.04,216.17,217.13,3247300
2018-03-14,217.30,221.52,216.14,219.43,8144300
2018-03-15,218.98,227.17,216.49,225.09,6489400
2018-03-16,224.77,226.40,220.96,221.95,5537100
2018-03-19,221.47,221.75,219.39,220.19,4278300
2018-03-20,220.95,223.18,219.71,222.58,4157000
2018-03-21,222.72,223.27,220.84,221.48,5899300
2018-03-22,222.55,223.22,213.19,214.56,3567200
2018-03-23,215.25,215.30,209.82,210.88,5452900
2018-03-26,210.70,212.76,210.27,211.96,5308100
2018-03-27,211.90,217.85,210.57,215.39,2710500
2018-03-28,214.74,215.51,212.85,214.78,5148600
2018-03-29,214.87,215.10,208.52,208.60,5942900
2018-03-30,207.86,208.29,206.46,207.24,3757900
2018-04-02,206.78,208.71,206.32,207.84,5664400
2018-04-03,207.27,208.90,205.46,206.37,6087800
2018-04-04,205.92,206.55,204.16,204.74,5370400
2018-04-05,204.46,207.09,202.90,206.33,4058600
2018-04-06,207.76,209.83,206.79,209.13,4503900
2018-04-09,208.32,208.60,207.19,207.71,6069700
2018-04-10,206.78,209.87,205.29,209.07,5377200
2018-04-11,207.72,211.21,207.48,211.04,6220500
2018-04-12,209.06,214.17,208.26,213.87,3120400
2018-04-13,214.15,214.91,213.49,214.15,4445300
2018-04-16,214.75,216.03,214.00,215.75,5271600
2018-04-17,214.77,219.20,213.73,218.55,6000400
2018-04-18,218.64,223.34,217.79,222.57,4201700
2018-04-19,222.81,226.49,219.50,221.34,3753900
2018-04-20,222.28,228.08,219.78,227.64,5278700
2018-04-23,228.10,229.65,226.49,228.69,5475000
2018-04-24,228.28,235.51,228.19,235.01,4326100
2018-04-25,235.82,238.64,227.71,228.83,4664100
2018-04-26,226.94,235.18,224.26,233.38,4999100
2018-04-27,234.18,234.38,229.88,231.14,4607000
2018-04-30,232.29,233.55,229.31,230.55,6376300
2018-05-01,232.39,232.60,226.73,230.28,6017900
2018-05-02,229.67,230.01,228.78,229.78,4549500
2018-05-03,228.95,239.57,228.80,238.85,6054500
2018-05-04,239.81,242.96,238.90,241.56,5834800
2018-05-07,242.30,243.48,239.08,240.29,3855200
2018-05-08,240.64,247.76,238.60,247.62,5004700
2018-05-09,249.00,254.55,248.74,251.93,3318500
2018-05-10,252.04,254.51,247.70,248.65,7323100
2018-05-11,248.86,251.15,239.98,241.48,4799300
2018-05-14,242.45,246.28,242.02,245.86,5836500
2018-05-15,247.67,248.44,240.78,242.67,5872500
2018-05-16,242.30,244.09,239.87,244.02,6314700
2018-05-17,244.90,250.46,244.87,248.47,3532700
2018-05-18,247.21,251.21,246.89,250.31,4216300
2018-05-21,250.35,250.74,248.18,249.91,3512500
2018-05-22,249.34,256.58,248.54,254.67,5015400
2018-05-23,254.83,255.88,250.05,250.24,3542300
2018-05-24,249.17,260.17,248.29,258.30,6006400
2018-05-25,258.60,261.12,257.33,260.83,5501600
2018-05-28,261.41,261.84,254.91,256.73,4487800
2018-05-29,256.69,263.89,255.54,261.78,2703300
2018-05-30,262.23,266.10,261.78,265.83,5387000
2018-05-31,264.40,265.41,261.36,262.83,5305200
2018-06-01,265.44,269.63,265.08,266.64,5085400
2018-06-04,266.89,268.58,264.44,265.46,3943200
2018-06-05,265.48,268.83,265.17,267.81,5151100
2018-06-06,268.96,270.52,265.84,266.56,4505200
2018-06-07,265.01,266.55,260.17,260.50,4323800
2018-06-08,261.42,262.26,257.50,258.21,4522700
2018-06-11,257.95,259.33,254.12,257.55,3579600
2018-06-12,259.03,261.56,250.90,251.67,4058500
2018-06-13,251.53,255.62,250.90,253.39,6317700
2018-06-14,252.12,255.24,251.79,255.20,3640500
2018-06-15,254.43,260.40,254.13,259.85,5271200
2018-06-18,262.26,265.13,261.54,265.06,4615000
2018-06-19,265.70,265.76,265.13,265.61,5180900
2018-06-20,264.95,265.40,260.50,262.43,5356100
2018-06-21,260.33,264.20,259.85,261.28,6134400
2018-06-22,262.47,264.26,254.14,254.15,6472300
2018-06-25,252.81,257.71,252.59,257.38,5149900
2018-06-26,257.34,258.42,252.53,252.99,4994900
2018-06-27,251.99,256.46,251.23,255.56,3333400
2018-06-28,253.78,255.50,252.65,254.83,6189100
2018-06-29,255.41,260.04,255.07,257.09,3072900
2018-07-02,257.75,262.80,255.52,261.98,5806100
2018-07-03,261.43,263.45,256.06,257.46,4538200
2018-07-04,257.46,258.97,255.64,257.10,5799200
2018-07-05,259.35,259.46,255.97,256.74,4012700
2018-07-06,256.09,258.07,251.44,252.68,5628200
2018-07-09,253.13,258.35,252.46,257.20,4076600
2018-07-10,259.74,260.17,255.98,257.53,4917400
2018-07-11,257.10,259.63,254.85,258.04,5100000
2018-07-12,258.03,260.19,255.38,259.39,4378900
2018-07-13,259.35,259.91,252.62,252.65,6550400
2018-07-16,251.63,268.46,249.90,266.50,4024100
2018-07-17,267.61,267.85,261.85,262.43,6154000
2018-07-18,263.60,264.26,258.27,259.84,5215100
2018-07-19,259.82,260.21,252.66,253.35,5308200
2018-07-20,253.50,259.22,252.86,258.97,4358100
2018-07-23,256.63,257.10,250.14,251.39,4740400
2018-07-24,252.61,254.17,250.86,251.37,6151300
2018-07-25,252.41,253.78,247.09,247.16,3879700
2018-07-26,248.65,251.00,242.13,243.50,6523800
2018-07-27,243.49,250.44,241.00,249.07,5266200
2018-07-30,249.40,250.09,247.26,247.48,4489100
2018-07-31,246.81,247.37,243.74,244.06,5335000
2018-08-01,243.30,246.85,242.73,246.33,7216000
2018-08-02,247.43,249.53,246.73,247.65,6181600
2018-08-03,247.73,253.33,247.38,251.83,6811900
2018-08-06,253.12,254.03,250.81,251.53,3976800
2018-08-07,251.96,254.87,250.96,252.73,5103900
2018-08-08,252.09,252.13,248.40,248.61,3120900
2018-08-09,247.69,248.68,244.93,246.23,7634600
2018-08-10,246.30,246.82,239.76,240.11,4893800
2018-08-13,239.96,242.27,238.42,241.05,3607900
2018-08-14,240.61,242.16,240.04,241.18,5040700
2018-08-15,243.03,244.22,241.60,244.19,4432400
2018-08-16,245.51,245.68,244.64,245.19,3584700
2018-08-17,245.83,246.47,243.14,243.95,6795000
2018-08-20,244.57,246.45,242.95,243.39,4283900
2018-08-21,243.83,243.83,239.65,239.69,4461200
2018-08-22,241.66,244.18,234.26,236.01,4723100
2018-08-23,235.42,236.19,230.94,232.59,4722700
2018-08-24,231.71,233.96,228.99,230.16,2816700
2018-08-27,229.67,230.13,221.58,222.87,5585500
2018-08-28,222.64,231.26,221.83,228.66,6454900
2018-08-29,227.45,234.51,224.98,233.90,5124000
2018-08-30,234.77,241.70,233.05,240.30,5417600
2018-08-31,241.33,241.88,239.72,239.96,7137400
2018-09-03,238.50,245.26,236.16,245.18,2770800
2018-09-04,243.09,244.46,239.63,240.62,3056900
2018-09-05,240.35,241.99,235.16,237.78,4997100
2018-09-06,237.45,238.75,229.57,232.59,4532900
2018-09-07,232.45,234.43,226.74,229.49,3915600
2018-09-10,229.83,230.66,229.76,230.24,5605300
2018-09-11,229.83,232.17,222.73,224.65,5043300
2018-09-12,223.81,230.36,223.79,229.65,5682900
2018-09-13,229.70,230.95,225.94,226.48,6436300
2018-09-14,225.41,228.57,223.21,227.92,4832300
2018-09-17,227.35,232.09,226.82,229.79,4119500
2018-09-18,230.50,234.17,229.42,234.12,5035200
2018-09-19,233.09,240.64,230.44,237.14,5489400
2018-09-20,238.11,238.94,227.46,228.78,4691800
2018-09-21,228.91,231.87,227.80,229.62,4333100
2018-09-24,230.21,233.21,229.55,230.06,3954000
2018-09-25,229.85,231.16,218.55,221.34,3999000
2018-09-26,222.23,224.54,219.05,221.16,4061200
2018-09-27,221.11,221.25,218.87,219.86,5417400
2018-09-28,219.75,221.86,217.73,218.71,3153500
2018-10-01,219.46,221.81,218.72,219.67,5056100
2018-10-02,219.96,221.42,214.77,215.03,4733500
2018-10-03,216.13,216.35,213.27,214.89,4971500
2018-10-04,214.84,219.17,214.31,217.19,6240900
2018-10-05,216.77,218.03,213.41,214.35,5453900
2018-10-08,213.29,215.07,210.87,212.01,4513900
2018-10-09,212.32,218.70,212.30,217.77,5479500
2018-10-10,219.74,221.75,213.15,214.43,5763000
2018-10-11,214.93,217.02,211.72,212.90,4827400
2018-10-12,213.77,213.97,210.58,210.91,3121100
2018-10-15,210.75,213.20,209.56,210.61,4107200
2018-10-16,211.04,212.87,210.36,212.30,6090800
2018-10-17,211.60,215.96,210.22,214.49,6127500
2018-10-18,212.82,212.89,208.44,208.44,5602800
2018-10-19,208.69,214.88,206.30,212.60,5108000
2018-10-22,212.20,213.47,207.00,207.41,4807000
2018-10-23,207.25,207.39,201.24,203.62,3990800
2018-10-24,202.97,204.04,197.10,197.86,6131500
2018-10-25,198.26,201.09,197.24,197.54,4382000
2018-10-26,197.35,198.58,189.81,190.60,4312400
2018-10-29,191.32,193.84,190.71,192.66,4439100
2018-10-30,194.01,195.45,187.66,187.96,6428800
2018-10-31,186.93,193.00,185.30,190.56,4755100
2018-11-01,191.36,191.81,191.06,191.65,3917200
2018-11-02,190.38,191.27,189.86,190.81,5023700
2018-11-05,192.53,193.85,192.03,192.70,6493200
2018-11-06,193.38,193.58,190.59,190.67,6789100
2018-11-07,191.56,198.99,190.45,196.95,4557800
2018-11-08,196.28,198.01,194.88,196.55,5497800
2018-11-09,195.50,198.18,195.12,197.27,3589900
2018-11-12,195.90,201.01,193.77,199.88,4232200
2018-11-13,199.80,206.30,198.08,206.04,5486900
2018-11-14,206.38,214.68,206.15,213.73,5184200
2018-11-15,213.24,213.88,212.33,213.59,5073900
2018-11-16,213.28,215.31,213.04,214.13,5267100
2018-11-19,213.00,216.83,209.77,216.54,4670800
2018-11-20,217.31,219.52,215.16,215.20,6193300
2018-11-21,215.96,218.96,212.26,214.69,5484300
2018-11-22,214.69,214.89,211.73,211.91,4152300
2018-11-23,211.85,213.70,210.07,211.81,4107300
2018-11-26,210.87,214.60,209.61,213.88,6035200
2018-11-27,214.79,215.11,208.69,209.42,2681100
2018-11-28,209.70,211.84,208.44,211.82,4453900
2018-11-29,211.76,213.43,210.27,212.69,4118500
2018-11-30,212.93,213.89,210.97,211.70,4745600
2018-12-03,212.08,213.10,208.17,208.77,6684100
2018-12-04,208.26,213.33,207.38,212.68,5631200
2018-12-05,212.91,215.15,209.47,210.66,4701500
2018-12-06,210.19,216.19,209.81,215.22,4564900
2018-12-07,215.82,216.39,211.36,211.53,5624500
2018-12-10,211.65,212.17,209.85,210.37,4252300
2018-12-11,210.30,211.80,209.70,210.23,2740700
2018-12-12,210.99,218.99,210.40,217.18,3741900
2018-12-13,216.26,216.32,214.33,215.00,4476800
2018-12-14,215.23,215.76,213.86,214.99,3791200
2018-12-17,212.56,213.05,211.09,212.38,5026500
2018-12-18,212.89,212.89,210.09,210.48,6495500
2018-12-19,211.07,215.01,210.66,213.07,3355500
2018-12-20,213.03,214.01,206.72,206.82,5062300
2018-12-21,205.79,213.92,205.51,212.75,6039500
2018-12-24,211.89,215.58,211.62,213.37,4539100
2018-12-25,213.96,214.64,212.44,212.53,5453600
2018-12-26,213.47,215.89,212.00,215.31,4500100
2018-12-27,215.29,219.88,214.35,218.25,5324800
2018-12-28,218.10,223.39,217.71,222.35,6174300
2018-12-31,222.36,223.85,218.95,219.71,5713000
2019-01-01,219.40,220.52,216.32,217.12,4500600
2019-01-02,217.04,218.08,215.81,216.26,3892700
2019-01-03,217.65,218.22,214.27,215.13,5675100
2019-01-04,214.61,219.13,212.36,218.50,3748800
2019-01-07,218.83,218.88,212.64,216.62,4121000
2019-01-08,216.77,220.01,216.59,218.04,7415400
2019-01-09,217.48,217.79,215.77,216.60,3895200
2019-01-10,216.55,218.93,215.99,218.92,4859800
2019-01-11,216.94,219.77,216.31,218.33,4421300
2019-01-14,218.79,220.97,218.12,219.79,4559300
2019-01-15,220.16,224.39,220.11,224.01,5866400
2019-01-16,223.20,224.60,222.10,223.93,2682500
2019-01-17,223.44,226.52,222.58,223.75,6047600
2019-01-18,225.42,232.52,224.54,229.95,4505400
2019-01-21,229.32,229.74,221.82,223.42,4163400
2019-01-22,224.04,231.42,221.42,229.66,5133100
2019-01-23,230.31,234.37,229.48,233.06,4016300
2019-01-24,233.70,236.43,231.00,236.03,4731900
2019-01-25,237.13,241.93,235.57,241.11,4228800
2019-01-28,241.63,242.66,237.78,238.33,6562300
2019-01-29,238.64,239.49,237.07,238.50,4422000
2019-01-30,239.19,246.71,238.39,246.35,3871800
2019-01-31,246.34,249.74,242.25,247.55,5383100
2019-02-01,246.24,247.59,242.46,245.06,5030800
2019-02-04,243.95,246.78,242.41,245.57,6067400
2019-02-05,244.63,247.44,244.15,247.12,6473100
2019-02-06,249.22,249.51,244.88,245.06,4866800
2019-02-07,245.95,248.74,244.01,248.11,1964900
2019-02-08,247.44,248.76,245.05,247.83,5897900
2019-02-11,247.08,252.13,247.06,250.65,5356200
2019-02-12,251.32,254.34,250.96,253.50,5100500
2019-02-13,252.09,252.89,248.84,250.71,3491700
2019-02-14,249.82,250.64,247.38,247.93,5986700
2019-02-15,248.95,249.32,244.28,246.05,5128100
2019-02-18,246.71,256.12,245.02,256.08,5856600
2019-02-19,256.22,258.78,253.18,255.16,5815300
2019-02-20,254.28,260.02,253.31,259.92,5837200
2019-02-21,259.55,262.02,259.25,260.31,5754600
2019-02-22,259.09,265.48,258.23,265.40,5421100
2019-02-25,266.37,266.70,263.06,265.48,5366300
2019-02-26,262.99,265.36,261.27,265.27,4149800
2019-02-27,264.75,270.72,263.88,267.82,5551900
2019-02-28,267.78,267.94,265.03,267.04,4563000
2019-03-01,266.17,266.46,261.66,261.99,5735600
2019-03-04,262.28,268.59,261.65,266.10,5458100
2019-03-05,268.07,270.18,267.97,269.62,3902200
2019-03-06,269.02,272.25,266.01,268.60,5285900
2019-03-07,268.79,271.37,265.16,266.41,5801500
2019-03-08,266.41,269.72,265.88,267.72,4706300
2019-03-11,266.93,273.98,266.12,273.73,3840800
2019-03-12,272.88,276.57,271.17,276.02,5195200
2019-03-13,277.36,277.97,266.46,270.49,6215400
2019-03-14,271.34,273.60,268.81,270.07,3942600
2019-03-15,270.29,273.33,264.85,265.69,4889800
2019-03-18,266.79,267.67,264.45,265.46,6116000
2019-03-19,263.42,266.04,262.74,265.67,4306500
2019-03-20,265.18,266.54,262.21,265.33,7823000
2019-03-21,265.29,267.99,264.17,267.84,5868100
2019-03-22,268.08,274.52,266.82,271.64,3163000
2019-03-25,270.74,273.97,269.05,273.68,6040900
2019-03-26,272.93,273.99,271.83,272.69,6114900
2019-03-27,272.58,273.81,272.06,273.33,4916300
2019-03-28,272.45,274.76,271.34,273.57,4808300
2019-03-29,275.89,277.74,271.46,273.77,3845100
2019-04-01,272.70,279.56,270.04,276.66,6621700
2019-04-02,276.53,280.91,276.14,279.87,4837800
2019-04-03,281.17,282.14,277.53,278.92,6894200
2019-04-04,278.86,283.53,277.97,283.41,4819200
2019-04-05,282.58,288.87,280.17,287.90,5186300
2019-04-08,288.91,289.73,282.75,284.35,5156200
2019-04-09,285.45,287.63,282.69,284.94,4727700
2019-04-10,286.03,299.39,284.45,297.88,4778500
2019-04-11,298.12,298.74,297.84,298.06,5665300
2019-04-12,295.11,296.09,293.49,293.87,3122900
2019-04-15,293.54,295.27,290.82,292.20,3105600
2019-04-16,291.29,293.66,285.36,286.00,4220300
2019-04-17,286.44,286.55,277.41,278.37,6159300
2019-04-18,279.26,285.61,278.92,284.57,4033500
2019-04-19,282.94,290.63,282.06,289.94,5446900
2019-04-22,291.31,293.31,283.87,288.24,4064100
2019-04-23,288.80,289.82,282.69,283.11,4583800
2019-04-24,282.61,293.79,281.72,291.61,5964700
2019-04-25,289.14,289.79,282.93,286.76,3007900
2019-04-26,288.85,289.21,276.83,279.31,6939800
2019-04-29,280.02,280.20,278.07,278.64,4899700
2019-04-30,276.18,276.95,273.55,275.16,3714600
2019-05-01,275.83,278.78,275.57,278.03,5946500
2019-05-02,277.52,280.69,274.98,278.36,5060200
2019-05-03,278.89,284.09,277.47,281.69,5266900
2019-05-06,281.66,282.59,279.62,282.07,4375700
2019-05-07,283.20,283.55,273.60,277.42,4085800
2019-05-08,275.89,283.55,275.84,282.47,4546000
2019-05-09,282.63,283.04,273.02,273.42,5193100
2019-05-10,275.54,278.24,270.40,271.41,2384200
2019-05-13,270.57,272.84,269.84,271.84,2822100
2019-05-14,271.31,272.24,263.24,265.23,3553600
2019-05-15,266.24,266.59,258.86,259.99,5098600
2019-05-16,258.87,259.43,251.98,254.11,5563300
2019-05-17,254.74,257.36,251.22,252.69,4123600
2019-05-20,253.82,257.53,248.03,248.32,5170600
2019-05-21,248.05,249.74,244.04,248.91,6748300
2019-05-22,250.21,252.35,247.61,251.40,3941600
2019-05-23,249.04,250.91,248.57,250.49,5237200
2019-05-24,248.89,249.78,248.72,248.95,3420300
2019-05-27,249.36,258.90,248.22,258.38,5139500
2019-05-28,257.32,263.79,256.75,263.17,4631600
2019-05-29,262.95,263.99,260.90,261.57,5181900
2019-05-30,262.67,263.94,260.41,260.95,4687800
2019-05-31,260.15,260.77,255.64,256.46,4438600
2019-06-03,255.72,259.17,254.41,257.05,3785700
2019-06-04,255.62,256.04,255.03,255.90,3990200
2019-06-05,254.53,257.04,254.22,257.01,5423900
2019-06-06,255.60,259.35,253.67,254.09,4652500
2019-06-07,252.85,259.89,252.28,259.81,4577200
2019-06-10,259.85,260.21,256.00,256.52,5072700
2019-06-11,257.59,258.33,251.35,252.02,5087200
2019-06-12,251.77,254.72,246.00,246.76,4758500
2019-06-13,244.67,247.94,240.35,242.43,5973300
2019-06-14,240.44,241.30,240.03,240.95,4828600
2019-06-17,239.26,240.93,235.86,235.96,4759800
2019-06-18,236.25,238.81,235.17,237.94,3715600
2019-06-19,238.16,239.57,237.42,237.75,4096800
2019-06-20,238.66,240.91,237.17,240.91,4084600
2019-06-21,239.67,240.33,231.48,232.31,4754500
2019-06-24,231.99,236.90,230.97,234.60,3014700
2019-06-25,234.48,234.64,223.94,224.14,5213600
2019-06-26,226.01,227.38,222.64,225.14,4915600
2019-06-27,226.94,227.00,220.75,222.53,4481800
2019-06-28,222.67,225.49,221.54,224.91,6903100
2019-07-01,226.61,227.19,224.01,224.93,4876400
2019-07-02,224.65,232.51,222.68,230.19,3363900
2019-07-03,229.90,231.07,222.63,222.79,5775000
2019-07-04,223.61,226.59,219.51,220.03,5192200
2019-07-05,220.25,220.73,219.00,219.89,4494700
2019-07-08,219.67,221.89,218.39,219.69,4492500
2019-07-09,220.21,221.20,219.56,219.83,6520400
2019-07-10,219.26,225.48,219.14,224.87,3181900
2019-07-11,224.31,230.12,222.99,228.67,4601700
2019-07-12,228.16,228.84,227.03,227.61,5882100
2019-07-15,228.04,229.78,224.40,224.63,4471500
2019-07-16,224.20,231.09,222.72,229.04,4228300
2019-07-17,228.50,230.87,226.99,227.69,5519200
2019-07-18,227.69,228.81,225.17,226.08,4728100
2019-07-19,225.41,227.61,224.13,225.89,5397200
2019-07-22,226.39,228.09,224.15,224.69,5176500
2019-07-23,223.36,228.81,222.84,227.40,4884400
2019-07-24,227.76,229.41,224.65,225.85,6127400
2019-07-25,226.50,228.98,226.17,228.43,5002900
2019-07-26,226.99,230.96,224.93,229.95,4936200
2019-07-29,231.15,232.66,229.64,231.13,5638100
2019-07-30,230.68,236.60,229.62,234.13,4106900
2019-07-31,234.97,236.93,231.82,236.28,5585100
2019-08-01,235.35,240.67,234.96,237.69,4390300
2019-08-02,238.21,238.84,236.51,238.50,4260400
2019-08-05,239.67,244.43,238.83,242.53,3648600
2019-08-06,242.43,243.78,238.04,238.51,5513100
2019-08-07,239.47,248.40,239.01,246.78,4347300
2019-08-08,247.73,248.86,245.72,246.59,5966700
2019-08-09,246.00,247.03,244.63,245.55,4739400
2019-08-12,244.52,254.25,242.04,252.14,5342300
2019-08-13,253.78,259.82,252.00,258.05,3180400
2019-08-14,257.55,261.49,257.25,258.99,5302000
2019-08-15,260.17,264.04,259.78,263.28,3236800
2019-08-16,262.07,269.33,259.70,268.57,5543500
2019-08-19,268.64,271.82,265.29,270.72,4176500
2019-08-20,272.76,281.04,271.46,279.91,6245000
2019-08-21,281.69,286.76,281.06,284.19,4785300
2019-08-22,283.85,287.34,283.21,285.62,5419100
2019-08-23,286.50,292.07,286.45,291.65,7283500
2019-08-26,291.35,292.10,285.68,287.23,3616200
2019-08-27,285.59,291.33,282.94,291.10,4816500
2019-08-28,293.73,295.73,293.52,295.64,4016300
2019-08-29,294.97,296.63,288.01,288.02,5961000
2019-08-30,288.39,290.06,287.55,288.35,4309600
2019-09-02,287.61,291.26,285.94,289.63,4664500
2019-09-03,288.17,291.03,284.13,285.95,5665300
2019-09-04,286.15,290.55,285.75,289.74,4834400
2019-09-05,290.96,291.23,284.93,288.24,4214900
2019-09-06,287.20,292.30,286.04,290.80,3673900
2019-09-09,290.30,292.65,288.91,292.61,4933000
2019-09-10,292.81,296.45,292.09,295.24,5380900
2019-09-11,295.94,296.92,295.91,296.92,5306400
2019-09-12,295.50,298.54,291.80,295.84,4652300
2019-09-13,297.63,298.84,296.71,298.44,6280500
2019-09-16,300.49,305.26,299.58,304.77,4789000
2019-09-17,304.81,305.63,296.49,297.60,2578100
2019-09-18,296.32,299.84,295.01,295.58,6433600
2019-09-19,295.05,297.34,292.74,293.81,4766100
2019-09-20,295.50,297.73,278.62,281.97,3932300
2019-09-23,282.20,290.09,281.72,286.91,5340000
2019-09-24,285.05,286.44,283.84,285.45,5863000
2019-09-25,285.17,286.57,284.86,285.49,5404700
2019-09-26,286.98,289.42,278.95,281.08,5059100
2019-09-27,280.93,281.97,276.11,277.71,7428800
2019-09-30,278.26,281.72,276.74,280.79,4491500
2019-10-01,283.00,284.00,282.93,283.84,6623600
2019-10-02,283.52,287.40,283.10,285.58,3768700
2019-10-03,285.73,287.62,281.25,282.56,4750400
2019-10-04,282.97,283.57,278.60,281.72,3736800
2019-10-07,282.84,284.44,275.42,278.24,4792300
2019-10-08,277.68,278.50,276.04,277.02,5544600
2019-10-09,278.91,284.73,277.65,282.60,5453900
2019-10-10,281.17,285.17,280.31,284.65,4184100
2019-10-11,283.36,284.37,279.71,282.30,4549000
2019-10-14,282.00,285.51,281.21,284.05,4991100
2019-10-15,283.88,284.62,276.68,277.96,5891600
2019-10-16,276.18,277.33,273.79,275.04,6282300
2019-10-17,275.23,277.46,272.49,276.70,5835100
2019-10-18,276.40,278.79,274.24,278.69,4769500
2019-10-21,279.90,280.91,276.69,277.42,5134400
2019-10-22,277.59,283.51,277.26,281.42,4907500
2019-10-23,282.88,287.74,280.42,286.51,6206100
2019-10-24,288.27,289.26,287.69,287.87,5518000
2019-10-25,287.38,290.68,286.30,289.59,5450300
2019-10-28,289.39,290.96,286.57,290.15,4342700
2019-10-29,290.24,291.88,285.41,285.54,4191900
2019-10-30,284.81,285.23,281.17,281.72,6652700
2019-10-31,281.58,284.32,278.06,279.72,3737000
2019-11-01,279.00,288.86,276.21,284.54,3563300
2019-11-04,284.71,285.07,282.94,283.32,5168400
2019-11-05,282.63,286.13,281.31,285.73,6589700
2019-11-06,287.20,288.62,280.68,281.89,6515900
2019-11-07,284.43,285.52,279.57,282.12,4992300
2019-11-08,280.37,281.93,278.91,281.11,5471400
2019-11-11,280.93,281.01,278.94,279.00,3717300
2019-11-12,279.34,287.23,276.43,285.44,5539800
2019-11-13,284.29,284.58,280.33,281.43,4655800
2019-11-14,281.35,288.22,280.92,286.46,5310200
2019-11-15,286.53,287.16,282.98,285.79,4567600
2019-11-18,284.16,284.37,281.21,281.32,5793200
2019-11-19,282.89,284.38,278.89,279.16,5323000
2019-11-20,279.85,280.00,279.13,279.43,4353200
2019-11-21,280.30,281.80,273.67,273.83,7322300
2019-11-22,273.46,275.66,270.26,270.42,7230100
2019-11-25,270.50,272.32,268.88,270.59,5297000
2019-11-26,271.05,271.48,263.68,264.13,4876300
2019-11-27,263.87,266.17,257.34,257.81,4435300
2019-11-28,258.44,263.68,257.79,263.45,5859900
2019-11-29,263.22,263.24,258.55,259.67,5868400
2019-12-02,260.22,262.38,256.32,256.63,4792600
2019-12-03,255.74,266.19,255.43,266.08,4892200
2019-12-04,266.09,266.43,265.34,265.75,5069300
2019-12-05,266.04,268.73,265.54,267.09,4537500
2019-12-06,266.99,268.18,264.37,267.86,5189500
2019-12-09,270.16,272.23,266.85,268.29,6260900
2019-12-10,267.96,274.90,267.02,274.74,4629200
2019-12-11,275.70,278.06,275.04,275.66,4816900
2019-12-12,275.65,275.74,266.59,268.81,4748600
2019-12-13,266.10,271.77,264.13,268.59,3814600
2019-12-16,269.69,269.87,264.91,265.28,5995600
2019-12-17,266.90,269.06,262.55,263.22,4976400
2019-12-18,265.14,267.54,264.86,266.22,4091300
2019-12-19,265.88,268.71,259.77,260.21,4575500
2019-12-20,259.46,267.30,256.73,267.09,6228500
2019-12-23,265.32,265.80,263.33,264.74,5229500
2019-12-24,265.33,265.56,261.33,262.12,5223200
2019-12-25,262.51,269.28,262.31,267.25,4365700
2019-12-26,268.29,270.08,264.81,266.32,5491300
2019-12-27,268.37,270.40,266.28,268.54,5984200
2019-12-30,268.67,276.91,266.67,276.75,3334000
2019-12-31,277.83,282.80,275.49,280.73,5716500
2020-01-01,283.03,283.15,279.03,280.84,6838400
2020-01-02,282.27,285.71,281.18,283.64,3230300
2020-01-03,282.16,287.82,279.88,286.85,6611200
2020-01-06,285.17,287.57,282.33,282.97,3764700
2020-01-07,283.34,284.97,282.57,282.82,4509200
2020-01-08,282.26,283.69,277.39,279.79,4508000
2020-01-09,279.61,282.87,277.74,282.37,3851600
2020-01-10,283.27,285.03,279.33,279.87,4960000
2020-01-13,279.87,287.45,278.70,285.04,4093400
2020-01-14,286.09,286.70,276.79,279.06,4985100
2020-01-15,280.18,282.78,278.62,280.96,3653200
2020-01-16,281.27,286.31,280.05,286.16,6524800
2020-01-17,284.19,284.92,279.70,282.14,4606700
2020-01-20,281.58,285.27,271.58,273.05,4823100
2020-01-21,271.64,275.84,271.22,275.27,3858800
2020-01-22,275.03,281.85,274.87,280.65,4492400
2020-01-23,280.50,282.42,279.56,282.28,5767100
2020-01-24,281.89,283.28,278.95,280.85,4301400
2020-01-27,278.93,280.84,276.87,280.65,5118500
2020-01-28,279.35,286.24,278.32,285.51,5646200
2020-01-29,284.97,287.07,271.26,271.78,6672700
2020-01-30,271.65,278.17,271.19,277.20,4394600
2020-01-31,277.02,278.31,276.23,277.76,5642200
2020-02-03,277.56,279.56,276.04,278.69,4761800
2020-02-04,280.80,283.55,278.73,281.72,5208400
2020-02-05,279.89,287.44,278.34,285.19,5239400
2020-02-06,285.31,285.59,278.51,280.17,4496600
2020-02-07,279.97,286.94,279.28,284.86,6416600
2020-02-10,283.22,283.30,276.24,277.14,5203200
2020-02-11,275.13,278.65,274.71,278.33,6734000
2020-02-12,276.77,277.27,273.88,275.86,5248500
2020-02-13,276.24,278.36,270.68,271.32,4698200
2020-02-14,270.86,274.50,270.07,271.40,6162300
2020-02-17,270.71,273.55,257.86,259.87,5877700
2020-02-18,259.16,273.05,257.48,271.18,4743200
2020-02-19,270.60,270.81,267.97,270.27,4717100
2020-02-20,269.38,270.92,265.73,267.00,5522700
2020-02-21,265.46,266.89,262.08,264.25,5276400
2020-02-24,262.23,266.52,260.73,265.91,4241200
2020-02-25,266.05,267.37,261.06,266.03,6321700
2020-02-26,267.10,267.79,265.03,267.48,7863100
2020-02-27,267.21,268.94,265.90,268.83,6390000
2020-02-28,269.37,271.24,267.73,270.18,5241200
2020-03-02,270.07,271.68,264.73,265.16,5538400
2020-03-03,264.52,265.36,262.62,263.51,4901600
2020-03-04,264.08,265.24,263.03,263.52,4498500
2020-03-05,263.56,264.85,256.81,257.33,4770600
2020-03-06,257.62,259.10,251.80,253.68,5885400
2020-03-09,255.03,255.27,249.50,250.04,3485200
2020-03-10,249.69,260.00,249.65,257.43,4160600
2020-03-11,256.36,263.06,255.68,262.61,5276700
2020-03-12,263.02,264.72,262.66,264.62,4577200
2020-03-13,266.60,268.64,261.89,262.39,4412300
2020-03-16,262.37,269.14,262.32,267.94,4309700
2020-03-17,269.04,270.74,266.19,267.64,4750700
2020-03-18,266.87,268.74,266.42,267.65,5080500
2020-03-19,270.00,272.40,261.25,264.29,4292300
2020-03-20,264.26,265.38,262.47,263.90,3138600
2020-03-23,263.26,266.16,261.77,264.18,4519900
2020-03-24,265.58,266.10,258.86,259.27,5569300
2020-03-25,258.26,259.27,257.09,257.93,4771600
2020-03-26,257.37,266.71,254.77,264.51,5529200
2020-03-27,263.94,265.80,263.68,265.75,2912100
2020-03-30,264.86,268.99,262.12,266.46,3566400
2020-03-31,269.84,270.29,254.23,257.13,4360900
2020-04-01,257.94,260.86,256.44,259.78,5657700
2020-04-02,260.11,260.51,257.52,258.01,4293200
2020-04-03,259.27,263.08,251.94,252.23,2687600
2020-04-06,252.71,254.05,245.96,246.77,4976100
2020-04-07,248.65,254.47,246.96,253.96,4247500
2020-04-08,254.67,256.76,253.27,253.68,4421100
2020-04-09,252.63,258.38,252.21,255.96,4477400
2020-04-10,256.93,257.55,256.68,257.47,5331100
2020-04-13,257.89,260.28,257.57,260.07,5691000
2020-04-14,259.94,260.57,258.22,258.50,5630200
2020-04-15,259.07,263.15,257.84,260.93,4551100
2020-04-16,260.94,261.57,255.34,255.81,4175800
2020-04-17,255.11,257.14,246.28,248.73,5296700
2020-04-20,250.28,255.88,250.25,254.90,4133400
2020-04-21,254.92,256.28,250.44,252.24,5158200
2020-04-22,252.81,252.91,248.41,248.69,6882400
2020-04-23,248.17,249.08,244.67,246.14,5586400
2020-04-24,244.45,251.37,243.97,248.94,3649900
2020-04-27,248.66,255.28,248.12,252.88,4219300
2020-04-28,252.86,253.09,243.49,244.70,7024700
2020-04-29,246.31,246.87,237.97,239.19,5653400
2020-04-30,238.72,238.75,236.71,238.16,5158100
2020-05-01,238.66,241.52,237.27,238.63,4743800
2020-05-04,237.75,243.13,235.89,241.45,3979700
2020-05-05,239.59,249.38,238.62,248.47,5413400
2020-05-06,247.93,250.03,243.64,245.66,4469000
2020-05-07,244.46,253.53,242.47,251.93,4969700
2020-05-08,252.45,254.15,250.25,250.44,3955600
2020-05-11,249.49,256.89,248.74,256.45,6617500
2020-05-12,255.37,255.47,253.56,253.71,5889700
2020-05-13,254.04,254.51,244.63,245.41,4753400
2020-05-14,243.56,253.67,243.03,250.82,4957200
2020-05-15,251.52,251.66,247.85,249.30,5658600
2020-05-18,247.03,253.50,245.71,250.46,4991100
2020-05-19,250.78,252.75,248.61,251.71,3823900
2020-05-20,252.12,258.48,247.81,257.10,4827700
2020-05-21,254.92,255.38,254.36,254.97,6271700
2020-05-22,253.66,265.41,252.88,261.97,4145200
2020-05-25,261.58,264.86,260.68,262.28,4296600
2020-05-26,260.34,262.21,252.93,256.12,4690100
2020-05-27,257.14,258.53,250.69,252.37,5577400
2020-05-28,253.09,256.68,251.49,254.27,5642800
2020-05-29,253.96,263.52,253.82,262.02,4526000
2020-06-01,261.60,264.07,259.71,259.84,4305700
2020-06-02,260.54,260.57,252.84,253.69,5753400
2020-06-03,253.14,253.60,252.46,252.66,5198700
2020-06-04,252.28,261.88,252.19,260.30,5811600
2020-06-05,260.24,266.54,259.39,265.93,6388700
2020-06-08,267.40,268.69,265.69,267.05,4228500
2020-06-09,267.92,268.28,265.08,266.41,6845800
2020-06-10,266.03,266.33,262.45,263.86,4558100
2020-06-11,262.53,263.19,261.26,263.09,5726800
2020-06-12,261.43,262.24,258.09,259.57,3858600
2020-06-15,258.75,260.69,252.64,256.60,6083600
2020-06-16,255.79,263.21,255.39,261.96,5074500
2020-06-17,261.03,262.69,251.27,254.13,7003800
2020-06-18,255.01,258.57,253.93,258.20,4767200
2020-06-19,259.01,260.26,257.20,257.21,5215600
2020-06-22,257.30,260.21,255.33,256.54,5474900
2020-06-23,255.48,260.56,255.01,257.77,5382400
2020-06-24,259.07,261.18,258.82,261.12,4297100
2020-06-25,260.76,262.72,260.64,262.49,5182700
2020-06-26,263.74,264.51,261.24,261.42,5461600
2020-06-29,261.35,261.80,258.23,259.33,5395900
2020-06-30,258.63,265.41,257.32,264.50,3421600
2020-07-01,265.59,269.51,264.83,269.14,5601700
2020-07-02,268.74,270.99,268.10,270.35,4761700
2020-07-03,271.23,274.61,270.01,274.21,4576700
2020-07-06,273.64,278.07,271.65,275.97,4703000
2020-07-07,277.65,278.47,271.94,273.57,4134200
2020-07-08,270.72,280.15,267.73,279.67,4557700
2020-07-09,279.46,285.71,277.84,285.45,2952900
2020-07-10,286.80,287.21,282.34,284.82,6058900
2020-07-13,284.94,285.54,279.22,282.95,4152800
2020-07-14,283.05,293.35,280.89,292.56,3980800
2020-07-15,292.01,293.46,282.06,285.03,3639800
2020-07-16,283.13,284.84,275.27,276.78,4765500
2020-07-17,276.09,277.33,265.97,270.24,5013700
2020-07-20,269.69,272.33,269.51,270.44,4567500
2020-07-21,268.68,275.79,267.20,274.73,4128900
2020-07-22,275.24,279.74,273.61,279.07,6522400
2020-07-23,279.21,279.96,277.18,278.79,3090100
2020-07-24,278.46,278.78,276.83,278.38,5573500
2020-07-27,277.18,279.19,275.55,277.59,5323000
2020-07-28,276.02,276.76,275.37,275.67,4363500
2020-07-29,277.20,279.63,272.53,273.26,4919100
2020-07-30,273.31,274.77,270.36,272.86,6170800
2020-07-31,273.82,279.16,272.13,277.85,4797000
2020-08-03,277.67,278.57,272.42,272.80,3235100
2020-08-04,270.95,276.71,270.49,276.50,3979100
2020-08-05,277.01,278.05,276.54,277.88,1845900
2020-08-06,277.21,284.77,276.94,284.34,5974100
2020-08-07,282.52,283.76,279.72,280.62,4552400
2020-08-10,282.01,289.29,279.19,287.74,4604400
2020-08-11,289.00,289.29,285.69,287.25,7126100
2020-08-12,289.02,289.31,278.98,280.91,5659700
2020-08-13,280.36,281.02,280.01,280.59,4363700
2020-08-14,281.34,283.20,278.51,279.12,6854000
2020-08-17,280.51,280.62,274.87,276.25,6050300
2020-08-18,276.76,279.06,275.60,278.27,5634200
2020-08-19,277.84,279.25,276.72,276.81,6518900
2020-08-20,276.17,286.22,274.61,285.25,5845900
2020-08-21,283.80,288.65,283.51,287.09,5724000
2020-08-24,287.11,288.52,281.48,282.25,4826800
2020-08-25,283.59,285.36,281.02,281.05,4405800
2020-08-26,280.82,297.25,280.00,295.80,6652600
2020-08-27,296.21,299.45,296.00,298.54,4270200
2020-08-28,300.80,303.84,298.29,301.68,5752500
2020-08-31,300.91,308.08,298.25,307.74,5937300
2020-09-01,308.93,311.22,308.44,309.60,3832700
2020-09-02,311.58,312.80,307.50,307.96,3889400
2020-09-03,307.48,310.55,306.48,308.23,4876200
2020-09-04,309.08,312.39,308.07,309.15,3181400
2020-09-07,309.16,313.44,301.28,303.57,6516800
2020-09-08,301.86,305.22,300.05,303.50,5843000
2020-09-09,303.74,309.77,303.19,306.35,6241900
2020-09-10,306.80,309.57,304.05,304.24,5527900
2020-09-11,304.53,305.53,296.20,298.44,5587300
2020-09-14,298.85,300.80,298.15,300.79,5212600
2020-09-15,301.50,301.74,294.57,296.75,5108700
2020-09-16,296.26,297.68,284.49,286.42,4994000
2020-09-17,286.26,289.21,283.12,288.59,5231600
2020-09-18,287.27,292.60,285.59,290.48,6160000
2020-09-21,291.44,294.28,283.23,284.28,5501800
2020-09-22,284.09,285.85,275.22,277.89,5830600
2020-09-23,277.54,280.06,277.01,278.39,5140000
2020-09-24,280.84,282.28,278.25,280.52,3993800
2020-09-25,280.00,282.79,276.05,282.65,5333600
2020-09-28,283.51,286.18,282.80,285.82,4907200
2020-09-29,284.49,285.47,274.15,274.74,3569900
2020-09-30,275.63,275.99,272.56,273.15,4889600
2020-10-01,271.51,278.41,270.77,277.84,5350100
2020-10-02,278.76,278.94,269.45,271.79,6094400
2020-10-05,271.42,280.21,269.68,278.19,3766000
2020-10-06,279.47,282.34,277.05,278.09,3329500
2020-10-07,277.00,280.05,276.85,279.90,4689300
2020-10-08,282.09,282.72,276.51,277.31,4761800
2020-10-09,277.33,279.81,276.86,277.14,4231200
2020-10-12,276.05,281.49,275.19,280.58,4538800
2020-10-13,280.75,284.65,278.36,284.03,5430000
2020-10-14,284.72,287.83,282.87,286.51,5257200
2020-10-15,286.06,286.44,284.50,285.23,2478100
2020-10-16,284.12,285.50,280.86,283.76,3246700
2020-10-19,286.00,293.39,284.15,292.18,5865500
2020-10-20,291.59,291.78,290.68,290.83,5336800
2020-10-21,289.12,291.16,285.77,286.71,6000400
2020-10-22,288.81,290.19,285.17,286.51,6238200
2020-10-23,288.59,293.89,285.62,286.57,5912500
2020-10-26,286.91,288.42,284.84,287.84,5152100
2020-10-27,287.42,288.28,285.80,288.16,6025500
2020-10-28,290.03,290.62,282.48,283.71,5256100
2020-10-29,284.80,285.08,277.67,281.46,5405800
2020-10-30,282.32,283.09,276.20,277.13,4171100
2020-11-02,276.80,277.75,276.68,277.54,4782600
2020-11-03,278.36,278.55,270.96,272.46,4486500
2020-11-04,273.83,276.79,272.20,275.82,6515100
2020-11-05,278.05,283.34,277.69,282.16,5542300
2020-11-06,283.76,287.63,283.13,286.16,4212300
2020-11-09,286.44,294.30,286.19,292.48,5411800
2020-11-10,293.25,295.60,290.82,294.99,5593100
2020-11-11,294.85,297.06,288.63,292.18,4451400
2020-11-12,292.39,300.24,291.24,299.70,5113700
2020-11-13,301.11,304.97,295.53,297.80,5279000
2020-11-16,297.21,301.62,295.82,300.67,4993100
2020-11-17,302.75,303.11,301.13,302.62,5669600
2020-11-18,303.45,305.94,301.18,303.45,4932000
2020-11-19,303.95,305.03,300.92,302.69,3905600
2020-11-20,302.64,306.82,300.92,306.37,4750200
2020-11-23,308.11,310.03,298.33,300.71,5495700
2020-11-24,301.02,301.59,296.21,297.48,5884300
2020-11-25,296.26,297.55,286.81,287.44,4283400
2020-11-26,286.25,286.60,282.54,285.79,5763400
2020-11-27,285.30,290.27,283.57,289.32,5180500
2020-11-30,290.16,292.78,286.07,287.51,4617200
2020-12-01,287.44,288.63,277.64,278.15,5049900
2020-12-02,277.60,279.10,272.39,275.05,5386100
2020-12-03,275.26,280.61,273.60,279.63,6291400
2020-12-04,279.03,279.75,277.39,277.84,3575100
2020-12-07,278.48,285.25,275.64,284.12,5842500
2020-12-08,285.40,286.14,281.87,282.46,5056400
2020-12-09,283.25,286.90,282.19,284.82,4726800
2020-12-10,285.22,287.04,281.21,282.13,5711400
2020-12-11,280.38,282.69,267.58,268.19,4576500
2020-12-14,269.42,270.56,262.05,263.95,4245500
2020-12-15,264.14,267.06,262.87,266.99,5946700
2020-12-16,267.05,267.82,259.61,260.34,5501700
2020-12-17,260.07,260.74,254.34,255.91,5574100
2020-12-18,257.11,260.45,256.25,258.72,3165700
2020-12-21,258.59,259.24,257.43,259.00,4009600
2020-12-22,258.60,259.25,252.27,253.85,6479700
2020-12-23,252.82,254.20,252.48,253.62,6205400
2020-12-24,254.67,254.96,251.03,253.45,4107500
2020-12-25,250.67,260.63,249.89,260.25,5926200
2020-12-28,261.16,262.33,259.04,259.56,5572400
2020-12-29,258.37,268.25,255.96,266.31,6610700
2020-12-30,267.73,267.87,263.59,265.96,4587200
2020-12-31,265.47,268.78,259.80,261.61,4817700
2021-01-01,262.74,266.13,262.07,265.49,5398900
2021-01-04,265.68,265.73,261.11,261.98,3374700
2021-01-05,264.06,264.66,258.27,259.92,6612200
2021-01-06,260.10,265.82,257.90,264.11,6529100
2021-01-07,264.80,265.77,255.28,258.85,3944900
2021-01-08,258.67,260.17,253.99,255.96,6085200
2021-01-11,255.38,256.92,249.69,250.78,3946000
2021-01-12,250.63,255.40,248.44,253.41,5174400
2021-01-13,253.25,256.96,246.58,247.29,3719700
2021-01-14,249.07,250.65,245.25,246.53,4478500
2021-01-15,246.67,249.53,246.38,248.74,6115300
2021-01-18,248.32,249.30,245.36,248.47,4873900
2021-01-19,245.85,249.17,245.03,248.57,5640800
2021-01-20,246.52,249.26,245.65,249.07,6038800
2021-01-21,248.68,250.88,247.56,250.59,4383600
2021-01-22,250.34,252.56,246.71,247.28,5048500
2021-01-25,248.75,252.06,243.17,244.15,4586300
2021-01-26,243.66,245.43,241.18,242.42,5587800
2021-01-27,240.64,243.94,238.13,239.40,3810400
2021-01-28,240.07,242.14,236.15,236.61,6418300
2021-01-29,235.81,236.57,234.58,235.45,4434500
2021-02-01,235.09,235.26,231.24,231.63,5448000
2021-02-02,232.69,236.80,229.02,236.55,3768100
2021-02-03,237.58,239.07,237.40,238.99,4863800
2021-02-04,238.13,238.72,235.88,236.83,4527400
2021-02-05,238.74,239.36,232.81,234.41,4870300
2021-02-08,234.12,234.20,231.40,231.55,4906500
2021-02-09,231.21,232.99,228.70,229.65,4890100
2021-02-10,229.25,229.95,223.14,224.16,6130300
2021-02-11,223.32,224.18,217.80,219.15,5227300
2021-02-12,221.11,221.52,213.13,214.50,5002400
2021-02-15,213.75,213.78,210.52,212.49,4095400
2021-02-16,211.00,211.60,208.13,208.32,5188700
2021-02-17,207.01,208.33,204.51,205.44,5296700
2021-02-18,204.82,208.95,203.88,208.33,5025600
2021-02-19,208.22,209.41,207.11,208.15,5906600
2021-02-22,208.14,211.50,207.39,210.72,5425700
2021-02-23,211.29,213.88,206.42,207.14,6304300
2021-02-24,206.61,212.80,206.16,210.59,6462400
2021-02-25,211.23,214.12,210.57,213.02,6179900
2021-02-26,211.87,213.85,211.09,213.38,3628400
2021-03-01,213.37,214.43,212.89,213.87,4100900
2021-03-02,215.64,218.32,215.41,217.48,5287300
2021-03-03,215.58,220.61,215.15,220.09,3865800
2021-03-04,220.80,222.38,211.53,211.84,5648300
2021-03-05,211.63,213.54,204.43,205.58,4852800
2021-03-08,205.11,205.38,200.51,202.24,5478800
2021-03-09,203.81,204.40,197.79,200.16,5594900
2021-03-10,198.70,202.94,197.99,200.17,6370700
2021-03-11,199.14,200.35,196.01,196.15,5491200
2021-03-12,195.48,207.20,194.06,205.79,4565600
2021-03-15,206.86,209.85,206.37,209.20,5966100
2021-03-16,209.98,216.59,209.23,214.67,5636000
2021-03-17,215.25,216.05,213.73,215.05,4638900
2021-03-18,214.35,220.13,214.11,217.36,5104100
2021-03-19,217.49,221.25,216.87,219.07,5377100
2021-03-22,219.07,220.05,217.04,217.63,5434100
2021-03-23,216.15,222.41,213.76,222.24,5699100
2021-03-24,221.48,226.55,221.35,225.49,4339400
2021-03-25,224.94,227.61,224.32,227.52,4029800
2021-03-26,227.37,236.34,226.49,235.88,5759000
2021-03-29,236.80,240.04,233.98,239.14,4331100
2021-03-30,238.70,238.99,237.47,237.89,5078400
2021-03-31,238.63,241.59,236.87,238.34,2843800
2021-04-01,238.39,244.21,238.25,243.51,3831800
2021-04-02,243.51,243.91,237.67,238.31,6172500
2021-04-05,239.66,242.28,238.56,241.84,3299300
2021-04-06,240.63,242.57,234.81,235.75,3151700
2021-04-07,235.77,241.03,234.55,240.35,6119900
2021-04-08,241.43,250.89,240.07,248.15,7388200
2021-04-09,246.39,249.57,244.92,249.02,4726200
2021-04-12,248.70,251.40,246.24,247.99,4673400
2021-04-13,248.05,248.55,242.80,243.19,4921900
2021-04-14,242.34,249.83,241.38,249.61,4866700
2021-04-15,250.47,257.62,249.48,255.44,5017900
2021-04-16,256.08,256.78,254.90,255.51,4519000
2021-04-19,256.54,257.52,250.93,251.19,5603300
2021-04-20,250.03,250.50,244.49,244.76,5049400
2021-04-21,245.14,248.69,244.65,247.08,4825000
2021-04-22,245.99,246.91,243.42,244.83,4223100
2021-04-23,243.99,246.59,243.25,246.51,6821800
2021-04-26,246.68,253.68,242.86,252.26,4406100
2021-04-27,251.25,254.23,250.53,253.13,4819700
2021-04-28,253.92,260.87,250.42,259.82,4869900
2021-04-29,260.97,270.54,260.89,268.42,6076900
2021-04-30,267.75,269.74,263.89,266.43,5056700
2021-05-03,267.52,268.13,263.42,264.03,3826300
2021-05-04,266.17,268.16,257.48,258.52,6846300
2021-05-05,257.93,261.55,255.97,261.54,6801300
2021-05-06,261.12,262.20,258.03,258.93,6193600
2021-05-07,259.50,260.58,255.54,256.68,4052500
2021-05-10,258.50,258.94,255.71,255.75,5384100
2021-05-11,256.38,261.00,255.69,260.10,5200400
2021-05-12,261.94,266.46,260.70,265.50,6064100
2021-05-13,263.52,270.19,263.41,268.44,4227500
2021-05-14,270.25,274.05,270.04,272.15,4271000
2021-05-17,272.18,272.89,264.25,265.67,4445100
2021-05-18,265.93,266.75,263.96,264.81,6275900
2021-05-19,264.55,266.45,261.44,262.31,4365100
2021-05-20,262.03,265.89,261.96,264.34,4618900
2021-05-21,263.97,269.36,263.88,268.14,3515700
2021-05-24,269.82,270.20,259.03,261.39,5443300
2021-05-25,260.51,261.89,259.23,260.31,5514300
2021-05-26,260.92,261.69,255.92,256.01,4881000
2021-05-27,255.40,255.50,253.30,254.55,5481500
2021-05-28,254.77,255.13,253.37,254.33,4271700
2021-05-31,253.39,256.68,252.07,255.23,5230900
2021-06-01,254.78,256.05,252.86,253.30,3813200
2021-06-02,253.32,256.26,250.67,252.78,6172600
2021-06-03,252.99,253.29,252.54,253.12,4444100
2021-06-04,253.05,255.54,251.46,254.44,6644400
2021-06-07,253.76,254.29,252.37,253.13,6813400
2021-06-08,254.06,255.50,251.56,254.66,5019100
2021-06-09,255.31,257.60,251.88,256.98,5130500
2021-06-10,255.76,258.79,255.60,258.58,4403900
2021-06-11,259.02,260.57,255.91,258.44,6139500
2021-06-14,257.62,266.67,255.52,263.21,3797500
2021-06-15,265.17,271.87,263.57,270.84,5553900
2021-06-16,270.71,270.74,264.65,266.38,4242300
2021-06-17,266.41,268.82,264.00,267.18,4089700
2021-06-18,266.05,267.05,263.88,265.64,4642000
2021-06-21,265.54,266.51,263.43,264.29,5322300
2021-06-22,266.36,267.89,262.33,262.83,5171200
2021-06-23,264.00,264.41,261.05,261.14,4902500
2021-06-24,260.12,263.73,257.86,263.40,5269000
2021-06-25,263.08,267.24,259.94,265.52,5762900
2021-06-28,263.82,265.28,262.59,264.89,4820300
2021-06-29,265.06,269.93,263.12,268.89,4541000
2021-06-30,266.65,270.77,266.48,269.53,4452500
2021-07-01,271.83,272.91,265.50,266.13,4052600
2021-07-02,266.75,271.21,265.65,269.42,3931100
2021-07-05,269.75,270.98,267.48,269.86,4414300
2021-07-06,270.68,272.42,266.58,271.71,4802900
2021-07-07,272.61,272.85,266.79,268.70,4532200
2021-07-08,267.02,275.70,266.67,274.76,4938300
2021-07-09,273.77,281.49,273.22,279.01,5909600
2021-07-12,277.45,277.69,268.07,272.66,4392500
2021-07-13,270.87,273.34,270.73,272.50,4673900
2021-07-14,271.90,275.03,266.90,268.18,3612000
2021-07-15,269.39,270.24,257.31,258.01,5626500
2021-07-16,258.51,259.03,255.56,256.00,4284600
2021-07-19,255.72,256.35,253.84,255.04,5036800
2021-07-20,253.67,253.77,249.26,250.48,5061300
2021-07-21,250.72,258.77,247.85,256.17,4765000
2021-07-22,257.26,257.40,253.50,254.42,5057500
2021-07-23,252.82,258.06,251.33,257.79,4407300
2021-07-26,259.63,260.09,254.68,257.15,5090400
2021-07-27,256.74,260.93,253.22,255.06,5425300
2021-07-28,255.60,255.66,250.48,252.81,5578400
2021-07-29,253.53,255.18,252.21,254.15,3659200
2021-07-30,253.86,254.79,250.61,252.07,3433000
2021-08-02,252.41,253.24,250.59,252.48,5730800
2021-08-03,251.64,256.16,250.39,251.52,5821100
2021-08-04,252.25,265.58,251.50,261.19,5965400
2021-08-05,261.31,263.34,260.32,260.45,3292700
2021-08-06,261.35,264.15,255.06,256.98,5464300
2021-08-09,256.05,259.14,255.79,259.12,6659000
2021-08-10,260.07,260.08,253.02,255.95,5038600
2021-08-11,253.74,256.85,253.53,256.53,4761600
2021-08-12,256.12,256.33,251.90,252.36,6651600
2021-08-13,252.35,253.13,242.42,244.46,4437200
2021-08-16,244.18,244.38,240.21,240.47,4956500
2021-08-17,241.97,243.85,235.83,238.43,4663700
2021-08-18,237.47,238.65,236.24,236.98,4599500
2021-08-19,239.18,239.70,234.86,236.05,5701800
2021-08-20,236.08,236.86,234.99,235.00,4797800
2021-08-23,235.84,240.47,232.56,239.94,3903500
2021-08-24,238.25,245.78,237.62,244.72,5540900
2021-08-25,246.54,247.64,239.97,241.45,4957700
2021-08-26,240.31,245.59,239.76,244.49,3314800
2021-08-27,244.52,245.72,238.47,239.39,6620600
2021-08-30,239.37,240.80,239.17,240.14,5799800
2021-08-31,240.27,243.58,239.54,242.91,5913300
2021-09-01,244.03,244.38,242.73,243.46,6544200
2021-09-02,243.56,245.91,242.09,244.77,5623400
2021-09-03,246.14,246.72,243.84,244.80,5572300
2021-09-06,243.17,245.66,242.11,243.38,6187800
2021-09-07,243.31,245.68,240.53,240.64,3694400
2021-09-08,240.34,241.18,239.36,240.52,4388800
2021-09-09,240.64,242.58,239.93,240.19,5714000
2021-09-10,239.23,239.64,235.33,236.20,5689300
2021-09-13,235.62,238.44,235.21,238.28,4340900
2021-09-14,237.80,240.43,237.15,239.00,4489800
2021-09-15,240.75,240.91,234.23,235.39,4235200
2021-09-16,234.80,236.80,231.35,234.17,6638300
2021-09-17,235.89,236.88,231.04,232.25,4088100
2021-09-20,230.92,231.03,228.79,229.53,4451300
2021-09-21,228.23,228.87,225.29,225.30,6530400
2021-09-22,224.20,224.46,220.07,220.72,4951800
2021-09-23,221.87,223.39,217.68,218.25,4996300
2021-09-24,217.18,225.29,216.44,224.96,5347200
2021-09-27,225.61,235.23,223.98,235.15,5176000
2021-09-28,234.00,234.88,230.77,231.53,5818600
2021-09-29,230.73,232.46,229.40,231.04,3408100
2021-09-30,232.52,232.58,229.18,230.16,4090000
2021-10-01,231.44,237.49,231.20,233.49,3722800
2021-10-04,232.66,233.69,228.90,229.09,5749300
2021-10-05,228.92,230.05,227.98,228.66,4764600
2021-10-06,227.26,227.39,224.52,225.77,6156300
2021-10-07,224.45,226.46,222.27,226.00,4662800
2021-10-08,225.56,226.51,222.40,225.25,6287900
2021-10-11,225.72,228.69,224.69,227.66,5489100
2021-10-12,227.92,228.84,223.60,226.03,3323300
2021-10-13,226.20,229.58,226.03,227.79,7149000
2021-10-14,227.47,227.69,222.54,224.43,4686400
2021-10-15,225.53,225.92,215.54,216.73,5189300
2021-10-18,219.35,219.35,212.20,215.18,4375100
2021-10-19,214.12,214.67,212.49,213.85,3688800
2021-10-20,215.60,216.43,209.87,210.45,5772700
2021-10-21,211.48,211.78,209.22,209.48,4427800
2021-10-22,208.42,209.79,207.64,209.70,4829600
2021-10-25,209.37,209.66,207.82,208.18,4132800
2021-10-26,209.82,211.12,204.30,206.13,3831500
2021-10-27,205.71,205.88,199.60,202.01,5964600
2021-10-28,201.79,204.48,200.25,203.49,5573300
2021-10-29,204.33,204.39,199.05,199.57,5154000
2021-11-01,200.79,204.35,198.73,202.58,5899300
2021-11-02,201.46,202.75,199.56,200.22,3958000
2021-11-03,199.97,206.87,199.24,206.10,5516500
2021-11-04,206.28,208.21,205.19,207.61,5171300
2021-11-05,208.90,209.60,202.98,204.86,5097000
2021-11-08,204.23,206.29,200.57,201.40,5864400
2021-11-09,201.78,205.22,200.75,204.42,4510100
2021-11-10,204.08,204.54,199.44,200.11,6515000
2021-11-11,200.70,208.17,199.78,207.74,5353400
2021-11-12,208.44,209.12,205.42,205.61,2777900
2021-11-15,205.69,207.54,205.29,206.84,3623600
2021-11-16,206.22,210.36,205.76,208.90,6067900
2021-11-17,209.44,210.21,203.55,205.03,4504400
2021-11-18,205.44,207.61,204.25,205.20,5240400
2021-11-19,206.82,207.37,203.58,205.41,5679100
2021-11-22,204.94,205.31,203.85,204.50,4303800
2021-11-23,205.24,207.13,201.62,201.95,5994500
2021-11-24,201.74,201.95,200.98,201.91,5657200
2021-11-25,202.27,202.71,198.57,198.77,3657500
2021-11-26,198.55,199.43,197.23,198.20,3809400
2021-11-29,197.17,200.91,196.84,199.54,5351100
2021-11-30,199.82,203.09,199.55,200.45,5756600
2021-12-01,200.47,201.32,197.44,197.85,7214300
2021-12-02,196.84,198.31,193.96,194.77,6150800
2021-12-03,194.91,196.36,193.73,195.81,5246600
2021-12-06,196.34,196.47,193.42,193.79,5294500
2021-12-07,194.68,195.37,191.52,192.32,5447300
2021-12-08,191.96,193.06,191.70,192.55,6013900
2021-12-09,193.45,195.52,193.10,194.38,2943700
2021-12-10,192.68,196.40,191.78,195.35,4690500
2021-12-13,195.39,195.55,192.94,194.94,6575300
2021-12-14,196.18,200.76,195.81,199.70,5159800
2021-12-15,200.55,201.53,197.82,198.84,4942600
2021-12-16,199.42,200.62,193.87,195.04,4521300
2021-12-17,196.26,197.18,194.25,195.20,4877200
2021-12-20,195.79,196.26,194.13,196.06,6360600
2021-12-21,195.28,197.90,194.58,197.74,5008600
2021-12-22,198.23,198.74,193.83,194.38,4722800
2021-12-23,194.47,196.45,194.10,195.83,3729200
2021-12-24,194.80,202.33,193.65,201.49,6378100
2021-12-27,201.37,207.25,200.09,205.30,4802600
2021-12-28,205.44,208.84,204.55,208.30,3530000
2021-12-29,207.90,210.81,207.13,210.54,4648200
2021-12-30,210.60,212.61,208.41,208.61,5375100
2021-12-31,209.52,210.14,207.47,208.05,4192400
2022-01-03,209.21,210.59,206.04,206.36,5356300
2022-01-04,206.55,210.48,205.97,207.70,5161500
2022-01-05,208.21,209.26,205.78,206.71,2107700
2022-01-06,207.22,207.95,205.56,206.50,5383200
2022-01-07,204.70,206.82,204.11,206.16,5669500
2022-01-10,206.05,210.49,203.80,209.03,5812800
2022-01-11,207.95,211.91,207.70,210.91,5591300
2022-01-12,211.98,213.65,207.30,208.59,3429700
2022-01-13,208.09,209.67,206.60,206.89,4984200
2022-01-14,205.75,208.29,204.05,207.78,3966900
2022-01-17,208.82,210.51,201.35,204.87,5434200
2022-01-18,204.85,205.00,201.89,201.91,5004500
2022-01-19,202.62,203.23,197.32,198.66,4966900
2022-01-20,197.55,199.69,194.81,196.90,6306100
2022-01-21,196.45,200.05,196.18,198.71,4656200
2022-01-24,197.99,200.82,197.90,197.92,4340900
2022-01-25,197.54,201.96,195.28,201.52,5219700
2022-01-26,200.79,205.99,198.71,205.38,3838700
2022-01-27,205.94,206.08,203.31,205.02,3564300
2022-01-28,203.66,207.63,203.53,206.14,4616800
2022-01-31,205.43,207.52,204.49,207.26,4794100
2022-02-01,207.19,207.64,203.26,204.87,5581300
2022-02-02,203.91,206.29,202.55,204.57,5038400
2022-02-03,204.93,206.89,204.00,206.07,5656600
2022-02-04,206.25,206.54,202.85,205.35,5685500
2022-02-07,205.67,206.46,202.11,203.32,5401600
2022-02-08,203.35,205.52,202.75,205.51,6849800
2022-02-09,205.81,206.01,204.10,204.84,4985100
2022-02-10,204.56,205.24,204.08,204.78,6490200
2022-02-11,205.11,207.77,203.26,207.59,6442900
2022-02-14,208.00,208.10,206.29,207.35,4913600
2022-02-15,207.57,209.59,205.74,207.44,4739500
2022-02-16,206.64,211.38,205.46,211.28,5336600
2022-02-17,210.80,212.19,207.94,209.00,6191400
2022-02-18,208.77,210.57,203.05,203.67,5011800
2022-02-21,202.81,211.21,202.45,210.11,5908700
2022-02-22,210.17,214.01,209.16,213.31,4932700
2022-02-23,215.05,216.88,213.96,215.13,4535900
2022-02-24,213.76,214.92,208.85,208.96,8124800
2022-02-25,207.86,209.36,205.82,207.02,4910900
2022-02-28,206.74,207.42,202.76,202.88,6402900
2022-03-01,202.99,203.31,200.63,201.71,6311800
2022-03-02,202.18,202.48,197.15,198.01,5854700
2022-03-03,197.39,197.73,197.04,197.38,4855100
2022-03-04,197.29,200.77,196.97,198.22,4735700
2022-03-07,198.34,199.08,197.12,197.61,4710000
2022-03-08,198.40,198.91,196.87,198.73,5637900
2022-03-09,197.39,197.71,192.70,193.43,6295400
2022-03-10,192.08,201.11,190.68,201.01,5105800
2022-03-11,201.66,205.95,201.14,205.92,3828300
2022-03-14,206.60,206.90,204.76,204.83,4776600
2022-03-15,204.48,205.32,202.61,203.07,5173900
2022-03-16,202.43,203.67,201.15,202.12,5438500
2022-03-17,203.29,204.51,200.30,201.01,5919000
2022-03-18,200.64,206.32,200.13,205.67,3608600
2022-03-21,205.40,211.20,205.29,210.69,8431400
2022-03-22,211.78,211.86,207.06,209.84,5507900
2022-03-23,210.35,212.54,208.61,210.51,4733500
2022-03-24,210.30,212.01,209.66,210.63,3798700
2022-03-25,211.78,212.65,210.73,212.24,5297800
2022-03-28,211.50,211.64,211.09,211.32,5416300
2022-03-29,208.66,217.56,208.06,216.73,5436600
2022-03-30,217.35,220.31,210.79,211.62,5628100
2022-03-31,214.07,216.42,211.45,214.79,6667000
2022-04-01,213.42,216.08,211.93,214.52,3919500
2022-04-04,213.88,216.73,211.86,214.36,5859700
2022-04-05,213.53,214.56,211.72,214.09,3750000
2022-04-06,214.93,216.93,214.22,216.79,4652600
2022-04-07,216.86,217.92,214.58,214.84,6285100
2022-04-08,212.62,216.87,210.93,215.89,4621800
2022-04-11,216.19,217.09,212.56,213.58,4246400
2022-04-12,213.32,213.43,210.30,210.57,4506900
2022-04-13,210.50,213.11,210.25,211.19,4442100
2022-04-14,211.23,212.23,209.07,209.61,3994800
2022-04-15,209.05,211.81,209.00,211.52,5048700
2022-04-18,211.40,212.31,210.11,210.50,4820100
2022-04-19,210.90,212.26,205.11,207.21,5851900
2022-04-20,208.70,209.69,207.01,209.58,4461900
2022-04-21,210.33,210.67,204.17,206.88,5840100
2022-04-22,206.98,208.12,205.23,206.07,4720400
2022-04-25,206.99,212.34,205.22,210.74,3853700
2022-04-26,210.24,213.06,208.78,212.86,4221000
2022-04-27,212.22,217.58,210.39,217.25,4364000
2022-04-28,217.20,218.36,216.19,218.19,3807700
2022-04-29,217.53,218.22,214.07,215.70,5463200
2022-05-02,217.04,217.46,213.04,215.17,4129800
2022-05-03,215.27,216.84,214.39,214.93,6164800
2022-05-04,214.07,214.39,211.33,211.89,3739000
2022-05-05,211.56,213.14,207.60,209.77,3752800
2022-05-06,210.06,211.27,207.11,209.87,6920500
2022-05-09,209.51,210.01,205.70,205.89,5532400
2022-05-10,205.90,208.89,204.39,207.73,5927400
2022-05-11,207.19,208.58,205.51,207.53,5165300
2022-05-12,206.14,211.93,205.62,210.62,2540500
2022-05-13,211.98,213.98,201.01,201.42,5077700
2022-05-16,200.61,201.02,200.04,200.37,5768600
2022-05-17,199.28,203.07,197.65,201.75,5249900
2022-05-18,201.09,202.55,197.09,199.13,4900000
2022-05-19,198.55,201.19,197.56,199.60,5280100
2022-05-20,199.89,200.42,196.77,199.33,5668200
2022-05-23,199.49,200.81,197.05,200.23,5467500
2022-05-24,200.06,207.34,199.27,205.78,4043700
2022-05-25,205.83,207.93,204.85,205.31,6639000
2022-05-26,205.23,206.86,203.83,205.79,7422800
2022-05-27,205.65,206.29,203.88,203.98,3366700
2022-05-30,204.87,206.36,198.75,200.17,4626500
2022-05-31,200.14,201.60,198.26,199.81,4020300
2022-06-01,200.27,201.36,199.71,200.36,4536700
2022-06-02,200.52,202.75,196.76,199.13,4378400
2022-06-03,199.44,199.69,195.59,196.44,2828000
2022-06-06,196.54,200.64,195.57,200.59,4049800
2022-06-07,201.75,203.60,196.67,197.06,5069500
2022-06-08,196.49,196.69,193.36,194.26,5395800
2022-06-09,194.57,196.99,190.95,191.19,3707200
2022-06-10,190.26,190.74,183.92,186.80,4382200
2022-06-13,188.11,188.94,186.68,188.82,4051300
2022-06-14,189.53,190.43,185.21,186.13,5635100
2022-06-15,187.08,189.17,184.97,186.75,4176000
2022-06-16,186.47,187.31,184.81,184.94,2719200
2022-06-17,184.05,184.68,179.80,180.71,3732100
2022-06-20,181.07,181.55,179.53,180.61,5599700
2022-06-21,180.24,183.09,179.55,182.20,5916500
2022-06-22,183.73,184.41,183.23,183.29,4172000
2022-06-23,183.06,183.93,181.44,182.11,4197700
2022-06-24,182.72,182.90,176.84,178.12,5660500
2022-06-27,176.48,179.54,176.45,179.49,6543800
2022-06-28,179.22,182.81,179.21,182.32,4640900
2022-06-29,182.08,184.33,180.96,181.70,4048800
2022-06-30,181.69,188.36,181.67,186.76,5506000
2022-07-01,186.89,187.85,183.22,183.52,5183600
2022-07-04,183.57,186.28,182.13,184.84,5958000
2022-07-05,183.87,186.53,183.84,186.37,5832200
2022-07-06,186.40,186.71,181.75,182.85,4773200
2022-07-07,182.03,182.27,181.19,182.09,5506900
2022-07-08,182.54,184.72,180.94,181.68,3407200
2022-07-11,181.61,182.46,180.09,180.28,3216800
2022-07-12,180.60,181.81,179.56,180.99,5471900
2022-07-13,181.25,181.93,176.98,177.55,4458100
2022-07-14,177.75,178.85,176.09,176.76,6794000
2022-07-15,177.71,179.12,176.39,177.01,4868700
2022-07-18,176.31,177.57,168.59,171.41,3224500
2022-07-19,172.66,172.75,166.91,167.92,5389900
2022-07-20,167.60,170.93,165.90,170.79,5577900
2022-07-21,170.01,176.00,169.52,175.11,7241900
2022-07-22,174.78,175.47,174.01,174.52,6831900
2022-07-25,174.39,175.68,174.07,175.57,4963000
2022-07-26,175.09,176.98,173.37,173.50,5850800
2022-07-27,173.00,174.78,172.84,174.63,4711900
2022-07-28,174.09,179.72,173.18,179.71,5053400
2022-07-29,180.10,181.41,172.21,173.25,4485800
2022-08-01,172.13,178.26,171.66,177.95,5805700
2022-08-02,178.21,180.37,176.78,179.83,5436100
2022-08-03,179.60,181.50,176.90,176.98,2784900
2022-08-04,175.39,179.92,175.33,179.41,8298000
2022-08-05,179.23,179.53,177.30,177.90,4261000
2022-08-08,177.49,180.39,176.34,177.97,4719300
2022-08-09,178.34,178.67,172.25,173.04,5836100
2022-08-10,173.75,178.75,173.48,176.75,5047500
2022-08-11,175.77,177.32,173.79,174.96,4463400
2022-08-12,176.54,178.59,170.94,171.56,5198400
2022-08-15,171.19,172.18,169.85,171.30,6154000
2022-08-16,171.67,174.64,170.29,173.68,5785300
2022-08-17,173.88,174.41,171.14,171.37,4165000
2022-08-18,170.40,172.00,168.99,169.48,5147600
2022-08-19,170.17,172.41,169.88,170.00,5494300
2022-08-22,170.91,171.06,168.55,169.56,4764100
2022-08-23,170.42,170.59,168.08,168.56,6738200
2022-08-24,169.12,169.46,167.45,167.88,6026000
2022-08-25,168.86,171.87,168.35,171.31,5052100
2022-08-26,170.97,176.19,170.10,175.84,5409600
2022-08-29,176.74,176.93,174.26,174.52,4837700
2022-08-30,174.50,175.40,171.49,171.59,3995400
2022-08-31,171.71,175.11,169.39,173.70,4026600
2022-09-01,174.39,174.93,170.78,171.08,6905200
2022-09-02,171.40,172.94,171.09,171.24,4437400
2022-09-05,170.33,171.89,167.96,168.75,4318300
2022-09-06,168.62,169.38,166.74,166.95,4292200
2022-09-07,166.17,166.49,165.02,165.24,6452100
2022-09-08,165.54,166.35,164.53,164.97,4234700
2022-09-09,165.63,165.94,160.41,161.30,4958300
2022-09-12,161.64,162.69,160.53,160.70,2537700
2022-09-13,159.27,161.44,159.04,160.41,5635400
2022-09-14,160.32,161.99,159.34,161.67,5498100
2022-09-15,163.03,165.20,161.22,163.91,4665900
2022-09-16,164.97,165.68,162.40,164.00,3421900
2022-09-19,164.31,167.85,163.16,167.21,5069100
2022-09-20,166.22,171.61,165.96,170.57,4450000
2022-09-21,170.03,173.35,169.43,171.86,5660700
2022-09-22,172.27,172.74,170.54,171.36,3686900
2022-09-23,172.06,176.43,171.58,175.23,3983200
2022-09-26,175.26,176.09,172.62,172.64,4897300
2022-09-27,173.78,179.05,173.42,178.23,3390500
2022-09-28,178.50,179.08,177.55,178.16,4903300
2022-09-29,177.82,181.85,177.10,181.09,5815200
2022-09-30,181.33,182.55,176.49,177.47,3994000
2022-10-03,176.47,176.74,173.62,174.81,4320900
2022-10-04,175.76,183.44,175.28,181.84,6607100
2022-10-05,182.28,182.64,181.04,182.15,5169500
2022-10-06,182.15,185.84,182.07,184.53,4107300
2022-10-07,184.60,185.38,181.18,181.65,5967800
2022-10-10,182.27,184.36,181.57,182.95,5278800
2022-10-11,183.18,184.98,182.73,184.95,5380600
2022-10-12,185.52,187.72,185.16,186.38,4218200
2022-10-13,186.67,187.11,184.77,185.42,5713600
2022-10-14,186.20,186.27,184.74,185.85,5438500
2022-10-17,186.49,186.66,184.14,185.54,3981200
2022-10-18,186.97,187.79,182.45,183.40,4246000
2022-10-19,182.68,186.05,182.05,184.79,4776500
2022-10-20,185.02,187.40,184.14,185.89,4501500
2022-10-21,185.43,188.81,183.95,188.44,4879900
2022-10-24,187.98,189.47,186.27,188.95,5511300
2022-10-25,189.20,190.79,183.66,184.67,4863500
2022-10-26,184.77,186.46,183.53,184.09,4902100
2022-10-27,182.21,182.98,179.92,180.42,5348200
2022-10-28,179.41,182.36,179.34,181.00,4950900
2022-10-31,180.76,181.95,178.35,179.58,4864000
2022-11-01,179.73,179.98,179.24,179.85,4386400
2022-11-02,179.48,180.52,178.55,180.41,5547900
2022-11-03,180.06,181.51,177.17,178.90,6682400
2022-11-04,178.19,179.07,177.10,179.02,5814500
2022-11-07,178.38,183.67,176.57,182.37,2753800
2022-11-08,182.01,186.02,180.16,184.05,3978800
2022-11-09,184.10,184.63,181.24,182.48,5572300
2022-11-10,182.90,184.73,181.19,183.66,2742700
2022-11-11,182.93,186.24,182.46,183.94,4937900
2022-11-14,184.44,186.81,183.91,185.37,6858800
2022-11-15,185.77,188.50,185.61,187.77,7657100
2022-11-16,187.88,189.26,182.86,184.36,5779800
2022-11-17,185.74,186.09,184.62,185.53,3802900
2022-11-18,185.15,185.58,181.16,181.70,5815500
2022-11-21,182.41,183.40,179.30,179.76,7184700
2022-11-22,179.97,182.44,179.68,181.19,6437200
2022-11-23,181.94,185.70,181.15,183.59,4224000
2022-11-24,182.04,184.80,180.77,183.18,6182300
2022-11-25,181.39,182.24,176.82,177.38,2659400
2022-11-28,178.71,179.75,175.32,175.98,6330100
2022-11-29,176.55,177.82,174.63,177.18,4020400
2022-11-30,175.95,179.70,175.38,179.40,5650600
2022-12-01,180.30,182.58,179.81,181.31,4079600
2022-12-02,181.10,184.62,180.97,183.49,4937200
2022-12-05,184.40,184.46,184.10,184.14,6573400
2022-12-06,184.27,184.69,179.61,180.59,5318300
2022-12-07,179.87,185.32,178.96,185.28,6274700
2022-12-08,185.68,188.33,185.57,187.93,4578900
2022-12-09,186.64,190.10,185.03,189.55,5262100
2022-12-12,189.08,191.76,189.01,190.37,4924000
2022-12-13,190.89,191.48,185.32,185.36,5149000
2022-12-14,185.64,187.64,185.27,187.46,4872500
2022-12-15,186.66,194.49,185.11,192.85,5748200
2022-12-16,193.18,194.04,192.43,193.40,6194300
2022-12-19,194.27,196.90,193.94,195.88,3872300
2022-12-20,195.28,198.53,194.23,197.49,3758300
2022-12-21,197.69,204.00,197.02,201.85,4577200
2022-12-22,201.01,201.95,198.46,198.71,4067100
2022-12-23,198.87,199.24,196.82,197.58,5871000
2022-12-26,196.31,196.84,194.39,195.05,4376400
2022-12-27,195.14,195.72,192.32,192.58,5565700
2022-12-28,192.69,196.13,192.45,195.30,6269100
2022-12-29,196.51,197.19,193.26,194.77,5747900
2022-12-30,195.17,196.80,192.29,194.11,4673600
2023-01-02,193.91,194.64,191.70,192.73,5569500
2023-01-03,192.24,194.28,192.03,193.40,4857300
2023-01-04,193.65,195.02,191.43,191.48,3735800
2023-01-05,191.66,191.95,191.33,191.73,5577800
2023-01-06,191.47,196.90,189.03,196.16,4663100
2023-01-09,195.60,198.10,194.55,197.74,3477500
2023-01-10,197.35,198.91,195.97,196.82,6698600
2023-01-11,197.86,198.75,195.92,198.51,5450100
2023-01-12,199.05,200.71,198.61,200.62,4247700
2023-01-13,199.56,200.61,198.75,200.25,5015800
2023-01-16,198.56,200.08,197.56,200.04,4549800
2023-01-17,200.57,200.62,196.43,196.75,2977300
2023-01-18,196.79,203.20,195.16,203.14,5504700
2023-01-19,202.30,205.89,200.59,205.86,5501500
2023-01-20,204.28,205.86,200.68,200.81,5136700
2023-01-23,200.72,201.05,195.57,195.67,4610100
2023-01-24,195.80,203.72,194.18,203.26,6755800
2023-01-25,202.77,207.43,202.15,206.05,5419200
2023-01-26,207.87,208.41,203.86,204.31,5326900
2023-01-27,204.79,208.88,204.15,207.55,3875200
2023-01-30,207.15,207.58,204.79,206.49,3240900
2023-01-31,207.29,212.00,206.42,210.98,4054900
2023-02-01,211.20,218.70,210.27,215.62,5170900
2023-02-02,216.08,217.02,210.07,212.56,4564900
2023-02-03,211.08,211.91,205.79,206.28,5729300
2023-02-06,206.17,206.30,203.61,204.86,5659500
2023-02-07,204.92,208.76,203.26,207.51,5053500
2023-02-08,208.62,211.95,208.05,211.65,6109600
2023-02-09,212.34,220.20,210.80,216.74,5257800
2023-02-10,216.07,222.48,216.03,219.97,6441100
2023-02-13,219.83,221.28,217.06,220.36,5158300
2023-02-14,219.29,221.24,216.54,218.07,5900600
2023-02-15,219.01,223.68,217.20,219.58,5417000
2023-02-16,218.67,219.22,217.83,218.77,6333400
2023-02-17,217.37,220.11,217.11,219.74,5663500
2023-02-20,218.78,224.05,218.17,220.87,4361400
2023-02-21,221.61,223.48,217.53,218.42,4495500
2023-02-22,217.16,218.02,213.73,215.64,3932700
2023-02-23,214.13,216.03,213.21,213.35,5955600
2023-02-24,214.67,216.26,207.37,208.13,4925900
2023-02-27,208.73,209.60,207.43,208.82,4579800
2023-02-28,208.59,208.83,206.35,206.52,4706500
2023-03-01,207.47,214.30,207.25,212.71,5427000
2023-03-02,212.95,216.34,212.63,215.34,3137900
2023-03-03,217.70,218.32,210.45,210.57,6131800
2023-03-06,211.15,211.30,202.67,203.47,3821500
2023-03-07,202.82,203.97,196.35,198.83,6635100
2023-03-08,199.61,200.73,195.17,195.24,5869900
2023-03-09,195.63,198.00,195.01,196.25,5116400
2023-03-10,194.79,197.03,194.46,195.64,4479500
2023-03-13,195.96,199.79,193.95,198.58,4328700
2023-03-14,197.68,201.10,195.30,196.90,5740500
2023-03-15,196.09,199.49,194.13,199.29,6226100
2023-03-16,197.11,200.24,197.00,198.67,4139700
2023-03-17,199.49,201.06,195.15,196.18,5562900
2023-03-20,195.49,199.35,194.69,198.77,4485400
2023-03-21,197.69,199.98,195.84,199.31,3957900
2023-03-22,197.94,204.84,197.74,204.28,6292200
2023-03-23,201.94,202.67,200.68,201.63,3859200
2023-03-24,201.97,204.91,199.63,204.71,5897600
2023-03-27,204.98,205.11,203.41,204.87,5819500
2023-03-28,204.05,210.35,203.02,209.01,6060600
2023-03-29,210.32,210.55,207.31,209.83,6745200
2023-03-30,208.43,210.52,207.72,209.94,3645900
2023-03-31,209.34,210.26,205.37,206.24,3704700
2023-04-03,205.07,210.03,203.35,209.34,4203700
2023-04-04,209.68,211.23,203.76,205.54,5040800
2023-04-05,205.17,207.81,204.70,207.69,5906200
2023-04-06,206.46,211.03,205.96,209.18,4310100
2023-04-07,209.12,210.12,205.09,206.03,4827100
2023-04-10,206.49,206.61,202.17,204.07,5612300
2023-04-11,205.00,206.69,200.91,201.98,5758000
2023-04-12,200.24,206.31,198.07,203.44,6416100
2023-04-13,202.13,208.97,201.56,208.54,4885600
2023-04-14,208.07,208.50,205.72,207.69,3586200
2023-04-17,206.78,209.11,205.79,207.38,4466400
2023-04-18,207.21,211.95,206.53,211.80,4396400
2023-04-19,210.22,212.00,207.55,209.07,5350400
2023-04-20,209.93,211.78,208.58,210.07,3155100
2023-04-21,210.13,212.29,210.02,211.92,5672100
2023-04-24,212.08,212.43,207.69,208.98,4081000
2023-04-25,210.68,214.12,210.04,212.80,4404500
2023-04-26,212.73,215.78,210.95,215.20,5575300
2023-04-27,215.34,217.53,213.88,216.55,5034700
2023-04-28,215.48,219.74,214.20,219.05,4590700
2023-05-01,219.21,227.72,217.90,225.85,6024000
2023-05-02,226.19,235.48,224.61,234.11,5566300
2023-05-03,233.16,238.61,231.61,237.58,4520800
2023-05-04,238.91,240.56,232.54,235.19,5416800
2023-05-05,235.84,240.61,234.45,238.92,5580000
2023-05-08,238.90,239.20,233.70,235.68,4317700
2023-05-09,234.67,237.24,233.35,237.19,6625000
2023-05-10,235.72,236.99,234.27,234.88,4138300
2023-05-11,234.80,240.41,234.63,239.79,6378400
2023-05-12,240.08,244.94,239.92,243.82,4791400
2023-05-15,242.33,248.27,242.06,247.09,5351000
2023-05-16,245.24,250.70,241.63,250.31,4699300
2023-05-17,250.73,255.03,250.68,252.35,4147700
2023-05-18,253.28,260.00,252.23,259.59,5436100
2023-05-19,259.63,266.09,257.05,263.35,3913100
2023-05-22,264.08,265.47,258.92,262.59,5862500
2023-05-23,264.82,265.91,256.60,256.77,5485300
2023-05-24,255.69,256.22,251.97,253.31,5265100
2023-05-25,252.64,254.88,249.93,251.84,5750400
2023-05-26,253.63,255.03,246.57,247.46,7311000
2023-05-29,246.76,248.15,245.25,247.12,5906100
2023-05-30,246.38,253.26,246.22,253.15,3449100
2023-05-31,253.93,256.03,247.85,248.53,4009800
2023-06-01,248.84,250.07,247.10,248.34,5530500
2023-06-02,249.21,251.22,247.43,247.46,3513600
2023-06-05,247.72,248.84,239.30,241.49,3938200
2023-06-06,240.75,242.43,237.44,238.48,5460900
2023-06-07,239.80,243.48,238.91,239.25,5336300
2023-06-08,237.48,238.96,236.56,238.70,5809600
2023-06-09,240.31,241.76,229.76,229.87,5966900
2023-06-12,229.78,230.10,228.62,229.27,6163400
2023-06-13,228.23,229.68,225.83,226.64,7452700
2023-06-14,228.50,231.18,226.62,227.77,4981800
2023-06-15,227.89,229.09,224.62,227.15,5427800
2023-06-16,226.95,233.15,223.85,232.98,6277400
2023-06-19,232.57,233.95,232.56,233.43,5810100
2023-06-20,234.37,235.29,231.01,235.17,3585800
2023-06-21,235.56,237.56,230.36,232.81,6692100
2023-06-22,231.56,237.22,231.01,235.72,6615400
2023-06-23,235.41,242.61,235.41,239.21,4034900
2023-06-26,241.71,244.17,236.98,239.44,6143500
2023-06-27,238.70,240.80,233.46,235.10,3628900
2023-06-28,236.18,239.04,232.46,232.99,6245500
2023-06-29,231.74,236.99,230.73,235.54,4124700
2023-06-30,237.56,241.79,237.33,240.92,4908500
2023-07-03,240.57,247.02,240.49,243.85,5485400
2023-07-04,242.90,243.81,237.27,239.45,3622100
2023-07-05,240.63,241.63,233.69,234.72,4366500
2023-07-06,234.81,241.10,234.04,239.30,3980700
2023-07-07,238.22,244.30,237.95,243.56,3521700
2023-07-10,242.85,244.66,241.86,243.90,5929000
2023-07-11,242.82,243.50,242.51,242.56,7014200
2023-07-12,242.92,246.74,236.01,236.24,3800000
2023-07-13,237.80,241.18,236.88,238.52,5445500
2023-07-14,238.45,238.51,236.00,237.41,4086300
2023-07-17,238.51,239.27,235.38,235.38,6559800
2023-07-18,235.75,237.30,224.65,225.38,6401100
2023-07-19,224.81,227.70,223.49,226.74,5778100
2023-07-20,225.83,227.26,224.42,226.88,6102200
2023-07-21,227.41,227.44,222.68,222.81,4811600
2023-07-24,222.83,228.20,221.37,225.19,4366800
2023-07-25,225.70,227.04,221.54,222.36,7191900
2023-07-26,222.88,224.87,222.63,224.33,4246300
2023-07-27,224.28,232.50,223.77,229.55,4124500
2023-07-28,230.42,231.50,225.09,227.18,6007900
2023-07-31,228.27,229.27,223.90,225.01,3874100
2023-08-01,225.36,228.25,225.26,226.00,7325000
2023-08-02,225.97,230.68,225.92,228.31,5380100
2023-08-03,227.27,229.31,225.92,226.43,4708100
2023-08-04,225.65,227.77,222.72,224.41,4669400
2023-08-07,225.45,231.33,225.36,228.97,4597800
2023-08-08,228.82,230.15,226.92,227.90,4932200
2023-08-09,226.45,228.82,225.88,228.56,4610300
2023-08-10,226.53,231.08,224.94,228.88,4249200
2023-08-11,228.13,230.93,224.65,226.16,4405900
2023-08-14,226.31,228.30,223.95,225.49,3885400
2023-08-15,223.88,227.37,221.56,226.40,5435800
2023-08-16,226.18,226.60,223.69,224.95,7492300
2023-08-17,226.34,227.01,225.49,226.14,3986000
2023-08-18,226.35,226.49,224.10,224.22,5285400
2023-08-21,225.09,225.17,218.31,220.08,3750900
2023-08-22,220.27,227.19,219.60,225.27,4262300
2023-08-23,225.42,227.92,219.71,219.76,5029500
2023-08-24,219.93,225.54,218.16,224.21,5995100
2023-08-25,225.40,232.56,224.73,230.44,7284100
2023-08-28,230.86,236.45,230.83,236.11,3549300
2023-08-29,236.03,236.93,234.43,236.04,4440100
2023-08-30,238.04,241.30,237.85,240.95,6515700
2023-08-31,240.16,241.24,239.68,240.86,6210200
2023-09-01,241.55,241.63,240.67,241.52,5751100
2023-09-04,242.44,251.46,242.24,250.87,5264600
2023-09-05,250.69,251.54,244.22,244.40,4674200
2023-09-06,244.64,250.43,241.43,249.22,6882900
2023-09-07,249.75,250.14,242.85,243.13,4841200
2023-09-08,243.77,247.21,242.79,246.23,4818000
2023-09-11,246.26,247.22,242.34,242.94,6067700
2023-09-12,242.82,248.66,241.51,247.58,4809800
2023-09-13,245.95,247.98,245.28,247.72,4064200
2023-09-14,246.67,249.49,245.98,248.85,4371100
2023-09-15,249.17,250.92,241.99,243.65,4639000
2023-09-18,242.69,247.10,239.57,244.83,5627400
2023-09-19,244.49,244.88,241.40,244.00,5338500
2023-09-20,243.89,250.20,241.42,249.82,4417900
2023-09-21,250.16,258.60,248.43,257.76,5243000
2023-09-22,255.96,258.50,255.14,257.27,4218500
2023-09-25,258.99,260.86,256.02,260.58,4445800
2023-09-26,261.25,269.82,259.74,267.25,4591400
2023-09-27,267.73,269.24,264.55,268.54,5341700
2023-09-28,269.28,270.36,263.71,265.85,7386500
2023-09-29,263.46,265.58,257.67,259.86,4446500
2023-10-02,258.80,261.45,258.05,258.11,5224000
2023-10-03,258.60,258.82,253.00,255.51,5541600
2023-10-04,253.38,259.21,252.67,258.92,6636600
2023-10-05,259.39,260.31,253.29,255.14,4393700
2023-10-06,254.26,262.61,253.49,259.82,4047300
2023-10-09,260.28,264.04,259.60,262.72,6078800
2023-10-10,261.89,262.58,260.42,261.67,5820400
2023-10-11,263.36,266.83,262.96,264.09,4601800
2023-10-12,265.57,269.81,264.28,267.78,6156400
2023-10-13,267.44,269.98,264.97,265.13,6780900
2023-10-16,264.34,265.29,263.04,264.05,3287400
2023-10-17,264.08,265.44,263.29,265.14,3853800
2023-10-18,264.05,269.42,263.68,268.36,5156800
2023-10-19,267.84,275.38,265.40,273.86,2851800
2023-10-20,274.54,277.03,273.27,276.33,6075600
2023-10-23,275.62,277.17,269.49,269.88,5304200
2023-10-24,270.10,271.68,266.80,268.34,5796000
2023-10-25,269.24,269.52,261.23,264.05,4736700
2023-10-26,262.73,267.02,261.90,266.26,5283300
2023-10-27,265.18,274.23,264.09,273.91,4741900
2023-10-30,272.65,273.59,270.47,273.40,4512700
2023-10-31,271.97,280.01,271.90,278.19,5068900
2023-11-01,279.90,281.12,276.73,278.10,5741400
2023-11-02,276.14,284.23,272.17,282.80,4469600
2023-11-03,281.70,284.58,281.16,282.87,5302500
2023-11-06,282.99,284.73,281.39,282.44,5262900
2023-11-07,281.90,289.67,281.48,287.81,5655300
2023-11-08,289.59,295.04,289.52,294.33,5131700
2023-11-09,292.75,292.96,288.95,292.34,3702600
2023-11-10,291.46,296.88,290.33,296.66,5836000
2023-11-13,296.54,300.63,295.50,300.46,4204500
2023-11-14,298.80,299.75,291.65,293.76,5087300
2023-11-15,293.36,294.86,290.94,291.94,4480300
2023-11-16,292.57,292.64,288.40,290.89,5158000
2023-11-17,291.03,292.24,286.62,287.64,4947600
2023-11-20,286.81,287.19,280.91,283.96,5121200
2023-11-21,283.12,283.69,280.12,280.88,5429100
2023-11-22,283.27,285.01,275.15,278.53,6264900
2023-11-23,277.40,287.85,276.87,284.56,3928900
2023-11-24,283.97,284.46,282.81,284.04,3798500
2023-11-27,285.37,287.70,279.41,281.80,5811100
2023-11-28,281.88,282.90,275.20,277.53,3947000
2023-11-29,279.46,282.25,270.10,271.69,5389300
2023-11-30,273.48,275.37,273.24,274.15,6079500
2023-12-01,273.14,280.98,270.83,279.72,4363700
2023-12-04,279.41,286.83,278.47,283.14,5376100
2023-12-05,284.31,287.85,283.55,287.69,4535700
2023-12-06,288.13,290.55,283.04,285.09,5568500
2023-12-07,285.97,288.81,281.49,283.75,5189300
2023-12-08,285.08,286.27,280.81,285.76,3939800
2023-12-11,286.67,287.78,284.74,287.16,6450000
2023-12-12,285.75,288.60,278.79,281.09,3661100
2023-12-13,281.45,282.98,277.66,279.49,6083900
2023-12-14,279.32,289.33,279.09,286.99,5102400
2023-12-15,287.52,288.03,282.27,282.49,4924900
2023-12-18,283.15,284.74,280.59,282.36,4938800
2023-12-19,282.21,284.09,280.88,282.95,4908400
2023-12-20,285.08,286.72,281.55,285.74,5482200
2023-12-21,285.31,288.43,283.05,287.45,6880700
2023-12-22,284.81,287.64,284.76,285.72,5978900
2023-12-25,285.28,285.33,281.59,283.78,3048000
2023-12-26,281.59,293.61,280.94,292.38,4334500
2023-12-27,291.85,293.28,285.98,289.36,4650200
2023-12-28,290.25,290.56,280.05,281.94,4790200
2023-12-29,282.41,285.01,280.53,283.15,7770900
2024-01-01,281.84,283.08,279.88,280.89,5215300
2024-01-02,280.56,280.61,272.23,273.90,4454600
2024-01-03,274.51,277.67,270.18,271.74,5827800
2024-01-04,270.35,274.21,269.23,273.85,4115500
2024-01-05,274.06,280.70,273.00,277.37,4000200
2024-01-08,278.03,284.46,277.22,281.83,5318800
2024-01-09,281.23,285.51,280.38,285.27,4507000
2024-01-10,284.25,290.00,283.94,287.46,5519100
2024-01-11,285.83,289.02,284.64,288.09,5094700
2024-01-12,286.96,290.63,285.45,289.54,4768500
2024-01-15,290.48,290.61,287.12,290.36,4830300
2024-01-16,287.73,302.22,287.17,301.92,5863400
2024-01-17,304.43,306.73,302.42,306.41,6665400
2024-01-18,306.28,307.86,305.71,307.54,6050000
2024-01-19,307.95,315.10,305.60,312.89,4196300
2024-01-22,312.41,312.43,308.26,309.39,4865300
2024-01-23,307.83,311.29,307.82,311.29,5248300
2024-01-24,312.04,315.48,310.30,313.32,5124200
2024-01-25,313.71,326.98,313.07,325.79,4227700
2024-01-26,325.47,326.88,316.84,317.79,6644000
2024-01-29,318.60,323.55,316.48,323.03,7093800
2024-01-30,322.23,322.70,319.71,321.97,4572400
2024-01-31,323.24,324.40,318.18,318.30,5401100
2024-02-01,317.96,326.26,316.91,325.46,5930900
2024-02-02,327.39,328.04,323.91,324.35,4283200
2024-02-05,324.39,329.39,316.73,318.86,4467000
2024-02-06,316.79,319.99,312.87,314.69,5925700
2024-02-07,314.00,320.03,311.41,319.70,5282600
2024-02-08,318.93,320.53,317.74,319.47,5061800
2024-02-09,321.84,323.65,309.26,313.23,4458800
2024-02-12,313.16,315.18,310.87,311.13,3271400
2024-02-13,309.58,313.18,300.89,301.67,4204400
2024-02-14,302.01,302.49,296.76,298.24,5943300
2024-02-15,298.69,299.22,296.57,297.91,5215900
2024-02-16,297.62,304.53,297.31,304.28,5319200
2024-02-19,303.59,305.81,303.25,303.58,4706600
2024-02-20,304.97,311.57,304.31,308.34,3512600
2024-02-21,308.02,310.36,305.90,308.61,5876800
2024-02-22,308.47,310.76,305.98,307.57,4636700
2024-02-23,304.84,306.43,303.16,306.01,4447900
2024-02-26,304.73,305.06,295.33,297.13,5372800
2024-02-27,296.69,297.41,291.37,292.30,6868500
2024-02-28,290.99,297.82,289.63,296.88,4642700
2024-02-29,296.22,296.75,287.18,287.18,5833000
2024-03-01,286.30,286.75,284.40,285.68,4631700
2024-03-04,287.33,288.17,283.71,284.99,3647200
2024-03-05,284.79,285.90,282.74,284.26,4221300
2024-03-06,284.61,284.71,281.21,281.50,4894500
2024-03-07,280.15,282.92,278.96,282.24,5042600
2024-03-08,282.00,283.44,281.26,283.31,6080200
2024-03-11,282.08,283.82,278.63,280.08,5557300
2024-03-12,279.29,287.39,278.76,286.18,5494300
2024-03-13,285.67,286.70,282.07,282.81,5628600
2024-03-14,282.97,286.23,281.83,285.55,3610900
2024-03-15,286.01,287.12,283.19,286.67,5489400
2024-03-18,287.11,290.26,286.72,289.56,5562000
2024-03-19,287.30,292.05,286.82,291.93,4292300
2024-03-20,292.70,295.19,291.57,291.74,5058400
2024-03-21,292.24,296.30,291.14,296.22,4340300
2024-03-22,297.99,303.82,295.28,301.70,4852000
2024-03-25,301.98,302.45,294.09,295.33,8338300
2024-03-26,295.36,296.37,292.38,292.73,4361600
2024-03-27,292.47,294.38,286.74,287.28,5120600
2024-03-28,285.05,286.05,278.64,281.02,4477500
2024-03-29,281.22,281.23,271.48,273.61,5274100
2024-04-01,274.13,275.33,267.95,268.13,5807200
2024-04-02,268.76,273.69,268.05,271.56,4838200
2024-04-03,270.55,275.89,269.63,274.42,2519200
2024-04-04,275.01,279.21,271.66,272.10,6400700
2024-04-05,273.80,274.02,269.77,271.45,3695100
2024-04-08,272.74,273.53,269.23,270.32,2888300
2024-04-09,267.41,271.97,266.33,270.95,7125700
2024-04-10,270.61,278.68,269.96,276.79,5101000
2024-04-11,277.91,277.99,273.50,275.30,4206800
2024-04-12,273.96,276.44,273.69,275.49,5241200
2024-04-15,276.90,280.44,273.90,274.30,4900900
2024-04-16,274.51,276.20,268.46,271.18,4781700
2024-04-17,270.82,274.41,270.80,273.56,5662100
2024-04-18,273.26,274.40,273.17,273.59,5753700
2024-04-19,271.04,271.43,267.12,269.39,6032500
2024-04-22,270.10,274.01,269.72,273.24,6996400
2024-04-23,272.99,276.76,271.98,275.84,5666700
2024-04-24,275.49,278.08,273.88,276.67,3205000
2024-04-25,277.84,279.36,270.87,272.11,6769900
2024-04-26,272.12,274.15,271.88,272.68,4336300
2024-04-29,271.13,273.38,270.06,272.87,6622900
2024-04-30,274.61,278.98,273.79,277.07,5590400
2024-05-01,277.17,279.58,275.81,275.97,5098600
2024-05-02,277.74,279.24,276.63,278.58,6501700
2024-05-03,279.21,281.58,277.08,278.39,6846100
2024-05-06,278.38,280.00,277.94,278.31,5728600
2024-05-07,277.39,281.52,277.30,280.57,5351700
2024-05-08,279.74,283.61,277.18,280.76,1434700
2024-05-09,281.87,285.35,281.25,283.28,6120900
2024-05-10,283.98,293.95,283.90,287.69,6050100
2024-05-13,284.83,295.02,283.60,293.85,4545100
2024-05-14,291.39,310.47,291.36,309.91,6542000
2024-05-15,310.28,316.16,307.70,315.51,5771200
2024-05-16,315.01,317.11,310.87,313.48,4994600
2024-05-17,313.86,320.54,312.26,319.16,4417900
2024-05-20,319.04,322.74,317.45,322.16,6574100
2024-05-21,323.46,325.66,320.43,320.48,5415900
2024-05-22,318.88,319.42,309.94,311.69,4322600
2024-05-23,311.00,313.26,310.51,312.88,4698400
2024-05-24,312.50,313.49,306.41,308.17,6133400
2024-05-27,307.58,309.05,300.18,300.45,4949300
2024-05-28,300.66,303.17,299.43,302.57,4892900
2024-05-29,300.88,313.34,299.97,309.50,4965000
2024-05-30,308.63,313.75,307.33,311.13,3787700
2024-05-31,310.44,318.76,307.75,317.25,5875100
2024-06-03,316.46,317.85,315.07,316.91,4879000
2024-06-04,316.39,316.45,298.63,300.41,4880000
2024-06-05,299.58,303.08,299.13,302.82,1765100
2024-06-06,303.59,305.58,299.32,299.84,4866900
2024-06-07,298.44,301.00,298.02,299.20,2811300
2024-06-10,299.60,307.71,299.20,304.51,4699900
2024-06-11,305.86,306.38,300.33,303.35,5818700
2024-06-12,302.86,307.70,299.51,305.73,6581300
2024-06-13,305.77,307.23,298.74,299.43,4963700
2024-06-14,298.50,301.84,297.76,298.02,5335400
2024-06-17,296.25,303.25,296.16,301.80,5104000
2024-06-18,303.53,309.11,302.63,307.55,3464900
2024-06-19,306.21,309.86,303.90,307.80,4640400
2024-06-20,308.18,311.41,307.78,310.01,5431500
2024-06-21,309.19,316.34,308.59,312.88,5249700
2024-06-24,310.58,318.49,306.39,317.60,3753800
2024-06-25,318.89,322.75,318.78,319.89,4280600
2024-06-26,319.91,321.65,318.94,319.20,4055800
2024-06-27,318.88,321.08,312.21,312.44,5256500
2024-06-28,312.47,314.15,306.19,308.08,4962600
2024-07-01,308.05,310.59,305.91,306.78,4541100
2024-07-02,305.10,307.69,303.16,303.25,5271800
2024-07-03,303.65,312.09,303.30,311.34,6715900
2024-07-04,310.71,313.84,309.41,313.39,5255400
2024-07-05,314.52,319.79,314.31,315.21,4864100
2024-07-08,315.26,315.32,312.05,312.43,4169600
2024-07-09,314.32,315.14,306.72,308.74,5736900
2024-07-10,308.49,312.35,307.69,310.01,5561300
2024-07-11,311.88,316.30,305.93,308.36,5878700
2024-07-12,310.20,310.91,302.54,304.13,4570100
2024-07-15,304.24,308.24,303.33,308.19,5623300
2024-07-16,309.37,310.61,302.61,307.99,2659100
2024-07-17,307.89,312.40,306.03,309.26,3988800
2024-07-18,309.50,324.57,305.86,323.80,5841300
2024-07-19,324.55,325.27,317.64,320.82,6104800
2024-07-22,320.15,324.85,317.35,320.21,2687600
2024-07-23,320.83,327.13,318.48,324.34,4585100
2024-07-24,323.91,330.80,322.89,328.07,6324700
2024-07-25,328.39,333.36,326.97,333.32,4691000
2024-07-26,334.72,341.65,331.93,340.73,5599500
2024-07-29,341.13,342.76,340.35,340.86,5465600
2024-07-30,339.52,353.09,338.80,350.82,4404500
2024-07-31,352.16,356.81,349.21,350.26,4663900
2024-08-01,349.23,349.59,349.04,349.12,3506600
2024-08-02,347.89,349.29,343.56,344.14,5631400
2024-08-05,344.33,349.44,342.16,345.97,3146400
2024-08-06,346.23,347.76,342.99,347.61,4419300
2024-08-07,347.38,349.86,344.60,348.22,5946200
2024-08-08,347.71,352.41,345.23,350.84,5743700
2024-08-09,350.61,361.89,349.41,360.54,5553200
2024-08-12,360.89,364.59,356.03,356.16,5866300
2024-08-13,356.27,357.61,345.91,349.75,4929200
2024-08-14,350.12,350.53,333.39,339.70,4307500
2024-08-15,338.92,341.16,335.77,337.40,5770200
2024-08-16,336.72,338.14,334.82,336.81,6927600
2024-08-19,336.66,346.12,333.53,343.41,5184900
2024-08-20,344.60,348.81,343.64,347.19,4008400
2024-08-21,347.95,353.35,346.75,352.67,5914000
2024-08-22,353.62,355.86,353.03,353.56,3674000
2024-08-23,352.47,353.14,347.03,347.34,5847800
2024-08-26,344.28,345.08,337.76,340.10,4334400
2024-08-27,338.07,351.22,334.23,347.86,5625100
2024-08-28,349.41,350.91,343.38,344.32,5681000
2024-08-29,344.51,353.83,341.27,353.40,4023000
2024-08-30,353.98,354.35,351.49,351.78,4388300
2024-09-02,350.55,350.96,344.80,346.74,4605700
2024-09-03,346.51,351.10,346.43,350.04,6603500
2024-09-04,350.30,354.39,348.68,351.82,5142400
2024-09-05,350.43,357.15,348.45,356.14,6625400
2024-09-06,357.65,365.12,357.02,364.34,3609000
2024-09-09,365.83,366.79,357.18,359.90,4486700
2024-09-10,360.21,368.94,357.93,365.66,6448400
2024-09-11,365.63,377.62,363.71,374.99,4136200
2024-09-12,374.46,375.30,373.98,374.68,4572100
2024-09-13,374.08,374.76,371.19,371.45,5184000
2024-09-16,372.67,374.03,357.34,361.83,5203800
2024-09-17,362.05,363.06,354.57,356.44,6367400
2024-09-18,355.34,370.26,353.87,367.89,5651300
2024-09-19,368.29,373.09,365.57,371.77,6470600
2024-09-20,371.41,372.57,363.09,366.34,4879000
2024-09-23,369.02,372.08,359.86,361.56,4726500
2024-09-24,360.30,366.54,357.19,363.46,5753900
2024-09-25,362.54,375.09,361.82,373.78,3770300
2024-09-26,371.65,378.71,370.85,377.15,5357300
2024-09-27,376.95,382.13,376.12,377.42,4845500
2024-09-30,377.47,382.71,376.39,380.75,4914600
2024-10-01,381.51,391.38,378.91,386.71,5429300
2024-10-02,383.24,393.55,381.76,390.82,3663800
2024-10-03,387.60,392.17,386.25,390.40,4235700
2024-10-04,390.52,402.14,386.51,399.92,5489600
2024-10-07,399.42,402.34,398.93,400.38,5571500
2024-10-08,401.76,402.06,400.02,400.39,5747300
2024-10-09,402.66,405.99,396.36,400.70,3976600
2024-10-10,400.32,403.62,395.57,395.87,6114700
2024-10-11,397.24,405.12,397.17,400.43,4133400
2024-10-14,401.18,402.52,389.32,392.21,4669500
2024-10-15,390.59,403.61,389.93,402.33,3929200
2024-10-16,401.82,404.95,395.04,395.24,6037400
2024-10-17,393.00,394.99,392.29,393.77,4513200
2024-10-18,394.82,400.69,385.41,386.52,5601900
2024-10-21,387.02,392.22,382.93,384.87,5715400
2024-10-22,386.30,387.04,374.31,375.73,3432000
2024-10-23,375.18,377.95,371.70,372.00,5337900
2024-10-24,372.05,376.54,370.07,374.85,3901900
2024-10-25,376.11,376.23,368.69,370.83,4023000
2024-10-28,369.75,371.83,355.21,357.07,4292100
2024-10-29,356.52,356.88,353.82,355.96,3787500
2024-10-30,357.03,357.59,352.08,353.42,5964600
2024-10-31,352.51,355.36,344.56,346.43,4178000
2024-11-01,345.52,346.42,334.43,335.84,3905600
2024-11-04,337.46,338.65,328.21,330.78,4675200
2024-11-05,332.21,333.15,327.16,327.90,3977700
2024-11-06,326.46,339.48,325.71,338.63,4363400
2024-11-07,338.44,341.55,336.06,336.50,5735000
2024-11-08,335.22,339.74,333.54,337.90,4310100
2024-11-11,339.38,339.56,329.66,330.03,4134300
2024-11-12,327.56,335.48,324.88,334.34,4661600
2024-11-13,332.79,345.27,329.15,341.70,4432100
2024-11-14,341.22,349.44,339.84,347.95,5395000
2024-11-15,347.16,350.52,345.75,347.96,5301800
2024-11-18,350.05,352.90,348.32,350.59,4302500
2024-11-19,349.42,351.77,349.05,349.57,4919100
2024-11-20,350.11,351.46,349.06,350.62,5727700
2024-11-21,348.89,360.83,346.39,359.21,5121700
2024-11-22,356.39,363.07,355.56,358.47,4673500
2024-11-25,357.40,357.49,346.70,347.64,4143000
2024-11-26,345.93,348.69,340.40,345.40,2836900
2024-11-27,344.85,352.03,344.62,348.72,4059300
2024-11-28,348.22,350.16,345.26,347.91,5519100
2024-11-29,349.79,349.93,347.29,347.82,5731000
2024-12-02,348.31,350.16,345.23,349.59,4210100
2024-12-03,349.24,352.23,330.46,333.79,4875200
2024-12-04,334.71,338.15,333.43,336.82,3655200
2024-12-05,336.67,351.82,335.20,348.53,4480000
2024-12-06,347.41,348.99,346.88,348.08,5239300
2024-12-09,347.49,355.60,347.05,354.15,2905400
2024-12-10,350.90,353.68,349.71,353.28,4575800
2024-12-11,352.03,355.28,347.96,349.71,5414500
2024-12-12,351.80,351.85,345.75,347.13,5609100
2024-12-13,346.86,350.58,338.75,339.29,7247100
2024-12-16,337.24,341.83,333.81,340.06,5811900
2024-12-17,340.80,341.47,337.65,339.52,6553300
2024-12-18,340.27,340.82,329.07,331.65,6052700
2024-12-19,330.52,335.86,329.02,332.92,5824300
2024-12-20,331.90,335.64,328.69,332.77,3412800
2024-12-23,335.12,337.10,330.12,333.83,6696800
2024-12-24,332.55,333.96,326.95,327.35,3233200
2024-12-25,329.21,332.02,328.65,331.63,3929900
2024-12-26,333.73,334.08,328.03,331.17,4934500
2024-12-27,329.53,345.98,326.32,342.49,3340500
2024-12-30,339.85,342.10,339.47,341.15,5255700
2024-12-31,341.56,345.06,335.82,336.48,4581100
2025-01-01,337.08,350.17,334.60,346.75,4673000
2025-01-02,346.61,356.17,345.12,353.41,4595000
2025-01-03,352.06,355.70,346.42,350.84,5378700
2025-01-06,350.64,352.00,345.96,346.45,6037000
2025-01-07,346.53,349.81,340.52,343.39,5457600
2025-01-08,342.15,356.92,340.97,355.99,5591700
2025-01-09,355.66,358.59,353.54,356.01,6961600
2025-01-10,357.50,358.36,355.47,355.72,6580300
2025-01-13,355.75,359.39,354.52,356.95,4977400
2025-01-14,355.00,363.63,354.94,360.55,4514800
2025-01-15,361.09,362.44,357.34,360.80,5559600
2025-01-16,357.97,363.19,352.00,355.84,5312100
2025-01-17,354.22,356.14,353.33,355.97,4164400
2025-01-20,356.63,359.29,351.76,352.11,5665700
2025-01-21,352.94,359.74,350.23,358.19,5769000
2025-01-22,356.84,361.28,355.05,359.55,4707600
2025-01-23,357.05,366.58,356.85,365.86,6119000
2025-01-24,368.22,372.06,364.63,368.32,4073800
2025-01-27,369.51,370.05,363.83,365.33,4960400
2025-01-28,365.86,367.05,355.36,355.74,3472000
2025-01-29,355.69,356.25,352.27,355.27,4664700
2025-01-30,355.98,358.58,352.27,354.94,5434000
2025-01-31,352.67,359.31,344.83,345.97,6287900
2025-02-03,343.87,347.12,341.03,341.70,5847800
2025-02-04,340.47,348.81,338.46,346.67,4934100
2025-02-05,344.42,352.01,343.89,349.08,3906700
2025-02-06,349.26,350.39,347.60,348.66,6353400
2025-02-07,346.22,350.47,344.89,349.78,6282200
2025-02-10,352.21,352.69,350.51,352.41,3407100
2025-02-11,351.66,362.50,348.86,357.09,5955300
2025-02-12,356.72,356.97,354.21,356.18,5222500
2025-02-13,356.30,358.08,338.05,341.45,5634000
2025-02-14,341.91,345.59,334.19,335.67,5533100
2025-02-17,334.22,341.46,334.08,339.08,5668000
2025-02-18,340.93,341.54,331.63,334.32,4094000
2025-02-19,334.17,341.07,331.65,341.01,5129000
2025-02-20,342.41,345.72,334.58,336.17,5539000
2025-02-21,335.87,339.25,335.65,337.49,4856500
2025-02-24,336.64,341.02,336.47,338.44,4916700
2025-02-25,338.28,350.32,337.35,349.99,3796000
2025-02-26,349.09,350.84,345.59,346.93,4296700
2025-02-27,348.76,350.33,341.32,342.72,3787600
2025-02-28,345.50,350.36,345.11,347.12,5449600
2025-03-03,348.31,352.77,346.69,347.53,4247700
2025-03-04,347.23,350.92,338.05,340.22,3808500
2025-03-05,342.07,345.40,335.28,338.79,3973700
2025-03-06,341.86,343.83,338.29,338.80,4401000
2025-03-07,339.02,344.41,335.43,341.83,5177300
2025-03-10,342.26,345.27,337.96,343.88,6625300
2025-03-11,346.04,350.21,345.37,347.61,5557600
2025-03-12,348.62,356.21,347.73,353.13,5319000
2025-03-13,353.96,354.92,350.22,350.87,4974500
2025-03-14,351.63,351.89,346.35,347.22,5053900
2025-03-17,345.04,348.81,343.40,343.69,7367100
2025-03-18,342.61,344.86,334.68,335.80,5350900
2025-03-19,337.88,338.13,325.62,327.80,5271400
2025-03-20,328.43,329.76,319.02,319.26,5652700
2025-03-21,317.68,325.48,314.06,323.25,6084700
2025-03-24,323.25,325.08,318.31,320.77,4853000
2025-03-25,320.98,329.55,319.46,328.66,4452200
2025-03-26,329.38,333.72,326.28,332.44,5220600
2025-03-27,333.30,343.43,333.26,338.07,4772700
2025-03-28,335.07,339.81,333.31,338.90,5871300
2025-03-31,336.82,348.36,336.15,343.97,4402600
2025-04-01,345.44,346.04,338.18,342.15,5122300
2025-04-02,340.92,345.41,339.86,342.93,5650400
2025-04-03,343.76,346.58,340.16,343.68,3818300
2025-04-04,343.26,346.01,342.41,344.68,6429800
2025-04-07,343.62,344.37,338.44,338.93,5315700
2025-04-08,336.26,338.71,335.26,338.44,4357700
2025-04-09,340.40,340.69,335.80,339.73,5796200
2025-04-10,338.37,348.00,337.57,345.87,4757200
2025-04-11,345.58,348.07,339.03,342.20,5254600
2025-04-14,341.75,343.23,340.05,340.92,4383100
2025-04-15,341.27,346.86,338.90,342.80,5545400
2025-04-16,343.42,348.65,340.88,341.17,6377600
2025-04-17,343.43,343.54,334.59,335.37,5116400
2025-04-18,334.04,334.09,327.63,329.73,5586600
2025-04-21,330.06,332.54,329.92,331.10,4882300
2025-04-22,331.95,338.94,330.71,336.80,3960300
2025-04-23,338.83,341.08,334.49,334.57,7352300
2025-04-24,334.28,338.42,330.86,335.01,4527600
2025-04-25,334.10,336.81,332.43,336.12,5560600
2025-04-28,336.04,336.30,335.18,336.25,5569100
2025-04-29,336.09,336.52,330.68,331.90,5389200
2025-04-30,331.15,333.83,329.32,330.89,4058400
2025-05-01,329.77,330.45,328.09,328.33,4833500
2025-05-02,327.03,329.64,323.11,324.25,4734100
2025-05-05,323.09,323.96,320.45,321.47,4972600
2025-05-06,324.26,325.54,316.58,319.58,4418900
2025-05-07,318.18,321.97,317.14,320.84,4417400
2025-05-08,320.53,324.72,315.24,316.52,2830300
2025-05-09,317.06,317.29,313.39,314.49,3700200
2025-05-12,315.53,317.41,311.32,311.98,4139100
2025-05-13,311.00,313.68,309.05,312.26,5279400
2025-05-14,312.52,313.75,312.24,313.36,6548000
2025-05-15,314.08,315.43,313.13,314.87,2902500
2025-05-16,316.29,319.79,313.52,315.77,4980200
2025-05-19,315.38,318.08,314.00,314.91,5288600
2025-05-20,315.85,320.18,313.47,317.50,3922100
2025-05-21,316.54,318.80,312.76,316.87,4503500
2025-05-22,315.36,317.12,309.73,311.26,4233600
2025-05-23,314.35,314.79,312.38,313.57,5523900
2025-05-26,311.89,312.60,307.31,311.59,4848600
2025-05-27,311.22,313.72,306.27,309.41,4858100
2025-05-28,309.29,310.82,303.02,303.28,4477600
2025-05-29,302.92,306.83,298.96,305.15,5101300
2025-05-30,308.49,310.40,306.07,309.32,6639800
2025-06-02,309.04,309.51,305.90,306.94,4804300
2025-06-03,308.85,309.61,308.23,309.42,7823800
2025-06-04,311.78,316.21,311.76,315.63,6318800
2025-06-05,316.22,319.23,312.83,318.28,7984200
2025-06-06,318.77,320.02,317.19,318.05,4016100
2025-06-09,316.95,318.06,310.32,310.63,4679000
2025-06-10,310.95,312.90,310.85,311.67,4846400
2025-06-11,312.49,316.76,310.43,314.01,5728900
2025-06-12,313.37,318.61,311.73,317.52,3436000
2025-06-13,317.55,326.15,315.98,322.23,6294700
2025-06-16,323.47,325.03,316.33,319.40,5393700
2025-06-17,318.16,319.61,313.18,313.35,5242700
2025-06-18,314.71,315.08,314.21,314.46,3590400
2025-06-19,316.12,322.99,315.51,322.75,4205900
2025-06-20,321.19,325.06,320.54,322.87,6000400
2025-06-23,324.43,326.40,323.60,325.33,4663700
2025-06-24,325.02,325.82,324.31,325.65,4830200
2025-06-25,327.93,329.76,324.30,325.55,5177500
2025-06-26,326.51,332.26,326.05,330.33,4295500
2025-06-27,331.17,336.12,330.37,335.17,3379600
2025-06-30,335.76,337.96,333.90,335.13,5292800
2025-07-01,338.80,341.22,325.77,328.74,5569100
2025-07-02,328.01,337.71,327.08,337.46,4201900
2025-07-03,339.00,341.90,336.14,341.35,4483600
2025-07-04,341.01,348.80,340.53,345.65,7434800
2025-07-07,345.74,353.27,343.29,349.81,3100000
2025-07-08,347.98,348.50,340.20,342.46,4165200
2025-07-09,341.46,342.25,340.26,342.05,4118900
2025-07-10,342.57,346.16,342.37,344.86,4049200
2025-07-11,346.18,353.23,344.96,351.74,5542400
2025-07-14,351.33,351.41,345.22,347.57,5111400
2025-07-15,345.59,363.06,344.52,361.24,6247100
2025-07-16,360.24,361.84,356.90,359.60,6430500
2025-07-17,358.77,365.05,355.87,362.95,4909300
2025-07-18,365.27,368.27,359.92,366.49,5009800
2025-07-21,367.01,374.30,365.19,372.05,4974300
2025-07-22,371.28,381.68,369.03,379.90,6078000
2025-07-23,379.72,395.19,377.67,394.11,5290300
2025-07-24,395.04,408.83,394.82,405.21,5690100
2025-07-25,403.26,416.14,402.34,411.90,4674800
2025-07-28,410.67,412.13,401.66,402.34,5856300
2025-07-29,405.89,407.83,403.60,404.30,6214700
2025-07-30,403.59,404.08,397.61,398.15,4286000
2025-07-31,396.86,398.25,387.66,390.01,6341000
2025-08-01,389.95,394.07,387.69,393.50,4645100
2025-08-04,394.40,395.78,390.48,392.41,4187000
2025-08-05,391.09,400.94,389.42,399.90,6098200
2025-08-06,401.42,405.37,387.78,389.73,5647500
2025-08-07,389.24,390.23,375.48,381.38,3196300
2025-08-08,381.90,383.71,371.35,373.34,5446600
2025-08-11,374.53,376.17,371.38,372.18,5567800
2025-08-12,373.86,374.45,363.98,366.33,6515200
2025-08-13,367.40,369.73,363.19,364.01,6296800
2025-08-14,366.07,372.68,366.00,367.00,5632100
2025-08-15,367.00,383.21,366.92,379.78,4628500
2025-08-18,380.79,382.30,371.25,374.06,3671900
2025-08-19,374.73,377.32,365.83,366.60,4177500
2025-08-20,365.15,376.20,361.55,375.27,4574400
2025-08-21,374.93,375.23,366.89,367.38,4709300
2025-08-22,367.37,372.50,364.67,370.55,4482200
2025-08-25,370.87,375.36,369.95,374.69,3638400
2025-08-26,376.51,380.01,371.66,374.45,5105000
2025-08-27,371.75,374.36,370.24,372.40,5399000
2025-08-28,371.80,373.83,361.81,364.02,5460000
2025-08-29,365.68,368.03,364.09,367.01,5348100
2025-09-01,366.37,369.46,357.37,360.76,4318100
2025-09-02,359.03,371.30,355.85,366.04,4702500
2025-09-03,366.84,367.15,363.02,365.94,4279200
2025-09-04,365.38,365.61,360.41,360.81,3575900
2025-09-05,358.85,362.29,357.85,361.11,4411700
2025-09-08,362.44,365.18,362.43,365.18,5118200
2025-09-09,367.81,368.52,364.98,367.43,4678000
2025-09-10,369.04,372.45,366.84,368.82,5364700
2025-09-11,368.75,369.22,367.10,367.24,5660300
2025-09-12,368.27,370.52,361.20,364.02,3517000
2025-09-15,364.27,375.25,360.38,374.15,6499400
2025-09-16,373.99,376.33,360.64,363.94,4876400
2025-09-17,363.99,372.44,362.95,370.29,5269700
2025-09-18,371.40,371.80,364.25,364.81,7164300
2025-09-19,366.07,369.07,364.10,367.22,4551100
2025-09-22,368.07,381.16,368.06,380.94,5889300
2025-09-23,381.15,389.17,379.86,384.97,5967100
2025-09-24,384.50,385.38,382.74,382.99,4917100
2025-09-25,382.02,383.57,374.43,376.73,5058100
2025-09-26,375.91,381.88,375.72,380.93,4424200
2025-09-29,383.30,385.70,380.80,384.25,5946400
2025-09-30,382.23,383.95,372.73,376.29,4742600
2025-10-01,376.11,377.44,373.40,374.37,3745800
2025-10-02,373.19,373.87,363.10,365.53,4878500
2025-10-03,366.33,367.57,362.00,364.40,4820500
2025-10-06,364.84,365.78,362.72,363.07,1930600
2025-10-07,361.95,363.19,355.87,357.26,5914800
2025-10-08,357.63,359.95,353.70,354.78,5290600
2025-10-09,354.21,355.80,351.19,351.56,3386100
2025-10-10,350.81,351.64,347.49,347.99,6528300
2025-10-13,350.47,355.62,348.47,354.50,4524500
2025-10-14,354.22,355.93,344.09,345.48,4514700
2025-10-15,347.89,351.09,346.60,350.63,5696300
2025-10-16,351.07,351.69,345.53,346.58,7278000
2025-10-17,347.61,347.91,342.57,343.06,6330100
2025-10-20,344.11,345.25,334.77,339.51,5896500
2025-10-21,338.66,344.06,337.21,342.91,6324600
2025-10-22,342.47,342.65,337.80,338.49,5242100
2025-10-23,339.51,343.86,338.41,341.15,4661000
2025-10-24,343.01,348.48,341.42,348.45,5678700
2025-10-27,346.72,347.92,345.94,346.94,3658300
2025-10-28,346.27,347.94,340.09,342.64,5750000
2025-10-29,339.49,342.17,338.20,339.07,4623700
2025-10-30,339.11,342.48,334.56,341.44,5543300
2025-10-31,339.83,351.67,339.34,351.28,4271400
2025-11-03,351.34,351.38,344.72,344.72,4652900
2025-11-04,346.84,349.81,346.70,347.95,5425600
2025-11-05,346.56,347.53,329.76,330.73,3965500
2025-11-06,331.33,338.43,327.73,336.68,4692500
2025-11-07,336.98,337.22,335.38,336.03,4029900
2025-11-10,334.63,346.16,333.88,342.35,1993900
2025-11-11,344.28,344.41,339.96,342.28,5601500
2025-11-12,343.83,347.70,343.30,344.08,3305400
2025-11-13,342.00,342.43,339.23,340.30,5532500
2025-11-14,341.09,341.43,329.69,334.01,7218900
2025-11-17,333.07,342.68,330.20,341.73,4588900
2025-11-18,338.14,340.77,336.33,339.50,4575400
2025-11-19,338.93,344.95,334.74,337.68,3769700
2025-11-20,338.18,339.48,336.80,337.61,7423900
2025-11-21,336.80,340.26,336.23,339.73,6974900
2025-11-24,340.32,345.65,338.76,344.56,5737500
2025-11-25,344.71,345.86,333.45,337.66,6136100
2025-11-26,338.49,341.23,329.19,331.01,4266700
2025-11-27,331.01,335.92,327.61,330.95,5633200
2025-11-28,332.99,333.83,328.62,329.62,4729300
2025-12-01,331.92,337.01,330.20,335.69,3211200
2025-12-02,334.60,338.30,334.59,337.51,5621300
2025-12-03,337.88,347.32,337.28,345.90,4644900
2025-12-04,345.84,352.62,343.26,350.33,4694600
2025-12-05,349.14,353.15,345.00,347.18,4998800
2025-12-08,348.25,353.21,344.52,345.21,6456700
2025-12-09,347.66,349.06,342.51,343.27,5185900
2025-12-10,343.59,349.15,335.11,336.37,2951200
2025-12-11,337.51,342.34,331.55,334.70,3367600
2025-12-12,334.44,338.93,332.91,335.29,5473300
2025-12-15,336.35,338.48,333.98,336.37,4248400
2025-12-16,334.51,343.06,333.66,340.71,5627100
2025-12-17,340.68,342.59,339.28,341.22,5409500
2025-12-18,339.12,339.80,337.20,338.76,3635900
2025-12-19,338.28,338.65,332.10,332.14,6041100
2025-12-22,333.04,334.11,329.61,331.19,4592200
2025-12-23,330.53,331.69,322.55,325.64,3553800
2025-12-24,326.89,335.95,326.32,333.36,5425900
2025-12-25,335.26,339.31,332.47,339.25,5072500
2025-12-26,337.37,338.12,331.66,337.68,4410100
2025-12-29,338.00,345.50,336.53,345.10,4452400
2025-12-30,345.16,355.54,345.07,355.26,3299600
2025-12-31,354.10,355.64,348.30,348.36,3892500
