Date,Open,High,Low,Close,Volume
2011-09-20,4.79,5.02,4.7,4.81,67367
2011-09-21,4.59,4.68,4.41,4.65,19098
2011-09-22,4.86,4.96,4.74,4.9,13603
2011-09-23,5.32,5.45,5.06,5.28,49306
2011-09-24,4.98,5.12,4.86,5.04,22863
2011-09-25,4.98,5.15,4.86,4.99,29018
2011-09-26,4.52,4.76,4.48,4.57,14360
2011-09-27,4.68,4.75,4.64,4.74,61884
2011-09-28,4.85,5.06,4.82,4.92,16856
2011-09-29,5.3,5.48,5.28,5.29,15075
2011-09-30,5.36,5.6,5.09,5.33,29212
2011-10-01,5.77,5.86,5.55,5.83,47724
2011-10-02,5.23,5.27,5.01,5.26,41824
2011-10-03,4.98,5.14,4.96,5.01,11139
2011-10-04,5.05,5.13,4.93,4.96,15731
2011-10-05,4.86,5.06,4.74,4.8,29218
2011-10-06,4.58,4.8,4.54,4.63,17006
2011-10-07,4.46,4.68,4.31,4.52,3544
2011-10-08,4.03,4.08,3.95,4.07,68663
2011-10-09,4.6,4.64,4.55,4.57,26551
2011-10-10,4.4,4.43,4.18,4.36,18450
2011-10-11,4.28,4.4,4.11,4.2,9681
2011-10-12,4.23,4.33,4.19,4.27,8645
2011-10-13,3.96,4.05,3.88,4.03,6779
2011-10-14,4.13,4.22,3.95,4.17,13641
2011-10-15,4.46,4.5,4.3,4.45,12533
2011-10-16,4.23,4.36,4.17,4.25,16942
2011-10-17,4.04,4.13,3.92,4.1,46086
2011-10-18,3.8,4.0,3.65,3.83,4583
2011-10-19,3.63,3.71,3.59,3.65,19959
2011-10-20,3.39,3.44,3.26,3.4,38535
2011-10-21,3.58,3.65,3.43,3.54,38101
2011-10-22,3.72,3.84,3.59,3.71,37510
2011-10-23,3.8,3.87,3.65,3.86,14095
2011-10-24,3.72,3.95,3.64,3.79,27672
2011-10-25,3.68,3.71,3.56,3.63,13198
2011-10-26,3.71,3.75,3.49,3.61,19693
2011-10-27,3.57,3.68,3.54,3.65,44549
2011-10-28,3.48,3.49,3.31,3.42,9424
2011-10-29,3.55,3.65,3.39,3.6,31038
2011-10-30,3.51,3.64,3.44,3.63,12897
2011-10-31,3.8,3.9,3.7,3.83,18921
2011-11-01,3.87,3.96,3.83,3.86,17460
2011-11-02,4.02,4.19,3.85,4.02,60682
2011-11-03,4.11,4.31,4.06,4.14,44295
2011-11-04,4.04,4.23,4.01,4.05,24747
2011-11-05,3.97,4.05,3.89,4.0,76485
2011-11-06,4.04,4.11,3.92,4.02,5788
2011-11-07,4.01,4.03,3.98,4.01,9868
2011-11-08,3.93,4.07,3.8,3.91,15110
2011-11-09,3.79,3.91,3.65,3.71,17765
2011-11-10,3.87,3.94,3.73,3.83,28956
2011-11-11,3.63,3.77,3.57,3.63,32205
2011-11-12,3.52,3.72,3.41,3.59,45324
2011-11-13,3.73,3.87,3.57,3.7,43805
2011-11-14,3.65,3.75,3.48,3.61,14210
2011-11-15,3.57,3.67,3.45,3.63,47391
2011-11-16,3.62,3.82,3.61,3.69,19086
2011-11-17,3.67,3.75,3.58,3.66,41366
2011-11-18,3.88,4.05,3.7,3.85,20041
2011-11-19,3.87,3.95,3.85,3.92,21216
2011-11-20,4.11,4.16,4.1,4.12,15180
2011-11-21,4.26,4.42,4.19,4.2,138094
2011-11-22,4.05,4.09,3.97,4.0,29287
2011-11-23,4.02,4.13,3.88,4.05,22167
2011-11-24,3.86,4.08,3.7,3.9,20223
2011-11-25,3.9,4.06,3.88,3.92,30114
2011-11-26,3.97,4.07,3.87,4.03,73191
2011-11-27,4.1,4.29,3.94,4.14,12843
2011-11-28,4.39,4.42,4.37,4.39,88293
2011-11-29,4.52,4.65,4.33,4.52,46873
2011-11-30,4.57,4.59,4.26,4.46,14295
2011-12-01,4.71,4.73,4.5,4.69,67853
2011-12-02,4.65,4.73,4.38,4.5,5905
2011-12-03,4.62,4.95,4.57,4.79,11818
2011-12-04,4.77,5.0,4.62,4.8,43251
2011-12-05,4.45,4.59,4.4,4.44,82081
2011-12-06,4.19,4.27,4.09,4.12,22109
2011-12-07,4.39,4.49,4.27,4.34,12236
2011-12-08,4.35,4.44,4.28,4.3,16623
2011-12-09,4.08,4.22,3.98,4.09,26366
2011-12-10,3.94,4.0,3.89,3.93,101890
2011-12-11,4.1,4.14,3.93,4.05,32088
2011-12-12,4.28,4.45,4.05,4.19,25622
2011-12-13,4.25,4.47,4.08,4.29,14812
2011-12-14,4.43,4.61,4.38,4.44,11753
2011-12-15,4.64,4.67,4.43,4.6,51533
2011-12-16,4.57,4.67,4.43,4.66,25869
2011-12-17,4.6,4.72,4.41,4.55,10652
2011-12-18,5.05,5.26,4.92,4.95,61905
2011-12-19,5.1,5.3,4.93,5.11,29520
2011-12-20,5.35,5.56,5.17,5.25,25061
2011-12-21,5.07,5.2,4.98,5.02,47106
2011-12-22,5.22,5.45,5.1,5.21,7201
2011-12-23,5.15,5.2,4.9,5.1,15180
2011-12-24,5.33,5.54,5.22,5.4,22464
2011-12-25,5.49,5.57,5.37,5.55,13523
2011-12-26,5.63,5.8,5.52,5.58,21059
2011-12-27,5.34,5.59,5.13,5.43,14734
2011-12-28,5.51,5.71,5.32,5.46,44552
2011-12-29,5.45,5.63,5.31,5.49,124188
2011-12-30,5.25,5.4,5.14,5.3,13623
2011-12-31,5.33,5.56,5.18,5.34,12182
2012-01-01,5.66,5.8,5.45,5.59,150828
2012-01-02,5.94,6.01,5.72,5.91,76538
2012-01-03,6.29,6.54,6.27,6.29,15979
2012-01-04,6.49,6.78,6.36,6.44,92396
2012-01-05,6.44,6.7,6.09,6.36,68414
2012-01-06,6.45,6.65,6.29,6.35,20088
2012-01-07,6.65,6.84,6.55,6.67,15930
2012-01-08,6.48,6.68,6.27,6.41,36997
2012-01-09,6.24,6.32,6.13,6.26,25171
2012-01-10,6.44,6.69,6.3,6.33,8579
2012-01-11,6.51,6.81,6.35,6.59,40165
2012-01-12,6.72,6.89,6.55,6.65,27740
2012-01-13,6.29,6.34,6.11,6.3,53767
2012-01-14,6.24,6.36,6.07,6.29,12774
2012-01-15,6.36,6.58,6.28,6.32,29620
2012-01-16,5.74,6.0,5.65,5.83,6544
2012-01-17,5.77,6.01,5.56,5.77,32060
2012-01-18,5.34,5.5,5.17,5.34,21273
2012-01-19,5.25,5.46,5.01,5.26,24650
2012-01-20,5.47,5.76,5.27,5.51,6564
2012-01-21,5.61,5.8,5.51,5.72,10411
2012-01-22,6.12,6.3,6.08,6.1,128245
2012-01-23,6.37,6.55,6.34,6.4,39968
2012-01-24,6.85,7.15,6.54,6.8,12762
2012-01-25,7.07,7.41,6.85,7.14,14312
2012-01-26,7.08,7.46,6.92,7.18,10763
2012-01-27,7.14,7.33,6.9,7.03,63488
2012-01-28,6.28,6.32,6.06,6.3,25302
2012-01-29,6.68,6.85,6.65,6.68,20799
2012-01-30,6.98,7.31,6.75,7.14,23549
2012-01-31,7.08,7.17,6.83,7.06,27685
2012-02-01,7.46,7.55,7.37,7.47,22611
2012-02-02,7.53,7.66,7.42,7.63,13081
2012-02-03,8.09,8.45,8.07,8.17,28765
2012-02-04,8.2,8.44,8.08,8.1,73696
2012-02-05,7.83,8.1,7.69,7.9,44628
2012-02-06,8.1,8.44,7.95,8.02,34684
2012-02-07,8.14,8.4,7.97,8.09,13108
2012-02-08,7.65,7.7,7.36,7.59,34516
2012-02-09,7.07,7.25,6.92,7.19,9766
2012-02-10,7.25,7.47,6.95,7.24,7625
2012-02-11,7.36,7.56,7.08,7.4,124226
2012-02-12,6.96,6.98,6.58,6.82,75248
2012-02-13,7.12,7.3,6.91,7.22,22717
2012-02-14,7.61,7.95,7.37,7.6,55309
2012-02-15,8.22,8.31,7.99,8.11,9065
2012-02-16,8.36,8.65,8.13,8.39,24826
2012-02-17,8.56,8.82,8.42,8.66,106704
2012-02-18,8.35,8.48,7.98,8.16,26318
2012-02-19,8.05,8.21,7.69,8.11,18268
2012-02-20,7.71,7.9,7.66,7.72,11754
2012-02-21,7.54,7.69,7.39,7.56,9874
2012-02-22,7.57,7.89,7.35,7.73,23951
2012-02-23,8.7,8.82,8.34,8.63,41621
2012-02-24,8.4,8.49,8.31,8.35,17404
2012-02-25,7.73,8.07,7.42,7.85,13053
2012-02-26,7.77,7.93,7.4,7.68,24984
2012-02-27,7.46,7.6,7.2,7.53,31916
2012-02-28,7.2,7.48,7.18,7.19,24647
2012-02-29,7.29,7.38,7.01,7.36,9328
2012-03-01,7.66,7.74,7.46,7.72,16182
2012-03-02,7.49,7.72,7.29,7.53,7473
2012-03-03,7.37,7.75,7.05,7.51,87744
2012-03-04,7.6,7.87,7.34,7.6,11539
2012-03-05,7.34,7.47,7.09,7.39,68917
2012-03-06,7.42,7.62,7.12,7.52,12234
2012-03-07,7.51,7.88,7.28,7.59,28251
2012-03-08,7.28,7.63,7.05,7.32,116133
2012-03-09,7.17,7.34,7.04,7.18,42089
2012-03-10,7.0,7.11,6.98,7.05,79284
2012-03-11,6.91,7.12,6.8,7.02,56466
2012-03-12,7.24,7.51,7.12,7.34,38243
2012-03-13,7.22,7.53,7.0,7.28,15771
2012-03-14,8.19,8.43,8.07,8.21,27279
2012-03-15,8.41,8.87,8.15,8.51,28506
2012-03-16,8.58,8.74,8.38,8.59,21077
2012-03-17,8.28,8.43,7.93,8.32,19559
2012-03-18,8.26,8.63,8.09,8.33,18151
2012-03-19,8.4,8.59,8.29,8.54,16367
2012-03-20,8.17,8.37,8.04,8.16,21641
2012-03-21,8.21,8.46,7.84,8.23,27306
2012-03-22,8.22,8.24,7.93,8.19,22482
2012-03-23,8.58,8.87,8.13,8.38,28714
2012-03-24,8.83,9.0,8.52,8.85,19828
2012-03-25,9.25,9.56,8.82,9.11,45605
2012-03-26,9.34,9.39,8.92,9.22,28073
2012-03-27,10.11,10.2,9.85,10.06,19633
2012-03-28,9.64,10.24,9.26,9.95,41339
2012-03-29,10.02,10.22,9.55,9.77,21040
2012-03-30,9.4,9.53,9.06,9.36,21307
2012-03-31,9.31,9.38,8.95,9.34,12644
2012-04-01,9.7,10.03,9.38,9.52,19542
2012-04-02,9.85,10.13,9.48,9.74,22023
2012-04-03,9.87,10.28,9.84,9.87,60236
2012-04-04,9.58,9.93,9.07,9.42,17560
2012-04-05,9.33,9.72,9.13,9.3,429060
2012-04-06,9.42,9.84,9.2,9.37,11900
2012-04-07,9.74,9.85,9.52,9.77,1000
2012-04-08,9.93,10.15,9.59,9.99,25875
2012-04-09,10.55,10.73,10.27,10.64,25123
2012-04-10,10.56,10.86,10.07,10.54,6996
2012-04-11,10.13,10.49,9.76,10.17,73316
2012-04-12,9.76,9.9,9.48,9.8,8149
2012-04-13,9.36,9.63,9.23,9.34,15556
2012-04-14,8.94,9.04,8.84,8.99,3866
2012-04-15,9.45,9.7,9.19,9.47,16107
2012-04-16,9.89,10.2,9.76,9.9,12365
2012-04-17,9.29,9.66,8.99,9.33,20896
2012-04-18,8.47,8.88,8.29,8.55,74463
2012-04-19,8.73,8.9,8.52,8.78,6073
2012-04-20,8.9,9.23,8.82,9.0,8794
2012-04-21,9.26,9.41,8.87,9.33,12497
2012-04-22,8.81,9.1,8.6,8.79,70506
2012-04-23,9.08,9.37,8.68,9.03,2149
2012-04-24,8.7,9.11,8.39,8.88,17118
2012-04-25,8.22,8.67,8.07,8.45,11877
2012-04-26,8.52,8.88,8.49,8.62,7589
2012-04-27,8.77,9.15,8.37,8.66,31187
2012-04-28,8.7,9.12,8.59,8.78,51659
2012-04-29,9.01,9.18,8.8,9.11,17139
2012-04-30,8.85,9.21,8.57,8.83,34713
2012-05-01,8.7,9.11,8.49,8.77,14616
2012-05-02,8.84,9.17,8.63,8.91,12611
2012-05-03,8.98,9.24,8.6,9.0,19694
2012-05-04,9.22,9.27,9.05,9.07,86559
2012-05-05,9.16,9.35,8.8,9.1,42799
2012-05-06,9.06,9.46,8.53,8.82,20788
2012-05-07,8.1,8.16,7.65,7.9,11647
2012-05-08,7.52,7.75,7.34,7.7,24569
2012-05-09,7.54,8.02,7.26,7.73,9994
2012-05-10,7.84,8.12,7.73,7.85,33017
2012-05-11,7.74,8.02,7.56,7.73,67996
2012-05-12,8.58,8.76,8.55,8.61,57789
2012-05-13,8.32,8.34,7.95,8.28,44977
2012-05-14,8.04,8.39,7.72,7.92,137957
2012-05-15,7.47,7.85,7.14,7.53,14073
2012-05-16,7.46,7.77,7.41,7.6,43866
2012-05-17,8.02,8.05,7.8,7.86,68140
2012-05-18,7.55,7.6,7.52,7.57,26878
2012-05-19,7.51,7.8,7.32,7.58,38301
2012-05-20,7.74,8.01,7.46,7.73,33049
2012-05-21,7.87,8.06,7.54,7.89,24563
2012-05-22,7.56,8.03,7.53,7.75,29144
2012-05-23,7.69,8.02,7.6,7.64,33322
2012-05-24,6.87,6.92,6.53,6.75,5264
2012-05-25,7.02,7.33,6.76,7.07,14085
2012-05-26,6.5,6.82,6.34,6.58,17446
2012-05-27,6.88,6.97,6.84,6.94,15209
2012-05-28,6.52,6.78,6.4,6.57,24462
2012-05-29,6.61,6.69,6.28,6.49,42100
2012-05-30,7.1,7.34,7.03,7.18,30650
2012-05-31,7.16,7.48,6.94,7.19,8587
2012-06-01,7.13,7.44,6.82,7.08,22006
2012-06-02,6.75,6.99,6.64,6.74,24702
2012-06-03,6.87,7.21,6.71,6.93,90774
2012-06-04,6.94,7.08,6.86,6.99,41013
2012-06-05,6.52,6.77,6.25,6.48,24167
2012-06-06,7.12,7.49,6.87,7.22,4929
2012-06-07,7.04,7.44,6.99,7.18,24589
2012-06-08,7.27,7.3,6.96,7.21,63906
2012-06-09,7.13,7.33,6.89,7.18,50242
2012-06-10,6.99,7.31,6.78,7.07,53019
2012-06-11,7.31,7.69,7.15,7.38,29798
2012-06-12,7.54,7.75,7.35,7.54,40006
2012-06-13,7.75,7.95,7.48,7.69,25239
2012-06-14,7.81,8.01,7.39,7.72,44794
2012-06-15,7.95,8.38,7.8,8.15,55141
2012-06-16,8.62,9.0,8.3,8.57,47150
2012-06-17,8.95,9.27,8.75,8.86,78035
2012-06-18,8.92,9.14,8.36,8.75,96883
2012-06-19,9.13,9.4,8.86,9.13,8109
2012-06-20,8.59,9.12,8.31,8.8,3797
2012-06-21,8.66,9.01,8.47,8.68,16012
2012-06-22,9.36,9.5,8.85,9.21,38036
2012-06-23,9.13,9.38,9.1,9.17,3539
2012-06-24,8.63,8.86,8.19,8.53,7436
2012-06-25,9.01,9.4,8.79,8.98,36498
2012-06-26,9.08,9.36,8.83,9.1,68409
2012-06-27,8.87,8.93,8.47,8.84,50373
2012-06-28,8.97,9.02,8.67,8.81,23735
2012-06-29,8.65,8.83,8.27,8.69,42155
2012-06-30,8.86,9.23,8.76,9.0,25113
2012-07-01,10.01,10.23,9.89,9.94,16575
2012-07-02,10.61,10.7,10.23,10.52,23956
2012-07-03,10.89,11.23,10.68,10.95,16315
2012-07-04,10.91,11.15,10.58,10.75,36107
2012-07-05,9.99,10.18,9.81,10.02,8605
2012-07-06,9.53,9.93,9.14,9.39,140762
2012-07-07,9.15,9.24,8.94,9.0,43310
2012-07-08,9.84,10.26,9.62,9.69,10531
2012-07-09,9.57,9.81,9.14,9.55,4768
2012-07-10,9.93,10.09,9.44,9.71,11125
2012-07-11,9.38,9.89,9.1,9.48,16231
2012-07-12,9.21,9.62,8.82,9.13,6278
2012-07-13,8.96,9.28,8.61,8.87,84946
2012-07-14,9.46,9.76,8.84,9.2,19676
2012-07-15,9.01,9.13,8.38,8.76,23621
2012-07-16,8.79,8.94,8.37,8.68,16158
2012-07-17,8.11,8.48,8.04,8.19,16857
2012-07-18,8.22,8.56,7.81,8.16,15293
2012-07-19,8.57,8.94,8.39,8.47,18296
2012-07-20,8.18,8.37,7.9,8.23,31515
2012-07-21,8.62,8.96,8.17,8.53,42466
2012-07-22,9.1,9.45,8.91,9.02,27603
2012-07-23,8.77,9.06,8.57,8.85,24321
2012-07-24,9.05,9.33,8.84,8.99,28534
2012-07-25,8.92,9.01,8.57,8.95,70114
2012-07-26,9.32,9.72,8.9,9.25,96606
2012-07-27,9.61,9.77,9.08,9.51,28451
2012-07-28,9.66,9.7,9.26,9.53,29589
2012-07-29,9.74,9.85,9.45,9.66,14059
2012-07-30,9.09,9.42,8.98,9.19,109659
2012-07-31,9.58,9.81,9.12,9.45,62270
2012-08-01,9.49,9.98,9.22,9.57,15801
2012-08-02,10.06,10.5,9.66,9.96,6723
2012-08-03,9.9,10.02,9.38,9.81,50281
2012-08-04,10.04,10.27,9.93,9.99,27351
2012-08-05,10.64,11.1,10.46,10.71,43715
2012-08-06,10.47,10.57,10.2,10.54,58557
2012-08-07,10.58,10.93,10.11,10.56,17061
2012-08-08,10.03,10.37,9.76,10.02,14642
2012-08-09,9.97,10.4,9.79,9.88,24500
2012-08-10,10.22,10.38,9.83,10.28,20178
2012-08-11,10.2,10.4,9.91,10.15,21306
2012-08-12,9.5,9.72,9.23,9.53,9170
2012-08-13,10.18,10.28,9.75,10.0,11521
2012-08-14,10.18,10.42,10.05,10.13,72211
2012-08-15,9.0,9.26,8.65,9.01,23862
2012-08-16,8.89,8.99,8.54,8.88,26709
2012-08-17,8.64,8.87,8.5,8.59,49356
2012-08-18,7.87,8.11,7.59,7.99,21735
2012-08-19,7.54,7.69,7.32,7.62,39672
2012-08-20,7.91,8.13,7.73,7.92,9577
2012-08-21,8.12,8.28,7.85,8.27,29859
2012-08-22,8.55,8.82,8.13,8.48,100944
2012-08-23,8.11,8.34,8.06,8.14,12775
2012-08-24,7.89,8.02,7.71,7.94,8703
2012-08-25,7.68,7.85,7.64,7.75,15661
2012-08-26,8.21,8.35,8.03,8.12,14553
2012-08-27,7.88,7.95,7.83,7.87,8494
2012-08-28,8.81,9.09,8.43,8.68,18168
2012-08-29,8.52,8.57,8.17,8.52,9262
2012-08-30,9.01,9.29,8.67,8.95,20384
2012-08-31,9.7,10.22,9.4,9.89,57868
2012-09-01,9.7,10.11,9.67,9.75,4540
2012-09-02,9.43,9.54,9.34,9.5,21912
2012-09-03,9.74,9.95,9.38,9.75,20253
2012-09-04,10.5,10.56,10.34,10.48,44716
2012-09-05,10.47,10.61,10.08,10.57,38888
2012-09-06,10.86,11.19,10.26,10.64,184463
2012-09-07,10.9,11.37,10.43,10.77,71779
2012-09-08,9.76,10.17,9.67,10.07,29116
2012-09-09,11.1,11.51,10.68,11.08,52934
2012-09-10,10.64,10.75,10.56,10.63,59602
2012-09-11,11.38,11.58,10.94,11.45,12311
2012-09-12,10.16,10.4,10.04,10.18,8146
2012-09-13,10.24,10.62,9.94,10.43,18157
2012-09-14,10.92,10.98,10.72,10.91,39031
2012-09-15,11.84,12.13,11.69,11.72,60249
2012-09-16,11.46,11.57,10.76,11.25,34271
2012-09-17,11.5,11.97,11.14,11.51,38237
2012-09-18,11.89,11.99,11.75,11.78,9507
2012-09-19,12.75,12.98,12.26,12.7,13163
2012-09-20,12.64,13.3,12.15,12.82,26445
2012-09-21,12.49,12.67,12.28,12.59,18373
2012-09-22,12.21,12.35,11.56,12.06,75491
2012-09-23,11.76,12.22,11.18,11.49,53989
2012-09-24,10.91,11.03,10.64,10.71,20775
2012-09-25,10.76,10.79,10.25,10.73,122188
2012-09-26,11.06,11.7,10.64,11.37,19499
2012-09-27,11.2,11.66,10.86,11.24,70119
2012-09-28,11.36,11.8,10.8,11.29,5471
2012-09-29,12.54,12.91,12.08,12.43,17679
2012-09-30,11.95,12.52,11.64,12.13,23739
2012-10-01,12.58,13.05,12.32,12.77,22635
2012-10-02,12.9,13.14,12.3,12.8,12618
2012-10-03,13.42,13.8,13.33,13.47,21541
2012-10-04,13.9,14.26,13.85,14.1,48385
2012-10-05,13.47,13.65,13.31,13.49,12577
2012-10-06,13.28,13.41,13.06,13.32,14258
2012-10-07,14.08,14.61,13.45,13.99,21901
2012-10-08,14.67,15.2,14.61,14.77,9052
2012-10-09,15.21,15.57,14.9,14.93,41380
2012-10-10,14.56,14.88,13.78,14.27,18527
2012-10-11,14.27,14.62,13.54,13.99,134575
2012-10-12,14.57,14.73,14.24,14.4,26116
2012-10-13,14.55,14.94,13.99,14.5,9160
2012-10-14,14.59,14.97,14.31,14.46,5753
2012-10-15,14.76,15.16,14.22,14.58,54937
2012-10-16,16.58,16.89,15.89,16.63,9667
2012-10-17,16.21,16.58,15.86,16.37,21414
2012-10-18,15.81,16.63,15.24,16.12,89516
2012-10-19,15.48,15.96,14.91,15.47,25379
2012-10-20,14.24,14.44,13.64,14.13,20348
2012-10-21,14.34,14.86,13.52,14.13,76338
2012-10-22,13.72,13.77,13.47,13.53,8031
2012-10-23,12.75,13.29,12.37,12.71,23979
2012-10-24,13.62,14.03,13.01,13.67,71189
2012-10-25,12.99,13.35,12.75,13.25,13254
2012-10-26,13.38,13.61,13.06,13.26,50066
2012-10-27,13.3,13.8,13.12,13.43,101994
2012-10-28,13.08,13.52,12.67,13.34,26700
2012-10-29,12.81,13.66,12.29,13.11,23670
2012-10-30,14.47,15.09,14.19,14.27,19017
2012-10-31,13.75,14.16,13.23,13.69,53900
2012-11-01,13.29,13.88,12.53,13.05,33227
2012-11-02,12.18,12.33,11.88,12.07,12369
2012-11-03,11.75,12.29,11.41,11.85,17804
2012-11-04,11.69,11.98,11.28,11.75,9297
2012-11-05,12.36,12.8,11.86,12.38,41660
2012-11-06,12.34,12.57,11.98,12.55,14538
2012-11-07,12.23,12.43,11.77,12.38,7342
2012-11-08,12.21,12.61,11.76,12.14,63500
2012-11-09,12.15,12.22,11.91,11.95,19225
2012-11-10,11.59,11.98,11.18,11.73,5737
2012-11-11,11.43,11.69,11.26,11.3,97130
2012-11-12,11.29,11.53,11.2,11.46,58439
2012-11-13,11.85,12.29,11.74,11.93,30329
2012-11-14,11.37,11.64,11.34,11.5,6118
2012-11-15,11.27,11.3,10.7,11.17,12995
2012-11-16,12.07,12.4,11.75,11.91,13375
2012-11-17,12.28,12.4,11.66,12.18,39161
2012-11-18,12.06,12.52,11.53,12.02,89435
2012-11-19,11.99,12.41,11.79,12.12,78749
2012-11-20,12.76,12.85,12.11,12.58,15692
2012-11-21,11.2,11.25,10.78,11.18,49067
2012-11-22,11.75,11.85,11.1,11.58,43332
2012-11-23,12.0,12.34,11.8,12.22,42118
2012-11-24,12.41,12.81,11.94,12.08,17860
2012-11-25,12.85,13.5,12.44,12.94,40606
2012-11-26,12.23,13.12,11.9,12.72,11652
2012-11-27,12.54,12.81,12.0,12.61,8408
2012-11-28,10.96,11.43,10.48,10.93,13620
2012-11-29,10.92,11.15,10.63,10.76,24954
2012-11-30,11.26,11.37,11.15,11.26,13160
2012-12-01,12.33,12.69,11.72,12.16,61762
2012-12-02,12.86,13.09,12.55,12.79,16299
2012-12-03,13.65,13.98,13.03,13.54,77574
2012-12-04,13.69,14.12,13.54,13.58,7076
2012-12-05,15.62,16.09,14.48,15.16,27716
2012-12-06,15.17,15.83,14.58,15.21,17020
2012-12-07,14.42,15.05,13.95,14.52,47762
2012-12-08,15.53,15.78,15.19,15.71,21157
2012-12-09,14.65,15.11,14.0,14.95,21301
2012-12-10,13.17,13.81,12.66,13.45,27476
2012-12-11,14.12,14.59,13.86,14.12,42001
2012-12-12,14.01,14.54,13.57,13.92,26953
2012-12-13,14.16,14.53,13.45,14.08,37455
2012-12-14,14.48,15.05,14.38,14.69,93173
2012-12-15,12.56,12.85,12.51,12.69,6779
2012-12-16,12.54,13.05,12.36,12.51,157796
2012-12-17,11.71,12.08,11.66,11.89,19913
2012-12-18,12.42,12.68,11.99,12.49,3303
2012-12-19,12.26,12.32,12.05,12.21,122604
2012-12-20,12.07,12.14,11.67,12.03,66688
2012-12-21,12.09,12.21,11.59,11.93,13757
2012-12-22,11.44,11.73,11.19,11.44,10668
2012-12-23,11.38,11.48,10.88,11.33,52841
2012-12-24,10.55,10.76,10.02,10.43,31739
2012-12-25,10.36,10.49,10.23,10.37,11443
2012-12-26,9.66,9.68,9.43,9.56,14338
2012-12-27,9.5,9.8,9.13,9.26,65058
2012-12-28,9.38,9.51,9.24,9.36,10588
2012-12-29,8.88,9.18,8.84,8.9,23378
2012-12-30,9.06,9.16,8.91,9.03,36618
2012-12-31,8.77,8.95,8.41,8.92,26609
2013-01-01,8.51,8.8,8.47,8.59,34782
2013-01-02,8.91,9.28,8.61,8.82,58236
2013-01-03,8.78,9.02,8.73,8.79,11002
2013-01-04,8.77,9.13,8.58,8.7,27547
2013-01-05,9.19,9.59,8.99,9.25,9404
2013-01-06,9.74,9.84,9.45,9.76,49871
2013-01-07,9.36,9.81,9.25,9.52,86897
2013-01-08,9.56,10.05,9.39,9.69,23201
2013-01-09,10.28,10.41,9.89,10.29,20174
2013-01-10,9.81,9.91,9.63,9.87,9977
2013-01-11,10.63,11.02,10.38,10.65,84576
2013-01-12,10.53,10.64,10.1,10.52,27372
2013-01-13,10.35,10.86,10.02,10.42,73062
2013-01-14,10.83,10.91,10.31,10.56,19968
2013-01-15,10.67,10.78,10.52,10.71,14670
2013-01-16,11.31,11.47,10.65,11.1,7441
2013-01-17,11.44,11.77,10.95,11.43,18736
2013-01-18,11.17,11.68,10.8,11.52,16270
2013-01-19,11.36,11.68,11.05,11.59,18737
2013-01-20,11.26,11.29,10.81,11.15,2987
2013-01-21,10.89,11.3,10.52,10.9,69979
2013-01-22,10.03,10.69,9.76,10.24,15156
2013-01-23,10.28,10.6,10.19,10.31,4848
2013-01-24,11.2,11.81,11.11,11.36,15385
2013-01-25,11.92,12.4,11.66,11.85,16686
2013-01-26,11.88,12.38,11.58,11.91,169848
2013-01-27,11.4,11.79,11.33,11.55,5999
2013-01-28,11.01,11.44,10.98,11.14,52889
2013-01-29,11.07,11.5,10.82,11.14,51390
2013-01-30,12.0,12.11,11.41,11.68,32963
2013-01-31,12.5,12.65,11.89,12.34,5288
2013-02-01,12.3,12.58,11.84,12.4,50503
2013-02-02,12.22,12.56,11.78,12.17,31327
2013-02-03,11.91,12.39,11.63,11.97,58338
2013-02-04,11.72,12.08,11.25,11.81,45383
2013-02-05,12.25,12.79,11.83,12.23,30083
2013-02-06,12.42,12.68,12.13,12.55,32468
2013-02-07,12.52,12.86,12.2,12.48,26459
2013-02-08,11.99,12.32,11.86,12.16,42670
2013-02-09,11.87,12.5,11.39,12.07,35399
2013-02-10,11.84,12.24,11.44,12.07,66973
2013-02-11,11.19,11.56,10.95,11.06,14419
2013-02-12,11.06,11.16,10.95,10.97,26309
2013-02-13,11.15,11.42,10.68,10.94,22575
2013-02-14,10.76,11.17,10.44,10.88,26442
2013-02-15,11.27,11.56,10.95,11.1,19600
2013-02-16,11.35,11.49,11.12,11.41,13905
2013-02-17,11.03,11.25,10.59,10.86,61753
2013-02-18,11.43,11.65,11.14,11.48,19454
2013-02-19,12.35,12.83,12.17,12.45,32691
2013-02-20,12.45,12.52,11.99,12.43,8626
2013-02-21,12.42,12.93,12.01,12.36,12778
2013-02-22,11.89,12.12,11.49,11.96,65288
2013-02-23,11.29,11.61,10.88,11.36,8443
2013-02-24,11.2,11.66,10.97,11.17,48996
2013-02-25,11.03,11.46,10.88,10.95,30756
2013-02-26,11.1,11.56,11.06,11.2,10175
2013-02-27,11.25,11.59,10.81,11.15,29124
2013-02-28,11.46,11.87,11.12,11.44,29548
2013-03-01,11.83,12.15,11.53,11.89,18065
2013-03-02,11.13,11.71,10.97,11.36,81082
2013-03-03,10.71,10.92,10.65,10.78,69028
2013-03-04,10.63,10.92,10.1,10.49,20143
2013-03-05,10.17,10.63,10.01,10.07,88378
2013-03-06,9.41,9.73,9.26,9.41,9102
2013-03-07,9.5,9.59,9.41,9.44,22061
2013-03-08,8.83,9.2,8.6,8.76,32340
2013-03-09,8.86,9.05,8.42,8.76,175288
2013-03-10,8.61,9.05,8.5,8.68,7389
2013-03-11,9.22,9.44,8.89,9.25,23807
2013-03-12,8.46,8.61,8.33,8.44,91979
2013-03-13,8.26,8.51,7.95,8.46,61092
2013-03-14,8.1,8.32,7.95,7.99,9390
2013-03-15,7.83,8.13,7.54,7.76,58131
2013-03-16,7.6,7.79,7.57,7.6,26664
2013-03-17,7.55,7.68,7.52,7.62,19134
2013-03-18,7.91,8.01,7.44,7.75,12604
2013-03-19,7.92,8.05,7.8,7.97,57456
2013-03-20,8.08,8.22,8.04,8.13,54109
2013-03-21,8.31,8.46,8.19,8.36,31360
2013-03-22,8.3,8.65,7.84,8.21,18803
2013-03-23,8.3,8.69,8.03,8.35,53425
2013-03-24,8.12,8.55,8.0,8.21,33936
2013-03-25,8.27,8.64,7.93,8.31,14731
2013-03-26,7.75,8.09,7.33,7.62,77722
2013-03-27,7.24,7.56,7.03,7.31,18916
2013-03-28,7.53,7.82,7.14,7.42,30243
2013-03-29,7.74,8.11,7.54,7.78,36020
2013-03-30,7.99,8.27,7.83,8.08,15622
2013-03-31,8.12,8.31,7.73,8.01,27539
2013-04-01,8.72,9.03,8.04,8.41,56258
2013-04-02,8.42,8.75,8.25,8.42,272171
2013-04-03,8.24,8.26,7.87,8.12,24902
2013-04-04,8.23,8.46,8.17,8.27,20674
2013-04-05,8.62,8.93,8.29,8.51,23103
2013-04-06,8.12,8.47,7.97,8.03,11727
2013-04-07,7.8,8.09,7.6,7.86,40208
2013-04-08,8.4,8.63,8.11,8.32,110397
2013-04-09,8.47,8.85,8.15,8.51,39976
2013-04-10,8.58,8.65,8.41,8.43,84843
2013-04-11,7.97,8.32,7.95,8.07,9428
2013-04-12,8.0,8.08,7.68,7.9,116003
2013-04-13,8.85,9.15,8.46,8.88,24175
2013-04-14,9.01,9.32,8.97,9.06,139213
2013-04-15,9.06,9.34,9.02,9.06,12224
2013-04-16,9.01,9.17,8.74,8.97,70096
2013-04-17,9.11,9.3,9.02,9.07,15744
2013-04-18,8.65,9.02,8.41,8.67,60462
2013-04-19,7.7,7.87,7.48,7.76,10592
2013-04-20,7.85,7.88,7.58,7.84,30288
2013-04-21,7.81,8.22,7.59,7.95,33170
2013-04-22,7.45,7.82,7.18,7.54,38177
2013-04-23,7.34,7.59,7.18,7.31,30071
2013-04-24,7.24,7.35,6.82,7.1,11152
2013-04-25,6.96,7.29,6.67,7.02,14700
2013-04-26,6.82,7.29,6.53,7.03,21778
2013-04-27,6.46,6.57,6.19,6.47,8144
2013-04-28,6.26,6.53,6.21,6.31,9364
2013-04-29,6.4,6.47,6.11,6.36,21664
2013-04-30,6.29,6.52,6.09,6.22,95096
2013-05-01,6.25,6.52,6.17,6.2,144291
2013-05-02,5.91,6.17,5.86,5.91,9212
2013-05-03,5.66,5.73,5.49,5.62,5141
2013-05-04,5.88,6.11,5.68,5.76,20107
2013-05-05,5.1,5.25,4.99,5.16,44907
2013-05-06,5.3,5.54,4.93,5.15,6996
2013-05-07,5.07,5.22,5.0,5.05,66617
2013-05-08,4.81,5.02,4.79,4.83,23325
2013-05-09,4.72,4.74,4.64,4.69,22179
2013-05-10,4.68,4.73,4.47,4.65,27238
2013-05-11,4.84,5.02,4.81,4.86,30586
2013-05-12,4.91,5.14,4.75,4.93,7727
2013-05-13,5.2,5.42,5.01,5.07,25170
2013-05-14,4.81,4.95,4.62,4.85,11657
2013-05-15,4.72,4.93,4.59,4.7,36180
2013-05-16,4.34,4.45,4.3,4.34,5124
2013-05-17,4.45,4.57,4.27,4.45,14628
2013-05-18,4.53,4.68,4.4,4.49,220179
2013-05-19,4.38,4.51,4.25,4.38,38635
2013-05-20,4.5,4.65,4.43,4.58,29126
2013-05-21,4.54,4.59,4.37,4.52,13490
2013-05-22,4.78,4.8,4.69,4.73,4638
2013-05-23,5.21,5.39,4.93,5.1,27007
2013-05-24,5.02,5.16,4.75,4.96,36515
2013-05-25,4.93,5.05,4.68,4.9,47883
2013-05-26,4.77,4.89,4.59,4.79,31382
2013-05-27,4.93,5.09,4.84,4.9,38620
2013-05-28,5.01,5.2,4.8,4.93,31664
2013-05-29,4.73,4.81,4.72,4.74,5213
2013-05-30,4.72,4.82,4.61,4.73,8262
2013-05-31,5.02,5.14,4.91,5.04,62900
2013-06-01,4.97,5.12,4.78,5.02,9365
2013-06-02,4.99,5.03,4.81,4.97,38945
2013-06-03,4.95,5.17,4.83,4.97,23707
2013-06-04,5.06,5.14,4.92,5.08,17503
2013-06-05,5.05,5.36,4.98,5.19,29240
2013-06-06,5.05,5.19,4.99,5.05,13164
2013-06-07,5.21,5.44,4.98,5.22,19198
2013-06-08,5.52,5.56,5.34,5.54,31226
2013-06-09,5.72,5.95,5.46,5.68,55214
2013-06-10,5.76,6.06,5.75,5.84,8230
2013-06-11,6.02,6.08,5.83,6.03,15443
2013-06-12,5.9,6.0,5.64,5.84,18864
2013-06-13,5.89,5.93,5.69,5.88,27951
2013-06-14,5.47,5.66,5.4,5.57,9483
2013-06-15,5.6,5.68,5.37,5.64,18557
2013-06-16,5.81,5.86,5.65,5.74,108854
2013-06-17,5.68,5.89,5.6,5.63,13555
2013-06-18,5.84,6.15,5.67,5.89,31930
2013-06-19,5.86,5.99,5.78,5.95,23782
2013-06-20,5.76,5.88,5.66,5.79,35733
2013-06-21,5.92,6.0,5.78,5.81,24545
2013-06-22,5.24,5.45,5.02,5.32,17653
2013-06-23,5.16,5.29,5.1,5.17,17589
2013-06-24,5.0,5.27,4.93,5.05,46994
2013-06-25,4.98,5.1,4.96,5.04,34746
2013-06-26,4.71,4.86,4.56,4.7,20415
2013-06-27,4.93,5.05,4.67,4.78,52663
2013-06-28,4.82,4.93,4.78,4.84,30053
2013-06-29,4.79,4.81,4.75,4.77,44390
2013-06-30,5.02,5.19,4.86,5.09,37415
2013-07-01,5.03,5.22,4.9,5.1,12513
2013-07-02,5.1,5.28,5.05,5.1,14699
2013-07-03,5.24,5.37,5.08,5.3,37387
2013-07-04,5.61,5.81,5.29,5.51,13851
2013-07-05,5.36,5.55,5.23,5.44,34777
2013-07-06,5.61,5.69,5.59,5.66,21384
2013-07-07,5.79,6.03,5.7,5.74,26352
2013-07-08,5.56,5.8,5.53,5.67,25859
2013-07-09,5.26,5.56,5.16,5.38,97651
2013-07-10,5.59,5.63,5.3,5.53,26869
2013-07-11,5.35,5.61,5.34,5.49,12652
2013-07-12,5.39,5.51,5.26,5.35,24349
2013-07-13,5.13,5.29,5.02,5.23,17815
2013-07-14,5.29,5.52,5.07,5.31,3229
2013-07-15,5.2,5.43,5.0,5.16,36075
2013-07-16,5.28,5.47,5.17,5.28,23200
2013-07-17,4.86,4.93,4.81,4.88,43734
2013-07-18,4.78,4.94,4.58,4.72,9594
2013-07-19,4.92,5.1,4.7,4.97,140403
2013-07-20,4.77,5.02,4.67,4.82,11756
2013-07-21,4.63,4.74,4.54,4.61,42925
2013-07-22,4.72,4.89,4.6,4.74,8399
2013-07-23,4.48,4.49,4.29,4.43,36059
2013-07-24,4.54,4.64,4.36,4.46,21001
2013-07-25,4.61,4.68,4.58,4.61,41481
2013-07-26,4.76,4.83,4.71,4.72,83211
2013-07-27,4.68,4.87,4.47,4.7,59792
2013-07-28,5.05,5.07,4.98,5.04,52910
2013-07-29,5.0,5.17,4.79,5.06,37991
2013-07-30,5.28,5.4,5.04,5.16,39367
2013-07-31,5.08,5.18,4.98,5.06,21174
2013-08-01,4.83,5.0,4.64,4.85,23849
2013-08-02,4.95,5.13,4.91,5.04,4731
2013-08-03,4.91,5.03,4.74,5.0,47912
2013-08-04,4.98,5.1,4.9,4.93,24738
2013-08-05,4.62,4.82,4.57,4.64,101536
2013-08-06,4.53,4.69,4.31,4.47,22448
2013-08-07,4.4,4.43,4.34,4.42,50109
2013-08-08,4.29,4.56,4.2,4.37,15704
2013-08-09,4.42,4.54,4.23,4.32,21100
2013-08-10,4.57,4.59,4.46,4.55,27173
2013-08-11,4.53,4.63,4.29,4.49,34970
2013-08-12,4.46,4.68,4.31,4.56,66908
2013-08-13,4.65,4.7,4.38,4.56,17856
2013-08-14,4.7,4.72,4.56,4.67,22712
2013-08-15,4.75,4.98,4.63,4.77,35346
2013-08-16,4.71,4.81,4.55,4.77,33361
2013-08-17,4.76,4.92,4.71,4.8,23504
2013-08-18,4.85,5.09,4.74,4.88,19991
2013-08-19,4.67,4.71,4.52,4.69,4250
2013-08-20,5.09,5.3,4.92,5.09,30370
2013-08-21,5.26,5.49,5.06,5.39,38608
2013-08-22,5.25,5.46,5.18,5.21,32515
2013-08-23,5.04,5.12,4.94,5.08,55840
2013-08-24,5.39,5.63,5.23,5.4,16189
2013-08-25,5.62,5.67,5.43,5.56,9438
2013-08-26,5.71,5.96,5.66,5.78,253936
2013-08-27,5.59,5.8,5.5,5.63,34144
2013-08-28,5.75,6.14,5.74,5.88,53457
2013-08-29,6.23,6.26,5.98,6.14,14759
2013-08-30,6.21,6.27,6.0,6.25,13619
2013-08-31,5.87,6.2,5.69,5.95,10178
2013-09-01,5.72,5.83,5.5,5.8,47747
2013-09-02,5.97,6.0,5.83,5.86,18995
2013-09-03,6.5,6.78,5.84,6.11,20769
2013-09-04,6.23,6.24,6.08,6.1,22583
2013-09-05,6.1,6.28,5.83,6.07,18611
2013-09-06,5.94,6.14,5.76,6.01,11703
2013-09-07,5.89,5.99,5.78,5.84,15674
2013-09-08,5.73,5.93,5.47,5.71,28238
2013-09-09,5.69,5.79,5.45,5.74,12053
2013-09-10,5.72,5.94,5.56,5.69,91969
2013-09-11,5.73,5.9,5.38,5.61,204139
2013-09-12,5.89,5.9,5.68,5.83,55497
2013-09-13,5.79,5.98,5.61,5.86,6702
2013-09-14,5.78,6.0,5.51,5.67,18485
2013-09-15,5.7,5.85,5.55,5.58,5453
2013-09-16,6.06,6.16,5.85,6.04,56603
2013-09-17,6.23,6.31,5.86,6.14,154916
2013-09-18,5.97,6.23,5.88,6.02,20665
2013-09-19,5.73,5.98,5.58,5.78,33169
2013-09-20,5.73,5.92,5.54,5.71,15977
2013-09-21,5.5,5.58,5.24,5.43,22650
2013-09-22,5.52,5.67,5.27,5.55,6881
2013-09-23,5.54,5.78,5.5,5.52,6265
2013-09-24,5.59,5.75,5.36,5.55,5357
2013-09-25,5.59,5.68,5.55,5.59,127152
2013-09-26,5.64,5.76,5.38,5.63,22716
2013-09-27,5.68,5.79,5.49,5.56,67672
2013-09-28,5.64,5.75,5.4,5.61,24605
2013-09-29,5.58,5.94,5.57,5.71,48228
2013-09-30,5.35,5.62,5.33,5.46,55462
2013-10-01,5.27,5.48,5.04,5.21,8817
2013-10-02,5.14,5.37,5.03,5.12,13646
2013-10-03,5.33,5.63,5.18,5.4,17605
2013-10-04,5.55,5.74,5.32,5.43,28205
2013-10-05,5.33,5.54,5.08,5.25,30494
2013-10-06,5.77,5.92,5.63,5.77,17088
2013-10-07,5.89,6.09,5.76,5.88,30760
2013-10-08,5.81,5.99,5.66,5.74,24764
2013-10-09,5.9,6.05,5.72,5.85,22765
2013-10-10,5.54,5.83,5.48,5.61,13309
2013-10-11,5.67,5.86,5.65,5.66,10380
2013-10-12,5.84,5.94,5.6,5.79,6425
2013-10-13,5.74,6.0,5.53,5.78,56341
2013-10-14,5.9,6.17,5.85,5.97,21693
2013-10-15,5.66,5.87,5.65,5.66,26541
2013-10-16,5.91,6.03,5.71,5.84,15620
2013-10-17,5.86,6.11,5.69,5.85,15736
2013-10-18,5.87,6.19,5.61,5.98,16494
2013-10-19,6.1,6.28,5.82,5.97,40529
2013-10-20,5.99,6.07,5.75,6.03,54761
2013-10-21,5.96,6.01,5.92,5.94,14734
2013-10-22,5.78,6.0,5.53,5.9,33867
2013-10-23,5.86,6.02,5.78,5.84,55621
2013-10-24,5.92,6.06,5.77,5.86,9022
2013-10-25,5.74,5.87,5.6,5.77,16797
2013-10-26,5.59,5.87,5.39,5.65,20729
2013-10-27,5.92,6.17,5.79,5.87,71641
2013-10-28,6.32,6.44,5.99,6.19,16995
2013-10-29,6.2,6.36,6.18,6.28,7272
2013-10-30,6.23,6.66,6.18,6.37,31063
2013-10-31,6.47,6.7,6.19,6.49,5920
2013-11-01,6.09,6.35,5.88,6.15,8644
2013-11-02,6.77,7.02,6.59,6.75,51268
2013-11-03,6.7,6.95,6.46,6.68,10802
2013-11-04,6.25,6.55,6.19,6.36,48248
2013-11-05,6.21,6.4,5.97,6.27,21704
2013-11-06,6.39,6.55,6.14,6.37,22013
2013-11-07,6.39,6.46,6.0,6.26,16765
2013-11-08,6.16,6.42,5.93,6.21,22675
2013-11-09,6.01,6.19,5.84,5.93,21271
2013-11-10,5.8,5.94,5.65,5.81,17885
2013-11-11,5.82,6.06,5.68,5.76,25788
2013-11-12,5.95,6.12,5.89,5.91,50710
2013-11-13,5.74,6.05,5.51,5.8,59801
2013-11-14,6.02,6.2,5.73,5.84,17391
2013-11-15,5.82,5.93,5.6,5.82,13532
2013-11-16,5.82,6.02,5.75,5.8,26180
2013-11-17,6.03,6.32,6.01,6.16,39032
2013-11-18,6.13,6.42,5.86,6.25,12807
2013-11-19,6.17,6.28,6.02,6.21,28734
2013-11-20,6.26,6.51,6.11,6.16,54671
2013-11-21,5.81,5.95,5.57,5.75,20170
2013-11-22,5.89,6.03,5.86,5.93,40531
2013-11-23,5.9,6.07,5.69,5.89,7348
2013-11-24,5.85,5.99,5.81,5.82,20108
2013-11-25,5.76,6.12,5.66,5.87,5872
2013-11-26,5.98,6.09,5.7,5.97,13418
2013-11-27,6.23,6.33,6.16,6.17,22753
2013-11-28,6.26,6.42,5.99,6.15,30950
2013-11-29,6.04,6.19,5.77,6.08,100593
2013-11-30,6.31,6.5,6.16,6.26,13253
2013-12-01,6.65,6.74,6.35,6.61,15962
2013-12-02,6.27,6.32,6.18,6.24,74680
2013-12-03,6.5,6.76,6.26,6.42,3549
2013-12-04,6.69,6.81,6.48,6.77,27392
2013-12-05,6.41,6.59,6.12,6.54,7817
2013-12-06,6.41,6.56,6.07,6.29,12308
2013-12-07,6.38,6.5,6.05,6.31,29567
2013-12-08,6.04,6.13,6.0,6.07,5655
2013-12-09,5.72,5.79,5.48,5.75,26109
2013-12-10,5.67,5.78,5.56,5.72,21505
2013-12-11,5.43,5.5,5.36,5.42,22854
2013-12-12,5.38,5.59,5.34,5.5,11230
2013-12-13,5.81,5.98,5.49,5.72,10485
2013-12-14,5.61,5.86,5.51,5.7,27565
2013-12-15,5.72,5.86,5.54,5.7,36511
2013-12-16,5.39,5.51,5.24,5.41,27006
2013-12-17,5.37,5.63,5.16,5.39,20936
2013-12-18,5.57,5.77,5.49,5.52,5150
2013-12-19,5.38,5.55,5.21,5.41,52168
2013-12-20,5.6,5.7,5.48,5.59,39971
2013-12-21,5.35,5.47,5.12,5.37,36204
2013-12-22,5.03,5.27,4.87,5.07,26494
2013-12-23,4.93,5.14,4.74,4.94,22605
2013-12-24,5.1,5.24,4.95,5.07,35999
2013-12-25,4.84,4.97,4.67,4.85,50370
2013-12-26,4.66,4.97,4.54,4.76,87755
2013-12-27,4.78,4.99,4.67,4.79,14175
2013-12-28,4.68,4.87,4.62,4.63,21860
2013-12-29,4.57,4.63,4.43,4.56,18606
2013-12-30,4.69,4.91,4.57,4.71,19972
2013-12-31,4.58,4.74,4.5,4.52,48326
2014-01-01,4.61,4.63,4.49,4.56,10036
2014-01-02,4.71,4.85,4.54,4.68,16511
2014-01-03,5.04,5.23,4.96,5.01,13704
2014-01-04,4.88,5.11,4.77,4.9,8221
2014-01-05,4.79,4.84,4.73,4.78,11519
2014-01-06,4.93,4.97,4.81,4.92,18981
2014-01-07,4.92,5.07,4.82,4.93,35144
2014-01-08,5.04,5.19,4.79,4.92,18416
2014-01-09,4.78,4.87,4.66,4.77,10717
2014-01-10,4.75,4.94,4.72,4.82,53506
2014-01-11,4.51,4.66,4.28,4.48,18456
2014-01-12,4.4,4.47,4.25,4.43,17181
2014-01-13,4.57,4.67,4.54,4.58,103714
2014-01-14,4.75,4.98,4.55,4.77,38886
2014-01-15,5.03,5.07,4.88,4.97,7391
2014-01-16,5.13,5.27,4.88,5.1,38374
2014-01-17,5.14,5.29,4.92,5.17,22138
2014-01-18,5.12,5.15,4.98,5.12,13605
2014-01-19,5.21,5.25,5.06,5.14,57830
2014-01-20,4.92,5.01,4.77,4.9,63224
2014-01-21,5.1,5.2,5.06,5.17,59638
2014-01-22,5.14,5.44,4.98,5.22,12288
2014-01-23,4.81,4.94,4.79,4.8,32645
2014-01-24,4.7,4.79,4.62,4.71,45808
2014-01-25,4.84,4.86,4.7,4.83,45135
2014-01-26,5.17,5.37,4.89,5.07,16250
2014-01-27,5.18,5.2,4.92,5.11,7697
2014-01-28,5.23,5.33,5.12,5.24,49514
2014-01-29,5.57,5.63,5.41,5.43,80613
2014-01-30,5.44,5.61,5.25,5.35,27310
2014-01-31,5.79,5.91,5.45,5.67,72326
2014-02-01,5.63,5.7,5.54,5.6,13489
2014-02-02,5.77,5.96,5.7,5.72,11244
2014-02-03,5.53,5.74,5.33,5.51,17412
2014-02-04,5.17,5.3,5.14,5.19,18902
2014-02-05,4.97,5.05,4.84,4.98,22653
2014-02-06,4.78,4.93,4.66,4.79,28520
2014-02-07,4.73,4.91,4.54,4.74,138323
2014-02-08,4.72,4.92,4.62,4.75,2504
2014-02-09,4.58,4.67,4.39,4.55,17797
2014-02-10,4.65,4.82,4.45,4.6,9160
2014-02-11,4.83,4.93,4.58,4.7,11503
2014-02-12,4.81,4.83,4.66,4.75,11664
2014-02-13,4.76,4.86,4.63,4.78,61803
2014-02-14,4.95,5.11,4.79,4.95,36248
2014-02-15,5.09,5.15,4.86,5.08,11637
2014-02-16,4.88,5.02,4.64,4.85,27836
2014-02-17,4.67,4.84,4.59,4.65,24767
2014-02-18,4.82,5.07,4.63,4.88,40914
2014-02-19,4.92,5.11,4.9,4.91,42472
2014-02-20,4.9,5.04,4.74,4.9,62513
2014-02-21,4.92,5.1,4.79,4.82,7196
2014-02-22,5.0,5.17,4.75,4.94,17134
2014-02-23,4.92,5.04,4.75,4.87,16026
2014-02-24,5.05,5.07,4.97,5.05,59632
2014-02-25,5.05,5.17,4.87,5.1,14538
2014-02-26,5.04,5.28,4.95,5.06,45068
2014-02-27,4.91,5.17,4.86,4.95,5144
2014-02-28,4.92,4.95,4.77,4.89,68695
2014-03-01,5.11,5.31,4.99,5.18,37451
2014-03-02,5.01,5.06,4.88,4.92,37242
2014-03-03,4.68,4.89,4.63,4.71,25566
2014-03-04,4.7,4.82,4.61,4.64,36100
2014-03-05,4.36,4.42,4.24,4.41,39749
2014-03-06,4.55,4.63,4.37,4.56,14573
2014-03-07,4.46,4.54,4.3,4.48,90012
2014-03-08,4.7,4.89,4.59,4.63,54459
2014-03-09,4.62,4.66,4.49,4.6,14262
2014-03-10,4.53,4.71,4.37,4.55,16973
2014-03-11,4.64,4.71,4.52,4.58,40773
2014-03-12,4.28,4.43,4.15,4.31,19279
2014-03-13,4.41,4.47,4.37,4.46,19499
2014-03-14,4.26,4.28,4.08,4.24,50893
2014-03-15,4.38,4.51,4.26,4.44,75554
2014-03-16,4.62,4.78,4.41,4.62,16192
2014-03-17,4.54,4.72,4.39,4.47,24095
2014-03-18,4.77,4.89,4.49,4.69,14529
2014-03-19,4.39,4.53,4.32,4.41,39027
2014-03-20,4.5,4.71,4.43,4.53,55931
2014-03-21,4.51,4.67,4.37,4.55,15562
2014-03-22,4.63,4.8,4.42,4.68,32300
2014-03-23,4.75,4.96,4.65,4.69,21891
2014-03-24,4.41,4.55,4.22,4.49,22993
2014-03-25,4.63,4.8,4.53,4.59,92966
2014-03-26,4.42,4.47,4.37,4.46,31002
2014-03-27,4.38,4.5,4.23,4.41,37125
2014-03-28,4.31,4.33,4.19,4.32,13238
2014-03-29,4.39,4.5,4.14,4.29,61417
2014-03-30,4.17,4.19,4.0,4.13,29307
2014-03-31,3.97,4.05,3.94,4.02,69087
2014-04-01,4.01,4.14,3.86,4.06,39377
2014-04-02,4.21,4.39,4.07,4.19,30100
2014-04-03,4.04,4.1,3.99,4.04,22230
2014-04-04,4.12,4.34,3.98,4.18,6181
2014-04-05,4.11,4.35,3.96,4.19,17771
2014-04-06,4.12,4.2,3.93,4.1,12718
2014-04-07,3.93,4.02,3.9,3.96,16731
2014-04-08,3.84,4.01,3.7,3.95,29109
2014-04-09,4.15,4.19,4.11,4.18,17313
2014-04-10,4.11,4.23,4.01,4.13,27873
2014-04-11,4.26,4.31,4.06,4.18,31649
2014-04-12,4.13,4.15,4.1,4.12,8465
2014-04-13,3.95,4.2,3.85,4.03,70908
2014-04-14,3.93,4.1,3.83,3.95,35654
2014-04-15,4.07,4.19,3.86,3.97,30661
2014-04-16,3.95,4.05,3.8,3.99,16218
2014-04-17,4.05,4.23,3.96,4.01,9156
2014-04-18,4.02,4.11,3.8,3.96,65528
2014-04-19,3.89,4.07,3.78,3.93,64445
2014-04-20,3.8,3.94,3.72,3.85,42777
2014-04-21,3.66,3.84,3.56,3.78,156839
2014-04-22,3.64,3.82,3.6,3.66,5440
2014-04-23,3.61,3.69,3.46,3.63,58903
2014-04-24,3.53,3.66,3.37,3.54,8058
2014-04-25,3.67,3.82,3.45,3.57,141969
2014-04-26,3.57,3.72,3.46,3.56,35471
2014-04-27,3.51,3.66,3.46,3.52,10746
2014-04-28,3.36,3.54,3.27,3.45,78244
2014-04-29,3.44,3.59,3.28,3.41,20450
2014-04-30,3.3,3.42,3.23,3.3,17852
2014-05-01,3.24,3.37,3.14,3.27,66112
2014-05-02,3.2,3.28,3.07,3.26,17508
2014-05-03,3.23,3.36,3.12,3.25,24916
2014-05-04,3.04,3.07,2.95,3.05,29120
2014-05-05,2.86,2.94,2.78,2.9,186687
2014-05-06,3.08,3.09,3.01,3.07,31181
2014-05-07,2.96,3.15,2.95,3.05,13315
2014-05-08,3.02,3.11,2.97,3.03,6076
2014-05-09,3.08,3.14,3.05,3.11,61552
2014-05-10,2.97,3.08,2.87,3.02,13609
2014-05-11,2.87,2.96,2.78,2.87,124396
2014-05-12,2.94,3.01,2.91,2.95,35971
2014-05-13,2.98,3.03,2.92,2.96,21320
2014-05-14,2.91,2.98,2.82,2.96,46878
2014-05-15,3.1,3.21,3.02,3.09,8105
2014-05-16,3.17,3.28,2.98,3.11,30081
2014-05-17,3.19,3.27,3.1,3.19,7823
2014-05-18,3.03,3.15,2.97,3.03,51718
2014-05-19,2.96,3.03,2.85,2.92,45262
2014-05-20,2.81,2.91,2.78,2.81,41238
2014-05-21,2.83,2.95,2.79,2.81,69381
2014-05-22,2.79,2.87,2.68,2.76,29988
2014-05-23,2.82,2.89,2.72,2.86,6400
2014-05-24,2.93,3.05,2.86,2.96,39716
2014-05-25,2.92,2.95,2.86,2.91,50759
2014-05-26,2.83,2.95,2.79,2.83,41555
2014-05-27,2.74,2.83,2.62,2.78,26965
2014-05-28,2.77,2.81,2.65,2.79,85852
2014-05-29,2.77,2.83,2.63,2.74,11581
2014-05-30,2.7,2.81,2.58,2.72,56555
2014-05-31,2.69,2.71,2.63,2.68,32272
2014-06-01,2.69,2.78,2.65,2.75,14631
2014-06-02,2.82,2.91,2.66,2.77,9511
2014-06-03,2.78,2.89,2.68,2.79,6564
2014-06-04,2.81,2.9,2.65,2.77,25479
2014-06-05,2.79,2.88,2.7,2.78,32814
2014-06-06,2.84,2.91,2.84,2.85,29363
2014-06-07,2.75,2.87,2.7,2.73,40478
2014-06-08,2.7,2.74,2.63,2.72,13850
2014-06-09,2.68,2.74,2.61,2.63,22552
2014-06-10,2.66,2.72,2.6,2.65,3881
2014-06-11,2.69,2.8,2.57,2.67,7431
2014-06-12,2.6,2.72,2.52,2.62,10931
2014-06-13,2.61,2.71,2.53,2.63,43915
2014-06-14,2.65,2.73,2.52,2.61,21886
2014-06-15,2.4,2.45,2.35,2.42,41434
2014-06-16,2.41,2.42,2.32,2.41,38557
2014-06-17,2.44,2.51,2.42,2.43,25647
2014-06-18,2.41,2.52,2.39,2.42,42359
2014-06-19,2.41,2.41,2.37,2.38,79230
2014-06-20,2.59,2.6,2.46,2.56,14524
2014-06-21,2.52,2.53,2.41,2.48,10243
2014-06-22,2.59,2.64,2.49,2.59,37246
2014-06-23,2.4,2.52,2.3,2.41,17004
2014-06-24,2.51,2.58,2.42,2.47,15483
2014-06-25,2.61,2.67,2.43,2.51,7634
2014-06-26,2.6,2.63,2.49,2.58,108332
2014-06-27,2.57,2.67,2.56,2.58,44366
2014-06-28,2.65,2.72,2.53,2.6,8159
2014-06-29,2.58,2.59,2.51,2.56,10878
2014-06-30,2.65,2.75,2.64,2.69,33443
2014-07-01,2.59,2.68,2.52,2.62,8097
2014-07-02,2.72,2.79,2.67,2.71,18194
2014-07-03,2.91,3.02,2.8,2.86,88245
2014-07-04,3.07,3.08,2.93,3.07,21659
2014-07-05,2.9,2.91,2.76,2.89,29866
2014-07-06,2.85,2.97,2.77,2.89,42228
2014-07-07,3.16,3.19,3.09,3.17,357424
2014-07-08,3.2,3.32,3.11,3.14,14568
2014-07-09,3.12,3.13,3.04,3.12,10320
2014-07-10,3.23,3.34,3.1,3.24,17696
2014-07-11,3.48,3.56,3.4,3.51,16411
2014-07-12,3.49,3.63,3.39,3.51,13882
2014-07-13,3.66,3.69,3.52,3.55,30063
2014-07-14,3.78,3.89,3.55,3.69,8911
2014-07-15,3.76,3.95,3.68,3.78,24917
2014-07-16,4.09,4.18,4.0,4.06,30822
2014-07-17,3.86,3.89,3.83,3.86,13311
2014-07-18,3.78,3.85,3.66,3.81,5838
2014-07-19,4.02,4.11,4.02,4.03,23243
2014-07-20,4.05,4.22,3.9,4.1,17033
2014-07-21,4.06,4.22,4.02,4.08,7827
2014-07-22,4.39,4.45,4.22,4.39,9611
2014-07-23,4.56,4.71,4.4,4.62,29836
2014-07-24,4.5,4.59,4.36,4.48,10028
2014-07-25,4.81,5.01,4.79,4.81,11845
2014-07-26,4.71,4.9,4.56,4.76,62491
2014-07-27,4.94,5.12,4.74,4.94,53402
2014-07-28,4.87,4.92,4.72,4.86,20297
2014-07-29,5.26,5.27,4.95,5.13,17549
2014-07-30,5.24,5.39,5.17,5.23,19924
2014-07-31,5.63,5.87,5.6,5.68,26931
2014-08-01,5.64,5.85,5.59,5.64,29391
2014-08-02,5.83,6.09,5.69,5.79,41609
2014-08-03,5.81,6.04,5.53,5.74,11967
2014-08-04,5.54,5.71,5.4,5.57,21962
2014-08-05,5.73,5.87,5.47,5.7,11479
2014-08-06,6.09,6.35,5.95,6.0,30504
2014-08-07,5.95,6.09,5.73,6.0,31010
2014-08-08,6.14,6.22,5.81,6.02,68011
2014-08-09,5.65,5.76,5.42,5.74,71193
2014-08-10,5.81,6.0,5.56,5.77,23385
2014-08-11,5.81,5.94,5.69,5.75,36206
2014-08-12,5.92,6.05,5.51,5.77,94204
2014-08-13,5.72,5.78,5.46,5.71,55409
2014-08-14,5.46,5.76,5.36,5.58,40957
2014-08-15,5.7,5.77,5.44,5.63,19775
2014-08-16,5.52,5.67,5.37,5.58,27444
2014-08-17,5.7,5.78,5.59,5.71,14608
2014-08-18,5.92,6.03,5.64,5.89,25827
2014-08-19,5.95,6.23,5.83,6.01,49021
2014-08-20,5.97,6.09,5.77,5.88,21905
2014-08-21,5.66,5.92,5.64,5.68,66076
2014-08-22,5.72,5.88,5.69,5.76,18644
2014-08-23,5.68,5.72,5.53,5.66,17821
2014-08-24,5.91,6.01,5.87,5.88,19270
2014-08-25,6.15,6.39,6.0,6.09,17949
2014-08-26,6.22,6.4,5.93,6.18,27006
2014-08-27,6.4,6.58,6.25,6.49,25851
2014-08-28,6.16,6.39,5.96,6.11,32736
2014-08-29,6.09,6.2,5.89,6.06,95372
2014-08-30,6.19,6.31,5.96,6.22,33310
2014-08-31,6.41,6.58,6.31,6.5,10513
2014-09-01,6.48,6.71,6.24,6.58,14573
2014-09-02,6.52,6.58,6.29,6.45,39806
2014-09-03,6.39,6.67,6.29,6.46,34329
2014-09-04,5.79,6.03,5.64,5.8,59828
2014-09-05,6.23,6.31,6.01,6.1,29345
2014-09-06,6.55,6.78,6.52,6.64,58139
2014-09-07,6.95,7.09,6.7,6.98,95028
2014-09-08,6.97,7.31,6.68,7.01,76926
2014-09-09,6.68,6.79,6.44,6.74,29563
2014-09-10,6.6,6.79,6.3,6.5,35602
2014-09-11,6.77,6.89,6.3,6.59,38705
2014-09-12,6.4,6.55,6.27,6.39,7621
2014-09-13,6.55,6.84,6.35,6.54,18192
2014-09-14,6.94,7.16,6.58,6.81,30385
2014-09-15,6.84,6.96,6.58,6.84,24359
2014-09-16,6.81,7.05,6.57,6.84,36455
2014-09-17,6.73,6.81,6.57,6.72,8358
2014-09-18,6.86,6.94,6.6,6.84,19668
2014-09-19,6.7,6.83,6.65,6.71,53721
2014-09-20,6.81,7.1,6.6,6.74,20239
2014-09-21,6.78,7.02,6.46,6.6,18122
2014-09-22,6.66,6.85,6.41,6.63,38206
2014-09-23,6.89,7.27,6.78,7.02,12994
2014-09-24,7.13,7.16,7.1,7.13,13602
2014-09-25,6.9,7.17,6.71,6.9,10874
2014-09-26,6.78,6.97,6.48,6.71,79613
2014-09-27,6.85,6.99,6.76,6.8,39672
2014-09-28,6.99,7.13,6.69,7.03,21978
2014-09-29,6.64,6.77,6.61,6.67,31601
2014-09-30,6.61,6.84,6.35,6.61,33326
2014-10-01,6.59,6.75,6.3,6.59,15217
2014-10-02,6.81,6.92,6.63,6.82,42362
2014-10-03,6.69,6.79,6.38,6.67,30893
2014-10-04,6.72,6.99,6.46,6.7,168258
2014-10-05,6.27,6.3,6.24,6.28,33947
2014-10-06,6.27,6.37,5.95,6.09,18074
2014-10-07,6.2,6.41,6.1,6.25,11453
2014-10-08,6.02,6.14,5.7,5.97,11678
2014-10-09,5.62,5.94,5.51,5.72,28281
2014-10-10,5.65,5.84,5.52,5.71,28113
2014-10-11,5.57,5.77,5.48,5.6,23847
2014-10-12,5.53,5.67,5.22,5.46,53443
2014-10-13,5.75,5.82,5.54,5.77,22122
2014-10-14,5.85,5.96,5.79,5.94,88083
2014-10-15,6.07,6.29,5.9,6.2,18249
2014-10-16,6.29,6.38,6.02,6.14,11623
2014-10-17,6.12,6.31,6.04,6.11,39723
2014-10-18,5.5,5.74,5.42,5.63,39758
2014-10-19,5.85,5.98,5.73,5.95,27784
2014-10-20,6.09,6.35,5.99,6.1,12954
2014-10-21,6.18,6.45,6.04,6.25,23897
2014-10-22,6.44,6.62,6.27,6.53,56695
2014-10-23,6.7,7.01,6.67,6.73,32730
2014-10-24,6.62,6.9,6.39,6.73,14839
2014-10-25,6.9,7.19,6.63,6.8,35386
2014-10-26,6.43,6.46,6.23,6.45,15664
2014-10-27,6.17,6.3,5.92,6.19,41329
2014-10-28,6.45,6.58,6.18,6.39,30718
2014-10-29,6.02,6.18,5.93,6.06,12380
2014-10-30,6.55,6.64,6.27,6.59,31298
2014-10-31,6.56,6.73,6.43,6.69,10860
2014-11-01,6.9,6.98,6.88,6.9,10302
2014-11-02,6.91,7.17,6.76,6.9,23787
2014-11-03,7.03,7.15,6.86,7.02,20485
2014-11-04,7.19,7.46,6.85,7.11,5113
2014-11-05,7.14,7.36,6.75,7.02,46443
2014-11-06,7.08,7.13,6.84,7.02,34539
2014-11-07,7.19,7.44,7.02,7.15,73947
2014-11-08,7.35,7.38,7.01,7.33,9130
2014-11-09,7.07,7.28,6.91,7.12,17956
2014-11-10,7.42,7.72,7.36,7.43,23391
2014-11-11,7.44,7.76,7.24,7.41,20279
2014-11-12,7.44,7.75,7.19,7.46,13024
2014-11-13,7.63,7.71,7.15,7.45,7456
2014-11-14,7.62,7.8,7.36,7.5,25596
2014-11-15,7.33,7.64,7.12,7.24,16183
2014-11-16,7.35,7.53,7.24,7.29,41512
2014-11-17,7.11,7.37,6.85,7.03,3601
2014-11-18,7.03,7.48,6.74,7.17,18954
2014-11-19,7.27,7.48,7.1,7.25,32303
2014-11-20,7.3,7.5,7.14,7.21,26895
2014-11-21,7.4,7.47,7.2,7.3,36146
2014-11-22,7.72,7.87,7.4,7.65,33466
2014-11-23,7.57,7.84,7.3,7.62,11100
2014-11-24,7.64,7.81,7.49,7.67,16627
2014-11-25,7.91,8.04,7.57,7.84,27781
2014-11-26,7.25,7.6,6.94,7.35,49730
2014-11-27,7.64,7.79,7.36,7.59,16265
2014-11-28,7.67,7.81,7.63,7.68,24322
2014-11-29,7.46,7.82,7.19,7.5,24472
2014-11-30,7.84,8.14,7.65,7.86,48405
2014-12-01,7.91,7.98,7.77,7.89,21340
2014-12-02,7.61,7.84,7.39,7.64,115224
2014-12-03,7.82,7.96,7.74,7.95,201590
2014-12-04,8.34,8.71,8.07,8.41,12884
2014-12-05,9.22,9.32,8.86,9.17,16695
2014-12-06,8.86,9.08,8.47,8.96,15618
2014-12-07,8.42,8.62,8.23,8.47,15385
2014-12-08,8.67,8.75,8.33,8.65,30163
2014-12-09,8.91,9.14,8.56,8.8,15912
2014-12-10,8.74,9.07,8.35,8.83,8155
2014-12-11,9.08,9.33,8.5,8.86,6844
2014-12-12,8.43,8.7,8.13,8.49,71784
2014-12-13,8.52,8.91,8.35,8.53,54566
2014-12-14,8.33,8.69,8.08,8.35,11171
2014-12-15,7.3,7.48,7.22,7.31,9287
2014-12-16,7.42,7.51,7.4,7.45,280466
2014-12-17,7.49,7.65,7.46,7.52,8726
2014-12-18,7.59,7.78,7.46,7.49,8596
2014-12-19,7.39,7.65,7.03,7.31,3276
2014-12-20,6.82,6.91,6.53,6.73,16922
2014-12-21,7.18,7.39,7.1,7.23,13088
2014-12-22,7.03,7.29,6.76,7.06,8704
2014-12-23,6.99,7.17,6.85,7.09,160116
2014-12-24,6.92,7.34,6.76,7.1,24548
2014-12-25,6.44,6.5,6.27,6.43,11574
2014-12-26,6.68,6.82,6.44,6.73,13458
2014-12-27,6.68,6.77,6.65,6.73,27396
2014-12-28,6.51,6.71,6.43,6.65,15369
2014-12-29,6.78,7.07,6.53,6.78,20043
2014-12-30,6.67,6.88,6.53,6.84,13192
2014-12-31,6.71,7.0,6.48,6.77,22581
2015-01-01,6.64,6.8,6.59,6.71,23193
2015-01-02,6.65,6.88,6.45,6.71,61855
2015-01-03,6.63,6.93,6.53,6.73,62703
2015-01-04,6.63,6.78,6.39,6.66,13493
2015-01-05,6.49,6.58,6.41,6.49,19271
2015-01-06,6.76,6.82,6.46,6.64,20908
2015-01-07,6.87,7.02,6.67,6.84,38109
2015-01-08,6.81,7.08,6.57,6.91,25892
2015-01-09,6.93,6.99,6.82,6.92,38748
2015-01-10,6.95,7.19,6.8,6.89,27283
2015-01-11,7.11,7.13,7.03,7.1,30072
2015-01-12,6.93,7.06,6.66,6.92,48296
2015-01-13,7.33,7.64,6.99,7.3,48108
2015-01-14,7.26,7.42,6.94,7.37,80547
2015-01-15,7.58,7.73,7.24,7.65,21730
2015-01-16,7.66,7.78,7.31,7.58,8951
2015-01-17,7.1,7.4,6.95,7.17,25639
2015-01-18,7.59,7.72,7.51,7.54,12877
2015-01-19,7.47,7.78,7.18,7.42,36795
2015-01-20,7.8,7.95,7.4,7.74,65356
2015-01-21,7.64,7.73,7.54,7.72,62814
2015-01-22,7.4,7.6,7.2,7.56,9310
2015-01-23,7.28,7.34,7.15,7.25,39688
2015-01-24,7.66,7.68,7.36,7.59,36545
2015-01-25,7.31,7.62,6.95,7.22,15309
2015-01-26,6.98,7.28,6.84,6.99,54915
2015-01-27,7.01,7.24,6.78,6.89,52402
2015-01-28,6.71,6.87,6.57,6.84,14509
2015-01-29,6.8,6.89,6.54,6.79,38056
2015-01-30,7.09,7.43,6.82,7.18,23865
2015-01-31,7.12,7.37,6.81,7.19,65705
2015-02-01,7.44,7.66,7.29,7.48,26253
2015-02-02,7.48,7.79,7.28,7.45,24611
2015-02-03,7.12,7.23,6.85,7.17,10710
2015-02-04,7.27,7.58,6.95,7.17,15249
2015-02-05,7.61,7.77,7.24,7.46,15945
2015-02-06,7.25,7.47,6.93,7.18,36302
2015-02-07,7.2,7.28,6.94,7.1,15701
2015-02-08,6.82,7.0,6.69,6.8,47576
2015-02-09,6.62,6.88,6.58,6.68,23807
2015-02-10,6.8,7.06,6.52,6.72,68135
2015-02-11,6.9,6.98,6.79,6.91,7241
2015-02-12,7.06,7.33,6.92,7.08,66195
2015-02-13,6.96,7.07,6.86,7.02,119642
2015-02-14,7.45,7.73,7.12,7.22,3188
2015-02-15,7.37,7.49,7.1,7.39,18046
2015-02-16,7.57,7.65,7.16,7.37,33482
2015-02-17,7.19,7.33,6.91,7.09,39156
2015-02-18,7.23,7.44,7.02,7.17,38212
2015-02-19,7.29,7.57,7.23,7.35,50088
2015-02-20,7.39,7.59,7.3,7.43,8451
2015-02-21,7.36,7.6,7.13,7.4,21063
2015-02-22,7.66,7.95,7.54,7.57,28689
2015-02-23,7.78,7.98,7.55,7.7,22709
2015-02-24,7.43,7.79,7.15,7.53,24402
2015-02-25,7.66,7.91,7.43,7.67,18064
2015-02-26,7.75,7.82,7.52,7.59,35426
2015-02-27,7.56,7.66,7.26,7.59,21928
2015-02-28,7.64,7.88,7.36,7.78,14567
2015-03-01,7.8,8.2,7.64,7.92,52763
2015-03-02,7.72,7.99,7.66,7.74,49078
2015-03-03,7.86,8.01,7.41,7.67,17542
2015-03-04,7.97,8.25,7.83,7.87,19591
2015-03-05,7.93,8.05,7.57,7.81,41404
2015-03-06,7.52,7.64,7.18,7.44,11998
2015-03-07,7.34,7.64,7.26,7.35,15777
2015-03-08,7.24,7.36,6.96,7.29,21127
2015-03-09,7.28,7.42,7.12,7.31,44275
2015-03-10,7.7,7.97,7.44,7.75,34921
2015-03-11,7.82,7.95,7.38,7.67,12225
2015-03-12,7.4,7.6,7.26,7.48,30904
2015-03-13,7.36,7.63,7.25,7.33,17823
2015-03-14,7.29,7.4,7.06,7.3,40408
2015-03-15,7.0,7.25,6.92,6.95,83794
2015-03-16,6.9,7.06,6.69,6.81,38318
2015-03-17,6.86,7.06,6.59,6.81,18950
2015-03-18,6.31,6.57,6.01,6.19,9890
2015-03-19,6.17,6.32,5.95,6.22,9833
2015-03-20,6.17,6.54,6.13,6.3,78131
2015-03-21,6.4,6.46,6.3,6.43,16547
2015-03-22,6.11,6.31,5.97,6.22,9026
2015-03-23,6.45,6.49,6.38,6.45,42329
2015-03-24,6.6,6.88,6.35,6.45,94969
2015-03-25,6.54,6.87,6.25,6.64,31158
2015-03-26,6.92,7.0,6.64,6.89,7478
2015-03-27,6.95,7.25,6.82,7.0,14979
2015-03-28,7.39,7.48,7.13,7.34,24887
2015-03-29,6.85,7.23,6.76,7.06,14084
2015-03-30,6.91,7.24,6.87,6.98,13110
2015-03-31,7.38,7.67,7.17,7.27,41835
2015-04-01,7.07,7.34,6.77,7.15,15782
2015-04-02,7.51,7.6,7.32,7.52,56645
2015-04-03,7.69,7.73,7.49,7.6,43167
2015-04-04,7.77,8.01,7.47,7.76,10571
2015-04-05,7.55,7.85,7.17,7.45,15668
2015-04-06,7.39,7.62,7.2,7.41,13889
2015-04-07,7.27,7.53,7.12,7.22,67485
2015-04-08,6.95,7.19,6.68,6.95,47709
2015-04-09,6.96,7.28,6.66,7.02,43102
2015-04-10,6.98,7.24,6.85,7.1,26900
2015-04-11,6.49,6.9,6.48,6.63,30391
2015-04-12,7.0,7.11,6.72,7.02,5634
2015-04-13,7.1,7.16,6.94,7.01,15128
2015-04-14,6.86,7.02,6.75,6.94,361310
2015-04-15,6.9,7.01,6.69,6.87,37729
2015-04-16,6.77,7.0,6.66,6.74,7245
2015-04-17,6.71,6.9,6.32,6.62,16671
2015-04-18,6.65,6.84,6.53,6.56,5214
2015-04-19,6.68,6.87,6.49,6.68,101580
2015-04-20,6.5,6.71,6.24,6.58,12634
2015-04-21,6.42,6.81,6.18,6.56,25953
2015-04-22,6.44,6.64,6.17,6.53,5225
2015-04-23,6.72,6.95,6.58,6.69,17941
2015-04-24,7.01,7.35,6.85,7.1,8759
2015-04-25,6.82,7.08,6.6,6.82,24490
2015-04-26,7.09,7.39,6.97,7.01,65775
2015-04-27,7.02,7.11,6.9,7.06,35443
2015-04-28,7.14,7.27,7.06,7.21,74930
2015-04-29,7.11,7.33,6.98,7.05,11020
2015-04-30,6.98,7.28,6.68,7.1,22495
2015-05-01,6.98,7.14,6.82,6.97,10967
2015-05-02,7.6,7.79,7.3,7.44,28640
2015-05-03,7.32,7.61,7.22,7.34,27836
2015-05-04,7.29,7.33,7.15,7.29,52743
2015-05-05,6.87,7.21,6.62,6.94,21160
2015-05-06,6.94,7.0,6.69,6.99,22448
2015-05-07,6.94,7.09,6.79,6.85,14063
2015-05-08,7.22,7.41,6.93,7.21,44862
2015-05-09,7.05,7.32,6.86,6.98,22379
2015-05-10,7.26,7.49,7.02,7.29,23918
2015-05-11,7.15,7.25,7.11,7.21,8515
2015-05-12,7.17,7.37,6.87,7.25,6821
2015-05-13,6.87,7.07,6.71,6.92,10613
2015-05-14,7.14,7.44,6.79,7.11,67390
2015-05-15,7.29,7.35,7.0,7.31,12329
2015-05-16,7.67,7.97,7.22,7.52,29313
2015-05-17,7.41,7.72,7.26,7.49,14477
2015-05-18,7.47,7.55,7.29,7.47,15699
2015-05-19,7.7,7.93,7.51,7.6,4172
2015-05-20,7.45,7.75,7.36,7.55,51388
2015-05-21,7.31,7.44,7.16,7.41,6884
2015-05-22,7.7,7.91,7.34,7.45,7735
2015-05-23,7.4,7.71,7.27,7.45,12567
2015-05-24,7.49,7.72,7.31,7.5,8632
2015-05-25,7.15,7.34,6.98,7.22,10456
2015-05-26,7.26,7.52,7.12,7.21,57153
2015-05-27,7.32,7.63,7.12,7.28,30082
2015-05-28,7.25,7.43,6.98,7.26,3173
2015-05-29,7.23,7.28,7.09,7.14,17917
2015-05-30,7.04,7.24,6.81,7.1,4272
2015-05-31,6.93,7.12,6.87,7.08,52176
2015-06-01,6.95,7.07,6.83,6.93,42020
2015-06-02,7.1,7.29,6.96,7.08,34352
2015-06-03,6.77,7.02,6.62,6.75,24557
2015-06-04,6.77,7.06,6.43,6.73,25891
2015-06-05,6.67,6.82,6.37,6.64,20929
2015-06-06,6.95,7.05,6.76,6.85,36250
2015-06-07,7.24,7.39,7.05,7.23,10708
2015-06-08,7.14,7.39,6.86,7.32,13576
2015-06-09,7.37,7.72,7.24,7.49,15073
2015-06-10,7.33,7.41,7.26,7.32,23087
2015-06-11,7.26,7.4,7.17,7.31,33278
2015-06-12,7.24,7.45,7.01,7.18,42791
2015-06-13,6.92,7.37,6.63,7.11,23271
2015-06-14,7.11,7.36,6.81,7.09,43771
2015-06-15,7.05,7.29,6.77,7.06,9811
2015-06-16,6.92,7.17,6.74,6.83,25715
2015-06-17,6.87,6.91,6.42,6.69,39817
2015-06-18,6.74,6.86,6.55,6.76,66531
2015-06-19,6.89,7.11,6.7,6.91,38363
2015-06-20,7.29,7.42,7.13,7.18,11600
2015-06-21,7.34,7.48,7.19,7.31,9331
2015-06-22,7.48,7.8,7.16,7.65,68373
2015-06-23,7.51,7.81,7.39,7.52,12133
2015-06-24,7.33,7.44,7.19,7.38,8177
2015-06-25,7.26,7.61,7.03,7.42,57705
2015-06-26,7.37,7.43,7.07,7.36,88229
2015-06-27,7.43,7.67,7.17,7.35,11191
2015-06-28,7.22,7.58,7.12,7.36,27020
2015-06-29,7.37,7.46,7.12,7.38,36457
2015-06-30,7.42,7.61,7.2,7.42,37495
2015-07-01,7.91,8.24,7.58,7.77,8055
2015-07-02,8.24,8.37,8.16,8.19,75618
2015-07-03,8.4,8.67,8.25,8.49,104933
2015-07-04,8.61,8.95,8.35,8.52,26584
2015-07-05,8.52,8.78,8.38,8.53,14676
2015-07-06,8.99,9.22,8.58,8.81,10226
2015-07-07,8.76,8.97,8.68,8.82,31932
2015-07-08,8.91,9.43,8.62,9.06,7746
2015-07-09,8.39,8.82,8.04,8.48,75981
2015-07-10,8.38,8.59,8.04,8.35,26126
2015-07-11,8.35,8.41,8.1,8.27,51523
2015-07-12,8.14,8.36,7.95,8.05,14885
2015-07-13,8.03,8.31,7.75,8.01,56212
2015-07-14,8.1,8.13,7.87,8.07,28680
2015-07-15,7.99,8.21,7.95,8.05,22760
2015-07-16,7.69,8.14,7.47,7.81,30709
2015-07-17,7.53,7.77,7.36,7.51,12409
2015-07-18,7.42,7.53,7.06,7.33,43005
2015-07-19,7.36,7.45,7.33,7.35,25150
2015-07-20,7.37,7.41,6.94,7.25,14160
2015-07-21,7.27,7.49,7.16,7.47,12892
2015-07-22,7.48,7.58,7.29,7.49,9319
2015-07-23,7.5,7.52,7.15,7.41,63237
2015-07-24,7.24,7.4,6.93,7.26,20274
2015-07-25,7.15,7.27,7.07,7.15,32893
2015-07-26,7.2,7.28,7.0,7.12,42964
2015-07-27,7.08,7.36,6.86,7.02,16146
2015-07-28,6.99,7.2,6.87,7.14,19733
2015-07-29,6.91,7.01,6.66,6.99,24644
2015-07-30,7.25,7.42,7.12,7.28,21116
2015-07-31,7.2,7.32,7.06,7.21,26225
2015-08-01,7.35,7.47,7.11,7.3,68348
2015-08-02,7.21,7.31,7.02,7.13,47868
2015-08-03,7.46,7.54,7.16,7.33,52342
2015-08-04,7.28,7.42,7.16,7.25,52701
2015-08-05,7.34,7.39,6.98,7.21,36833
2015-08-06,7.5,7.8,7.43,7.49,106572
2015-08-07,7.34,7.75,7.28,7.48,77682
2015-08-08,7.4,7.44,7.18,7.41,33374
2015-08-09,7.32,7.65,7.24,7.34,35305
2015-08-10,7.4,7.72,7.33,7.42,31407
2015-08-11,7.37,7.51,7.26,7.37,5968
2015-08-12,7.61,7.84,7.49,7.51,17351
2015-08-13,7.42,7.76,7.22,7.47,15771
2015-08-14,7.39,7.55,7.16,7.5,32301
2015-08-15,7.75,7.99,7.28,7.53,43101
2015-08-16,7.22,7.34,7.02,7.15,111639
2015-08-17,7.06,7.22,6.79,7.05,7329
2015-08-18,7.05,7.2,6.96,7.15,51618
2015-08-19,6.9,7.26,6.8,7.06,39122
2015-08-20,6.81,6.9,6.6,6.85,6416
2015-08-21,7.12,7.42,6.7,6.97,12971
2015-08-22,6.84,7.31,6.7,7.06,10254
2015-08-23,7.14,7.27,6.95,7.06,24174
2015-08-24,7.39,7.68,7.11,7.37,18372
2015-08-25,7.44,7.66,7.25,7.42,53600
2015-08-26,7.6,7.76,7.55,7.61,26974
2015-08-27,7.79,8.07,7.43,7.61,36443
2015-08-28,7.32,7.34,7.25,7.31,64331
2015-08-29,7.43,7.76,7.1,7.47,13099
2015-08-30,7.28,7.54,7.15,7.35,13258
2015-08-31,7.26,7.49,7.0,7.28,55213
2015-09-01,7.53,7.96,7.2,7.68,4910
2015-09-02,7.56,7.69,7.36,7.51,12813
2015-09-03,7.3,7.43,7.09,7.29,34738
2015-09-04,7.17,7.57,6.87,7.3,34866
2015-09-05,7.09,7.25,6.87,7.2,51907
2015-09-06,7.37,7.41,7.04,7.33,13335
2015-09-07,7.43,7.6,7.23,7.42,64638
2015-09-08,7.64,7.92,7.26,7.56,21866
2015-09-09,7.51,7.8,7.14,7.47,66294
2015-09-10,7.67,7.92,7.46,7.7,47540
2015-09-11,7.45,7.48,7.18,7.44,17769
2015-09-12,7.44,7.75,7.32,7.47,56153
2015-09-13,7.39,7.54,7.26,7.36,18242
2015-09-14,7.1,7.45,7.07,7.18,28538
2015-09-15,6.86,6.93,6.83,6.85,4733
2015-09-16,6.77,7.02,6.52,6.86,12945
2015-09-17,6.92,7.08,6.83,6.94,22015
2015-09-18,7.04,7.4,6.89,7.09,21722
2015-09-19,6.6,7.08,6.45,6.78,18651
2015-09-20,6.74,6.9,6.67,6.8,20613
2015-09-21,6.89,7.22,6.87,6.94,33835
2015-09-22,7.43,7.57,7.12,7.35,33728
2015-09-23,6.99,7.24,6.96,7.03,21367
2015-09-24,6.94,7.12,6.71,7.0,30273
2015-09-25,6.88,7.03,6.63,6.98,30020
2015-09-26,7.43,7.55,7.1,7.29,18884
2015-09-27,7.63,7.91,7.53,7.68,10607
2015-09-28,7.84,7.96,7.67,7.73,21332
2015-09-29,7.94,8.12,7.79,7.82,30897
2015-09-30,7.64,7.83,7.6,7.71,14711
2015-10-01,7.85,8.23,7.57,7.95,50988
2015-10-02,7.87,8.13,7.67,7.9,25818
2015-10-03,7.63,7.95,7.34,7.69,35248
2015-10-04,7.82,8.17,7.78,7.81,45780
2015-10-05,7.59,7.85,7.53,7.57,38656
2015-10-06,7.29,7.65,7.02,7.37,129735
2015-10-07,7.54,7.86,7.32,7.5,105735
2015-10-08,7.93,8.01,7.79,7.96,27214
2015-10-09,7.63,8.05,7.33,7.82,33802
2015-10-10,7.57,7.92,7.45,7.59,60959
2015-10-11,7.81,8.06,7.3,7.62,35575
2015-10-12,7.51,7.88,7.45,7.57,30366
2015-10-13,7.61,7.93,7.39,7.58,8302
2015-10-14,7.34,7.76,7.21,7.5,28854
2015-10-15,7.78,7.92,7.6,7.68,27506
2015-10-16,7.45,7.77,7.35,7.45,31758
2015-10-17,7.23,7.27,7.06,7.22,19427
2015-10-18,7.23,7.41,6.99,7.08,24132
2015-10-19,6.96,7.08,6.7,7.06,3326
2015-10-20,6.82,7.04,6.63,6.95,11617
2015-10-21,7.0,7.21,6.96,7.02,18412
2015-10-22,7.29,7.4,7.01,7.3,58404
2015-10-23,7.41,7.6,7.06,7.37,29912
2015-10-24,6.98,7.13,6.76,7.04,17388
2015-10-25,6.86,7.16,6.57,6.97,14129
2015-10-26,7.12,7.44,7.02,7.11,10928
2015-10-27,6.88,7.16,6.68,7.0,35448
2015-10-28,7.04,7.22,6.89,7.08,54274
2015-10-29,7.15,7.24,6.99,7.18,38455
2015-10-30,7.24,7.62,6.91,7.32,46662
2015-10-31,7.47,7.56,7.17,7.48,25159
2015-11-01,7.63,7.8,7.37,7.72,22977
2015-11-02,7.55,7.57,7.34,7.46,36760
2015-11-03,7.22,7.57,7.13,7.36,7316
2015-11-04,7.21,7.47,7.04,7.31,47712
2015-11-05,7.84,7.9,7.55,7.68,42171
2015-11-06,7.44,7.63,7.4,7.45,39633
2015-11-07,7.66,8.0,7.62,7.8,20315
2015-11-08,8.04,8.38,8.0,8.04,34950
2015-11-09,8.3,8.53,8.12,8.25,28588
2015-11-10,8.24,8.5,7.95,8.31,3159
2015-11-11,8.37,8.7,8.13,8.16,31402
2015-11-12,8.27,8.53,8.09,8.3,36940
2015-11-13,8.3,8.66,8.14,8.37,27601
2015-11-14,8.52,8.78,8.33,8.74,35691
2015-11-15,8.83,9.39,8.76,9.04,73231
2015-11-16,9.03,9.4,8.7,9.06,3567
2015-11-17,9.28,9.43,8.89,9.05,8535
2015-11-18,9.17,9.36,8.92,9.18,42015
2015-11-19,8.94,9.33,8.7,8.97,38656
2015-11-20,9.27,9.7,9.18,9.31,30997
2015-11-21,9.24,9.46,8.91,9.19,13900
2015-11-22,9.3,9.75,9.06,9.42,9033
2015-11-23,9.63,9.96,9.5,9.75,1987
2015-11-24,9.78,9.95,9.39,9.76,9147
2015-11-25,9.63,9.81,9.56,9.61,60204
2015-11-26,9.45,9.9,9.17,9.55,14995
2015-11-27,9.2,9.61,9.0,9.43,24057
2015-11-28,9.62,9.87,9.48,9.72,78496
2015-11-29,9.93,10.36,9.59,9.69,38486
2015-11-30,9.57,9.72,9.24,9.63,17594
2015-12-01,9.65,10.08,9.46,9.57,58784
2015-12-02,9.49,9.73,9.28,9.68,15342
2015-12-03,9.85,10.14,9.46,10.11,19908
2015-12-04,10.01,10.43,9.72,9.96,24991
2015-12-05,9.95,10.42,9.79,10.0,9461
2015-12-06,10.19,10.59,9.95,10.04,17394
2015-12-07,10.11,10.55,9.89,10.11,39932
2015-12-08,10.12,10.45,9.77,9.94,16326
2015-12-09,9.86,10.18,9.72,9.84,36958
2015-12-10,9.5,9.83,9.31,9.45,61344
2015-12-11,9.45,9.89,9.2,9.54,39232
2015-12-12,9.67,9.81,9.42,9.67,57271
2015-12-13,9.38,9.64,9.09,9.45,58268
2015-12-14,9.76,9.96,9.62,9.84,11571
2015-12-15,10.19,10.34,9.86,9.99,13542
2015-12-16,10.42,10.87,10.35,10.38,46482
2015-12-17,10.17,10.26,9.89,10.18,10788
2015-12-18,10.18,10.4,9.91,10.36,77122
2015-12-19,10.21,10.65,9.82,10.26,6142
2015-12-20,10.55,10.63,10.03,10.48,32769
2015-12-21,10.41,10.82,10.29,10.46,31543
2015-12-22,9.92,10.42,9.79,10.19,14425
2015-12-23,10.2,10.42,10.14,10.23,30237
2015-12-24,10.29,10.57,10.14,10.49,32377
2015-12-25,10.59,10.86,10.13,10.43,13506
2015-12-26,10.63,11.02,10.2,10.59,27506
2015-12-27,10.68,10.89,10.49,10.52,7843
2015-12-28,10.85,11.07,10.5,10.83,27796
2015-12-29,11.01,11.25,10.63,11.09,24687
2015-12-30,11.05,11.28,11.02,11.04,7875
2015-12-31,11.24,11.44,10.99,11.16,56361
2016-01-01,11.13,11.28,10.95,11.2,12851
2016-01-02,11.08,11.58,11.0,11.17,39093
2016-01-03,11.39,11.7,10.96,11.26,68619
2016-01-04,11.56,11.84,11.28,11.37,12280
2016-01-05,11.47,11.97,10.87,11.29,45496
2016-01-06,11.11,11.36,10.89,11.03,73060
2016-01-07,11.29,11.69,10.83,11.2,15923
2016-01-08,11.49,11.71,11.12,11.39,72995
2016-01-09,11.36,11.46,11.23,11.37,8158
2016-01-10,11.4,11.51,11.27,11.36,4765
2016-01-11,10.82,10.96,10.43,10.92,9121
2016-01-12,11.1,11.45,10.75,10.94,107671
2016-01-13,10.67,11.09,10.46,10.6,24637
2016-01-14,10.38,10.48,9.93,10.45,5237
2016-01-15,10.45,10.87,10.04,10.38,50162
2016-01-16,10.43,10.56,9.95,10.22,25225
2016-01-17,10.42,10.84,10.02,10.35,21498
2016-01-18,10.59,10.98,10.31,10.61,7658
2016-01-19,10.48,10.93,9.99,10.43,60958
2016-01-20,10.19,10.66,9.79,10.29,146514
2016-01-21,10.07,10.5,9.75,10.29,73769
2016-01-22,10.67,10.84,10.35,10.71,24947
2016-01-23,10.82,10.96,10.34,10.82,35143
2016-01-24,10.76,10.92,10.65,10.68,21911
2016-01-25,10.77,11.04,10.66,10.84,16819
2016-01-26,10.98,11.0,10.47,10.88,13229
2016-01-27,10.93,11.24,10.79,10.94,26256
2016-01-28,10.66,11.02,10.45,10.64,42874
2016-01-29,10.59,11.05,10.18,10.5,14036
2016-01-30,10.59,11.11,10.48,10.69,28239
2016-01-31,10.56,10.7,10.28,10.45,39827
2016-02-01,10.24,10.7,10.03,10.53,27443
2016-02-02,9.98,10.31,9.65,10.07,85740
2016-02-03,9.84,9.98,9.49,9.87,4296
2016-02-04,9.71,10.01,9.64,9.67,20245
2016-02-05,9.72,9.79,9.65,9.72,27311
2016-02-06,9.93,10.27,9.34,9.77,43826
2016-02-07,9.98,10.48,9.89,10.05,38030
2016-02-08,9.62,9.87,9.21,9.85,12216
2016-02-09,10.05,10.22,9.6,10.15,26266
2016-02-10,10.1,10.36,9.8,9.9,7976
2016-02-11,9.93,10.19,9.84,10.02,26237
2016-02-12,9.87,10.33,9.64,10.06,22153
2016-02-13,10.03,10.45,9.65,10.1,69709
2016-02-14,10.12,10.66,9.93,10.21,38039
2016-02-15,10.42,10.85,10.14,10.36,39952
2016-02-16,10.47,11.0,10.35,10.6,35613
2016-02-17,10.69,11.07,10.5,10.65,5320
2016-02-18,10.43,10.74,10.18,10.57,18908
2016-02-19,10.2,10.49,10.15,10.41,39771
2016-02-20,10.04,10.3,9.8,10.18,96631
2016-02-21,10.38,10.62,10.19,10.42,24183
2016-02-22,10.63,10.99,10.09,10.34,53545
2016-02-23,10.05,10.48,9.73,10.15,8054
2016-02-24,10.49,11.0,10.06,10.53,29493
2016-02-25,10.68,11.08,10.27,10.57,83161
2016-02-26,10.78,10.92,10.55,10.77,16849
2016-02-27,10.46,10.99,10.05,10.55,52342
2016-02-28,10.5,10.93,10.4,10.44,5648
2016-02-29,10.4,10.56,10.2,10.4,110012
2016-03-01,10.55,10.65,10.44,10.52,30094
2016-03-02,10.33,10.72,10.07,10.27,34152
2016-03-03,10.63,10.96,10.46,10.53,11381
2016-03-04,10.2,10.39,10.05,10.25,42360
2016-03-05,9.75,10.35,9.71,10.0,11251
2016-03-06,10.28,10.64,9.79,10.06,64734
2016-03-07,10.15,10.4,9.76,10.18,18435
2016-03-08,10.5,10.77,9.98,10.25,9593
2016-03-09,10.62,11.05,10.22,10.53,47267
2016-03-10,10.35,10.4,10.01,10.21,23965
2016-03-11,9.8,9.88,9.47,9.79,60078
2016-03-12,9.33,9.51,9.09,9.41,38236
2016-03-13,9.65,9.92,9.2,9.61,31622
2016-03-14,9.74,10.12,9.58,9.71,29016
2016-03-15,10.15,10.22,9.56,9.91,15166
2016-03-16,10.11,10.29,10.08,10.13,53463
2016-03-17,9.89,10.11,9.57,9.94,3241
2016-03-18,10.18,10.59,9.61,10.06,36539
2016-03-19,9.71,9.97,9.38,9.61,77582
2016-03-20,9.78,9.94,9.33,9.71,62747
2016-03-21,9.96,10.32,9.79,10.05,26815
2016-03-22,9.98,10.33,9.73,10.09,50062
2016-03-23,10.18,10.57,9.95,10.12,19848
2016-03-24,10.13,10.38,9.89,10.2,34597
2016-03-25,10.26,10.37,9.94,10.34,55061
2016-03-26,10.44,10.8,9.95,10.33,28569
2016-03-27,10.2,10.52,9.77,10.12,96661
2016-03-28,10.19,10.55,9.86,10.39,32180
2016-03-29,10.51,10.92,10.45,10.57,9415
2016-03-30,10.24,10.88,10.03,10.43,107517
2016-03-31,9.72,9.74,9.33,9.68,11080
2016-04-01,9.88,10.18,9.84,9.93,19758
2016-04-02,9.77,9.79,9.61,9.7,10237
2016-04-03,9.39,9.65,9.01,9.38,60311
2016-04-04,9.22,9.24,9.05,9.21,50414
2016-04-05,9.35,9.67,9.01,9.47,17577
2016-04-06,9.49,9.8,9.45,9.47,31750
2016-04-07,9.63,9.88,9.44,9.51,15422
2016-04-08,9.53,9.68,9.44,9.54,33418
2016-04-09,8.8,9.2,8.71,8.89,60584
2016-04-10,9.0,9.29,8.69,8.86,94738
2016-04-11,9.13,9.24,8.95,9.13,14146
2016-04-12,9.35,9.38,9.0,9.31,4626
2016-04-13,9.82,10.02,9.79,9.92,35958
2016-04-14,9.84,10.19,9.7,9.81,4901
2016-04-15,9.99,10.38,9.89,10.08,21998
2016-04-16,10.29,10.71,9.95,10.19,90437
2016-04-17,10.67,10.79,10.19,10.58,12104
2016-04-18,10.45,10.56,10.23,10.43,20791
2016-04-19,10.75,11.04,10.41,10.7,33878
2016-04-20,10.8,10.88,10.34,10.83,64632
2016-04-21,10.77,10.97,10.66,10.83,19990
2016-04-22,10.56,11.2,10.31,10.78,43979
2016-04-23,10.91,11.36,10.42,10.98,18756
2016-04-24,11.09,11.16,10.76,10.98,84004
2016-04-25,10.73,11.05,10.37,10.69,16456
2016-04-26,10.41,10.82,9.93,10.24,87929
2016-04-27,10.68,10.84,10.2,10.55,6635
2016-04-28,10.6,10.9,10.26,10.39,45271
2016-04-29,10.06,10.42,9.83,10.08,100208
2016-04-30,10.03,10.54,9.87,10.09,24485
2016-05-01,9.96,9.98,9.56,9.9,24594
2016-05-02,9.93,10.07,9.57,9.73,9006
2016-05-03,9.94,10.22,9.46,9.78,56151
2016-05-04,9.78,10.13,9.49,9.68,32236
2016-05-05,9.56,9.75,9.16,9.44,25103
2016-05-06,9.65,9.77,9.31,9.62,40694
2016-05-07,9.43,9.75,9.14,9.58,39285
2016-05-08,9.87,10.2,9.29,9.63,27598
2016-05-09,9.57,9.69,9.3,9.54,23581
2016-05-10,9.68,9.92,9.42,9.77,25890
2016-05-11,9.52,9.91,9.3,9.55,128551
2016-05-12,8.73,9.03,8.47,8.67,18187
2016-05-13,8.55,8.81,8.51,8.69,20949
2016-05-14,8.56,8.66,8.35,8.62,26655
2016-05-15,8.76,8.85,8.66,8.73,55481
2016-05-16,8.75,9.05,8.34,8.67,13902
2016-05-17,8.52,8.62,8.36,8.42,19101
2016-05-18,8.63,8.86,8.59,8.7,141579
2016-05-19,8.36,8.74,8.23,8.37,56777
2016-05-20,8.46,8.84,8.3,8.59,41345
2016-05-21,8.49,8.92,8.35,8.56,28078
2016-05-22,8.52,8.87,8.31,8.44,64932
2016-05-23,8.3,8.39,7.89,8.21,17799
2016-05-24,8.52,8.71,8.33,8.57,14089
2016-05-25,8.61,8.9,8.23,8.62,47435
2016-05-26,8.7,9.2,8.32,8.83,49753
2016-05-27,9.0,9.27,8.8,8.97,16078
2016-05-28,8.59,9.08,8.52,8.69,68567
2016-05-29,8.77,9.01,8.64,8.68,21523
2016-05-30,9.18,9.39,8.76,9.12,48101
2016-05-31,9.12,9.24,8.85,9.09,54021
2016-06-01,9.07,9.25,8.7,8.98,12196
2016-06-02,8.99,9.36,8.93,9.03,104766
2016-06-03,9.27,9.66,8.86,9.34,14779
2016-06-04,9.41,9.76,8.83,9.2,25508
2016-06-05,8.65,8.93,8.35,8.75,18244
2016-06-06,8.98,9.37,8.81,8.92,28640
2016-06-07,9.21,9.66,8.82,9.3,11104
2016-06-08,9.05,9.09,8.9,9.02,34619
2016-06-09,9.4,9.52,9.04,9.3,41998
2016-06-10,9.24,9.52,9.12,9.16,45076
2016-06-11,8.86,9.33,8.66,8.99,15904
2016-06-12,8.79,9.05,8.58,8.84,11247
2016-06-13,8.56,8.79,8.27,8.66,23003
2016-06-14,8.72,8.8,8.43,8.73,14828
2016-06-15,8.49,8.89,8.31,8.56,19467
2016-06-16,8.41,8.87,8.03,8.51,57573
2016-06-17,8.62,8.81,8.46,8.72,7028
2016-06-18,8.89,9.09,8.7,8.87,30697
2016-06-19,9.03,9.41,8.87,8.99,63910
2016-06-20,8.81,9.0,8.54,8.9,11260
2016-06-21,9.08,9.34,8.92,9.08,35968
2016-06-22,8.76,9.13,8.71,9.02,18361
2016-06-23,9.34,9.4,9.28,9.31,34683
2016-06-24,10.07,10.51,9.4,9.72,25007
2016-06-25,9.89,10.33,9.69,9.71,29243
2016-06-26,9.81,10.18,9.4,9.62,10312
2016-06-27,9.41,9.73,9.24,9.5,18248
2016-06-28,9.42,9.57,9.04,9.31,15972
2016-06-29,9.05,9.26,8.66,9.05,4481
2016-06-30,8.91,9.03,8.63,8.83,19025
2016-07-01,9.0,9.31,8.77,8.87,33680
2016-07-02,8.79,9.2,8.51,8.88,19412
2016-07-03,9.11,9.3,8.89,9.12,36706
2016-07-04,8.7,8.98,8.38,8.78,9671
2016-07-05,8.48,8.8,8.43,8.69,8054
2016-07-06,9.0,9.29,8.9,9.07,7074
2016-07-07,9.35,9.52,9.08,9.28,51121
2016-07-08,9.19,9.41,8.81,9.15,26859
2016-07-09,9.18,9.41,8.79,9.28,13281
2016-07-10,9.18,9.24,8.89,9.15,48143
2016-07-11,9.18,9.54,9.08,9.14,3765
2016-07-12,9.34,9.42,9.02,9.25,79117
2016-07-13,9.33,9.55,8.87,9.2,8678
2016-07-14,9.35,9.45,8.99,9.16,4816
2016-07-15,8.77,9.11,8.48,8.95,5758
2016-07-16,8.76,9.21,8.65,8.85,37865
2016-07-17,8.47,8.66,8.34,8.5,20780
2016-07-18,8.94,9.18,8.76,8.81,42583
2016-07-19,8.55,8.89,8.36,8.5,21108
2016-07-20,8.2,8.22,8.01,8.14,14871
2016-07-21,8.25,8.81,7.96,8.5,18993
2016-07-22,8.81,8.94,8.49,8.63,16755
2016-07-23,8.95,9.31,8.61,8.97,17096
2016-07-24,9.02,9.21,8.81,8.97,16100
2016-07-25,8.86,9.06,8.51,8.94,7294
2016-07-26,8.56,8.93,8.51,8.62,21869
2016-07-27,8.48,8.56,8.37,8.39,33160
2016-07-28,8.3,8.4,8.06,8.32,16714
2016-07-29,8.37,8.62,8.02,8.31,19969
2016-07-30,8.02,8.21,7.87,8.15,29341
2016-07-31,8.08,8.41,7.68,7.99,79790
2016-08-01,7.93,8.14,7.6,8.01,20198
2016-08-02,8.18,8.42,7.97,8.16,46842
2016-08-03,8.31,8.5,8.06,8.43,12199
2016-08-04,8.76,9.01,8.45,8.65,38681
2016-08-05,8.89,9.17,8.63,8.77,47324
2016-08-06,8.76,8.99,8.56,8.62,112792
2016-08-07,8.69,8.94,8.32,8.72,63725
2016-08-08,8.56,8.77,8.27,8.54,36462
2016-08-09,8.7,8.94,8.62,8.78,15757
2016-08-10,8.91,9.29,8.66,8.98,7901
2016-08-11,8.58,8.92,8.47,8.5,31407
2016-08-12,8.98,9.28,8.57,8.97,11617
2016-08-13,8.87,9.22,8.48,8.97,45387
2016-08-14,8.8,8.97,8.64,8.78,26534
2016-08-15,8.96,9.06,8.76,8.95,11002
2016-08-16,8.92,9.29,8.63,8.96,35933
2016-08-17,8.84,9.15,8.45,8.83,23096
2016-08-18,8.84,9.24,8.69,8.98,48833
2016-08-19,8.98,9.2,8.67,8.97,13587
2016-08-20,8.67,8.82,8.45,8.79,6760
2016-08-21,8.78,9.11,8.52,8.83,15727
2016-08-22,8.9,9.31,8.57,8.99,75743
2016-08-23,9.11,9.33,8.73,9.07,77888
2016-08-24,8.98,9.31,8.62,9.01,30268
2016-08-25,9.38,9.4,9.08,9.38,25785
2016-08-26,9.17,9.43,8.86,9.18,18100
2016-08-27,9.41,9.68,9.23,9.34,17181
2016-08-28,9.39,9.87,9.22,9.54,27210
2016-08-29,9.9,9.93,9.46,9.87,10156
2016-08-30,9.53,9.83,9.1,9.51,28477
2016-08-31,9.65,10.05,9.56,9.59,99613
2016-09-01,9.2,9.5,8.82,9.14,36238
2016-09-02,8.89,9.15,8.48,8.83,33554
2016-09-03,8.85,9.19,8.49,8.78,82210
2016-09-04,8.48,8.62,8.22,8.56,13107
2016-09-05,8.78,9.07,8.48,8.9,90714
2016-09-06,9.0,9.39,8.93,8.96,9271
2016-09-07,9.09,9.43,8.92,9.05,17006
2016-09-08,9.34,9.44,8.88,9.21,23950
2016-09-09,9.05,9.29,9.02,9.06,24798
2016-09-10,8.24,8.67,8.02,8.47,15329
2016-09-11,8.71,8.91,8.32,8.58,27901
2016-09-12,8.62,8.64,8.25,8.53,56494
2016-09-13,8.45,8.64,8.15,8.58,54168
2016-09-14,8.43,8.78,7.84,8.19,45497
2016-09-15,8.19,8.21,8.13,8.17,60470
2016-09-16,8.5,8.96,8.33,8.65,30610
2016-09-17,9.11,9.6,8.94,9.29,14044
2016-09-18,9.31,9.51,9.03,9.39,138996
2016-09-19,9.69,9.94,9.45,9.54,13271
2016-09-20,9.49,9.7,8.91,9.26,18643
2016-09-21,9.26,9.54,8.87,9.24,7847
2016-09-22,8.92,9.12,8.81,9.0,53566
2016-09-23,9.07,9.12,8.77,8.9,102667
2016-09-24,8.78,9.14,8.47,8.88,56141
2016-09-25,8.69,8.79,8.35,8.75,17712
2016-09-26,8.63,8.97,8.44,8.75,37272
2016-09-27,8.6,9.07,8.39,8.79,13642
2016-09-28,8.53,8.91,8.47,8.63,36488
2016-09-29,8.66,8.71,8.28,8.68,92227
2016-09-30,8.21,8.45,7.91,8.29,14705
2016-10-01,8.36,8.66,8.23,8.31,12998
2016-10-02,8.62,8.75,8.56,8.7,18575
2016-10-03,8.94,9.17,8.53,8.91,19336
2016-10-04,8.93,9.45,8.65,9.06,8854
2016-10-05,8.75,9.15,8.68,8.98,34669
2016-10-06,9.26,9.38,9.18,9.29,32458
2016-10-07,9.61,9.94,9.44,9.49,14777
2016-10-08,9.59,10.02,9.45,9.54,25392
2016-10-09,9.73,9.96,9.43,9.6,98608
2016-10-10,9.65,10.01,9.32,9.6,30694
2016-10-11,9.32,9.49,9.28,9.34,30827
2016-10-12,9.43,9.85,9.11,9.41,88269
2016-10-13,9.51,9.8,9.38,9.58,25255
2016-10-14,9.77,9.87,9.5,9.77,78625
2016-10-15,10.11,10.54,9.29,9.73,263795
2016-10-16,10.1,10.34,9.9,9.97,20443
2016-10-17,10.32,10.76,9.69,9.96,44351
2016-10-18,10.07,10.44,9.98,10.05,22119
2016-10-19,10.03,10.23,9.5,9.88,110224
2016-10-20,9.84,9.9,9.52,9.62,43747
2016-10-21,9.31,9.56,8.89,9.25,41727
2016-10-22,8.8,9.31,8.64,8.92,16497
2016-10-23,9.44,9.49,8.87,9.29,9211
2016-10-24,9.12,9.39,8.92,9.14,3340
2016-10-25,9.6,9.82,9.33,9.62,14289
2016-10-26,9.67,10.19,9.43,9.89,44017
2016-10-27,10.18,10.21,9.89,10.05,15455
2016-10-28,10.17,10.47,9.94,10.07,63309
2016-10-29,9.73,10.13,9.35,9.91,22976
2016-10-30,9.72,10.04,9.65,9.69,18320
2016-10-31,9.4,9.75,9.04,9.55,60076
2016-11-01,9.61,9.69,9.41,9.56,34595
2016-11-02,9.28,9.41,8.9,9.22,41183
2016-11-03,8.85,9.39,8.68,9.05,39698
2016-11-04,8.8,8.99,8.41,8.81,24994
2016-11-05,8.57,8.9,8.21,8.81,7670
2016-11-06,8.64,8.72,8.55,8.66,18995
2016-11-07,8.63,8.8,8.27,8.56,30487
2016-11-08,8.53,8.88,8.33,8.48,22355
2016-11-09,8.42,8.58,8.16,8.37,29009
2016-11-10,8.57,8.85,8.45,8.52,51054
2016-11-11,8.46,8.54,8.29,8.49,29403
2016-11-12,8.27,8.43,8.05,8.21,145741
2016-11-13,8.21,8.26,7.92,8.19,93807
2016-11-14,8.1,8.44,7.84,8.07,24164
2016-11-15,8.16,8.24,7.95,8.19,36728
2016-11-16,8.03,8.2,7.71,7.98,18505
2016-11-17,8.2,8.39,8.13,8.3,20797
2016-11-18,8.37,8.7,8.13,8.53,10044
2016-11-19,8.58,8.85,8.41,8.51,3530
2016-11-20,8.47,8.83,8.16,8.34,44533
2016-11-21,8.41,8.62,8.3,8.51,29603
2016-11-22,8.71,9.03,8.38,8.67,14913
2016-11-23,8.64,8.97,8.49,8.59,23827
2016-11-24,8.71,8.98,8.33,8.55,58601
2016-11-25,8.65,8.79,8.32,8.71,79784
2016-11-26,8.75,9.01,8.51,8.6,9793
2016-11-27,9.11,9.25,8.8,8.9,35198
2016-11-28,8.86,9.1,8.63,8.75,17266
2016-11-29,9.18,9.2,9.0,9.09,51631
2016-11-30,9.32,9.67,9.18,9.24,11255
2016-12-01,9.39,9.71,9.02,9.13,6632
2016-12-02,8.77,9.06,8.42,8.93,13239
2016-12-03,8.62,9.1,8.5,8.74,29679
2016-12-04,8.9,9.06,8.53,8.89,6138
2016-12-05,8.97,9.12,8.7,9.08,209304
2016-12-06,9.03,9.1,8.67,8.99,26126
2016-12-07,8.98,9.22,8.69,9.02,35723
2016-12-08,8.89,9.24,8.79,8.85,61757
2016-12-09,8.68,8.78,8.33,8.68,47918
2016-12-10,8.55,8.66,8.25,8.6,103112
2016-12-11,8.46,8.83,8.41,8.53,30859
2016-12-12,8.48,8.76,8.19,8.31,35067
2016-12-13,8.29,8.6,8.04,8.26,37715
2016-12-14,8.05,8.25,7.94,8.12,12971
2016-12-15,8.25,8.5,7.96,8.24,20083
2016-12-16,8.41,8.47,8.19,8.39,22815
2016-12-17,8.19,8.57,8.02,8.36,16085
2016-12-18,8.14,8.34,8.12,8.32,49384
2016-12-19,8.42,8.51,8.35,8.39,72095
2016-12-20,8.69,9.02,8.51,8.65,23159
2016-12-21,8.4,8.7,8.12,8.35,17579
2016-12-22,8.3,8.47,8.18,8.33,38781
2016-12-23,7.73,8.05,7.5,7.85,11996
2016-12-24,7.63,8.04,7.44,7.75,29347
2016-12-25,7.77,7.87,7.5,7.81,7855
2016-12-26,7.52,7.9,7.44,7.61,136187
2016-12-27,7.43,7.79,7.19,7.49,123694
2016-12-28,7.19,7.44,7.17,7.29,18287
2016-12-29,7.37,7.59,7.21,7.47,9358
2016-12-30,7.31,7.53,7.08,7.25,95295
2016-12-31,7.09,7.29,6.87,7.12,44868
2017-01-01,6.9,7.14,6.59,6.85,6472
2017-01-02,6.63,6.9,6.47,6.75,47678
2017-01-03,6.72,6.8,6.49,6.78,37502
2017-01-04,6.38,6.41,6.29,6.37,7660
2017-01-05,6.48,6.64,6.37,6.42,105245
2017-01-06,6.83,7.14,6.56,6.93,27827
2017-01-07,7.07,7.18,6.98,7.07,8113
2017-01-08,6.96,7.2,6.81,7.15,21717
2017-01-09,7.4,7.57,7.17,7.41,13379
2017-01-10,7.22,7.26,6.99,7.16,16142
2017-01-11,6.92,7.22,6.75,7.0,24268
2017-01-12,6.17,6.34,6.03,6.19,21007
2017-01-13,6.48,6.65,6.09,6.37,31454
2017-01-14,5.9,6.17,5.81,5.93,8478
2017-01-15,5.62,5.75,5.4,5.66,22844
2017-01-16,5.79,5.83,5.42,5.65,21120
2017-01-17,5.94,5.97,5.73,5.85,11748
2017-01-18,5.98,6.06,5.69,5.86,13834
2017-01-19,5.38,5.54,5.25,5.37,11040
2017-01-20,5.38,5.52,5.34,5.39,32031
2017-01-21,5.81,6.0,5.76,5.84,20719
2017-01-22,5.99,6.25,5.71,5.93,49922
2017-01-23,6.13,6.25,5.88,6.06,34274
2017-01-24,6.05,6.21,5.74,5.96,25614
2017-01-25,6.13,6.3,5.97,6.05,17575
2017-01-26,6.24,6.47,6.04,6.25,18052
2017-01-27,5.98,6.11,5.92,5.98,19527
2017-01-28,5.69,5.73,5.4,5.62,83442
2017-01-29,5.64,5.89,5.56,5.6,12923
2017-01-30,5.65,5.88,5.45,5.64,122928
2017-01-31,5.7,5.86,5.46,5.7,12653
2017-02-01,5.62,5.73,5.41,5.66,7612
2017-02-02,5.97,6.09,5.75,6.01,30262
2017-02-03,6.01,6.21,6.0,6.05,19564
2017-02-04,6.19,6.26,6.03,6.15,10091
2017-02-05,5.95,6.35,5.69,6.13,24506
2017-02-06,6.19,6.36,6.06,6.15,15043
2017-02-07,6.0,6.1,5.76,6.04,10718
2017-02-08,6.36,6.53,6.02,6.25,32643
2017-02-09,6.18,6.3,5.96,6.18,12608
2017-02-10,6.22,6.48,5.93,6.17,22851
2017-02-11,6.16,6.53,5.99,6.26,17101
2017-02-12,6.45,6.75,6.22,6.5,12775
2017-02-13,7.01,7.15,6.88,7.13,8090
2017-02-14,6.92,7.2,6.59,6.79,32401
2017-02-15,6.85,7.01,6.48,6.76,22301
2017-02-16,7.3,7.61,7.12,7.5,54833
2017-02-17,7.79,8.12,7.7,7.87,10737
2017-02-18,7.5,7.56,7.4,7.47,21604
2017-02-19,7.71,7.87,7.43,7.67,40675
2017-02-20,7.67,7.84,7.51,7.78,5952
2017-02-21,8.42,8.65,8.12,8.32,13102
2017-02-22,7.95,8.03,7.72,7.99,3739
2017-02-23,7.98,8.14,7.8,7.84,34081
2017-02-24,7.83,7.92,7.5,7.86,27317
2017-02-25,7.81,7.98,7.45,7.78,21763
2017-02-26,7.78,8.01,7.75,7.91,24824
2017-02-27,7.14,7.3,6.82,7.09,35752
2017-02-28,6.71,6.77,6.39,6.69,13747
2017-03-01,6.79,6.87,6.5,6.77,16107
2017-03-02,6.93,7.23,6.64,6.93,18904
2017-03-03,7.09,7.32,7.05,7.1,7283
2017-03-04,7.42,7.74,7.27,7.5,10304
2017-03-05,7.16,7.33,6.87,7.22,4096
2017-03-06,7.04,7.18,7.02,7.05,17786
2017-03-07,7.06,7.23,6.85,6.95,14492
2017-03-08,6.84,7.15,6.68,6.91,58585
2017-03-09,6.83,6.98,6.75,6.85,93687
2017-03-10,7.26,7.37,7.11,7.29,29382
2017-03-11,7.61,7.9,7.52,7.79,29635
2017-03-12,7.49,7.95,7.32,7.71,11393
2017-03-13,7.74,7.84,7.67,7.82,26313
2017-03-14,8.56,8.75,8.08,8.46,6362
2017-03-15,8.54,8.64,8.27,8.56,61065
2017-03-16,8.39,8.8,8.37,8.43,7748
2017-03-17,8.51,8.78,8.24,8.58,7514
2017-03-18,8.26,8.61,8.03,8.11,81178
2017-03-19,7.91,8.04,7.57,8.01,9544
2017-03-20,8.48,8.51,8.05,8.38,16406
2017-03-21,8.8,8.9,8.7,8.75,16694
2017-03-22,9.32,9.41,9.19,9.32,15145
2017-03-23,9.0,9.1,8.67,9.02,12529
2017-03-24,8.72,8.94,8.42,8.76,7754
2017-03-25,8.85,9.05,8.52,8.79,54904
2017-03-26,8.74,8.95,8.7,8.79,10964
2017-03-27,9.64,9.86,9.09,9.5,12630
2017-03-28,8.85,8.97,8.63,8.88,17639
2017-03-29,9.34,9.6,8.9,9.28,54525
2017-03-30,9.88,10.06,9.7,9.83,37904
2017-03-31,9.33,9.58,8.97,9.46,30271
2017-04-01,10.04,10.14,9.62,9.86,20306
2017-04-02,10.34,10.39,10.09,10.2,33602
2017-04-03,9.97,10.42,9.86,9.99,52543
2017-04-04,10.62,10.98,10.02,10.4,92441
2017-04-05,10.43,10.48,10.2,10.38,18286
2017-04-06,11.55,11.78,10.9,11.39,14301
2017-04-07,11.61,11.96,11.29,11.63,8472
2017-04-08,11.45,11.86,11.05,11.37,34203
2017-04-09,11.57,11.85,11.11,11.49,63045
2017-04-10,12.35,12.88,11.9,12.22,51026
2017-04-11,12.46,12.54,12.23,12.26,21364
2017-04-12,13.07,13.66,12.54,13.02,24512
2017-04-13,12.61,13.0,12.58,12.69,23204
2017-04-14,13.28,13.35,12.62,13.1,79409
2017-04-15,13.99,14.19,13.83,14.05,21813
2017-04-16,14.79,14.83,14.4,14.69,35234
2017-04-17,13.88,14.61,13.61,14.17,58822
2017-04-18,13.01,13.5,12.53,13.09,39983
2017-04-19,13.07,13.57,12.96,13.06,66710
2017-04-20,13.32,13.82,13.22,13.47,23830
2017-04-21,12.47,12.61,12.05,12.51,24222
2017-04-22,11.28,11.88,10.81,11.43,55342
2017-04-23,12.23,12.34,11.92,12.22,9404
2017-04-24,12.92,13.03,12.48,12.79,9937
2017-04-25,12.43,13.04,12.02,12.58,18618
2017-04-26,12.88,13.31,12.35,12.58,19415
2017-04-27,13.23,13.27,12.87,13.13,8243
2017-04-28,13.43,13.54,13.22,13.51,21968
2017-04-29,13.22,13.86,13.19,13.46,49300
2017-04-30,13.52,13.76,12.92,13.34,12493
2017-05-01,13.4,13.68,13.36,13.39,13767
2017-05-02,14.42,14.6,13.7,14.04,15092
2017-05-03,13.77,14.17,13.32,13.79,30868
2017-05-04,13.47,13.81,13.33,13.36,34841
2017-05-05,12.98,13.03,12.65,12.91,222098
2017-05-06,14.14,14.75,13.55,14.21,7464
2017-05-07,14.46,14.52,14.19,14.47,117810
2017-05-08,12.92,13.34,12.82,13.09,83432
2017-05-09,13.07,13.43,12.79,12.99,17763
2017-05-10,13.96,14.06,13.27,13.66,6436
2017-05-11,13.83,14.49,13.48,13.93,12681
2017-05-12,13.5,14.02,13.46,13.72,10454
2017-05-13,14.0,14.5,13.53,13.98,17088
2017-05-14,13.51,13.98,13.12,13.77,76743
2017-05-15,13.6,13.66,13.08,13.57,9845
2017-05-16,14.14,14.75,13.53,14.36,16398
2017-05-17,14.74,14.96,14.56,14.72,29489
2017-05-18,14.76,15.13,14.57,14.75,13802
2017-05-19,14.56,14.79,14.52,14.59,18755
2017-05-20,13.68,14.13,13.53,13.98,10190
2017-05-21,14.46,14.68,14.42,14.59,35654
2017-05-22,13.59,14.12,13.05,13.74,25673
2017-05-23,15.14,15.79,14.43,15.03,33340
2017-05-24,14.79,15.3,14.42,14.63,33311
2017-05-25,14.66,15.13,14.13,14.56,23754
2017-05-26,14.63,15.33,13.99,14.94,53237
2017-05-27,14.99,15.26,14.6,14.86,17746
2017-05-28,15.37,16.06,14.95,15.29,84456
2017-05-29,16.04,16.99,15.92,16.26,31975
2017-05-30,15.86,16.33,15.34,15.61,33483
2017-05-31,15.56,16.2,15.53,15.78,10153
2017-06-01,15.27,15.46,15.0,15.25,18932
2017-06-02,16.09,16.19,15.72,16.13,16025
2017-06-03,16.75,17.0,15.96,16.59,30222
2017-06-04,16.65,17.19,16.27,16.7,7583
2017-06-05,16.46,16.82,16.39,16.47,17911
2017-06-06,16.24,16.67,15.73,16.16,31911
2017-06-07,14.99,15.28,14.42,14.78,23092
2017-06-08,13.78,13.97,13.27,13.74,15724
2017-06-09,13.47,13.59,13.23,13.28,19438
2017-06-10,13.3,13.83,12.71,13.23,53731
2017-06-11,13.35,13.94,13.27,13.39,48815
2017-06-12,12.92,13.51,12.76,13.2,11529
2017-06-13,13.26,13.72,12.77,13.42,11360
2017-06-14,12.92,13.27,12.43,13.07,13720
2017-06-15,13.24,13.44,13.01,13.32,11458
2017-06-16,13.59,13.94,13.19,13.67,4158
2017-06-17,14.45,14.64,14.31,14.37,14805
2017-06-18,13.33,13.58,13.07,13.27,47281
2017-06-19,13.86,14.45,13.25,13.87,24006
2017-06-20,14.25,14.36,13.62,14.14,22525
2017-06-21,13.65,14.48,13.49,13.92,8979
2017-06-22,13.82,14.51,13.69,13.98,42274
2017-06-23,14.05,14.53,13.75,13.87,11139
2017-06-24,13.51,13.95,13.27,13.6,114872
2017-06-25,12.69,13.12,12.47,12.66,21907
2017-06-26,12.96,13.03,12.68,12.87,16479
2017-06-27,13.73,14.08,13.34,13.83,10600
2017-06-28,14.6,15.24,14.28,14.69,33060
2017-06-29,14.49,14.81,14.35,14.43,9182
2017-06-30,13.89,14.0,13.3,13.88,17629
2017-07-01,15.38,15.53,15.12,15.3,35196
2017-07-02,15.02,15.61,14.4,15.27,53184
2017-07-03,14.52,14.65,13.99,14.45,41652
2017-07-04,14.59,15.58,14.21,14.98,22767
2017-07-05,13.41,13.72,13.12,13.42,20724
2017-07-06,13.45,13.5,12.84,13.36,10142
2017-07-07,13.41,13.55,12.7,13.29,11407
2017-07-08,13.26,14.0,13.08,13.43,70573
2017-07-09,12.99,13.26,12.75,13.01,14644
2017-07-10,13.34,13.49,12.74,13.14,71714
2017-07-11,12.42,12.97,12.36,12.57,11547
2017-07-12,11.96,12.21,11.83,12.03,34495
2017-07-13,11.52,11.59,11.15,11.55,5422
2017-07-14,12.2,12.4,11.9,12.09,17730
2017-07-15,12.46,12.96,11.94,12.32,4134
2017-07-16,12.26,12.3,11.78,12.15,6865
2017-07-17,13.94,14.44,13.79,13.96,74735
2017-07-18,14.83,15.21,14.5,14.66,41906
2017-07-19,14.54,15.17,14.45,14.63,49173
2017-07-20,14.59,14.99,14.08,14.62,33218
2017-07-21,15.79,16.31,15.53,15.76,13405
2017-07-22,15.09,15.34,14.35,14.99,24360
2017-07-23,14.3,14.56,13.7,14.41,46938
2017-07-24,14.99,15.63,14.41,15.18,225966
2017-07-25,14.72,15.41,14.39,15.15,44678
2017-07-26,16.56,16.88,16.37,16.45,14632
2017-07-27,16.08,16.51,15.56,16.08,34885
2017-07-28,15.27,15.36,14.57,15.09,20598
2017-07-29,14.55,15.08,14.01,14.61,10015
2017-07-30,13.61,14.18,13.31,13.53,49839
2017-07-31,13.77,14.16,13.13,13.61,20810
2017-08-01,12.9,13.32,12.67,13.06,30906
2017-08-02,13.04,13.27,12.89,13.06,8539
2017-08-03,12.49,13.24,12.38,12.7,52544
2017-08-04,11.98,12.48,11.79,12.03,39968
2017-08-05,12.09,12.25,11.59,12.15,104943
2017-08-06,11.97,12.22,11.54,11.77,17631
2017-08-07,11.27,11.61,10.83,11.39,18757
2017-08-08,11.6,11.99,11.32,11.68,18236
2017-08-09,11.13,11.62,11.05,11.26,7217
2017-08-10,11.3,11.46,11.06,11.25,32118
2017-08-11,11.55,11.64,11.31,11.59,33164
2017-08-12,12.85,13.13,12.39,12.63,14174
2017-08-13,13.12,13.26,12.65,13.23,16653
2017-08-14,12.86,13.05,12.61,12.86,40220
2017-08-15,12.4,12.87,12.27,12.53,49333
2017-08-16,12.45,12.55,12.31,12.4,32588
2017-08-17,12.0,12.58,11.53,12.07,15607
2017-08-18,12.12,12.53,11.82,12.15,31772
2017-08-19,12.43,12.86,11.84,12.23,21548
2017-08-20,11.59,11.88,11.47,11.79,44242
2017-08-21,10.98,11.15,10.64,11.1,68667
2017-08-22,11.49,11.78,11.01,11.4,10500
2017-08-23,11.41,11.67,11.24,11.36,3524
2017-08-24,11.13,11.57,11.11,11.24,61014
2017-08-25,11.49,12.19,11.2,11.86,23243
2017-08-26,11.79,12.2,11.65,11.8,28379
2017-08-27,10.46,10.86,10.24,10.48,35584
2017-08-28,10.77,11.13,10.45,10.82,29879
2017-08-29,10.36,10.87,10.3,10.46,34963
2017-08-30,10.43,10.65,10.11,10.14,6622
2017-08-31,10.53,11.01,10.23,10.68,40712
2017-09-01,10.99,11.07,10.85,10.9,21797
2017-09-02,11.0,11.15,10.66,10.93,30968
2017-09-03,11.04,11.23,10.73,11.04,24967
2017-09-04,11.36,11.73,10.9,11.25,21901
2017-09-05,10.24,10.75,9.92,10.46,13846
2017-09-06,10.47,10.59,10.25,10.55,13523
2017-09-07,10.04,10.44,9.59,10.24,22759
2017-09-08,9.56,9.73,9.27,9.6,25913
2017-09-09,8.98,9.34,8.76,8.96,4652
2017-09-10,8.49,8.99,8.19,8.65,12784
2017-09-11,8.9,8.98,8.52,8.78,34320
2017-09-12,8.78,9.13,8.48,8.94,12294
2017-09-13,8.9,9.01,8.51,8.84,155710
2017-09-14,9.23,9.66,9.1,9.26,60911
2017-09-15,9.64,9.72,9.5,9.58,49072
2017-09-16,9.41,9.83,9.13,9.45,45584
2017-09-17,9.51,9.68,9.36,9.42,24816
2017-09-18,9.37,9.45,9.08,9.33,91061
2017-09-19,9.44,9.62,9.35,9.45,44910
2017-09-20,9.47,9.86,9.31,9.47,17065
2017-09-21,9.12,9.36,8.94,9.14,5209
2017-09-22,8.46,8.6,8.25,8.42,96200
2017-09-23,8.68,8.71,8.55,8.59,29225
2017-09-24,8.36,8.56,8.15,8.22,22518
2017-09-25,8.05,8.47,7.89,8.25,4206
2017-09-26,8.58,8.77,8.36,8.62,6570
2017-09-27,8.72,8.98,8.46,8.69,33334
2017-09-28,8.91,8.95,8.61,8.76,100861
2017-09-29,8.51,8.77,8.14,8.71,15737
2017-09-30,9.01,9.03,8.71,9.01,35916
2017-10-01,9.84,10.1,9.69,9.84,8487
2017-10-02,9.95,10.25,9.82,10.12,22482
2017-10-03,11.09,11.25,10.65,11.12,13271
2017-10-04,11.33,11.67,11.02,11.28,15179
2017-10-05,11.44,11.92,11.09,11.13,116089
2017-10-06,10.49,10.66,10.26,10.47,7402
2017-10-07,10.46,10.84,10.4,10.76,143550
2017-10-08,10.6,10.79,10.28,10.72,25440
2017-10-09,10.37,10.62,10.22,10.36,38139
2017-10-10,10.85,11.36,10.47,10.88,55227
2017-10-11,10.37,10.88,10.23,10.43,31541
2017-10-12,10.49,10.91,10.21,10.28,7915
2017-10-13,10.35,10.52,10.18,10.29,55110
2017-10-14,10.38,10.58,10.29,10.33,48365
2017-10-15,9.67,10.08,9.35,9.56,33162
2017-10-16,8.97,9.24,8.56,8.87,54608
2017-10-17,9.24,9.4,8.9,9.2,30916
2017-10-18,9.63,10.11,9.37,9.71,11205
2017-10-19,9.24,9.58,9.09,9.31,6770
2017-10-20,9.61,9.8,9.4,9.56,17810
2017-10-21,9.55,9.67,9.44,9.58,17507
2017-10-22,9.95,10.15,9.76,10.09,60564
2017-10-23,9.47,9.74,9.2,9.38,19563
2017-10-24,9.16,9.59,8.93,9.3,38018
2017-10-25,9.22,9.35,8.8,9.16,16165
2017-10-26,9.34,9.58,9.26,9.35,68531
2017-10-27,9.87,10.25,9.45,9.83,7581
2017-10-28,10.09,10.49,9.6,9.96,9856
2017-10-29,10.24,10.55,10.06,10.44,48721
2017-10-30,9.95,10.53,9.88,10.1,26518
2017-10-31,10.05,10.47,9.75,10.11,31182
2017-11-01,10.32,10.55,10.17,10.35,6783
2017-11-02,11.05,11.85,10.95,11.37,18731
2017-11-03,11.31,11.57,11.01,11.32,5382
2017-11-04,12.14,12.28,11.88,12.18,28589
2017-11-05,12.34,12.81,11.96,12.24,5178
2017-11-06,11.74,11.96,11.25,11.88,26986
2017-11-07,11.73,11.76,11.21,11.59,27555
2017-11-08,11.1,11.58,11.03,11.2,50906
2017-11-09,11.25,11.7,11.22,11.35,15234
2017-11-10,10.7,11.0,10.27,10.82,17135
2017-11-11,11.33,11.59,11.22,11.46,42190
2017-11-12,12.38,12.46,12.27,12.33,9444
2017-11-13,12.58,13.04,12.18,12.59,19815
2017-11-14,13.4,13.78,12.9,13.13,6889
2017-11-15,13.85,14.35,13.31,13.87,15320
2017-11-16,13.9,13.98,13.78,13.83,10466
2017-11-17,14.62,14.94,14.36,14.45,13593
2017-11-18,15.35,15.59,14.74,15.38,14938
2017-11-19,15.07,15.83,14.58,15.2,19003
2017-11-20,14.16,15.08,13.93,14.55,33696
2017-11-21,14.46,14.67,13.87,14.52,17882
2017-11-22,14.82,15.19,14.6,14.65,15733
2017-11-23,13.91,14.22,13.58,13.62,46567
2017-11-24,12.66,13.21,12.14,12.66,15248
2017-11-25,12.56,13.5,12.22,12.97,35264
2017-11-26,13.03,13.37,12.75,13.09,25940
2017-11-27,12.93,13.36,12.38,12.98,32109
2017-11-28,13.39,13.8,13.3,13.34,5915
2017-11-29,14.31,14.54,13.92,14.33,99080
2017-11-30,14.1,14.32,13.85,13.99,65252
2017-12-01,15.15,15.37,14.53,15.07,65484
2017-12-02,14.7,15.21,14.21,15.03,31379
2017-12-03,15.02,15.11,14.64,15.02,42684
2017-12-04,14.85,15.18,14.44,14.91,44241
2017-12-05,14.05,14.42,13.91,14.22,9963
2017-12-06,14.89,15.51,14.13,14.7,14091
2017-12-07,15.25,15.95,14.66,15.38,22947
2017-12-08,15.8,16.65,15.64,16.05,19882
2017-12-09,16.04,16.72,15.82,15.87,91867
2017-12-10,16.34,16.74,15.84,16.11,53971
2017-12-11,15.56,16.37,15.53,15.91,45372
2017-12-12,17.63,17.96,17.15,17.55,71230
2017-12-13,17.11,17.35,16.33,16.98,52637
2017-12-14,16.51,17.32,15.94,16.59,122410
2017-12-15,18.63,19.26,17.8,18.54,15142
2017-12-16,18.37,18.59,17.5,18.26,8836
2017-12-17,18.72,18.84,18.47,18.62,10798
2017-12-18,19.06,19.6,18.76,18.8,12380
2017-12-19,19.01,19.31,18.01,18.69,23088
2017-12-20,18.39,19.13,17.59,18.16,56238
2017-12-21,18.19,18.69,17.34,18.06,63172
2017-12-22,17.68,18.42,17.3,17.74,35239
2017-12-23,17.22,17.69,16.73,17.5,15473
2017-12-24,18.43,18.47,17.46,18.01,55862
2017-12-25,19.05,19.24,18.71,18.97,6995
2017-12-26,18.14,18.24,17.99,18.2,15423
2017-12-27,19.26,19.37,18.17,18.98,4662
2017-12-28,18.34,19.06,17.37,18.0,14867
2017-12-29,18.27,18.57,18.13,18.4,106567
2017-12-30,17.93,18.46,17.39,18.32,11079
2017-12-31,18.32,18.55,18.15,18.24,6130
2018-01-01,18.51,19.19,17.7,18.45,34695
2018-01-02,18.24,18.84,17.7,18.4,15773
2018-01-03,17.72,18.51,17.02,17.68,14012
2018-01-04,17.13,17.57,16.66,17.24,58557
2018-01-05,17.37,17.61,17.07,17.56,27771
2018-01-06,17.18,17.75,16.58,17.02,12383
2018-01-07,18.02,18.82,16.97,17.53,14004
2018-01-08,17.08,17.4,16.58,17.24,30977
2018-01-09,18.16,18.73,18.1,18.39,21027
2018-01-10,17.94,18.39,17.68,17.9,10186
2018-01-11,17.72,18.08,17.16,17.25,16178
2018-01-12,17.05,17.12,16.45,16.98,21121
2018-01-13,16.73,17.16,16.09,16.77,28247
2018-01-14,15.85,16.25,15.4,15.84,51952
2018-01-15,16.52,17.07,16.0,16.79,14090
2018-01-16,15.83,16.17,15.42,15.7,54836
2018-01-17,15.04,15.64,14.47,15.23,125028
2018-01-18,14.84,15.39,14.35,15.05,18851
2018-01-19,15.99,16.37,15.89,15.98,14333
2018-01-20,15.39,15.45,14.66,15.34,42120
2018-01-21,14.52,14.87,14.48,14.56,20239
2018-01-22,14.77,14.91,14.08,14.73,28084
2018-01-23,13.82,13.99,13.01,13.61,44254
2018-01-24,14.25,14.74,13.84,14.11,12832
2018-01-25,14.1,14.59,13.67,14.11,11657
2018-01-26,15.06,15.35,14.31,14.98,6125
2018-01-27,14.88,15.13,14.51,15.02,28887
2018-01-28,15.36,15.42,14.9,15.29,32051
2018-01-29,14.93,15.35,14.63,14.69,71991
2018-01-30,14.13,14.42,13.53,14.26,66543
2018-01-31,15.52,15.63,15.25,15.36,44008
2018-02-01,15.74,16.07,15.64,15.97,10804
2018-02-02,16.46,17.15,15.45,16.18,9878
2018-02-03,16.17,16.83,15.58,16.12,20775
2018-02-04,15.83,16.65,15.33,16.07,25921
2018-02-05,16.19,16.38,16.03,16.11,5916
2018-02-06,15.69,15.85,15.53,15.77,24483
2018-02-07,17.13,17.88,16.37,17.17,27083
2018-02-08,15.31,15.94,15.23,15.31,61268
2018-02-09,14.02,14.45,13.69,14.06,28984
2018-02-10,13.58,14.01,13.25,13.45,57480
2018-02-11,13.99,14.15,13.39,13.9,151495
2018-02-12,14.35,14.59,14.24,14.34,28083
2018-02-13,13.5,14.1,13.04,13.58,10620
2018-02-14,13.58,13.68,13.38,13.54,21943
2018-02-15,13.5,13.73,13.0,13.41,48027
2018-02-16,13.15,13.7,12.66,13.32,12561
2018-02-17,14.29,14.45,13.93,14.31,10033
2018-02-18,14.12,14.72,13.93,14.22,48027
2018-02-19,14.29,15.24,14.14,14.63,47126
2018-02-20,15.46,16.06,15.06,15.74,25517
2018-02-21,16.4,16.82,15.65,16.27,22851
2018-02-22,16.15,16.56,15.57,16.4,20304
2018-02-23,16.03,16.37,15.67,16.09,36468
2018-02-24,16.75,17.28,16.2,16.64,124065
2018-02-25,17.18,17.47,16.41,17.29,27980
2018-02-26,15.97,16.73,15.67,16.16,33269
2018-02-27,16.4,17.0,15.84,16.48,71251
2018-02-28,17.14,17.72,16.58,17.08,19550
2018-03-01,16.68,17.33,16.64,17.0,58468
2018-03-02,16.42,17.08,16.08,16.74,109815
2018-03-03,16.45,17.08,15.88,16.33,75812
2018-03-04,16.61,17.29,15.74,16.44,7970
2018-03-05,15.75,16.19,15.1,16.07,38125
2018-03-06,14.8,15.68,14.73,15.13,25077
2018-03-07,16.25,16.47,15.38,16.06,14585
2018-03-08,16.53,16.67,16.05,16.32,31642
2018-03-09,16.8,17.25,16.12,16.99,27487
2018-03-10,17.84,18.6,17.75,18.05,53569
2018-03-11,18.23,18.72,17.34,17.97,62175
2018-03-12,17.58,17.8,16.82,17.49,19362
2018-03-13,16.6,17.31,16.44,16.73,63915
2018-03-14,16.53,17.16,15.8,16.67,60866
2018-03-15,16.56,17.15,15.69,16.42,41970
2018-03-16,16.86,17.08,16.37,16.57,81479
2018-03-17,17.17,17.48,16.64,16.98,24114
2018-03-18,18.06,18.55,17.65,17.92,59685
2018-03-19,18.72,19.49,17.93,18.41,16060
2018-03-20,19.14,20.01,18.43,19.31,29874
2018-03-21,20.62,21.22,20.35,20.5,25378
2018-03-22,19.13,19.75,18.52,19.21,29430
2018-03-23,19.62,20.13,18.99,19.93,15461
2018-03-24,19.78,20.26,19.01,20.0,20635
2018-03-25,20.7,21.66,20.19,20.76,9697
2018-03-26,20.69,21.51,20.22,20.75,8194
2018-03-27,20.61,21.17,19.67,20.52,44480
2018-03-28,20.2,20.5,20.01,20.33,26637
2018-03-29,19.23,19.77,18.99,19.42,22034
2018-03-30,18.94,19.51,18.53,19.16,29114
2018-03-31,18.84,19.24,18.38,18.89,19753
2018-04-01,21.12,21.86,20.73,20.98,12746
2018-04-02,21.5,21.76,20.67,21.27,103018
2018-04-03,23.0,23.3,21.91,22.65,64290
2018-04-04,22.74,23.33,22.14,23.2,9627
2018-04-05,20.96,21.69,19.77,20.64,35718
2018-04-06,19.87,20.21,19.15,19.68,24038
2018-04-07,19.34,19.58,18.45,19.23,15683
2018-04-08,19.0,19.17,18.95,19.05,21830
2018-04-09,18.89,19.36,18.55,18.78,53489
2018-04-10,18.16,18.79,17.88,18.41,16243
2018-04-11,17.7,18.18,17.66,17.81,20450
2018-04-12,18.36,18.81,18.26,18.44,13840
2018-04-13,18.98,19.23,18.25,19.19,20843
2018-04-14,19.09,19.22,18.73,19.18,8042
2018-04-15,20.26,20.51,19.74,20.01,48717
2018-04-16,20.04,20.6,19.88,20.15,42589
2018-04-17,21.46,21.88,21.03,21.5,8602
2018-04-18,20.27,20.56,20.01,20.11,44124
2018-04-19,20.0,20.51,19.89,20.11,18355
2018-04-20,20.18,20.81,19.4,20.03,17159
2018-04-21,20.54,21.28,19.9,20.7,9626
2018-04-22,20.36,21.11,20.14,20.74,25572
2018-04-23,18.67,19.2,18.27,18.92,54973
2018-04-24,19.24,20.01,18.33,18.96,73448
2018-04-25,17.73,18.21,17.2,18.01,8658
2018-04-26,19.56,20.41,18.48,19.28,4504
2018-04-27,20.85,21.86,19.99,21.17,84340
2018-04-28,21.51,21.79,20.91,21.26,6744
2018-04-29,20.09,20.14,19.26,19.9,32847
2018-04-30,21.39,21.47,20.8,21.38,18210
2018-05-01,20.76,21.19,20.33,20.72,7379
2018-05-02,22.08,22.83,21.5,21.91,12484
2018-05-03,20.59,21.4,20.17,20.58,83746
2018-05-04,20.97,21.9,20.12,21.09,225259
2018-05-05,22.63,23.56,21.96,22.54,15309
2018-05-06,21.97,22.28,20.99,21.76,23032
2018-05-07,22.33,23.07,21.42,22.44,14102
2018-05-08,22.91,23.04,21.58,22.56,49036
2018-05-09,21.66,22.57,20.78,21.89,20519
2018-05-10,20.96,21.48,20.45,21.03,45777
2018-05-11,20.19,20.72,20.11,20.47,102731
2018-05-12,19.32,19.68,18.61,19.35,37280
2018-05-13,19.2,19.29,18.44,18.91,30674
2018-05-14,19.03,19.79,18.76,18.94,16079
2018-05-15,17.75,18.21,17.36,17.53,38204
2018-05-16,16.56,16.65,16.04,16.33,30741
2018-05-17,17.46,17.98,16.54,17.24,51766
2018-05-18,17.55,17.99,17.5,17.56,12504
2018-05-19,17.21,17.36,16.34,17.03,19784
2018-05-20,19.04,19.28,18.35,19.07,42754
2018-05-21,19.55,20.2,19.08,19.56,24263
2018-05-22,19.9,20.55,19.29,19.48,10565
2018-05-23,19.67,20.69,18.97,20.07,12065
2018-05-24,20.99,21.48,20.01,20.78,14623
2018-05-25,19.58,20.53,18.74,20.03,17397
2018-05-26,19.74,19.94,19.31,19.55,12847
2018-05-27,18.92,19.37,18.2,19.03,60058
2018-05-28,19.47,20.0,19.16,19.53,22515
2018-05-29,19.62,20.17,19.28,19.4,12118
2018-05-30,20.55,20.92,19.92,20.31,70247
2018-05-31,21.3,21.59,20.8,20.97,91859
2018-06-01,21.02,21.32,20.79,21.23,39822
2018-06-02,23.35,23.46,22.56,23.21,31560
2018-06-03,21.85,22.3,21.51,21.93,3013
2018-06-04,22.09,22.56,21.14,22.31,69215
2018-06-05,23.47,24.05,23.06,23.43,14859
2018-06-06,23.68,24.72,22.87,23.75,59642
2018-06-07,23.27,24.33,23.07,23.38,17459
2018-06-08,21.57,21.98,21.09,21.73,24271
2018-06-09,22.76,23.36,21.74,22.42,24680
2018-06-10,22.75,23.22,22.0,22.94,13269
2018-06-11,23.2,23.46,22.83,23.38,13788
2018-06-12,24.19,24.28,23.82,24.12,26545
2018-06-13,24.82,25.86,24.62,25.21,44962
2018-06-14,25.09,25.22,24.27,24.99,18762
2018-06-15,22.49,23.42,21.16,22.13,54767
2018-06-16,22.85,23.71,22.28,22.74,33957
2018-06-17,21.7,22.68,20.93,21.72,6871
2018-06-18,20.45,20.92,20.4,20.58,18647
2018-06-19,19.93,20.72,19.3,20.13,14486
2018-06-20,20.69,20.91,20.21,20.63,59288
2018-06-21,20.99,21.18,20.86,20.91,47009
2018-06-22,20.4,20.47,19.87,20.34,15109
2018-06-23,19.45,19.54,18.68,19.13,10667
2018-06-24,18.78,19.28,18.6,18.97,18758
2018-06-25,19.4,19.89,18.62,19.15,5032
2018-06-26,19.65,19.75,19.37,19.52,24943
2018-06-27,18.83,19.33,18.61,18.86,21259
2018-06-28,17.47,18.18,16.8,17.33,26164
2018-06-29,17.98,18.26,17.81,17.97,34049
2018-06-30,17.3,17.49,17.03,17.2,9160
2018-07-01,15.55,16.29,14.91,15.71,15885
2018-07-02,16.29,16.96,15.23,15.85,36442
2018-07-03,16.38,16.89,15.92,16.19,102749
2018-07-04,15.52,16.31,14.87,15.8,18952
2018-07-05,16.39,16.92,15.92,16.29,47127
2018-07-06,16.34,16.45,15.9,16.12,43471
2018-07-07,15.54,15.83,15.32,15.78,11233
2018-07-08,15.65,16.2,14.76,15.45,13722
2018-07-09,14.32,14.49,13.88,14.38,22907
2018-07-10,14.98,15.17,14.32,14.95,14288
2018-07-11,13.77,14.1,13.17,13.55,21096
2018-07-12,13.27,13.72,13.14,13.39,10052
2018-07-13,12.85,13.24,12.4,12.73,41752
2018-07-14,12.45,13.1,11.89,12.77,46535
2018-07-15,12.7,13.02,12.66,12.91,9930
2018-07-16,13.84,14.16,13.45,13.61,96101
2018-07-17,13.31,13.51,12.6,13.16,8557
2018-07-18,13.46,13.69,12.89,13.41,8451
2018-07-19,13.72,14.29,12.99,13.56,24534
2018-07-20,13.54,14.06,13.07,13.46,44993
2018-07-21,13.42,13.55,13.07,13.24,27911
2018-07-22,13.64,14.23,13.37,13.57,9899
2018-07-23,13.36,13.53,12.96,13.32,81502
2018-07-24,13.3,13.44,13.15,13.23,7413
2018-07-25,13.83,14.4,13.32,14.0,36129
2018-07-26,13.78,14.08,13.37,13.71,10700
2018-07-27,14.23,14.43,13.68,13.92,46295
2018-07-28,13.37,13.56,13.29,13.37,27716
2018-07-29,13.29,13.38,12.46,13.02,15232
2018-07-30,12.91,13.71,12.51,13.23,68011
2018-07-31,13.99,14.11,13.4,13.95,22681
2018-08-01,13.5,14.08,12.97,13.62,33076
2018-08-02,12.62,12.85,12.36,12.51,6034
2018-08-03,12.26,12.71,11.75,12.28,23289
2018-08-04,12.95,13.34,12.65,12.85,35495
2018-08-05,12.26,12.36,12.0,12.21,52825
2018-08-06,11.8,12.16,11.42,11.71,24333
2018-08-07,11.8,11.94,11.5,11.67,34430
2018-08-08,12.85,13.22,12.55,12.89,40411
2018-08-09,13.45,13.53,12.9,13.21,19918
2018-08-10,13.18,13.44,13.09,13.39,5975
2018-08-11,13.11,13.58,12.47,12.88,11797
2018-08-12,12.56,12.82,12.22,12.53,46197
2018-08-13,12.85,13.27,12.3,12.93,39705
2018-08-14,11.71,12.15,11.43,11.94,31553
2018-08-15,12.46,12.72,11.89,12.43,46010
2018-08-16,11.43,11.89,11.23,11.6,72387
2018-08-17,10.83,11.08,10.52,10.83,15904
2018-08-18,10.26,10.77,10.09,10.57,513157
2018-08-19,10.83,11.03,10.63,10.86,53406
2018-08-20,10.44,10.75,10.16,10.31,114439
2018-08-21,10.91,11.24,10.55,10.85,40671
2018-08-22,9.74,10.13,9.37,9.8,55007
2018-08-23,10.35,10.57,10.22,10.41,23539
2018-08-24,9.81,10.0,9.56,9.84,29968
2018-08-25,10.19,10.36,9.74,10.24,18673
2018-08-26,10.38,10.71,10.21,10.33,12896
2018-08-27,9.44,9.55,9.16,9.43,25615
2018-08-28,9.93,10.03,9.88,9.94,22010
2018-08-29,9.01,9.5,8.97,9.14,17347
2018-08-30,9.68,9.89,9.47,9.81,14228
2018-08-31,8.81,8.97,8.64,8.87,22270
2018-09-01,9.12,9.39,8.76,9.35,22130
2018-09-02,10.86,11.07,10.46,10.66,9394
2018-09-03,10.98,11.29,10.6,11.01,25873
2018-09-04,11.68,12.03,11.18,11.66,15859
2018-09-05,11.14,11.37,10.89,11.12,70199
2018-09-06,11.31,11.63,10.85,11.23,62393
2018-09-07,10.45,10.79,10.04,10.54,96175
2018-09-08,10.23,10.44,9.91,10.25,41260
2018-09-09,9.88,10.28,9.55,9.9,53861
2018-09-10,9.86,10.32,9.8,9.96,27180
2018-09-11,10.45,10.68,9.94,10.37,21994
2018-09-12,10.69,11.03,9.98,10.35,28921
2018-09-13,10.43,10.7,9.84,10.27,10176
2018-09-14,11.1,11.19,10.58,11.06,43573
2018-09-15,10.54,10.77,10.4,10.69,38168
2018-09-16,10.39,10.55,10.0,10.39,16238
2018-09-17,11.64,12.19,11.51,11.73,54237
2018-09-18,12.12,12.62,11.76,12.12,9189
2018-09-19,11.5,11.83,11.26,11.62,7000
2018-09-20,11.17,11.48,11.09,11.2,32845
2018-09-21,11.3,11.62,10.74,11.14,11080
2018-09-22,11.09,11.45,10.7,11.04,23057
2018-09-23,11.73,11.92,11.25,11.49,24344
2018-09-24,12.01,12.13,11.37,11.78,68533
2018-09-25,11.81,12.11,11.54,11.69,16425
2018-09-26,12.85,13.31,12.46,12.82,15642
2018-09-27,12.5,12.87,12.1,12.4,41511
2018-09-28,14.04,14.33,13.34,13.79,58873
2018-09-29,13.8,14.3,13.35,13.97,30868
2018-09-30,13.28,13.46,12.59,13.12,8560
2018-10-01,11.81,12.24,11.62,12.05,21605
2018-10-02,12.36,12.89,11.93,12.4,41360
2018-10-03,13.51,13.66,13.39,13.43,47490
2018-10-04,14.95,15.21,14.63,15.05,62420
2018-10-05,15.74,16.2,15.55,16.01,10190
2018-10-06,15.28,15.42,14.77,15.21,108151
2018-10-07,13.98,14.63,13.75,14.03,8144
2018-10-08,14.42,15.01,14.37,14.47,106693
2018-10-09,15.63,16.42,15.18,15.82,29672
2018-10-10,14.03,14.82,13.61,14.19,54685
2018-10-11,14.5,15.12,14.43,14.46,17480
2018-10-12,15.16,15.6,14.86,15.04,18144
2018-10-13,16.37,16.96,15.98,16.47,6090
2018-10-14,16.0,16.05,15.34,15.98,12846
2018-10-15,15.52,15.73,14.95,15.19,35906
2018-10-16,15.55,15.75,15.08,15.33,32824
2018-10-17,15.7,16.02,15.4,15.48,44176
2018-10-18,14.98,15.42,14.71,14.82,18481
2018-10-19,12.99,13.55,12.92,12.99,8674
2018-10-20,12.54,12.91,12.4,12.62,10629
2018-10-21,12.64,13.07,12.2,12.41,13904
2018-10-22,12.81,13.13,12.24,12.71,48327
2018-10-23,12.01,12.51,11.36,11.83,9247
2018-10-24,11.49,11.95,11.44,11.61,101070
2018-10-25,12.33,12.76,11.81,12.44,52506
2018-10-26,12.65,12.8,12.5,12.59,58518
2018-10-27,12.15,12.42,11.97,12.21,9826
2018-10-28,12.27,12.74,11.84,12.3,251872
2018-10-29,12.09,12.37,12.01,12.26,24019
2018-10-30,12.33,12.93,11.92,12.58,37727
2018-10-31,12.45,12.99,12.08,12.35,24281
2018-11-01,12.18,12.52,11.96,12.29,21799
2018-11-02,11.68,12.41,11.48,11.95,10979
2018-11-03,12.01,12.23,11.46,11.94,5329
2018-11-04,12.09,12.37,11.59,12.15,48874
2018-11-05,13.13,13.33,12.92,13.16,14417
2018-11-06,12.44,12.86,12.15,12.41,9626
2018-11-07,13.16,13.72,12.67,12.96,19248
2018-11-08,13.0,13.33,12.74,12.86,38468
2018-11-09,12.01,12.12,11.37,11.85,7312
2018-11-10,12.79,12.97,12.6,12.77,19229
2018-11-11,12.21,12.68,11.95,12.27,10292
2018-11-12,13.37,13.47,12.89,13.32,13162
2018-11-13,13.16,13.65,12.73,13.31,41760
2018-11-14,12.94,13.56,12.6,13.05,28725
2018-11-15,12.2,12.7,11.71,12.26,10629
2018-11-16,12.55,13.08,12.33,12.68,59781
2018-11-17,13.67,14.18,13.61,13.67,5495
2018-11-18,13.88,14.3,13.58,13.87,14769
2018-11-19,13.21,13.41,12.61,13.18,18915
2018-11-20,13.33,13.68,13.25,13.48,11895
2018-11-21,13.5,14.05,13.39,13.48,76907
2018-11-22,13.71,14.04,13.55,13.69,8588
2018-11-23,13.01,13.58,12.44,12.63,26526
2018-11-24,13.91,14.43,13.43,13.63,13251
2018-11-25,13.91,14.27,13.22,13.81,24234
2018-11-26,13.12,13.63,12.95,13.27,56646
2018-11-27,14.21,14.6,13.33,13.93,22560
2018-11-28,14.19,14.81,13.71,14.22,11027
2018-11-29,14.85,15.5,14.36,14.64,49385
2018-11-30,15.9,15.98,15.57,15.64,9775
2018-12-01,16.46,16.51,15.74,16.35,59060
2018-12-02,16.45,17.19,15.74,16.49,28490
2018-12-03,16.69,16.98,16.48,16.79,13306
2018-12-04,16.83,17.44,16.69,16.77,5227
2018-12-05,17.04,17.68,16.26,16.94,19349
2018-12-06,16.26,16.64,15.73,16.14,83607
2018-12-07,16.37,17.01,16.32,16.48,36572
2018-12-08,15.96,16.53,15.83,15.89,110844
2018-12-09,15.44,15.88,14.78,15.52,32251
2018-12-10,15.75,16.4,14.92,15.6,30114
2018-12-11,14.47,14.95,14.13,14.78,54759
2018-12-12,16.31,16.9,15.56,16.15,18833
2018-12-13,16.31,16.62,15.67,16.28,38110
2018-12-14,16.19,16.26,15.42,15.99,12329
2018-12-15,15.85,16.64,15.17,16.0,13567
2018-12-16,16.52,17.38,15.98,16.81,52104
2018-12-17,17.4,17.84,16.84,17.53,15245
2018-12-18,16.19,16.87,15.63,16.23,39111
2018-12-19,15.68,15.96,15.23,15.55,28838
2018-12-20,15.7,15.87,15.38,15.54,60917
2018-12-21,15.02,15.38,14.93,15.1,49612
2018-12-22,15.85,16.12,15.32,15.67,36092
2018-12-23,14.92,15.45,14.35,15.02,99072
2018-12-24,15.65,16.01,14.89,15.58,12836
2018-12-25,14.86,15.53,14.29,14.86,48950
2018-12-26,15.3,15.39,14.87,15.24,67905
2018-12-27,14.96,15.47,14.36,15.04,46434
2018-12-28,15.34,15.52,15.08,15.35,42166
2018-12-29,13.68,13.79,13.29,13.6,4430
2018-12-30,13.75,14.3,13.54,13.7,18568
2018-12-31,12.55,12.89,12.36,12.56,37544
2019-01-01,12.21,12.56,11.81,12.24,14340
2019-01-02,12.15,12.39,11.64,12.23,39079
2019-01-03,12.27,12.37,11.95,12.29,3930
2019-01-04,12.33,12.41,11.79,12.23,20752
2019-01-05,11.94,11.97,11.77,11.85,42245
2019-01-06,11.99,12.66,11.65,12.16,6109
2019-01-07,11.83,12.46,11.5,11.95,30135
2019-01-08,11.94,12.42,11.68,11.97,10501
2019-01-09,11.54,11.65,11.12,11.52,20398
2019-01-10,11.74,12.26,11.69,11.91,19673
2019-01-11,11.35,11.87,11.22,11.45,14523
2019-01-12,11.16,11.63,10.76,11.28,23036
2019-01-13,11.52,11.9,10.93,11.4,69639
2019-01-14,11.62,12.13,11.4,11.6,9006
2019-01-15,11.85,12.34,11.29,11.8,143081
2019-01-16,11.08,11.35,10.73,11.16,46444
2019-01-17,11.09,11.61,10.67,11.2,23563
2019-01-18,11.27,11.55,10.83,11.13,61961
2019-01-19,11.93,12.24,11.44,11.83,27505
2019-01-20,11.08,11.46,10.72,11.22,29627
2019-01-21,11.67,11.94,11.55,11.65,27061
2019-01-22,11.51,11.89,11.07,11.49,42726
2019-01-23,12.2,12.72,11.56,12.05,30424
2019-01-24,12.14,12.28,11.62,12.06,58276
2019-01-25,12.87,13.04,12.05,12.56,3029
2019-01-26,13.24,13.53,13.04,13.13,15371
2019-01-27,12.82,13.2,12.66,12.84,27645
2019-01-28,13.56,14.01,13.23,13.37,17045
2019-01-29,13.44,13.84,13.06,13.67,14691
2019-01-30,14.33,14.75,13.81,14.34,64824
2019-01-31,14.29,14.9,13.92,14.02,39648
2019-02-01,13.62,14.23,13.28,13.57,1837
2019-02-02,14.41,14.69,13.8,14.43,51647
2019-02-03,14.6,15.09,14.26,14.57,46172
2019-02-04,14.77,15.28,13.74,14.37,10530
2019-02-05,14.62,15.09,13.94,14.49,45406
2019-02-06,14.0,14.61,13.58,14.05,40876
2019-02-07,14.31,14.9,13.8,14.28,90503
2019-02-08,14.52,15.17,14.13,14.34,29273
2019-02-09,14.72,15.03,14.24,14.71,88675
2019-02-10,14.16,14.41,13.85,13.92,17593
2019-02-11,13.71,14.33,13.35,13.72,55794
2019-02-12,14.04,14.16,13.65,13.83,4046
2019-02-13,13.74,14.23,13.36,13.69,29686
2019-02-14,14.26,14.71,13.59,14.13,45942
2019-02-15,13.93,14.12,13.49,14.05,29036
2019-02-16,13.61,13.79,13.06,13.5,47519
2019-02-17,14.05,14.2,13.82,13.98,63739
2019-02-18,14.13,14.63,13.7,13.91,6083
2019-02-19,13.46,13.83,13.34,13.5,9982
2019-02-20,12.83,13.37,12.6,12.92,14966
2019-02-21,12.81,13.34,12.22,12.76,9007
2019-02-22,12.55,13.03,12.18,12.79,39206
2019-02-23,12.08,12.43,11.85,12.18,81076
2019-02-24,12.25,12.42,11.74,12.11,14894
2019-02-25,12.33,12.77,12.14,12.37,35523
2019-02-26,12.44,12.69,12.29,12.53,31263
2019-02-27,13.5,13.76,13.05,13.24,13874
2019-02-28,13.44,13.9,13.26,13.73,15437
2019-03-01,14.0,14.36,13.34,13.67,56907
2019-03-02,13.38,13.98,13.29,13.44,44815
2019-03-03,13.62,13.83,13.13,13.77,43128
2019-03-04,14.7,14.74,14.13,14.69,37528
2019-03-05,15.06,15.66,14.55,14.98,28661
2019-03-06,15.05,15.69,14.38,14.98,3489
2019-03-07,14.61,14.97,14.27,14.86,49938
2019-03-08,15.54,16.1,15.07,15.66,31522
2019-03-09,15.72,15.99,15.64,15.83,21960
2019-03-10,15.54,16.06,14.93,15.37,45842
2019-03-11,15.92,16.6,15.57,15.61,36938
2019-03-12,15.81,16.17,15.28,15.96,80489
2019-03-13,15.91,16.86,15.87,16.19,75975
2019-03-14,16.61,16.94,15.98,16.39,29908
2019-03-15,15.98,16.57,15.42,15.96,14957
2019-03-16,15.81,16.19,15.49,16.06,17251
2019-03-17,16.44,16.94,16.0,16.38,28586
2019-03-18,17.07,17.59,16.49,17.13,19399
2019-03-19,16.91,17.51,16.47,17.07,12642
2019-03-20,16.36,16.44,15.64,16.33,21786
2019-03-21,15.87,16.15,15.45,16.07,18423
2019-03-22,16.58,16.78,15.93,16.59,27206
2019-03-23,16.38,16.77,16.2,16.31,53206
2019-03-24,15.63,16.23,15.35,15.61,15141
2019-03-25,15.0,15.29,14.42,14.94,21731
2019-03-26,14.48,14.65,13.86,14.47,57002
2019-03-27,14.27,14.75,14.11,14.48,11628
2019-03-28,14.76,14.89,14.34,14.58,11526
2019-03-29,15.45,15.77,15.21,15.32,39948
2019-03-30,15.74,16.14,14.95,15.51,80551
2019-03-31,14.05,14.52,13.82,14.41,12869
2019-04-01,14.01,14.14,13.33,13.92,69189
2019-04-02,14.24,14.34,13.94,14.06,26630
2019-04-03,14.55,14.82,14.24,14.48,39266
2019-04-04,14.12,14.72,13.81,14.12,36301
2019-04-05,14.0,14.3,13.53,13.76,17644
2019-04-06,13.0,13.45,12.64,13.0,74619
2019-04-07,12.91,13.17,12.68,12.93,15624
2019-04-08,13.38,13.61,12.87,13.44,14351
2019-04-09,13.27,13.97,13.0,13.38,46141
2019-04-10,13.41,13.7,12.77,13.34,49415
2019-04-11,13.27,13.42,12.81,13.28,21681
2019-04-12,12.82,13.0,12.58,12.68,87282
2019-04-13,11.91,12.44,11.53,11.98,21679
2019-04-14,11.37,11.75,10.88,11.4,43270
2019-04-15,11.62,11.8,11.25,11.58,24395
2019-04-16,11.43,11.79,10.98,11.53,17540
2019-04-17,12.01,12.08,11.73,12.0,51825
2019-04-18,13.0,13.11,12.7,13.06,21223
2019-04-19,13.09,13.51,12.58,13.01,34155
2019-04-20,13.43,13.8,13.04,13.17,8130
2019-04-21,12.54,12.81,12.35,12.42,17454
2019-04-22,12.05,12.19,11.48,11.76,24288
2019-04-23,11.84,12.14,11.47,12.0,47545
2019-04-24,11.69,12.24,11.45,11.75,43969
2019-04-25,11.73,11.8,11.19,11.63,19069
2019-04-26,12.03,12.29,11.92,12.09,174110
2019-04-27,10.95,11.1,10.74,10.91,20409
2019-04-28,11.17,11.5,11.05,11.16,78541
2019-04-29,10.91,11.25,10.53,11.05,35100
2019-04-30,10.69,11.11,10.46,10.59,90175
2019-05-01,10.99,11.08,10.83,11.06,10313
2019-05-02,11.08,11.45,10.59,11.07,52436
2019-05-03,11.96,12.09,11.8,11.99,34473
2019-05-04,12.4,13.07,11.87,12.56,29370
2019-05-05,12.91,13.47,12.55,12.88,12157
2019-05-06,12.87,13.0,12.43,12.94,59506
2019-05-07,13.66,13.95,12.99,13.4,11021
2019-05-08,13.22,13.4,12.82,13.09,76825
2019-05-09,12.7,13.08,12.21,12.69,33220
2019-05-10,13.0,13.17,12.39,12.92,22178
2019-05-11,12.87,13.79,12.53,13.26,5545
2019-05-12,13.2,13.6,12.78,13.31,58698
2019-05-13,13.24,13.79,12.79,13.33,74405
2019-05-14,13.93,14.16,13.71,13.95,12145
2019-05-15,14.34,14.77,13.95,14.53,22650
2019-05-16,14.93,15.42,14.37,15.03,16313
2019-05-17,15.08,15.71,15.0,15.17,32569
2019-05-18,15.24,15.63,14.58,15.28,29651
2019-05-19,15.61,16.17,15.04,15.65,19769
2019-05-20,15.42,16.01,14.84,15.29,35684
2019-05-21,15.85,16.54,15.21,15.62,28066
2019-05-22,15.17,15.66,15.14,15.42,5319
2019-05-23,15.57,15.81,14.74,15.33,84461
2019-05-24,15.73,16.02,14.98,15.37,22988
2019-05-25,14.83,15.32,14.17,14.75,22372
2019-05-26,14.73,15.37,14.53,14.95,19714
2019-05-27,15.28,15.9,14.61,14.98,33332
2019-05-28,15.48,16.0,15.03,15.11,19782
2019-05-29,14.39,14.54,13.75,14.29,8252
2019-05-30,13.96,14.56,13.77,13.99,37103
2019-05-31,13.88,14.0,13.51,13.72,21845
2019-06-01,13.48,13.99,13.0,13.63,20608
2019-06-02,13.37,13.54,12.98,13.48,49386
2019-06-03,13.26,13.89,12.94,13.45,103509
2019-06-04,13.41,14.08,12.82,13.53,18812
2019-06-05,13.79,14.21,13.38,13.57,40066
2019-06-06,13.42,13.82,13.23,13.44,18536
2019-06-07,13.43,13.46,13.34,13.37,10883
2019-06-08,13.33,13.58,12.74,13.31,15556
2019-06-09,12.96,13.26,12.6,13.14,9685
2019-06-10,13.87,14.1,13.2,13.7,33423
2019-06-11,13.67,14.3,13.23,13.8,17892
2019-06-12,14.06,14.61,13.62,13.9,18352
2019-06-13,14.68,15.19,14.22,14.71,36753
2019-06-14,14.6,14.91,14.25,14.64,67534
2019-06-15,14.65,14.88,14.27,14.36,5276
2019-06-16,14.29,14.44,13.87,14.32,28010
2019-06-17,14.93,15.55,14.0,14.51,52824
2019-06-18,14.43,15.02,13.97,14.25,59615
2019-06-19,14.65,14.86,14.39,14.44,20912
2019-06-20,13.7,13.84,13.11,13.47,102262
2019-06-21,14.12,14.66,13.58,14.04,11057
2019-06-22,13.83,14.07,13.23,13.36,33333
2019-06-23,13.33,13.73,12.74,13.35,67436
2019-06-24,12.23,12.4,11.85,12.24,5275
2019-06-25,12.25,12.79,11.78,12.61,23640
2019-06-26,11.78,12.2,11.68,12.15,32595
2019-06-27,12.28,12.66,11.83,12.37,12450
2019-06-28,12.38,12.47,11.74,12.12,45547
2019-06-29,12.58,12.73,12.25,12.45,10036
2019-06-30,12.59,13.15,12.32,12.46,58116
2019-07-01,12.93,13.17,12.44,13.05,12084
2019-07-02,13.54,14.11,12.92,13.38,26026
2019-07-03,13.62,14.03,13.21,13.49,73929
2019-07-04,14.52,14.84,13.79,14.33,14600
2019-07-05,14.2,14.82,14.09,14.48,12374
2019-07-06,14.27,14.92,13.94,14.49,9959
2019-07-07,15.05,15.2,14.65,15.01,12834
2019-07-08,15.74,16.2,15.23,15.79,22826
2019-07-09,15.33,15.6,14.94,15.34,6144
2019-07-10,15.55,15.81,15.25,15.68,10512
2019-07-11,16.46,16.85,15.93,16.28,18217
2019-07-12,17.37,17.91,16.63,17.85,14291
2019-07-13,17.33,17.68,16.9,17.32,11383
2019-07-14,16.7,17.05,16.42,16.5,11673
2019-07-15,16.96,17.97,16.47,17.25,6090
2019-07-16,17.49,17.79,17.39,17.62,104677
2019-07-17,17.34,17.78,16.7,17.43,12027
2019-07-18,17.07,17.54,16.44,16.9,31513
2019-07-19,16.34,17.59,15.62,16.91,38990
2019-07-20,17.87,18.05,17.09,17.73,6729
2019-07-21,16.45,16.9,15.93,16.44,6585
2019-07-22,16.18,16.5,15.41,16.12,19591
2019-07-23,17.18,17.74,16.48,17.15,50145
2019-07-24,16.2,16.97,15.5,16.44,16591
2019-07-25,15.71,15.9,15.35,15.62,44201
2019-07-26,15.1,15.27,14.58,15.19,92601
2019-07-27,14.76,15.53,14.47,14.87,19517
2019-07-28,14.06,14.57,13.76,14.21,61491
2019-07-29,13.3,13.95,13.22,13.42,61794
2019-07-30,13.93,14.05,13.62,13.68,2704
2019-07-31,13.71,14.21,13.41,13.63,21586
2019-08-01,13.16,13.68,12.64,13.43,15360
2019-08-02,13.3,13.97,13.21,13.39,21030
2019-08-03,13.81,14.17,13.52,14.02,43016
2019-08-04,13.77,14.18,13.25,13.68,104581
2019-08-05,13.15,13.35,13.05,13.32,13294
2019-08-06,13.97,14.69,13.6,14.26,55771
2019-08-07,14.07,14.51,13.72,14.1,90701
2019-08-08,13.92,14.5,13.13,13.69,25600
2019-08-09,13.56,14.05,13.3,13.63,49616
2019-08-10,14.69,15.11,14.08,14.54,39416
2019-08-11,15.05,15.37,14.54,15.0,9296
2019-08-12,15.24,15.63,14.79,15.25,38123
2019-08-13,16.29,16.84,15.44,16.05,24776
2019-08-14,15.8,16.4,15.45,16.0,21668
2019-08-15,15.59,16.24,15.24,15.42,54700
2019-08-16,16.31,17.01,15.88,16.2,30410
2019-08-17,16.56,17.12,15.87,16.18,19194
2019-08-18,16.48,17.14,16.09,16.56,37331
2019-08-19,16.42,16.66,16.1,16.14,10208
2019-08-20,15.76,16.41,15.49,15.76,6793
2019-08-21,14.77,14.87,14.36,14.83,21757
2019-08-22,15.41,16.01,14.82,15.38,25349
2019-08-23,15.72,16.35,15.11,15.77,27678
2019-08-24,15.82,16.26,15.39,15.77,92728
2019-08-25,16.19,16.78,15.81,15.91,24453
2019-08-26,16.01,16.12,15.44,15.81,56467
2019-08-27,15.09,15.28,14.56,15.16,32980
2019-08-28,15.63,15.73,14.87,15.57,62391
2019-08-29,16.11,16.56,15.42,16.01,28086
2019-08-30,17.04,17.65,16.76,16.86,21346
2019-08-31,16.84,17.38,16.61,16.92,65008
2019-09-01,16.75,17.02,16.27,16.7,18251
2019-09-02,15.49,15.85,15.19,15.65,15421
2019-09-03,15.2,15.81,14.52,15.27,39557
2019-09-04,14.07,14.53,13.77,14.31,15229
2019-09-05,13.81,14.5,13.29,14.08,8526
2019-09-06,14.09,14.62,13.93,13.99,12240
2019-09-07,14.16,14.44,13.5,13.9,206110
2019-09-08,15.42,16.15,14.76,15.52,18353
2019-09-09,15.3,15.93,15.0,15.36,12396
2019-09-10,14.89,15.71,14.3,15.1,22207
2019-09-11,14.36,14.4,13.97,14.12,28302
2019-09-12,13.52,13.74,13.39,13.54,37105
2019-09-13,13.65,14.15,13.04,13.52,111284
2019-09-14,13.13,13.43,12.53,13.05,47234
2019-09-15,12.13,12.78,11.62,12.32,73436
2019-09-16,12.13,12.47,12.09,12.14,20650
2019-09-17,12.48,12.82,12.45,12.56,9115
2019-09-18,12.17,12.83,11.92,12.35,65097
2019-09-19,12.25,12.37,12.17,12.26,21905
2019-09-20,12.31,12.47,11.97,12.16,13874
2019-09-21,12.92,13.28,12.72,12.89,8720
2019-09-22,12.47,12.57,12.18,12.38,19919
2019-09-23,12.17,12.71,11.81,12.04,22010
2019-09-24,12.32,12.46,12.26,12.37,20179
2019-09-25,12.32,12.83,11.87,12.52,37851
2019-09-26,12.74,13.05,12.68,12.81,10767
2019-09-27,13.32,13.77,13.06,13.42,18485
2019-09-28,13.75,14.29,13.04,13.46,42585
2019-09-29,12.25,12.48,11.73,12.45,14064
2019-09-30,11.99,12.36,11.88,12.05,13392
2019-10-01,11.81,11.92,11.36,11.76,28400
2019-10-02,11.32,11.62,10.92,11.16,78323
2019-10-03,11.89,12.25,11.66,11.75,14881
2019-10-04,12.2,12.48,11.91,12.13,16049
2019-10-05,12.58,12.99,12.21,12.33,30243
2019-10-06,11.7,12.11,11.51,11.77,8564
2019-10-07,11.39,11.65,10.84,11.32,14888
2019-10-08,11.64,12.16,11.16,11.55,16145
2019-10-09,11.12,11.47,10.64,11.14,56349
2019-10-10,10.97,11.38,10.67,10.76,54339
2019-10-11,9.96,10.42,9.79,9.98,18262
2019-10-12,9.86,10.14,9.67,9.91,220106
2019-10-13,9.48,10.16,9.42,9.81,26501
2019-10-14,9.49,9.77,9.32,9.6,83832
2019-10-15,9.81,10.2,9.26,9.66,31976
2019-10-16,9.84,10.16,9.48,9.81,144019
2019-10-17,10.17,10.52,10.01,10.16,10586
2019-10-18,10.7,10.75,10.28,10.58,11995
2019-10-19,11.0,11.44,10.63,11.11,281643
2019-10-20,11.58,11.84,11.26,11.6,63537
2019-10-21,11.29,11.8,10.63,10.95,44525
2019-10-22,10.91,11.17,10.56,10.97,9752
2019-10-23,11.33,11.71,11.01,11.45,51047
2019-10-24,11.53,12.12,11.11,11.78,24431
2019-10-25,12.01,12.16,11.27,11.76,14535
2019-10-26,11.95,12.05,11.48,11.79,23103
2019-10-27,11.89,12.23,11.62,11.87,31506
2019-10-28,12.04,12.42,11.54,12.11,18795
2019-10-29,12.25,12.96,11.78,12.58,13294
2019-10-30,12.99,13.53,12.68,12.83,10496
2019-10-31,12.69,13.06,12.07,12.63,10940
2019-11-01,11.8,12.01,11.41,11.94,10804
2019-11-02,12.14,12.27,11.68,11.94,55560
2019-11-03,12.29,12.75,11.96,12.34,55393
2019-11-04,12.23,12.43,11.92,12.35,12083
2019-11-05,11.97,12.48,11.84,12.11,29063
2019-11-06,12.08,12.65,11.63,12.14,118179
2019-11-07,12.8,13.13,12.49,12.83,21885
2019-11-08,13.34,13.38,13.08,13.29,18352
2019-11-09,14.2,14.47,13.72,14.12,13271
2019-11-10,14.06,14.59,13.77,14.04,5249
2019-11-11,14.12,14.22,13.9,14.11,5750
2019-11-12,13.8,14.15,13.41,13.84,14953
2019-11-13,13.52,13.81,13.28,13.42,16270
2019-11-14,13.4,13.73,13.06,13.45,89763
2019-11-15,13.46,13.82,13.4,13.58,35967
2019-11-16,13.7,14.1,13.22,13.84,165365
2019-11-17,14.07,14.68,13.56,14.01,69920
2019-11-18,13.53,14.22,13.02,13.63,23154
2019-11-19,13.86,14.64,13.39,14.02,36055
2019-11-20,14.96,15.73,14.78,15.26,22209
2019-11-21,15.21,15.39,15.14,15.33,7703
2019-11-22,14.78,15.49,14.37,14.91,47795
2019-11-23,14.37,14.65,14.21,14.35,37064
2019-11-24,14.82,15.04,14.46,14.97,39618
2019-11-25,15.6,15.8,15.17,15.55,19358
2019-11-26,15.26,15.51,14.71,15.32,22446
2019-11-27,15.98,16.04,15.39,15.53,62833
2019-11-28,16.07,16.12,15.58,15.86,41476
2019-11-29,15.23,15.77,14.92,15.4,18416
2019-11-30,15.84,16.23,15.58,15.68,124640
2019-12-01,16.33,16.56,15.7,16.38,25421
2019-12-02,17.64,18.01,17.19,17.69,8771
2019-12-03,18.16,18.63,17.42,18.41,61278
2019-12-04,17.47,17.78,16.87,17.54,14711
2019-12-05,16.3,16.87,15.61,16.52,11867
2019-12-06,16.67,16.95,16.52,16.59,66851
2019-12-07,16.71,17.26,16.5,16.65,24419
2019-12-08,16.04,16.63,15.9,16.2,16572
2019-12-09,16.22,16.89,15.82,16.11,14982
2019-12-10,16.06,16.41,15.46,15.84,4173
2019-12-11,15.14,16.12,14.76,15.45,90602
2019-12-12,14.86,15.11,14.13,14.75,46618
2019-12-13,14.22,14.53,13.78,14.45,85068
2019-12-14,13.61,14.08,12.97,13.52,43448
2019-12-15,13.96,14.27,13.51,14.15,23524
2019-12-16,14.33,15.14,14.16,14.54,25933
2019-12-17,14.69,15.09,14.09,14.73,44379
2019-12-18,15.37,16.05,15.13,15.25,45560
2019-12-19,14.55,14.89,14.34,14.77,8703
2019-12-20,15.26,15.75,14.76,15.43,61501
2019-12-21,15.92,16.26,15.13,15.72,14363
2019-12-22,15.4,15.67,15.14,15.18,15499
2019-12-23,14.93,15.38,14.78,14.88,70694
2019-12-24,15.14,15.76,14.93,15.03,37514
2019-12-25,15.05,15.51,14.53,14.83,35917
2019-12-26,16.0,16.45,15.43,15.92,68095
2019-12-27,16.21,16.52,16.16,16.33,65737
2019-12-28,16.95,17.71,16.55,17.11,20050
2019-12-29,17.38,17.49,17.12,17.43,16796
2019-12-30,17.05,17.53,16.71,17.12,16054
2019-12-31,17.64,17.75,17.53,17.63,49189
2020-01-01,18.27,18.86,17.51,18.0,59632
2020-01-02,18.86,19.55,18.56,18.65,7412
2020-01-03,18.22,18.54,17.82,18.09,31936
2020-01-04,17.28,17.85,16.74,17.61,42706
2020-01-05,18.29,18.41,17.48,18.26,49551
2020-01-06,17.94,18.34,17.69,17.92,49480
2020-01-07,19.63,20.04,19.17,19.41,63853
2020-01-08,20.36,20.63,19.58,20.21,13009
2020-01-09,19.98,20.73,19.48,20.06,36609
2020-01-10,20.14,20.55,19.4,19.92,30327
2020-01-11,20.13,21.01,19.44,20.19,42228
2020-01-12,20.81,21.24,20.77,21.06,112524
2020-01-13,20.79,21.5,19.56,20.46,16576
2020-01-14,20.54,21.0,20.49,20.59,23214
2020-01-15,21.15,21.83,20.34,21.03,18956
2020-01-16,20.97,21.09,19.95,20.51,19882
2020-01-17,20.03,20.9,19.24,20.17,29936
2020-01-18,20.52,21.34,20.21,20.41,13765
2020-01-19,20.18,20.98,19.49,19.92,23633
2020-01-20,20.63,21.47,20.09,20.76,30344
2020-01-21,20.32,21.16,19.47,20.12,106624
2020-01-22,20.97,21.06,20.2,20.34,12359
2020-01-23,20.61,21.65,19.93,20.9,29314
2020-01-24,21.51,22.03,20.77,21.48,14305
2020-01-25,21.9,22.2,21.06,21.8,53175
2020-01-26,22.04,22.96,20.85,21.8,12945
2020-01-27,20.94,21.3,20.85,20.96,20977
2020-01-28,19.85,20.38,19.22,19.93,10639
2020-01-29,20.51,21.35,19.42,20.27,51937
2020-01-30,20.34,20.65,19.88,20.32,5754
2020-01-31,20.53,20.94,20.15,20.79,23663
2020-02-01,20.63,21.15,20.0,20.76,25012
2020-02-02,20.01,21.05,19.67,20.29,10086
2020-02-03,20.93,21.03,20.03,20.92,38455
2020-02-04,20.5,20.88,19.87,20.58,12975
2020-02-05,19.5,19.69,19.3,19.63,66905
2020-02-06,20.32,20.63,19.63,19.79,21221
2020-02-07,19.77,20.69,19.08,19.9,24690
2020-02-08,20.23,21.13,19.57,20.2,174501
2020-02-09,21.2,21.85,20.39,21.23,32640
2020-02-10,20.35,21.12,19.49,20.42,14384
2020-02-11,21.63,22.29,21.1,21.19,31608
2020-02-12,20.11,21.12,19.25,20.45,9080
2020-02-13,20.77,21.18,19.83,19.91,17445
2020-02-14,19.63,20.19,18.96,19.29,10355
2020-02-15,19.44,20.78,19.08,20.12,25741
2020-02-16,18.79,19.02,18.16,18.85,8834
2020-02-17,19.15,19.89,18.85,19.39,18621
2020-02-18,19.34,19.54,18.43,19.19,14903
2020-02-19,19.68,20.67,19.19,20.18,17478
2020-02-20,20.31,21.06,19.58,20.63,104246
2020-02-21,21.05,21.78,20.27,21.06,18895
2020-02-22,20.54,21.29,20.19,20.35,55587
2020-02-23,19.97,21.32,19.37,20.43,22155
2020-02-24,19.99,20.79,19.13,19.62,69702
2020-02-25,18.69,18.91,18.2,18.62,72133
2020-02-26,18.68,19.52,17.97,18.89,17190
2020-02-27,18.65,19.47,18.19,18.92,50656
2020-02-28,18.37,18.91,17.45,18.12,51720
2020-02-29,16.56,16.95,16.24,16.91,6077
2020-03-01,17.38,18.02,16.7,16.79,28538
2020-03-02,16.6,17.61,16.53,17.11,251930
2020-03-03,17.24,17.54,16.61,17.16,37048
2020-03-04,17.99,18.52,16.96,17.63,71120
2020-03-05,18.51,19.34,17.78,18.55,5376
2020-03-06,19.13,19.35,18.89,19.0,12798
2020-03-07,19.47,20.27,18.72,19.64,39018
2020-03-08,19.04,19.87,18.37,19.24,162809
2020-03-09,18.25,18.96,17.46,18.0,7657
2020-03-10,18.01,18.76,17.8,17.89,11799
2020-03-11,17.45,18.19,17.05,17.33,13946
2020-03-12,17.75,17.9,17.55,17.65,21169
2020-03-13,17.05,17.24,16.41,16.96,8161
2020-03-14,17.44,18.07,16.63,17.37,30732
2020-03-15,17.43,17.61,16.77,17.23,22104
2020-03-16,16.32,17.21,15.97,16.53,71568
2020-03-17,17.24,17.99,16.74,17.26,17982
2020-03-18,17.26,17.59,16.53,17.11,110222
2020-03-19,17.1,17.22,16.5,16.99,34400
2020-03-20,16.34,16.72,15.89,16.59,11311
2020-03-21,17.54,18.24,17.21,17.33,36536
2020-03-22,18.06,18.42,17.6,17.78,32525
2020-03-23,17.62,18.26,16.92,17.6,38172
2020-03-24,17.34,18.04,17.09,17.74,102618
2020-03-25,18.16,18.58,17.69,18.22,15295
2020-03-26,17.79,18.42,17.66,17.88,20527
2020-03-27,18.16,18.74,17.99,18.15,15253
2020-03-28,18.62,19.2,18.4,18.71,11437
2020-03-29,18.27,19.16,18.08,18.45,17558
2020-03-30,19.08,19.53,18.93,18.97,7021
2020-03-31,20.63,21.3,19.96,21.12,30153
2020-04-01,21.08,21.35,20.71,21.2,53152
2020-04-02,20.76,21.55,19.93,21.01,115068
2020-04-03,20.71,21.08,20.11,21.02,8185
2020-04-04,21.88,22.0,21.23,21.59,12993
2020-04-05,21.23,21.65,20.33,21.28,13990
2020-04-06,21.16,21.47,20.59,21.42,32544
2020-04-07,20.86,21.96,20.8,21.3,30620
2020-04-08,21.34,21.99,20.27,20.97,63821
2020-04-09,20.0,20.11,18.87,19.58,253891
2020-04-10,19.52,20.24,18.88,19.51,47871
2020-04-11,18.89,19.1,18.51,18.76,26278
2020-04-12,18.36,19.07,17.57,18.45,46566
2020-04-13,18.01,18.33,17.94,18.02,10933
2020-04-14,18.09,18.37,17.83,18.15,19686
2020-04-15,17.77,17.97,17.13,17.59,28490
2020-04-16,18.0,18.38,16.92,17.63,34960
2020-04-17,17.42,18.34,17.36,17.55,11423
2020-04-18,17.59,18.01,17.08,17.86,22848
2020-04-19,17.72,18.47,17.08,18.23,25315
2020-04-20,17.66,18.69,17.25,17.94,31700
2020-04-21,17.72,18.53,17.62,18.03,15488
2020-04-22,17.54,17.69,17.49,17.62,34175
2020-04-23,18.45,18.75,17.61,18.05,5404
2020-04-24,18.97,19.48,18.0,18.64,4301
2020-04-25,19.43,19.55,18.54,19.04,33080
2020-04-26,18.55,19.05,17.92,18.71,10212
2020-04-27,19.25,20.1,18.67,19.31,6592
2020-04-28,18.54,19.3,18.01,18.49,18003
2020-04-29,19.25,19.41,18.84,19.24,47071
2020-04-30,19.04,19.64,18.61,19.28,46375
2020-05-01,19.42,19.86,19.18,19.48,41693
2020-05-02,20.24,20.34,19.65,20.15,13808
2020-05-03,20.14,20.68,19.6,19.88,39834
2020-05-04,20.6,21.53,20.03,20.74,29548
2020-05-05,19.99,20.49,19.64,20.14,48325
2020-05-06,19.65,20.53,19.36,20.02,34748
2020-05-07,19.6,20.48,19.29,19.54,26340
2020-05-08,20.16,20.84,19.27,19.58,126525
2020-05-09,19.12,19.87,18.52,18.9,29240
2020-05-10,18.29,18.45,17.92,17.96,79169
2020-05-11,17.55,18.11,16.76,17.23,18794
2020-05-12,16.32,17.12,16.16,16.4,19437
2020-05-13,16.63,17.32,15.48,16.2,46585
2020-05-14,15.49,15.79,15.42,15.51,14607
2020-05-15,15.46,16.06,14.92,15.61,42065
2020-05-16,14.63,15.05,14.57,14.9,7624
2020-05-17,14.32,15.28,14.01,14.67,20062
2020-05-18,15.51,15.78,14.83,15.38,33366
2020-05-19,15.96,16.12,15.28,15.93,1551
2020-05-20,16.86,17.08,16.24,16.32,26679
2020-05-21,16.56,16.67,16.23,16.6,63869
2020-05-22,16.03,16.6,15.92,16.3,13250
2020-05-23,17.37,17.54,17.12,17.47,23666
2020-05-24,15.86,16.37,15.59,16.02,31798
2020-05-25,15.83,15.99,15.21,15.67,2239
2020-05-26,14.32,15.06,13.82,14.66,13606
2020-05-27,14.21,14.44,13.52,13.91,20004
2020-05-28,13.86,14.17,13.66,13.81,56571
2020-05-29,13.92,14.2,13.16,13.72,29250
2020-05-30,14.24,14.86,14.14,14.25,37302
2020-05-31,14.26,14.44,13.56,14.16,16734
2020-06-01,13.64,14.09,13.22,14.02,22543
2020-06-02,14.58,14.84,14.53,14.6,8559
2020-06-03,15.09,15.89,14.68,15.21,29136
2020-06-04,15.58,16.23,15.22,15.57,125407
2020-06-05,16.68,17.71,16.58,16.96,42258
2020-06-06,16.9,17.61,16.37,17.04,10944
2020-06-07,16.87,17.7,16.43,17.36,38030
2020-06-08,17.64,18.12,16.86,17.91,242229
2020-06-09,16.83,17.32,16.7,17.02,62207
2020-06-10,17.01,17.46,16.28,17.06,75998
2020-06-11,16.61,16.86,16.43,16.58,25081
2020-06-12,15.83,15.92,15.35,15.62,8927
2020-06-13,15.28,15.69,15.0,15.12,61148
2020-06-14,14.04,14.11,13.85,13.92,31095
2020-06-15,12.58,13.18,12.08,12.66,76199
2020-06-16,11.74,11.93,11.53,11.84,77559
2020-06-17,11.96,12.32,11.78,11.88,96863
2020-06-18,12.31,12.86,11.84,12.28,33587
2020-06-19,11.83,12.15,11.48,11.69,87940
2020-06-20,10.85,11.32,10.43,10.84,33103
2020-06-21,11.4,11.8,11.28,11.44,9817
2020-06-22,11.36,11.91,11.22,11.48,22042
2020-06-23,10.94,11.2,10.51,10.89,21218
2020-06-24,10.91,11.5,10.64,11.04,16315
2020-06-25,11.29,11.85,11.12,11.34,28480
2020-06-26,11.38,11.61,11.29,11.52,40041
2020-06-27,12.18,12.73,11.99,12.27,38609
2020-06-28,12.61,13.0,12.44,12.57,16359
2020-06-29,12.38,12.9,12.07,12.76,29098
2020-06-30,12.51,13.0,12.29,12.33,13766
2020-07-01,12.41,12.7,11.97,12.57,16833
2020-07-02,12.04,12.35,11.61,11.96,21487
2020-07-03,11.5,11.74,11.16,11.6,16896
2020-07-04,10.81,10.99,10.38,10.79,19389
2020-07-05,10.68,11.1,10.54,10.68,61112
2020-07-06,10.71,11.01,10.41,10.59,16146
2020-07-07,11.15,11.29,10.7,11.07,5377
2020-07-08,11.05,11.38,10.96,11.01,27748
2020-07-09,10.55,10.93,10.39,10.74,12629
2020-07-10,11.13,11.4,10.75,11.33,19614
2020-07-11,11.77,12.1,11.58,11.96,48538
2020-07-12,11.61,12.12,11.07,11.56,8127
2020-07-13,11.74,12.22,11.52,11.99,27324
2020-07-14,12.08,12.38,11.61,11.94,26453
2020-07-15,12.22,12.28,11.79,12.1,15159
2020-07-16,11.43,11.82,11.36,11.4,10815
2020-07-17,10.92,11.06,10.62,11.03,27231
2020-07-18,11.23,11.55,11.03,11.4,37480
2020-07-19,10.99,11.21,10.56,11.09,3271
2020-07-20,10.95,11.34,10.5,11.05,24039
2020-07-21,11.59,11.84,11.33,11.75,14830
2020-07-22,12.02,12.41,11.52,12.15,91948
2020-07-23,13.04,13.13,12.43,12.86,6481
2020-07-24,14.3,14.6,13.6,14.17,5928
2020-07-25,13.71,14.2,13.14,13.73,12430
2020-07-26,14.05,14.12,13.67,14.02,38472
2020-07-27,14.19,14.71,13.61,14.15,25248
2020-07-28,14.37,14.58,14.31,14.36,24528
2020-07-29,15.21,15.97,14.8,15.31,43048
2020-07-30,15.16,15.63,15.04,15.1,21923
2020-07-31,14.4,15.21,14.24,14.62,53010
2020-08-01,15.46,15.74,14.93,15.43,11503
2020-08-02,15.38,15.64,15.0,15.59,101408
2020-08-03,15.26,16.1,14.89,15.55,31616
2020-08-04,15.7,15.93,15.32,15.87,16226
2020-08-05,16.01,16.13,15.44,15.82,21703
2020-08-06,15.4,15.63,15.19,15.41,27604
2020-08-07,15.57,15.84,15.1,15.37,27580
2020-08-08,14.99,15.73,14.87,15.12,32863
2020-08-09,15.51,15.76,14.51,15.11,9459
2020-08-10,14.79,15.31,14.63,14.73,9840
2020-08-11,14.83,15.55,14.62,14.9,49222
2020-08-12,14.9,15.68,14.26,15.26,43830
2020-08-13,14.36,14.72,14.04,14.67,47626
2020-08-14,14.36,14.94,13.77,14.15,47135
2020-08-15,14.37,14.48,13.99,14.3,9693
2020-08-16,14.71,15.22,14.35,14.86,8214
2020-08-17,15.09,15.67,14.67,15.02,32329
2020-08-18,15.31,15.51,14.7,14.98,22285
2020-08-19,15.64,16.03,15.31,15.62,17032
2020-08-20,15.68,16.37,15.44,16.11,33335
2020-08-21,16.02,16.63,15.57,15.72,9492
2020-08-22,15.81,16.42,15.67,15.78,52887
2020-08-23,16.49,16.68,15.75,16.52,26598
2020-08-24,16.3,16.52,15.62,16.39,19298
2020-08-25,16.35,16.87,15.69,16.69,17971
2020-08-26,15.54,15.89,14.96,15.35,45650
2020-08-27,16.07,16.52,15.16,15.8,50165
2020-08-28,15.61,15.79,15.26,15.44,46734
2020-08-29,15.32,15.71,14.96,15.23,9964
2020-08-30,15.06,15.56,14.84,14.88,47837
2020-08-31,14.49,15.17,14.37,14.65,12751
2020-09-01,15.47,15.95,15.05,15.18,63994
2020-09-02,15.52,16.04,15.04,15.51,27433
2020-09-03,15.79,16.17,15.23,15.68,10557
2020-09-04,16.16,16.56,16.09,16.47,6383
2020-09-05,17.74,18.0,17.22,17.36,14798
2020-09-06,17.9,18.17,17.31,18.0,11037
2020-09-07,16.77,17.07,16.6,17.01,9274
2020-09-08,16.83,17.19,16.57,16.87,13287
2020-09-09,16.91,17.09,16.15,16.89,14183
2020-09-10,16.12,16.5,15.85,16.44,6032
2020-09-11,16.01,16.67,15.68,16.22,27676
2020-09-12,16.66,16.69,16.35,16.41,148321
2020-09-13,16.69,17.27,16.51,16.74,14725
2020-09-14,16.11,16.6,15.34,15.85,66237
2020-09-15,15.99,16.62,15.85,15.97,23493
2020-09-16,15.6,16.04,15.41,15.75,39698
2020-09-17,15.37,16.09,14.94,15.59,48715
2020-09-18,15.46,15.92,15.02,15.19,168186
2020-09-19,14.49,14.93,13.97,14.56,8226
2020-09-20,13.95,14.64,13.55,14.07,13275
2020-09-21,14.17,14.41,13.78,14.04,29892
2020-09-22,14.16,14.46,13.99,14.07,11348
2020-09-23,13.76,14.49,13.72,14.07,69802
2020-09-24,14.03,14.19,13.91,14.1,33307
2020-09-25,14.63,15.03,14.22,14.66,9752
2020-09-26,14.52,15.09,14.13,14.6,9053
2020-09-27,14.89,15.33,14.45,14.8,26809
2020-09-28,15.57,15.89,14.78,15.3,31463
2020-09-29,15.28,15.83,14.68,15.38,41985
2020-09-30,15.6,15.95,14.91,15.53,11690
2020-10-01,14.82,15.12,14.62,14.84,16046
2020-10-02,15.04,15.72,14.68,14.81,30395
2020-10-03,15.43,16.12,14.86,15.5,6334
2020-10-04,15.66,16.09,15.49,15.78,13442
2020-10-05,16.22,16.74,15.89,15.99,28824
2020-10-06,15.31,15.82,15.1,15.57,61365
2020-10-07,14.58,15.13,14.06,14.98,13918
2020-10-08,14.68,14.9,14.43,14.66,81055
2020-10-09,15.47,15.89,14.86,15.39,9750
2020-10-10,15.51,16.22,15.21,15.72,61889
2020-10-11,15.14,15.24,15.0,15.19,14839
2020-10-12,16.34,16.6,15.9,16.27,31858
2020-10-13,16.3,16.5,15.81,16.37,37067
2020-10-14,16.35,16.66,15.57,16.27,47061
2020-10-15,16.72,16.82,15.79,16.4,23739
2020-10-16,15.26,16.06,14.86,15.38,6865
2020-10-17,15.65,15.72,15.43,15.53,47753
2020-10-18,15.7,15.93,15.48,15.78,29270
2020-10-19,16.67,17.36,16.58,16.61,2984
2020-10-20,16.94,17.66,16.5,16.72,21577
2020-10-21,17.03,17.42,16.2,16.93,36317
2020-10-22,17.74,18.4,17.1,17.57,66719
2020-10-23,17.23,17.92,17.15,17.65,81974
2020-10-24,17.52,17.7,16.7,17.35,17602
2020-10-25,16.57,17.61,15.9,16.9,18476
2020-10-26,16.93,17.26,16.76,17.04,128849
2020-10-27,19.05,19.11,18.59,19.02,55523
2020-10-28,18.9,19.8,18.07,19.3,27362
2020-10-29,19.17,19.84,18.58,18.92,6343
2020-10-30,18.47,18.96,17.91,18.35,44627
2020-10-31,19.16,19.82,18.5,19.22,54865
2020-11-01,18.79,19.9,18.59,19.1,52455
2020-11-02,20.06,20.59,19.16,19.97,28669
2020-11-03,20.39,20.47,19.7,20.02,12235
2020-11-04,19.35,19.78,19.07,19.29,31052
2020-11-05,19.49,19.77,18.95,19.42,110790
2020-11-06,18.13,18.53,17.48,18.36,29026
2020-11-07,18.21,18.84,17.88,18.12,23276
2020-11-08,18.42,19.12,17.74,18.34,41175
2020-11-09,18.56,18.78,18.06,18.66,40205
2020-11-10,18.03,18.3,17.8,18.05,32969
2020-11-11,18.35,18.86,18.25,18.75,7030
2020-11-12,19.01,19.77,18.33,19.03,32314
2020-11-13,19.23,19.41,18.61,19.36,9026
2020-11-14,17.63,17.97,17.37,17.82,15481
2020-11-15,18.6,19.21,17.73,18.51,13861
2020-11-16,19.08,19.92,18.25,19.35,67889
2020-11-17,19.64,20.44,18.71,19.24,13143
2020-11-18,20.19,20.55,18.87,19.72,31325
2020-11-19,18.32,18.86,17.99,18.39,53650
2020-11-20,19.02,19.83,18.47,18.94,38852
2020-11-21,18.9,19.72,18.3,18.77,57540
2020-11-22,19.14,19.44,18.44,19.06,47039
2020-11-23,18.88,19.54,18.07,18.55,12204
2020-11-24,17.83,18.48,17.57,18.03,30643
2020-11-25,16.77,17.42,16.01,17.23,49051
2020-11-26,16.27,16.39,15.88,16.2,259291
2020-11-27,16.33,16.92,15.69,16.28,16789
2020-11-28,16.13,16.58,15.92,16.2,13779
2020-11-29,16.29,16.93,15.47,15.91,13594
2020-11-30,15.16,15.41,14.93,15.36,27249
2020-12-01,14.73,15.48,14.25,14.95,30513
2020-12-02,15.07,15.14,14.39,14.94,32694
2020-12-03,15.91,16.57,15.34,15.63,30695
2020-12-04,15.9,16.59,15.84,16.01,21301
2020-12-05,15.34,15.59,15.13,15.5,40985
2020-12-06,16.41,17.05,15.65,16.18,67944
2020-12-07,16.68,16.75,15.86,16.58,29819
2020-12-08,16.6,16.89,16.17,16.76,26913
2020-12-09,15.99,16.06,15.19,15.77,80451
2020-12-10,16.14,16.83,16.02,16.06,19043
2020-12-11,15.98,16.02,15.65,15.88,23586
2020-12-12,15.77,16.42,15.46,15.65,28590
2020-12-13,15.09,15.85,14.52,15.36,35219
2020-12-14,15.96,16.63,15.62,16.01,29853
2020-12-15,15.58,16.19,14.97,15.57,12727
2020-12-16,15.92,16.38,15.44,15.97,94036
2020-12-17,15.66,15.98,15.45,15.78,39780
2020-12-18,15.86,16.38,15.3,15.88,26327
2020-12-19,16.86,17.3,15.71,16.39,36315
2020-12-20,15.85,16.63,15.32,16.1,67062
2020-12-21,15.27,15.91,14.76,15.31,15909
2020-12-22,14.62,15.26,14.38,14.75,45680
2020-12-23,15.1,15.38,14.53,15.2,12995
2020-12-24,14.91,15.11,14.0,14.61,49142
2020-12-25,14.45,15.11,14.35,14.95,5085
2020-12-26,14.96,15.43,14.41,14.99,35306
2020-12-27,15.75,16.23,15.64,15.75,13794
2020-12-28,15.75,16.07,14.9,15.57,11756
2020-12-29,15.31,15.48,14.89,15.34,27406
2020-12-30,15.58,15.67,15.24,15.38,16414
2020-12-31,15.58,15.83,15.44,15.62,53855
2021-01-01,15.25,15.78,14.85,14.99,44964
2021-01-02,14.99,15.21,14.21,14.78,4774
2021-01-03,15.87,16.47,15.64,15.71,7458
2021-01-04,18.12,18.72,17.38,18.26,19851
2021-01-05,17.1,17.76,16.4,17.06,26357
2021-01-06,16.05,16.68,15.42,15.8,39854
2021-01-07,15.96,16.64,15.41,15.58,15592
2021-01-08,14.9,15.27,14.64,15.13,9734
2021-01-09,15.51,15.85,15.11,15.34,102674
2021-01-10,15.28,15.54,14.88,15.38,14904
2021-01-11,15.45,16.28,15.06,15.79,13240
2021-01-12,15.0,15.09,14.46,15.04,32212
2021-01-13,13.82,14.3,13.52,13.72,42333
2021-01-14,13.68,14.58,13.17,14.06,20156
2021-01-15,13.81,14.24,13.21,13.58,39995
2021-01-16,12.67,12.76,12.49,12.7,23811
2021-01-17,13.9,14.43,13.39,14.02,10662
2021-01-18,13.75,14.17,13.4,13.76,16361
2021-01-19,13.57,14.03,13.41,13.51,10748
2021-01-20,14.09,14.58,13.67,13.92,45522
2021-01-21,13.55,14.13,13.18,13.71,56882
2021-01-22,14.3,14.58,14.09,14.13,45470
2021-01-23,15.23,15.55,14.46,15.11,32991
2021-01-24,14.24,15.0,13.85,14.41,5758
2021-01-25,15.14,15.68,14.38,15.0,85213
2021-01-26,15.26,15.44,14.76,15.07,36913
2021-01-27,15.94,16.47,15.52,15.85,13194
2021-01-28,15.99,16.31,15.45,15.76,26620
2021-01-29,16.73,16.92,16.49,16.71,19464
2021-01-30,16.31,16.63,15.44,15.91,55526
2021-01-31,16.16,16.85,15.84,16.13,8542
2021-02-01,15.85,16.1,15.29,16.0,19153
2021-02-02,16.23,16.47,15.83,16.06,44418
2021-02-03,15.8,15.97,15.49,15.62,12459
2021-02-04,14.19,15.07,13.58,14.56,26269
2021-02-05,14.05,14.24,13.51,14.15,22142
2021-02-06,15.39,16.0,15.29,15.43,31830
2021-02-07,15.2,15.63,15.02,15.16,70866
2021-02-08,13.89,14.53,13.49,14.17,8977
2021-02-09,13.97,14.04,13.53,13.96,15777
2021-02-10,14.61,14.79,14.04,14.62,61275
2021-02-11,12.28,12.79,11.89,12.45,9518
2021-02-12,12.09,12.21,11.78,12.18,77601
2021-02-13,11.68,11.7,11.11,11.61,82724
2021-02-14,11.59,11.85,11.13,11.44,20874
2021-02-15,11.14,11.4,10.83,11.19,65945
2021-02-16,10.42,10.74,10.05,10.37,53182
2021-02-17,9.83,10.34,9.76,9.9,118231
2021-02-18,10.26,10.44,10.05,10.22,15060
2021-02-19,10.4,10.54,9.95,10.4,12701
2021-02-20,10.36,10.67,10.1,10.55,21022
2021-02-21,10.99,11.09,10.64,10.98,6711
2021-02-22,11.13,11.38,10.94,11.11,80503
2021-02-23,10.78,11.16,10.58,10.71,26606
2021-02-24,10.28,10.43,9.77,10.14,27926
2021-02-25,10.87,10.95,10.4,10.87,32362
2021-02-26,10.55,11.05,10.36,10.66,6737
2021-02-27,11.25,11.34,10.78,11.28,14308
2021-02-28,10.83,11.01,10.75,10.84,51129
2021-03-01,10.15,10.34,10.01,10.09,13313
2021-03-02,8.89,9.33,8.66,9.0,23713
2021-03-03,8.39,8.49,8.21,8.42,15558
2021-03-04,8.95,8.98,8.55,8.93,49792
2021-03-05,8.89,9.06,8.4,8.74,34546
2021-03-06,9.07,9.23,8.88,9.09,246351
2021-03-07,8.44,8.56,8.21,8.32,49900
2021-03-08,8.8,8.86,8.44,8.72,12573
2021-03-09,8.76,9.18,8.41,8.9,122582
2021-03-10,8.85,9.0,8.49,8.93,13484
2021-03-11,8.45,8.56,8.36,8.49,18066
2021-03-12,8.35,8.42,8.1,8.28,18400
2021-03-13,7.52,7.85,7.2,7.44,36816
2021-03-14,7.85,8.05,7.78,7.87,82581
2021-03-15,8.22,8.49,7.96,8.11,13643
2021-03-16,7.52,7.68,7.5,7.61,39117
2021-03-17,7.5,7.74,7.31,7.62,22892
2021-03-18,8.04,8.15,7.71,8.02,99185
2021-03-19,8.06,8.1,7.86,8.06,41471
2021-03-20,8.17,8.27,7.77,8.09,10280
2021-03-21,7.76,8.04,7.45,7.84,25621
2021-03-22,8.29,8.59,8.08,8.17,106932
2021-03-23,8.35,8.6,8.15,8.42,48123
2021-03-24,8.47,8.59,8.3,8.5,25768
2021-03-25,8.41,8.82,8.06,8.57,52313
2021-03-26,8.27,8.32,8.01,8.22,14025
2021-03-27,7.8,8.05,7.5,7.88,11021
2021-03-28,7.25,7.52,6.94,7.31,8176
2021-03-29,7.32,7.65,7.29,7.5,193542
2021-03-30,7.55,7.59,7.53,7.56,47016
2021-03-31,7.36,7.6,7.28,7.49,12496
2021-04-01,7.44,7.59,7.11,7.42,102975
2021-04-02,7.05,7.16,6.67,6.97,12288
2021-04-03,6.85,7.03,6.64,6.89,14695
2021-04-04,7.54,7.58,7.46,7.49,76847
2021-04-05,7.1,7.2,6.79,7.15,46509
2021-04-06,7.05,7.3,6.87,7.15,7579
2021-04-07,7.26,7.58,7.07,7.18,62956
2021-04-08,6.49,6.78,6.29,6.52,22197
2021-04-09,6.38,6.78,6.25,6.59,46094
2021-04-10,6.02,6.2,5.95,6.03,26478
2021-04-11,6.01,6.23,5.75,6.05,84536
2021-04-12,6.16,6.17,6.0,6.03,32166
2021-04-13,5.8,6.12,5.69,5.88,20846
2021-04-14,5.78,6.08,5.56,5.85,37079
2021-04-15,5.94,6.08,5.63,5.83,47956
2021-04-16,5.78,5.84,5.64,5.74,19439
2021-04-17,5.51,5.68,5.32,5.57,11499
2021-04-18,6.02,6.19,5.75,6.0,67055
2021-04-19,6.13,6.28,5.97,6.1,11825
2021-04-20,6.32,6.35,6.05,6.22,56729
2021-04-21,6.3,6.44,6.0,6.21,7115
2021-04-22,6.43,6.46,6.29,6.4,12607
2021-04-23,6.27,6.34,6.22,6.29,21128
2021-04-24,6.53,6.69,6.45,6.52,15171
2021-04-25,6.85,7.01,6.67,6.73,7596
2021-04-26,6.74,6.92,6.42,6.63,16275
2021-04-27,6.72,6.91,6.69,6.76,43655
2021-04-28,6.89,7.06,6.82,6.84,69126
2021-04-29,7.11,7.47,6.96,7.17,54666
2021-04-30,6.77,6.8,6.57,6.68,19219
2021-05-01,6.36,6.47,6.12,6.31,19765
2021-05-02,6.39,6.4,6.33,6.38,23272
2021-05-03,6.1,6.27,5.95,6.19,118942
2021-05-04,6.1,6.25,6.07,6.13,89165
2021-05-05,6.3,6.57,6.13,6.31,78143
2021-05-06,6.49,6.68,6.42,6.49,38271
2021-05-07,5.56,5.66,5.5,5.64,31506
2021-05-08,5.75,5.97,5.51,5.76,15275
2021-05-09,5.53,5.63,5.41,5.55,74088
2021-05-10,5.93,6.07,5.69,5.92,41264
2021-05-11,5.52,5.69,5.51,5.55,18298
2021-05-12,5.12,5.23,4.9,5.17,22145
2021-05-13,4.95,5.09,4.93,4.98,5438
2021-05-14,5.16,5.28,5.0,5.09,9117
2021-05-15,5.31,5.39,5.07,5.1,37284
2021-05-16,4.83,4.91,4.79,4.89,9914
2021-05-17,4.79,4.91,4.64,4.82,21564
2021-05-18,4.76,4.8,4.58,4.77,16990
2021-05-19,4.57,4.77,4.43,4.52,14445
2021-05-20,4.33,4.35,4.19,4.29,46773
2021-05-21,4.11,4.29,4.05,4.13,22316
2021-05-22,4.29,4.33,4.15,4.31,66265
2021-05-23,4.28,4.29,4.11,4.26,44175
2021-05-24,4.22,4.38,4.17,4.24,54847
2021-05-25,3.85,3.97,3.78,3.84,21521
2021-05-26,3.97,4.09,3.84,3.96,19969
2021-05-27,4.04,4.19,4.03,4.1,18897
2021-05-28,4.22,4.31,4.09,4.24,5162
2021-05-29,4.53,4.57,4.32,4.46,35234
2021-05-30,4.57,4.79,4.47,4.62,65882
2021-05-31,4.78,4.91,4.67,4.7,26292
2021-06-01,4.29,4.45,4.1,4.33,16742
2021-06-02,4.34,4.55,4.2,4.37,19596
2021-06-03,4.5,4.7,4.3,4.58,36112
2021-06-04,4.51,4.66,4.29,4.46,18467
2021-06-05,4.19,4.25,3.99,4.16,11640
2021-06-06,4.06,4.12,3.94,3.97,31729
2021-06-07,4.09,4.23,4.01,4.03,89993
2021-06-08,4.08,4.26,3.98,4.18,16255
2021-06-09,4.11,4.19,4.08,4.12,48154
2021-06-10,3.96,4.08,3.83,3.93,42657
2021-06-11,3.79,3.91,3.75,3.84,39931
2021-06-12,3.61,3.73,3.52,3.59,18507
2021-06-13,3.73,3.9,3.69,3.72,33070
2021-06-14,3.99,4.16,3.86,3.95,13343
2021-06-15,4.03,4.07,3.97,4.01,9615
2021-06-16,3.89,3.94,3.78,3.86,26965
2021-06-17,4.26,4.52,4.1,4.33,22308
2021-06-18,4.12,4.28,4.11,4.12,57993
2021-06-19,4.07,4.11,3.99,4.08,7604
2021-06-20,3.94,4.09,3.9,3.96,40832
2021-06-21,4.21,4.24,4.1,4.14,129323
2021-06-22,4.42,4.68,4.33,4.49,12222
2021-06-23,4.12,4.13,3.96,4.11,7796
2021-06-24,3.66,3.76,3.54,3.68,28473
2021-06-25,3.51,3.59,3.48,3.56,6252
2021-06-26,3.6,3.62,3.5,3.59,175187
2021-06-27,3.63,3.74,3.62,3.66,82623
2021-06-28,3.79,3.83,3.59,3.76,23235
2021-06-29,3.96,4.08,3.91,3.95,20826
2021-06-30,4.03,4.09,3.99,4.06,4361
2021-07-01,4.18,4.32,4.17,4.19,12471
2021-07-02,4.52,4.66,4.39,4.5,21489
2021-07-03,4.47,4.56,4.29,4.44,12323
2021-07-04,4.31,4.5,4.13,4.28,14505
2021-07-05,4.11,4.31,4.0,4.16,9382
2021-07-06,4.2,4.49,4.03,4.31,29367
2021-07-07,4.65,4.73,4.48,4.65,60056
2021-07-08,4.78,4.86,4.71,4.82,41889
2021-07-09,4.39,4.47,4.29,4.36,24456
2021-07-10,4.52,4.67,4.45,4.61,47599
2021-07-11,4.92,5.13,4.75,4.93,9173
2021-07-12,4.83,5.07,4.77,4.87,89691
2021-07-13,5.05,5.11,4.97,5.02,21756
2021-07-14,5.1,5.29,4.91,5.17,15498
2021-07-15,4.88,5.09,4.84,4.95,24008
2021-07-16,5.3,5.48,5.17,5.27,61200
2021-07-17,5.36,5.58,5.23,5.48,26382
2021-07-18,5.32,5.41,5.12,5.34,52596
2021-07-19,6.25,6.41,5.97,6.11,10685
2021-07-20,5.75,5.97,5.51,5.84,168940
2021-07-21,5.76,5.86,5.58,5.73,30169
2021-07-22,5.79,5.87,5.49,5.74,39145
2021-07-23,5.57,5.7,5.52,5.65,41212
2021-07-24,5.38,5.52,5.29,5.46,18672
2021-07-25,5.6,5.61,5.52,5.6,9694
2021-07-26,6.06,6.16,5.89,6.01,20729
2021-07-27,5.64,5.92,5.53,5.81,7421
2021-07-28,5.68,5.87,5.45,5.62,14260
2021-07-29,5.82,6.03,5.76,5.89,30404
2021-07-30,5.62,5.81,5.52,5.73,59528
2021-07-31,6.02,6.28,5.82,5.99,10126
2021-08-01,6.23,6.35,5.98,6.07,7246
2021-08-02,7.0,7.26,6.8,6.99,34131
2021-08-03,6.88,7.16,6.64,6.89,31591
2021-08-04,7.09,7.43,6.81,7.16,15067
2021-08-05,6.91,7.17,6.85,7.0,20857
2021-08-06,7.08,7.34,7.02,7.1,58129
2021-08-07,7.93,8.16,7.77,7.91,19195
2021-08-08,8.16,8.38,7.88,8.12,20673
2021-08-09,8.39,8.56,8.09,8.49,19629
2021-08-10,9.27,9.38,8.84,9.14,43036
2021-08-11,9.11,9.25,8.91,9.0,13253
2021-08-12,9.46,9.54,9.36,9.49,6817
2021-08-13,8.59,8.74,8.4,8.56,32072
2021-08-14,8.36,8.55,8.0,8.41,73599
2021-08-15,9.05,9.15,8.97,8.99,22253
2021-08-16,8.64,8.79,8.62,8.7,50655
2021-08-17,8.95,8.99,8.59,8.9,26743
2021-08-18,8.04,8.36,7.8,8.16,62112
2021-08-19,8.35,8.48,8.15,8.34,17581
2021-08-20,7.99,8.39,7.89,8.11,57088
2021-08-21,8.91,9.18,8.71,9.05,7742
2021-08-22,7.96,8.38,7.76,8.15,10636
2021-08-23,8.26,8.47,7.88,8.21,6143
2021-08-24,8.18,8.4,7.79,8.13,33340
2021-08-25,7.87,8.11,7.6,7.84,53599
2021-08-26,8.25,8.5,8.2,8.36,21683
2021-08-27,8.07,8.25,7.77,7.95,36301
2021-08-28,7.97,8.1,7.91,7.98,31803
2021-08-29,8.47,8.58,8.29,8.43,13814
2021-08-30,8.3,8.36,7.97,8.34,55735
2021-08-31,8.78,9.04,8.52,8.83,11230
2021-09-01,8.33,8.5,7.99,8.25,60044
2021-09-02,8.18,8.28,7.8,8.15,21920
2021-09-03,8.36,8.63,8.09,8.35,17391
2021-09-04,8.55,8.9,8.32,8.44,11322
2021-09-05,8.45,8.9,8.41,8.58,12272
2021-09-06,8.25,8.58,8.1,8.27,38002
2021-09-07,8.43,8.51,8.11,8.31,39695
2021-09-08,7.74,7.95,7.42,7.73,38860
2021-09-09,7.69,7.91,7.37,7.69,6318
2021-09-10,7.74,8.05,7.41,7.65,11666
2021-09-11,8.32,8.69,7.98,8.31,21652
2021-09-12,7.4,7.64,7.21,7.39,4661
2021-09-13,7.39,7.52,7.21,7.41,32443
2021-09-14,7.25,7.36,7.05,7.24,3800
2021-09-15,7.32,7.34,7.02,7.18,45797
2021-09-16,7.32,7.53,6.99,7.29,34434
2021-09-17,7.54,7.67,7.32,7.43,25202
2021-09-18,7.52,7.77,7.25,7.42,15747
2021-09-19,7.44,7.68,7.12,7.53,29807
2021-09-20,7.46,7.77,7.26,7.57,40115
2021-09-21,6.97,7.27,6.92,7.05,83048
2021-09-22,7.82,7.91,7.44,7.78,38798
2021-09-23,7.94,8.17,7.82,8.1,12386
2021-09-24,8.34,8.49,8.14,8.24,17872
2021-09-25,8.68,9.0,8.29,8.58,69897
2021-09-26,9.23,9.32,8.82,9.11,37132
2021-09-27,8.4,8.78,8.13,8.5,39261
2021-09-28,8.29,8.62,8.11,8.28,16169
2021-09-29,8.88,9.2,8.31,8.62,82574
2021-09-30,8.45,8.62,8.36,8.56,8534
2021-10-01,8.55,8.8,8.21,8.48,15368
2021-10-02,9.49,9.59,9.35,9.44,9174
2021-10-03,9.79,10.19,9.52,9.66,15054
2021-10-04,9.12,9.25,8.67,8.98,16240
2021-10-05,9.04,9.26,8.67,9.1,25128
2021-10-06,8.81,9.01,8.71,8.76,46058
2021-10-07,8.43,8.8,8.05,8.41,14143
2021-10-08,8.39,8.76,8.33,8.37,40655
2021-10-09,8.34,8.65,8.06,8.31,21977
2021-10-10,7.83,8.01,7.79,7.94,105635
2021-10-11,7.82,8.06,7.61,7.81,23484
2021-10-12,7.71,7.98,7.54,7.67,19782
2021-10-13,8.77,8.82,8.28,8.67,54756
2021-10-14,8.99,9.21,8.93,9.02,33098
2021-10-15,9.52,9.64,9.12,9.37,45043
2021-10-16,9.39,9.66,9.15,9.52,67456
2021-10-17,9.84,10.36,9.68,10.07,23511
2021-10-18,9.09,9.33,8.96,9.08,39697
2021-10-19,8.59,8.78,8.28,8.47,21642
2021-10-20,9.44,9.79,9.15,9.38,14085
2021-10-21,9.42,9.58,9.27,9.31,43124
2021-10-22,9.15,9.53,8.94,9.11,34218
2021-10-23,8.8,9.19,8.46,8.78,100358
2021-10-24,8.29,8.43,8.2,8.24,11303
2021-10-25,8.05,8.37,7.7,8.04,24453
2021-10-26,7.6,7.88,7.51,7.53,52225
2021-10-27,7.42,7.57,7.12,7.44,42037
2021-10-28,7.8,7.92,7.65,7.69,41761
2021-10-29,7.93,7.97,7.67,7.94,24823
2021-10-30,7.83,8.02,7.54,7.78,232131
2021-10-31,8.28,8.48,7.89,8.09,20783
2021-11-01,7.34,7.56,7.2,7.41,7031
2021-11-02,7.77,7.87,7.46,7.8,89616
2021-11-03,7.66,7.75,7.37,7.65,62448
2021-11-04,7.96,8.06,7.77,7.99,9631
2021-11-05,8.39,8.49,8.22,8.39,161830
2021-11-06,8.98,9.09,8.7,8.97,13711
2021-11-07,8.64,8.98,8.27,8.49,9758
2021-11-08,8.33,8.7,7.97,8.08,17325
2021-11-09,8.06,8.2,7.83,8.16,24057
2021-11-10,7.75,7.95,7.62,7.77,38653
2021-11-11,7.84,8.02,7.68,7.83,63832
2021-11-12,8.14,8.47,8.1,8.28,10610
2021-11-13,8.66,9.03,8.4,8.73,44012
2021-11-14,9.26,9.49,8.92,9.23,6894
2021-11-15,9.24,9.52,8.92,9.29,42744
2021-11-16,9.54,9.78,9.16,9.44,100191
2021-11-17,9.89,10.17,9.5,9.94,47416
2021-11-18,9.93,10.16,9.89,9.98,12574
2021-11-19,8.91,8.95,8.63,8.87,19965
2021-11-20,8.56,8.82,8.1,8.45,53859
2021-11-21,8.22,8.69,7.92,8.33,7698
2021-11-22,7.92,8.19,7.88,8.03,7601
2021-11-23,7.97,8.32,7.84,7.92,17617
2021-11-24,7.71,8.0,7.62,7.7,237139
2021-11-25,8.43,8.62,8.2,8.22,49136
2021-11-26,8.23,8.56,8.04,8.18,10525
2021-11-27,7.87,8.14,7.72,7.84,12580
2021-11-28,8.25,8.36,8.09,8.16,73910
2021-11-29,8.86,9.38,8.73,9.01,35412
2021-11-30,9.27,9.6,8.95,9.2,10969
2021-12-01,9.63,9.79,9.34,9.55,100828
2021-12-02,10.35,10.6,9.98,10.15,88735
2021-12-03,10.33,10.43,10.19,10.39,17324
2021-12-04,9.2,9.47,8.82,9.27,80507
2021-12-05,9.1,9.48,8.75,9.2,26986
2021-12-06,9.3,9.79,8.96,9.48,15568
2021-12-07,9.53,9.62,9.13,9.41,68468
2021-12-08,9.81,9.89,9.57,9.63,26764
2021-12-09,9.81,10.31,9.42,10.07,16657
2021-12-10,9.44,9.56,9.2,9.47,41170
2021-12-11,10.26,10.69,9.76,10.05,30694
2021-12-12,10.4,10.98,10.33,10.54,15315
2021-12-13,10.79,11.11,10.48,10.94,62885
2021-12-14,11.31,11.51,11.11,11.42,15964
2021-12-15,10.57,10.91,10.38,10.53,13533
2021-12-16,12.16,12.42,11.77,12.11,55755
2021-12-17,11.67,12.26,11.15,11.84,13781
2021-12-18,11.51,11.68,11.09,11.45,15566
2021-12-19,11.2,11.64,10.96,11.26,97405
2021-12-20,11.25,11.42,11.2,11.31,32499
2021-12-21,11.25,11.51,10.75,11.07,47601
2021-12-22,12.45,12.78,11.94,12.53,83558
2021-12-23,12.92,13.24,12.12,12.62,15047
2021-12-24,11.71,12.07,11.42,11.7,74693
2021-12-25,10.8,11.13,10.66,10.87,22341
2021-12-26,10.49,10.6,10.12,10.58,12744
2021-12-27,11.29,11.48,11.09,11.35,30662
2021-12-28,11.2,11.24,11.05,11.22,11999
2021-12-29,10.71,11.1,10.52,10.73,16621
2021-12-30,10.7,11.05,10.42,10.79,15686
2021-12-31,10.38,10.79,10.17,10.5,31230
2022-01-01,11.09,11.63,10.93,11.23,48471
2022-01-02,11.38,11.59,11.23,11.35,66986
2022-01-03,11.45,11.58,11.24,11.53,26283
2022-01-04,11.51,12.01,11.18,11.61,114295
2022-01-05,11.44,11.56,10.97,11.52,11020
2022-01-06,11.38,11.58,11.15,11.52,583309
2022-01-07,12.13,12.28,11.96,12.07,37093
2022-01-08,11.5,12.15,11.36,11.63,29988
2022-01-09,11.35,11.56,11.11,11.5,44958
2022-01-10,11.63,12.02,11.58,11.7,22672
2022-01-11,11.49,11.84,11.0,11.46,14578
2022-01-12,12.04,12.15,11.43,11.94,11169
2022-01-13,12.52,13.02,12.08,12.33,67439
2022-01-14,11.63,12.2,11.46,11.9,58994
2022-01-15,11.69,12.38,11.4,11.86,37660
2022-01-16,12.32,12.79,12.2,12.23,13705
2022-01-17,11.96,12.37,11.7,12.09,23853
2022-01-18,11.67,12.1,11.51,11.66,49981
2022-01-19,11.09,11.52,10.93,11.11,52460
2022-01-20,12.28,12.81,11.69,12.12,44541
2022-01-21,11.52,11.98,11.27,11.59,75921
2022-01-22,11.97,12.43,11.87,12.05,30640
2022-01-23,12.29,12.73,11.65,11.87,53562
2022-01-24,11.75,12.25,11.28,11.51,14886
2022-01-25,11.1,11.46,11.06,11.22,41420
2022-01-26,10.46,11.04,10.42,10.58,28273
2022-01-27,11.67,12.05,10.87,11.23,9298
2022-01-28,11.21,11.27,10.67,11.16,13607
2022-01-29,11.2,11.45,10.94,10.99,17105
2022-01-30,11.12,11.48,11.06,11.22,16586
2022-01-31,11.67,11.84,11.19,11.59,16124
2022-02-01,11.08,11.1,10.63,10.89,42339
2022-02-02,10.56,10.9,10.26,10.77,46639
2022-02-03,9.84,10.04,9.66,9.82,11530
2022-02-04,9.45,9.51,9.17,9.47,71894
2022-02-05,9.96,10.1,9.45,9.88,22401
2022-02-06,10.48,10.62,10.05,10.45,14391
2022-02-07,10.04,10.61,9.69,10.18,28968
2022-02-08,10.48,10.78,10.38,10.43,59160
2022-02-09,10.84,11.22,10.56,10.77,9666
2022-02-10,11.05,11.39,10.66,11.0,11124
2022-02-11,11.68,12.21,11.23,11.63,30750
2022-02-12,11.57,11.66,11.23,11.58,12575
2022-02-13,11.96,12.11,11.6,11.81,81157
2022-02-14,11.41,12.06,11.17,11.69,29824
2022-02-15,11.69,12.25,11.63,11.84,159415
2022-02-16,11.35,11.82,11.11,11.26,17885
2022-02-17,10.58,11.04,10.28,10.34,30718
2022-02-18,10.57,10.75,10.19,10.42,6291
2022-02-19,10.09,10.45,9.84,10.35,42352
2022-02-20,10.06,10.55,9.68,10.2,22328
2022-02-21,9.75,10.07,9.57,9.7,56040
2022-02-22,9.42,9.74,9.08,9.3,12818
2022-02-23,9.8,10.06,9.59,9.69,32193
2022-02-24,9.71,10.05,9.5,9.82,8956
2022-02-25,10.43,10.83,9.95,10.29,13819
2022-02-26,9.93,10.17,9.57,9.97,37742
2022-02-27,9.37,9.56,8.96,9.24,24100
2022-02-28,8.61,8.73,8.45,8.58,19824
2022-03-01,9.18,9.63,8.86,9.22,16013
2022-03-02,8.93,9.3,8.63,8.85,67140
2022-03-03,8.99,9.33,8.86,8.89,44329
2022-03-04,8.5,8.59,8.29,8.49,36970
2022-03-05,8.47,8.62,8.22,8.46,18633
2022-03-06,8.27,8.35,8.05,8.25,4355
2022-03-07,8.36,8.51,8.02,8.37,9096
2022-03-08,8.14,8.5,7.78,8.3,85401
2022-03-09,8.04,8.25,7.83,8.03,26196
2022-03-10,7.89,8.28,7.86,7.98,31406
2022-03-11,8.08,8.24,7.95,7.99,37895
2022-03-12,7.67,8.0,7.64,7.67,43026
2022-03-13,7.94,8.01,7.71,7.81,25751
2022-03-14,7.89,8.22,7.81,8.03,88381
2022-03-15,7.98,8.21,7.93,8.01,23992
2022-03-16,7.77,8.01,7.24,7.51,14457
2022-03-17,6.78,7.1,6.76,6.89,7384
2022-03-18,6.39,6.45,6.25,6.35,29712
2022-03-19,6.88,7.15,6.63,6.75,29275
2022-03-20,7.15,7.42,6.77,7.08,73416
2022-03-21,7.57,7.91,7.34,7.72,20600
2022-03-22,7.71,8.0,7.61,7.74,29028
2022-03-23,7.16,7.3,6.96,7.23,20882
2022-03-24,7.17,7.48,7.01,7.16,10535
2022-03-25,7.9,7.96,7.57,7.77,38614
2022-03-26,8.01,8.23,7.61,7.9,32765
2022-03-27,7.8,8.03,7.56,7.86,49795
2022-03-28,7.92,8.28,7.69,7.97,67846
2022-03-29,8.32,8.63,8.15,8.28,122127
2022-03-30,7.74,7.81,7.36,7.69,71100
2022-03-31,7.61,7.96,7.32,7.62,73437
2022-04-01,7.26,7.37,7.13,7.35,21750
2022-04-02,6.98,7.27,6.68,7.17,6330
2022-04-03,7.72,7.78,7.53,7.67,315849
2022-04-04,7.88,8.16,7.68,7.79,42032
2022-04-05,7.26,7.69,7.15,7.47,14872
2022-04-06,7.26,7.58,7.16,7.39,67184
2022-04-07,7.33,7.43,7.14,7.31,25491
2022-04-08,7.17,7.54,7.01,7.24,20097
2022-04-09,6.86,7.09,6.68,6.84,67004
2022-04-10,7.17,7.33,7.03,7.15,78714
2022-04-11,6.88,7.18,6.65,6.81,9570
2022-04-12,6.6,6.74,6.46,6.56,56899
2022-04-13,6.97,7.02,6.88,6.94,24511
2022-04-14,6.89,6.99,6.68,6.89,6884
2022-04-15,6.38,6.61,6.15,6.41,70154
2022-04-16,6.52,6.62,6.26,6.56,25743
2022-04-17,6.14,6.42,5.89,6.28,7393
2022-04-18,6.27,6.49,5.99,6.23,25516
2022-04-19,6.5,6.58,6.33,6.52,32094
2022-04-20,6.49,6.76,6.4,6.55,12711
2022-04-21,7.15,7.34,7.08,7.14,5300
2022-04-22,6.99,7.08,6.75,6.92,59165
2022-04-23,7.37,7.57,7.19,7.28,25062
2022-04-24,7.44,7.7,7.28,7.36,38965
2022-04-25,7.58,7.87,7.31,7.57,104955
2022-04-26,7.5,7.84,7.26,7.52,31685
2022-04-27,7.31,7.64,7.18,7.28,41092
2022-04-28,7.24,7.33,7.22,7.31,9980
2022-04-29,7.29,7.57,7.13,7.22,89298
2022-04-30,7.2,7.43,6.91,7.1,12846
2022-05-01,6.65,6.78,6.54,6.62,21005
2022-05-02,6.77,6.83,6.66,6.68,17887
2022-05-03,6.04,6.14,5.78,6.08,57608
2022-05-04,6.77,6.81,6.52,6.73,20714
2022-05-05,6.81,6.93,6.44,6.73,26797
2022-05-06,6.26,6.37,6.06,6.3,17547
2022-05-07,6.33,6.56,6.08,6.36,30257
2022-05-08,6.33,6.52,6.12,6.34,40972
2022-05-09,6.59,6.89,6.22,6.51,16466
2022-05-10,6.24,6.35,6.15,6.19,12456
2022-05-11,5.93,6.11,5.75,5.99,25138
2022-05-12,6.59,6.75,6.39,6.63,22837
2022-05-13,6.68,6.87,6.27,6.56,65854
2022-05-14,6.68,6.93,6.44,6.74,37771
2022-05-15,6.42,6.5,6.27,6.41,21199
2022-05-16,6.9,7.13,6.76,6.92,21507
2022-05-17,6.49,6.81,6.2,6.55,17257
2022-05-18,5.76,5.86,5.61,5.78,15388
2022-05-19,5.57,5.7,5.36,5.62,49536
2022-05-20,5.4,5.53,5.17,5.44,60058
2022-05-21,5.21,5.4,5.17,5.2,15748
2022-05-22,5.25,5.5,5.03,5.27,45898
2022-05-23,4.77,4.88,4.68,4.86,30749
2022-05-24,5.0,5.12,4.89,4.96,41950
2022-05-25,5.14,5.24,4.9,5.05,75114
2022-05-26,5.15,5.23,4.9,5.13,65724
2022-05-27,5.02,5.09,4.94,5.06,10785
2022-05-28,5.65,5.76,5.53,5.67,93756
2022-05-29,5.57,5.63,5.34,5.54,21209
2022-05-30,5.45,5.72,5.32,5.49,30876
2022-05-31,5.28,5.51,5.26,5.4,32382
2022-06-01,5.32,5.53,5.21,5.22,18880
2022-06-02,4.92,5.11,4.75,4.86,89346
2022-06-03,4.94,5.15,4.91,4.93,7885
2022-06-04,4.81,4.93,4.6,4.89,49432
2022-06-05,5.29,5.52,5.08,5.26,9067
2022-06-06,5.37,5.61,5.13,5.42,65243
2022-06-07,5.35,5.4,5.2,5.24,10332
2022-06-08,5.43,5.47,5.18,5.39,40519
2022-06-09,5.32,5.52,5.14,5.31,35514
2022-06-10,5.33,5.6,5.28,5.42,42043
2022-06-11,5.44,5.49,5.12,5.28,16612
2022-06-12,5.58,5.69,5.41,5.59,16766
2022-06-13,5.55,5.68,5.51,5.61,5534
2022-06-14,5.53,5.74,5.46,5.6,67794
2022-06-15,5.46,5.68,5.29,5.46,49649
2022-06-16,5.43,5.63,5.37,5.39,14062
2022-06-17,5.27,5.46,5.15,5.27,7720
2022-06-18,5.53,5.66,5.47,5.51,8158
2022-06-19,5.77,5.8,5.67,5.73,78199
2022-06-20,5.57,5.67,5.5,5.55,18512
2022-06-21,5.97,6.08,5.77,6.0,17238
2022-06-22,6.3,6.52,6.11,6.23,15106
2022-06-23,6.05,6.17,5.88,6.03,10069
2022-06-24,5.92,5.93,5.73,5.85,32508
2022-06-25,6.03,6.21,5.87,5.9,10884
2022-06-26,5.69,5.92,5.48,5.72,68290
2022-06-27,5.74,5.9,5.69,5.89,8399
2022-06-28,5.62,5.74,5.54,5.66,4230
2022-06-29,5.4,5.61,5.34,5.51,83902
2022-06-30,5.26,5.51,5.16,5.34,7588
2022-07-01,5.08,5.1,4.85,5.06,16838
2022-07-02,5.27,5.55,5.25,5.37,18677
2022-07-03,5.41,5.59,5.09,5.32,13385
2022-07-04,5.67,5.8,5.41,5.58,17191
2022-07-05,5.6,5.76,5.58,5.6,43449
2022-07-06,5.71,5.97,5.59,5.69,18312
2022-07-07,5.58,5.7,5.33,5.58,48845
2022-07-08,4.81,4.86,4.59,4.82,9776
2022-07-09,4.95,5.05,4.89,4.95,121774
2022-07-10,4.97,5.14,4.93,5.04,4236
2022-07-11,5.05,5.18,4.82,5.09,50792
2022-07-12,5.19,5.39,5.1,5.14,8760
2022-07-13,5.19,5.39,5.18,5.21,17554
2022-07-14,5.18,5.28,4.93,5.09,24771
2022-07-15,5.37,5.53,5.19,5.29,24407
2022-07-16,5.17,5.36,5.03,5.27,10826
2022-07-17,5.44,5.53,5.2,5.42,9584
2022-07-18,5.46,5.59,5.3,5.36,47500
2022-07-19,5.27,5.3,5.01,5.19,39277
2022-07-20,5.46,5.59,5.43,5.53,18584
2022-07-21,5.45,5.68,5.36,5.5,71296
2022-07-22,5.37,5.57,5.14,5.46,81535
2022-07-23,5.91,6.15,5.61,5.83,13834
2022-07-24,6.35,6.48,6.12,6.32,12983
2022-07-25,6.08,6.39,6.03,6.24,45252
2022-07-26,6.9,6.95,6.59,6.91,22052
2022-07-27,6.24,6.44,6.22,6.35,93904
2022-07-28,6.46,6.47,6.14,6.37,8099
2022-07-29,6.21,6.39,6.12,6.23,10137
2022-07-30,6.63,6.66,6.32,6.48,13466
2022-07-31,6.25,6.52,6.0,6.23,22430
2022-08-01,6.35,6.52,6.18,6.43,28027
2022-08-02,6.52,6.79,6.35,6.43,21016
2022-08-03,6.35,6.47,6.32,6.36,47090
2022-08-04,6.36,6.62,6.19,6.27,8345
2022-08-05,6.25,6.46,6.17,6.39,34212
2022-08-06,6.1,6.27,5.94,6.08,50686
2022-08-07,5.97,6.06,5.88,6.01,11848
2022-08-08,5.91,6.04,5.69,5.9,15169
2022-08-09,6.19,6.3,5.92,6.07,9617
2022-08-10,6.4,6.47,6.31,6.33,11732
2022-08-11,6.4,6.63,6.12,6.31,15080
2022-08-12,6.7,6.94,6.38,6.63,7374
2022-08-13,7.0,7.04,6.79,6.91,26439
2022-08-14,6.64,6.93,6.36,6.69,18856
2022-08-15,6.35,6.63,6.15,6.38,13423
2022-08-16,6.71,7.04,6.54,6.82,34449
2022-08-17,7.4,7.62,7.25,7.3,20588
2022-08-18,6.93,7.11,6.75,7.06,9761
2022-08-19,7.12,7.19,6.92,7.09,30129
2022-08-20,6.99,7.33,6.92,7.07,16124
2022-08-21,6.15,6.45,6.05,6.2,19554
2022-08-22,5.74,5.96,5.54,5.73,22633
2022-08-23,5.55,5.82,5.51,5.63,10314
2022-08-24,5.61,5.88,5.39,5.68,26996
2022-08-25,5.58,5.73,5.4,5.51,20982
2022-08-26,5.46,5.53,5.29,5.51,23538
2022-08-27,5.21,5.38,5.03,5.22,76133
2022-08-28,4.68,4.75,4.59,4.72,32898
2022-08-29,4.89,4.93,4.67,4.87,14370
2022-08-30,4.64,4.76,4.59,4.62,66113
2022-08-31,4.35,4.45,4.28,4.44,88419
2022-09-01,4.42,4.45,4.25,4.4,26946
2022-09-02,4.31,4.47,4.2,4.28,13181
2022-09-03,4.17,4.39,4.08,4.23,46813
2022-09-04,4.19,4.23,4.11,4.22,67620
2022-09-05,4.3,4.47,4.29,4.33,17312
2022-09-06,4.12,4.34,3.97,4.22,57220
2022-09-07,4.5,4.67,4.34,4.36,9339
2022-09-08,4.48,4.56,4.28,4.49,20159
2022-09-09,4.91,5.1,4.65,4.82,4918
2022-09-10,4.51,4.57,4.5,4.54,35119
2022-09-11,4.45,4.63,4.22,4.4,90741
2022-09-12,4.11,4.36,3.94,4.18,23308
2022-09-13,4.44,4.6,4.32,4.43,27630
2022-09-14,4.33,4.51,4.14,4.3,6367
2022-09-15,4.35,4.49,4.33,4.38,63360
2022-09-16,4.11,4.36,4.0,4.22,65136
2022-09-17,4.04,4.25,3.98,4.1,16155
2022-09-18,3.75,3.83,3.62,3.74,27407
2022-09-19,3.64,3.69,3.61,3.64,35456
2022-09-20,3.89,4.01,3.85,3.94,6660
2022-09-21,3.99,4.12,3.91,3.96,53107
2022-09-22,3.6,3.66,3.46,3.58,14704
2022-09-23,3.57,3.63,3.44,3.49,56136
2022-09-24,3.66,3.72,3.53,3.62,31928
2022-09-25,3.87,4.04,3.64,3.76,21590
2022-09-26,3.79,3.93,3.65,3.84,30816
2022-09-27,3.66,3.81,3.5,3.63,15584
2022-09-28,3.91,4.05,3.75,3.91,17036
2022-09-29,3.78,3.95,3.68,3.81,59500
2022-09-30,3.76,3.98,3.74,3.81,30870
2022-10-01,4.05,4.23,3.91,3.98,50034
2022-10-02,3.95,4.1,3.89,3.91,55492
2022-10-03,3.8,3.93,3.65,3.75,28763
2022-10-04,4.03,4.13,3.94,4.04,9343
2022-10-05,4.25,4.45,4.09,4.28,17001
2022-10-06,4.17,4.41,4.08,4.27,27504
2022-10-07,4.29,4.33,4.23,4.26,74019
2022-10-08,4.4,4.43,4.21,4.36,14621
2022-10-09,4.44,4.52,4.31,4.34,67170
2022-10-10,4.28,4.37,4.06,4.24,11042
2022-10-11,4.2,4.29,4.15,4.19,7166
2022-10-12,4.16,4.25,4.01,4.2,14305
2022-10-13,4.08,4.27,4.0,4.06,7151
2022-10-14,4.38,4.43,4.24,4.4,11113
2022-10-15,4.42,4.5,4.31,4.37,9927
2022-10-16,4.32,4.38,4.16,4.32,16641
2022-10-17,4.11,4.18,3.92,4.09,7449
2022-10-18,4.05,4.11,3.96,4.04,32517
2022-10-19,4.2,4.29,4.02,4.22,39728
2022-10-20,4.26,4.41,4.09,4.25,48585
2022-10-21,4.41,4.56,4.23,4.32,9829
2022-10-22,4.06,4.2,3.98,4.07,34198
2022-10-23,4.04,4.19,3.87,4.02,23664
2022-10-24,4.18,4.36,4.02,4.14,14833
2022-10-25,4.39,4.49,4.25,4.36,24026
2022-10-26,4.84,4.99,4.7,4.79,7848
2022-10-27,4.99,5.22,4.87,5.02,22489
2022-10-28,5.26,5.32,5.13,5.26,5484
2022-10-29,5.43,5.66,5.34,5.43,19715
2022-10-30,5.53,5.65,5.33,5.48,8800
2022-10-31,5.53,5.63,5.34,5.58,61664
2022-11-01,5.69,5.74,5.47,5.67,21530
2022-11-02,5.48,5.64,5.27,5.58,9085
2022-11-03,5.28,5.38,5.18,5.32,16147
2022-11-04,4.76,4.91,4.64,4.83,7126
2022-11-05,4.91,5.11,4.78,4.83,10562
2022-11-06,5.03,5.21,4.95,5.02,18520
2022-11-07,4.84,5.04,4.73,4.86,18671
2022-11-08,4.36,4.38,4.35,4.37,27070
2022-11-09,4.24,4.27,4.01,4.2,41465
2022-11-10,4.12,4.21,4.08,4.15,67429
2022-11-11,3.91,3.97,3.78,3.93,61657
2022-11-12,4.42,4.5,4.34,4.4,19695
2022-11-13,4.47,4.6,4.27,4.45,7667
2022-11-14,4.83,5.03,4.67,4.9,8709
2022-11-15,5.25,5.29,5.1,5.22,60344
2022-11-16,4.9,5.1,4.83,4.86,15215
2022-11-17,4.67,4.84,4.5,4.73,15702
2022-11-18,4.7,4.87,4.56,4.71,37124
2022-11-19,5.1,5.13,4.84,5.04,45758
2022-11-20,4.67,4.91,4.53,4.7,108225
2022-11-21,4.67,4.82,4.48,4.7,15689
2022-11-22,4.52,4.66,4.38,4.55,2651
2022-11-23,4.29,4.36,4.07,4.23,37470
2022-11-24,4.33,4.46,4.31,4.34,75229
2022-11-25,4.37,4.44,4.34,4.36,6261
2022-11-26,4.23,4.4,4.19,4.29,39128
2022-11-27,4.32,4.47,4.15,4.37,18952
2022-11-28,4.24,4.39,4.06,4.24,27496
2022-11-29,3.96,4.07,3.82,4.01,28155
2022-11-30,4.2,4.26,4.17,4.19,17063
2022-12-01,4.22,4.36,3.99,4.18,81586
2022-12-02,3.98,4.14,3.91,4.03,72915
2022-12-03,4.33,4.35,4.2,4.32,44863
2022-12-04,4.14,4.24,4.07,4.1,52283
2022-12-05,4.42,4.47,4.31,4.32,4658
2022-12-06,4.39,4.44,4.21,4.37,50311
2022-12-07,4.41,4.5,4.37,4.39,16310
2022-12-08,4.56,4.7,4.44,4.47,101339
2022-12-09,4.45,4.58,4.43,4.47,23125
2022-12-10,4.33,4.43,4.27,4.33,42533
2022-12-11,4.5,4.68,4.38,4.5,121481
2022-12-12,4.54,4.72,4.26,4.46,52140
2022-12-13,4.7,4.72,4.52,4.67,14698
2022-12-14,4.53,4.63,4.39,4.47,34906
2022-12-15,5.11,5.32,4.83,5.04,22629
2022-12-16,4.99,5.02,4.8,4.92,49298
2022-12-17,4.9,5.05,4.71,4.92,28299
2022-12-18,4.95,5.14,4.87,4.94,65085
2022-12-19,5.03,5.1,4.92,4.99,21858
2022-12-20,4.68,4.77,4.47,4.68,50218
2022-12-21,4.55,4.58,4.38,4.54,104372
2022-12-22,4.51,4.62,4.41,4.53,15722
2022-12-23,4.36,4.51,4.26,4.34,52598
2022-12-24,4.26,4.39,4.17,4.21,22028
2022-12-25,4.2,4.34,4.11,4.19,118073
2022-12-26,4.3,4.46,4.23,4.33,27438
2022-12-27,4.14,4.32,4.08,4.09,16411
2022-12-28,4.06,4.12,3.9,4.07,11840
2022-12-29,3.88,4.01,3.72,3.89,14395
2022-12-30,3.85,3.89,3.83,3.85,17360
2022-12-31,3.82,3.93,3.77,3.82,38738
2023-01-01,3.69,3.72,3.6,3.69,38292
2023-01-02,3.78,3.91,3.59,3.72,12278
2023-01-03,3.59,3.63,3.52,3.58,51349
2023-01-04,3.47,3.58,3.43,3.52,24361
2023-01-05,3.35,3.52,3.28,3.39,3763
2023-01-06,3.27,3.34,3.23,3.27,28063
2023-01-07,3.25,3.41,3.19,3.32,20849
2023-01-08,3.24,3.26,3.18,3.24,27624
2023-01-09,3.56,3.59,3.47,3.54,41373
2023-01-10,3.4,3.56,3.37,3.47,14793
2023-01-11,3.43,3.55,3.37,3.46,10783
2023-01-12,3.48,3.52,3.39,3.46,8202
2023-01-13,3.46,3.55,3.36,3.47,35842
2023-01-14,3.42,3.54,3.31,3.4,19504
2023-01-15,3.34,3.4,3.27,3.34,87672
2023-01-16,3.36,3.52,3.34,3.48,22077
2023-01-17,3.5,3.56,3.41,3.52,125299
2023-01-18,3.57,3.65,3.41,3.55,20696
2023-01-19,3.73,3.76,3.61,3.67,18361
2023-01-20,3.65,3.84,3.58,3.73,18700
2023-01-21,3.67,3.8,3.62,3.74,30021
2023-01-22,3.83,3.99,3.81,3.89,73412
2023-01-23,3.93,4.06,3.78,4.01,18600
2023-01-24,4.1,4.11,3.98,4.06,9666
2023-01-25,3.84,3.85,3.71,3.84,19149
2023-01-26,3.78,3.85,3.64,3.8,17442
2023-01-27,3.97,4.15,3.74,3.87,39076
2023-01-28,3.99,4.19,3.84,4.04,32227
2023-01-29,4.16,4.34,4.08,4.13,111463
2023-01-30,4.11,4.14,3.93,4.11,46596
2023-01-31,4.12,4.14,3.98,4.09,23520
2023-02-01,4.23,4.34,4.03,4.2,16716
2023-02-02,3.99,4.12,3.9,4.02,23714
2023-02-03,3.85,4.02,3.69,3.83,111695
2023-02-04,3.85,3.96,3.78,3.88,28988
2023-02-05,3.8,3.88,3.76,3.87,103783
2023-02-06,3.68,3.93,3.63,3.77,35734
2023-02-07,3.77,3.91,3.68,3.72,17223
2023-02-08,3.88,3.9,3.71,3.87,26899
2023-02-09,3.8,3.9,3.72,3.81,17182
2023-02-10,3.66,3.82,3.53,3.77,15328
2023-02-11,3.67,3.87,3.51,3.74,17839
2023-02-12,3.54,3.62,3.52,3.58,15224
2023-02-13,3.46,3.51,3.32,3.46,13083
2023-02-14,3.3,3.49,3.15,3.35,22238
2023-02-15,3.29,3.39,3.22,3.3,21317
2023-02-16,3.23,3.35,3.2,3.25,28589
2023-02-17,3.22,3.32,3.21,3.28,24877
2023-02-18,3.26,3.39,3.16,3.21,10703
2023-02-19,3.38,3.43,3.24,3.33,17119
2023-02-20,3.35,3.39,3.34,3.37,8276
2023-02-21,3.37,3.54,3.29,3.4,27366
2023-02-22,3.57,3.7,3.46,3.57,35553
2023-02-23,3.53,3.69,3.46,3.49,29379
2023-02-24,3.69,3.76,3.62,3.65,6419
2023-02-25,3.73,3.77,3.6,3.75,27233
2023-02-26,3.74,3.82,3.71,3.72,36656
2023-02-27,3.68,3.81,3.61,3.69,65990
2023-02-28,3.73,3.82,3.55,3.69,22891
2023-03-01,3.59,3.64,3.45,3.61,60955
2023-03-02,3.97,3.98,3.75,3.88,23271
2023-03-03,3.9,3.97,3.79,3.92,5301
2023-03-04,3.76,3.81,3.71,3.8,49397
2023-03-05,4.12,4.33,3.99,4.16,4572
2023-03-06,4.09,4.11,4.05,4.09,17001
2023-03-07,4.34,4.52,4.3,4.33,37455
2023-03-08,4.29,4.4,4.23,4.3,17126
2023-03-09,4.17,4.37,3.99,4.2,18792
2023-03-10,4.21,4.27,4.12,4.21,32998
2023-03-11,4.13,4.27,4.04,4.14,93510
2023-03-12,4.06,4.09,4.02,4.06,56857
2023-03-13,3.8,3.98,3.68,3.83,63036
2023-03-14,3.68,3.78,3.54,3.66,81054
2023-03-15,3.61,3.65,3.46,3.56,22964
2023-03-16,3.68,3.82,3.53,3.6,18950
2023-03-17,3.51,3.64,3.41,3.56,17693
2023-03-18,3.58,3.66,3.42,3.55,13107
2023-03-19,3.42,3.62,3.31,3.5,27635
2023-03-20,3.73,3.89,3.64,3.74,49240
2023-03-21,3.67,3.86,3.6,3.7,12718
2023-03-22,3.72,3.89,3.65,3.8,11280
2023-03-23,3.66,3.79,3.55,3.7,3704
2023-03-24,3.7,3.9,3.6,3.74,9872
2023-03-25,3.72,3.85,3.7,3.73,15752
2023-03-26,3.84,3.89,3.75,3.8,20942
2023-03-27,3.91,3.93,3.7,3.82,18879
2023-03-28,3.93,4.08,3.91,3.96,17414
2023-03-29,4.09,4.22,3.96,4.04,101260
2023-03-30,3.99,4.08,3.84,4.01,52708
2023-03-31,4.0,4.1,3.95,4.04,12363
2023-04-01,4.16,4.22,3.99,4.14,42102
2023-04-02,4.06,4.16,3.88,4.06,67725
2023-04-03,3.96,4.07,3.95,3.96,27347
2023-04-04,3.91,4.03,3.71,3.87,79664
2023-04-05,4.09,4.2,4.04,4.07,13309
2023-04-06,3.8,3.96,3.66,3.77,8051
2023-04-07,3.68,3.85,3.52,3.71,44670
2023-04-08,3.61,3.66,3.46,3.6,20387
2023-04-09,3.55,3.66,3.51,3.59,12075
2023-04-10,3.53,3.66,3.42,3.52,17127
2023-04-11,3.6,3.67,3.48,3.58,30220
2023-04-12,3.42,3.45,3.32,3.37,41561
2023-04-13,3.39,3.4,3.33,3.38,18399
2023-04-14,3.56,3.57,3.42,3.49,14514
2023-04-15,3.41,3.44,3.4,3.42,4465
2023-04-16,3.64,3.77,3.59,3.68,30904
2023-04-17,3.82,3.89,3.67,3.83,18588
2023-04-18,4.12,4.2,3.96,4.1,64426
2023-04-19,3.82,4.0,3.7,3.86,11963
2023-04-20,3.86,3.9,3.75,3.86,51744
2023-04-21,3.87,3.92,3.83,3.88,13647
2023-04-22,3.83,3.97,3.71,3.84,85516
2023-04-23,4.05,4.18,4.03,4.07,8283
2023-04-24,3.93,4.05,3.75,4.0,24820
2023-04-25,4.14,4.28,4.06,4.15,2303
2023-04-26,4.19,4.37,4.17,4.25,6101
2023-04-27,4.19,4.31,4.05,4.19,70420
2023-04-28,4.06,4.22,4.04,4.07,9590
2023-04-29,4.07,4.24,3.97,4.05,39195
2023-04-30,4.04,4.25,3.87,4.16,58577
2023-05-01,3.88,3.92,3.76,3.91,40038
2023-05-02,3.91,4.05,3.89,3.93,7793
2023-05-03,3.75,3.84,3.64,3.73,73511
2023-05-04,3.63,3.76,3.54,3.62,12655
2023-05-05,3.8,3.93,3.76,3.77,38351
2023-05-06,3.86,4.02,3.68,3.82,5241
2023-05-07,3.89,4.06,3.79,3.97,71697
2023-05-08,3.82,3.85,3.64,3.79,40727
2023-05-09,3.86,4.03,3.72,3.83,8180
2023-05-10,3.77,3.87,3.72,3.83,12710
2023-05-11,3.89,3.91,3.78,3.84,42384
2023-05-12,3.97,4.12,3.86,3.95,5456
2023-05-13,3.97,4.11,3.89,3.98,11399
2023-05-14,3.97,3.98,3.84,3.94,10810
2023-05-15,3.93,3.96,3.79,3.92,12250
2023-05-16,3.78,3.86,3.69,3.82,5052
2023-05-17,4.13,4.3,3.96,4.11,19594
2023-05-18,4.34,4.42,4.15,4.27,45437
2023-05-19,4.32,4.37,4.19,4.32,15641
2023-05-20,4.47,4.67,4.24,4.4,45426
2023-05-21,4.31,4.36,4.19,4.28,32989
2023-05-22,4.32,4.36,4.15,4.33,70477
2023-05-23,4.34,4.49,4.15,4.33,14362
2023-05-24,4.39,4.42,4.34,4.36,16116
2023-05-25,4.34,4.4,4.23,4.33,2908
2023-05-26,4.74,4.81,4.69,4.71,11263
2023-05-27,4.97,5.0,4.9,4.96,8714
2023-05-28,5.19,5.4,4.93,5.16,23786
2023-05-29,4.85,4.96,4.8,4.9,46207
2023-05-30,4.66,4.93,4.59,4.73,14003
2023-05-31,4.68,4.79,4.53,4.74,13385
2023-06-01,4.56,4.82,4.5,4.7,31504
2023-06-02,4.84,5.04,4.51,4.69,27158
2023-06-03,4.64,4.75,4.58,4.65,19357
2023-06-04,5.12,5.34,4.93,5.0,20189
2023-06-05,5.03,5.18,4.83,5.09,59748
2023-06-06,4.94,4.95,4.75,4.89,43979
2023-06-07,5.07,5.34,4.88,5.21,19151
2023-06-08,5.39,5.43,5.28,5.33,57863
2023-06-09,5.14,5.21,5.04,5.12,34658
2023-06-10,5.21,5.31,5.13,5.15,33339
2023-06-11,5.4,5.62,5.29,5.34,118330
2023-06-12,5.84,6.08,5.65,5.84,43534
2023-06-13,5.91,6.02,5.77,5.88,6308
2023-06-14,5.85,6.04,5.68,5.88,9692
2023-06-15,6.09,6.4,6.02,6.13,169422
2023-06-16,6.02,6.14,5.94,6.08,21356
2023-06-17,6.12,6.28,6.04,6.21,24241
2023-06-18,6.35,6.43,6.1,6.29,65832
2023-06-19,6.25,6.27,5.99,6.23,16934
2023-06-20,6.43,6.5,6.11,6.37,37342
2023-06-21,6.5,6.81,6.25,6.53,12765
2023-06-22,6.56,6.83,6.4,6.51,29534
2023-06-23,6.31,6.63,6.08,6.39,24662
2023-06-24,6.56,6.71,6.38,6.54,39935
2023-06-25,6.34,6.54,6.08,6.29,15407
2023-06-26,6.7,6.88,6.61,6.67,36024
2023-06-27,6.78,6.87,6.5,6.84,87994
2023-06-28,6.93,7.26,6.91,6.98,25316
2023-06-29,7.35,7.54,6.99,7.14,17050
2023-06-30,7.38,7.51,7.19,7.28,12780
2023-07-01,6.97,7.11,6.78,6.97,17517
2023-07-02,6.65,6.99,6.53,6.7,11001
2023-07-03,6.94,7.03,6.79,6.83,14591
2023-07-04,6.92,7.13,6.74,7.02,57362
2023-07-05,6.98,7.12,6.87,6.93,26843
2023-07-06,7.09,7.26,6.97,7.09,90939
2023-07-07,6.89,7.18,6.83,6.97,8649
2023-07-08,6.69,6.76,6.54,6.71,66421
2023-07-09,6.79,6.97,6.66,6.77,40497
2023-07-10,6.82,6.95,6.7,6.9,20822
2023-07-11,6.91,6.99,6.84,6.88,23774
2023-07-12,6.64,6.82,6.39,6.69,38851
2023-07-13,6.29,6.47,6.15,6.31,14276
2023-07-14,5.97,6.12,5.81,5.83,3263
2023-07-15,6.03,6.27,5.79,6.05,18276
2023-07-16,6.16,6.33,6.02,6.13,178597
2023-07-17,5.96,6.14,5.9,6.05,9372
2023-07-18,5.98,6.39,5.93,6.15,11433
2023-07-19,6.69,6.85,6.47,6.64,63051
2023-07-20,6.84,6.86,6.51,6.69,89891
2023-07-21,6.61,6.84,6.45,6.63,9804
2023-07-22,6.79,6.9,6.76,6.8,25318
2023-07-23,7.06,7.27,6.87,7.04,141500
2023-07-24,6.82,7.09,6.63,6.99,117045
2023-07-25,6.92,7.16,6.82,7.01,29227
2023-07-26,7.07,7.18,6.93,7.06,34349
2023-07-27,6.65,6.85,6.34,6.63,27031
2023-07-28,6.39,6.75,6.36,6.46,58620
2023-07-29,6.5,6.6,6.35,6.42,13070
2023-07-30,6.4,6.45,6.32,6.43,12042
2023-07-31,6.63,6.77,6.36,6.58,15602
2023-08-01,6.14,6.32,5.93,6.27,5593
2023-08-02,6.09,6.14,5.84,6.12,8368
2023-08-03,6.33,6.47,6.13,6.43,38319
2023-08-04,6.38,6.6,6.29,6.37,21223
2023-08-05,6.59,6.87,6.5,6.7,34013
2023-08-06,6.84,6.97,6.74,6.82,115304
2023-08-07,6.81,6.92,6.48,6.73,71065
2023-08-08,7.05,7.32,6.73,6.98,21614
2023-08-09,7.39,7.65,7.1,7.33,40617
2023-08-10,7.1,7.38,6.79,7.19,68659
2023-08-11,7.35,7.67,7.21,7.29,60253
2023-08-12,7.6,7.81,7.33,7.57,43109
2023-08-13,7.33,7.62,7.31,7.32,22749
2023-08-14,7.29,7.64,7.24,7.39,12379
2023-08-15,7.41,7.53,7.23,7.3,81018
2023-08-16,7.12,7.19,6.83,6.96,87642
2023-08-17,7.09,7.46,6.94,7.19,29171
2023-08-18,7.18,7.35,6.93,7.19,103318
2023-08-19,6.97,7.37,6.91,7.1,31263
2023-08-20,7.28,7.58,7.04,7.25,13342
2023-08-21,7.51,7.74,7.46,7.56,41662
2023-08-22,7.33,7.51,7.18,7.28,8897
2023-08-23,7.27,7.55,7.18,7.22,10739
2023-08-24,6.72,7.04,6.61,6.94,31514
2023-08-25,6.94,7.16,6.73,7.03,39827
2023-08-26,6.98,7.06,6.91,6.95,43034
2023-08-27,7.23,7.41,7.01,7.28,22550
2023-08-28,7.63,7.9,7.4,7.67,14885
2023-08-29,7.82,7.89,7.59,7.8,16712
2023-08-30,8.28,8.46,8.06,8.21,53720
2023-08-31,8.62,8.82,8.31,8.53,11005
2023-09-01,8.46,8.76,8.3,8.5,7973
2023-09-02,8.41,8.62,8.07,8.36,8292
2023-09-03,8.28,8.51,8.05,8.28,45497
2023-09-04,8.24,8.43,8.01,8.15,60814
2023-09-05,8.17,8.26,7.91,8.17,116202
2023-09-06,7.76,7.94,7.7,7.77,77964
2023-09-07,7.67,7.94,7.59,7.87,26560
2023-09-08,8.08,8.31,7.67,7.95,18425
2023-09-09,8.21,8.57,8.12,8.24,33127
2023-09-10,8.19,8.48,7.92,8.17,32777
2023-09-11,8.74,8.81,8.46,8.76,12918
2023-09-12,8.47,8.78,8.24,8.44,9658
2023-09-13,7.98,8.17,7.7,8.03,81503
2023-09-14,8.04,8.21,7.95,8.03,17317
2023-09-15,7.91,8.09,7.86,7.91,81240
2023-09-16,8.07,8.17,7.76,8.12,19506
2023-09-17,8.34,8.6,7.93,8.22,31808
2023-09-18,8.22,8.46,7.87,8.2,20069
2023-09-19,8.53,8.94,8.39,8.56,17315
2023-09-20,8.22,8.44,8.15,8.29,32487
2023-09-21,8.42,8.72,8.11,8.61,46674
2023-09-22,8.81,8.9,8.48,8.83,52270
2023-09-23,8.8,8.89,8.38,8.76,19117
2023-09-24,8.92,9.07,8.67,8.88,28134
2023-09-25,8.29,8.47,8.1,8.2,9387
2023-09-26,8.38,8.71,8.22,8.46,27552
2023-09-27,8.26,8.28,8.18,8.23,3457
2023-09-28,8.6,9.05,8.49,8.75,67845
2023-09-29,8.8,8.84,8.74,8.8,33948
2023-09-30,8.6,8.81,8.06,8.39,37627
2023-10-01,8.61,8.93,8.34,8.54,12255
2023-10-02,8.6,8.82,8.44,8.63,22202
2023-10-03,8.56,8.84,8.09,8.42,38588
2023-10-04,8.3,8.57,8.11,8.4,8703
2023-10-05,8.79,8.91,8.62,8.74,103326
2023-10-06,8.36,8.5,8.32,8.35,58229
2023-10-07,8.28,8.49,7.99,8.18,11602
2023-10-08,8.15,8.26,7.97,8.2,38891
2023-10-09,8.01,8.45,7.69,8.15,145472
2023-10-10,7.72,7.93,7.36,7.67,35492
2023-10-11,7.2,7.42,6.91,7.31,41621
2023-10-12,7.0,7.39,6.95,7.1,34176
2023-10-13,7.4,7.49,7.32,7.39,34897
2023-10-14,7.3,7.69,7.11,7.46,17355
2023-10-15,7.57,7.77,7.32,7.48,56088
2023-10-16,8.04,8.11,7.81,8.08,31583
2023-10-17,7.9,8.23,7.54,7.91,17003
2023-10-18,7.95,8.3,7.85,7.96,41277
2023-10-19,8.11,8.27,7.73,8.07,35807
2023-10-20,8.18,8.34,8.01,8.04,24475
2023-10-21,8.31,8.49,8.07,8.25,8061
2023-10-22,8.09,8.35,7.98,8.01,9332
2023-10-23,7.53,7.86,7.42,7.49,12217
2023-10-24,7.42,7.52,7.25,7.49,17977
2023-10-25,7.38,7.82,7.17,7.55,62982
2023-10-26,7.55,7.77,7.38,7.61,18118
2023-10-27,7.75,8.12,7.43,7.78,16993
2023-10-28,7.8,7.88,7.46,7.82,90143
2023-10-29,8.11,8.26,7.9,8.08,22029
2023-10-30,7.92,8.25,7.89,7.93,42934
2023-10-31,7.65,8.12,7.31,7.79,113307
2023-11-01,8.04,8.53,7.96,8.23,17964
2023-11-02,8.26,8.54,7.93,8.32,11708
2023-11-03,8.64,8.88,8.12,8.41,21446
2023-11-04,8.6,8.72,8.22,8.51,12757
2023-11-05,8.37,8.77,8.33,8.48,8314
2023-11-06,8.05,8.21,7.68,8.0,26423
2023-11-07,8.26,8.33,8.12,8.15,51206
2023-11-08,8.25,8.62,8.05,8.26,20519
2023-11-09,8.44,8.48,8.12,8.29,28610
2023-11-10,8.04,8.19,7.89,8.07,41688
2023-11-11,8.58,8.61,8.38,8.56,11413
2023-11-12,8.89,9.14,8.62,8.88,17831
2023-11-13,9.74,10.15,9.43,9.66,74917
2023-11-14,9.4,9.78,9.04,9.49,51307
2023-11-15,9.42,9.56,9.02,9.51,15567
2023-11-16,9.33,9.51,9.06,9.32,12656
2023-11-17,9.63,9.8,9.37,9.6,18564
2023-11-18,9.27,9.68,9.11,9.27,30225
2023-11-19,9.33,9.43,9.29,9.32,19285
2023-11-20,9.44,9.66,9.15,9.56,16858
2023-11-21,9.69,9.88,9.34,9.7,33209
2023-11-22,9.34,9.69,8.97,9.24,7576
2023-11-23,9.17,9.27,8.88,9.11,59063
2023-11-24,9.07,9.31,8.99,9.02,19472
2023-11-25,9.11,9.3,8.96,9.15,22522
2023-11-26,9.06,9.28,8.85,9.01,40392
2023-11-27,9.38,9.57,8.99,9.33,5792
2023-11-28,9.77,10.15,9.4,9.78,28135
2023-11-29,10.0,10.33,9.74,10.03,9819
2023-11-30,10.53,10.93,10.18,10.57,11490
2023-12-01,10.83,11.25,10.78,10.87,6209
2023-12-02,10.49,10.79,10.35,10.46,14372
2023-12-03,10.61,11.06,10.42,10.57,10292
2023-12-04,10.95,11.0,10.55,10.78,13748
2023-12-05,10.57,10.79,10.47,10.7,14053
2023-12-06,10.82,11.2,10.41,10.95,15553
2023-12-07,10.58,11.02,10.13,10.73,12628
2023-12-08,10.14,10.84,9.93,10.47,27640
2023-12-09,11.01,11.27,10.9,11.07,28139
2023-12-10,11.87,12.25,11.37,11.61,34905
2023-12-11,11.3,11.98,11.09,11.62,21623
2023-12-12,11.28,11.72,10.86,11.25,116173
2023-12-13,10.79,11.07,10.41,10.72,95268
2023-12-14,10.69,10.92,10.53,10.85,5631
2023-12-15,10.96,11.01,10.74,10.85,2022
2023-12-16,10.51,10.61,10.2,10.42,15809
2023-12-17,10.43,10.78,10.02,10.36,51948
2023-12-18,10.64,10.82,10.36,10.39,6264
2023-12-19,10.59,10.79,10.39,10.52,61904
2023-12-20,10.29,10.42,9.88,10.27,7188
2023-12-21,10.66,11.09,10.18,10.67,41823
2023-12-22,11.01,11.09,10.75,10.82,88316
2023-12-23,10.85,11.2,10.48,10.81,18600
2023-12-24,11.57,12.06,11.0,11.21,24608
2023-12-25,11.06,11.58,10.62,11.23,74448
2023-12-26,11.34,11.43,11.01,11.13,74153
2023-12-27,10.84,10.87,10.57,10.82,56077
2023-12-28,10.22,10.4,10.19,10.25,21052
2023-12-29,10.61,10.89,10.44,10.69,140001
2023-12-30,10.75,11.42,10.29,10.96,48129
2023-12-31,10.56,10.84,10.45,10.5,23986
2024-01-01,10.86,11.16,10.82,10.95,46725
2024-01-02,11.0,11.48,10.96,11.04,6478
2024-01-03,10.4,10.79,10.25,10.68,13428
2024-01-04,10.7,11.14,10.22,10.72,13628
2024-01-05,10.55,10.89,10.2,10.27,16558
2024-01-06,10.74,11.04,10.21,10.66,29448
2024-01-07,10.79,10.84,10.57,10.64,29534
2024-01-08,10.12,10.59,9.74,10.18,21274
2024-01-09,9.88,10.03,9.76,9.95,30584
2024-01-10,9.55,9.98,9.49,9.72,10775
2024-01-11,10.28,10.73,10.05,10.31,87387
2024-01-12,9.31,9.72,9.29,9.47,42085
2024-01-13,9.52,9.86,9.17,9.48,29662
2024-01-14,9.0,9.18,8.88,8.95,33118
2024-01-15,8.39,8.41,8.12,8.3,24873
2024-01-16,8.47,8.85,8.24,8.57,15650
2024-01-17,8.69,8.85,8.28,8.53,62702
2024-01-18,8.25,8.45,7.95,8.29,12686
2024-01-19,8.51,8.86,8.33,8.55,51425
2024-01-20,8.91,9.12,8.66,8.92,6575
2024-01-21,8.91,9.03,8.63,8.96,28922
2024-01-22,9.48,9.7,9.03,9.4,16316
2024-01-23,8.91,9.0,8.62,8.81,17384
2024-01-24,9.05,9.28,8.6,8.95,8785
2024-01-25,8.37,8.67,8.13,8.62,20370
2024-01-26,9.04,9.33,8.69,9.03,16592
2024-01-27,9.04,9.24,8.63,9.12,34872
2024-01-28,8.76,9.33,8.68,8.94,25781
2024-01-29,8.98,9.09,8.92,9.06,48269
2024-01-30,9.55,9.66,9.15,9.55,24996
2024-01-31,9.52,9.57,9.24,9.47,10869
2024-02-01,9.29,9.68,9.08,9.31,19312
2024-02-02,9.25,9.33,9.05,9.29,15137
2024-02-03,9.37,9.65,9.03,9.3,21987
2024-02-04,9.23,9.43,9.2,9.24,67680
2024-02-05,9.53,9.57,9.15,9.49,39393
2024-02-06,9.57,9.77,9.2,9.58,28026
2024-02-07,8.84,9.18,8.68,8.94,14950
2024-02-08,8.98,9.02,8.61,8.98,19410
2024-02-09,9.7,9.74,9.25,9.51,36510
2024-02-10,9.6,9.9,9.52,9.57,65227
2024-02-11,9.29,9.39,8.93,9.31,5147
2024-02-12,9.4,9.77,9.26,9.34,15965
2024-02-13,9.46,9.59,9.11,9.49,15807
2024-02-14,9.77,9.92,9.4,9.77,7715
2024-02-15,10.21,10.49,10.12,10.29,14689
2024-02-16,9.65,9.9,9.39,9.78,88512
2024-02-17,10.11,10.2,9.75,10.16,28102
2024-02-18,10.05,10.09,9.8,10.04,33635
2024-02-19,9.65,9.99,9.42,9.69,55502
2024-02-20,9.42,9.55,9.31,9.46,29090
2024-02-21,9.63,9.98,9.49,9.54,28845
2024-02-22,9.36,9.74,9.18,9.2,20168
2024-02-23,9.47,9.71,9.0,9.36,16917
2024-02-24,8.99,9.37,8.97,9.12,9992
2024-02-25,9.38,9.68,9.19,9.35,88825
2024-02-26,9.97,10.01,9.8,9.87,42169
2024-02-27,9.78,9.96,9.26,9.65,9687
2024-02-28,10.13,10.34,9.95,9.97,25907
2024-02-29,9.68,9.89,9.57,9.65,12398
2024-03-01,9.85,10.2,9.43,9.96,21331
2024-03-02,10.03,10.48,9.83,10.06,20851
2024-03-03,10.93,11.03,10.26,10.54,21973
2024-03-04,10.87,11.26,10.5,10.82,21334
2024-03-05,10.98,11.28,10.57,10.93,32828
2024-03-06,11.25,11.56,10.91,11.14,57224
2024-03-07,11.04,11.19,10.9,11.02,12138
2024-03-08,11.04,11.29,10.74,10.98,32630
2024-03-09,10.98,11.35,10.76,11.04,67810
2024-03-10,10.71,11.17,10.38,10.56,33259
2024-03-11,10.21,10.78,9.95,10.39,7652
2024-03-12,9.89,10.27,9.61,9.82,59380
2024-03-13,9.78,10.16,9.42,9.78,15947
2024-03-14,9.64,10.08,9.53,9.71,26624
2024-03-15,9.56,9.78,9.48,9.62,18414
2024-03-16,9.42,9.62,8.8,9.2,29076
2024-03-17,9.36,9.59,9.31,9.36,13713
2024-03-18,9.45,9.5,9.38,9.45,9023
2024-03-19,9.44,9.77,9.04,9.42,46414
2024-03-20,9.22,9.53,8.95,9.26,16079
2024-03-21,8.88,9.22,8.63,8.85,44193
2024-03-22,8.92,9.03,8.72,8.91,22668
2024-03-23,9.52,9.55,9.18,9.38,59365
2024-03-24,9.46,9.64,9.13,9.32,17751
2024-03-25,8.92,9.16,8.7,8.85,63964
2024-03-26,8.71,8.73,8.4,8.7,23168
2024-03-27,8.54,8.96,8.16,8.59,69940
2024-03-28,8.58,8.8,8.22,8.56,20988
2024-03-29,8.76,8.93,8.67,8.69,56541
2024-03-30,9.04,9.43,8.58,8.92,34326
2024-03-31,9.04,9.1,8.66,9.01,21007
2024-04-01,9.33,9.71,8.92,9.32,9121
2024-04-02,10.12,10.54,9.7,10.09,12632
2024-04-03,10.08,10.4,9.49,9.92,14578
2024-04-04,10.03,10.07,9.68,10.03,27194
2024-04-05,10.14,10.56,9.95,10.21,41222
2024-04-06,10.05,10.27,9.66,10.0,48435
2024-04-07,9.52,10.05,9.1,9.71,40567
2024-04-08,9.55,9.79,9.5,9.53,40435
2024-04-09,10.28,10.43,9.77,10.09,27298
2024-04-10,10.48,10.59,10.14,10.55,33577
2024-04-11,10.78,11.02,10.41,10.79,11340
2024-04-12,10.35,10.58,10.28,10.43,32859
2024-04-13,10.2,10.58,9.95,10.15,6768
2024-04-14,10.7,10.96,10.28,10.7,16929
2024-04-15,10.22,10.66,9.87,10.26,51207
2024-04-16,10.23,10.71,10.08,10.26,120969
2024-04-17,9.78,10.3,9.42,10.14,22632
2024-04-18,9.73,9.81,9.39,9.71,34690
2024-04-19,10.25,10.58,10.06,10.18,46427
2024-04-20,10.3,10.71,9.78,10.2,24894
2024-04-21,10.48,10.83,10.07,10.5,35890
2024-04-22,10.44,10.81,10.34,10.7,15129
2024-04-23,10.99,11.28,10.78,10.95,8448
2024-04-24,10.99,11.49,10.83,11.04,19299
2024-04-25,11.11,11.37,11.03,11.2,23660
2024-04-26,11.02,11.53,10.87,11.21,38526
2024-04-27,11.33,11.74,10.86,11.29,21588
2024-04-28,10.82,11.46,10.67,10.97,63654
2024-04-29,11.33,11.74,11.0,11.46,23870
2024-04-30,11.22,11.64,10.81,11.24,40564
2024-05-01,11.13,11.55,10.75,11.36,55031
2024-05-02,11.41,11.75,10.91,11.35,84346
2024-05-03,11.47,11.76,10.97,11.55,48158
2024-05-04,12.08,12.44,11.45,11.93,21368
2024-05-05,12.09,12.62,11.64,11.96,12536
2024-05-06,12.45,12.86,11.94,12.72,13749
2024-05-07,13.21,13.54,13.0,13.28,8833
2024-05-08,12.95,13.31,12.83,13.11,46836
2024-05-09,12.87,13.28,12.83,13.14,18852
2024-05-10,13.2,13.41,12.79,13.06,44197
2024-05-11,13.78,14.35,13.49,13.82,26556
2024-05-12,14.36,14.73,14.25,14.41,29274
2024-05-13,14.68,14.74,14.14,14.62,19627
2024-05-14,14.32,14.52,13.93,14.14,16877
2024-05-15,13.51,13.85,13.19,13.49,39796
2024-05-16,13.77,13.99,13.64,13.92,34731
2024-05-17,13.76,14.6,13.31,14.07,122080
2024-05-18,14.65,15.18,14.16,14.63,60263
2024-05-19,14.89,15.31,14.47,14.77,32043
2024-05-20,14.21,14.53,13.93,14.45,33221
2024-05-21,14.72,14.77,14.41,14.61,7822
2024-05-22,14.04,14.49,13.65,14.11,36544
2024-05-23,14.17,14.65,13.75,14.31,188882
2024-05-24,15.0,15.52,14.55,14.96,36352
2024-05-25,14.84,15.2,14.53,14.76,15045
2024-05-26,14.72,14.92,14.15,14.48,4497
2024-05-27,15.46,15.7,14.92,15.04,27316
2024-05-28,15.53,16.03,15.12,15.38,66334
2024-05-29,15.88,16.36,15.3,15.8,46479
2024-05-30,15.86,16.14,15.26,15.74,14258
2024-05-31,16.77,17.01,15.88,16.38,78513
2024-06-01,15.86,16.6,15.28,16.0,33880
2024-06-02,16.37,16.42,15.67,16.18,41584
2024-06-03,15.99,16.61,15.52,16.24,60804
2024-06-04,16.19,16.97,15.94,16.45,20393
2024-06-05,15.88,16.26,15.61,16.1,90528
2024-06-06,16.26,17.05,15.96,16.48,18491
2024-06-07,16.9,17.34,16.0,16.63,9473
2024-06-08,17.26,17.73,16.65,16.91,14959
2024-06-09,18.3,18.53,17.67,17.82,23720
2024-06-10,17.88,17.92,17.62,17.8,43353
2024-06-11,17.93,18.65,16.96,17.67,29664
2024-06-12,17.32,18.04,17.11,17.25,52240
2024-06-13,16.77,17.17,16.36,16.65,8688
2024-06-14,16.7,17.44,16.27,16.57,25219
2024-06-15,16.47,16.69,16.03,16.5,23706
2024-06-16,16.92,17.49,16.83,16.87,28821
2024-06-17,17.3,17.51,16.77,17.14,80037
2024-06-18,16.51,16.84,16.4,16.79,5130
2024-06-19,16.24,16.79,15.93,16.32,14175
2024-06-20,16.77,17.04,15.95,16.56,32855
2024-06-21,16.53,16.97,16.33,16.4,17995
2024-06-22,17.09,17.33,16.87,17.09,6181
2024-06-23,17.44,17.64,17.08,17.31,39279
2024-06-24,17.14,17.2,16.21,16.95,24019
2024-06-25,17.6,18.35,17.39,17.53,26318
2024-06-26,18.3,18.93,17.49,18.35,14924
2024-06-27,18.87,19.11,18.47,18.76,48334
2024-06-28,19.72,20.61,19.38,19.8,43564
2024-06-29,18.69,19.52,18.12,18.66,14423
2024-06-30,18.39,18.61,17.63,18.54,6118
2024-07-01,18.56,18.89,18.04,18.76,40889
2024-07-02,18.69,19.38,18.17,18.99,34371
2024-07-03,18.74,19.19,17.83,18.58,70403
2024-07-04,19.43,19.77,19.34,19.45,20142
2024-07-05,18.96,19.38,18.24,18.96,9056
2024-07-06,19.84,20.36,18.94,19.83,9792
2024-07-07,19.25,20.66,18.79,19.86,6451
2024-07-08,20.51,21.59,20.44,20.88,41349
2024-07-09,21.28,22.07,20.58,21.38,24647
2024-07-10,21.76,22.64,21.57,21.62,14452
2024-07-11,21.95,22.6,21.58,21.81,21036
2024-07-12,22.2,22.45,22.14,22.37,14055
2024-07-13,23.23,24.16,22.42,23.26,8319
2024-07-14,23.92,24.39,23.03,23.31,24900
2024-07-15,23.8,23.98,22.91,23.82,25728
2024-07-16,25.08,25.74,24.59,25.22,9063
2024-07-17,24.95,26.41,24.53,25.34,17149
2024-07-18,24.14,24.51,23.26,24.21,69727
2024-07-19,23.71,24.66,23.33,23.53,15644
2024-07-20,21.44,22.77,20.73,21.85,10436
2024-07-21,22.86,23.1,21.76,22.5,30133
2024-07-22,23.02,23.86,22.83,23.19,42134
2024-07-23,22.5,22.55,21.6,22.37,21520
2024-07-24,23.16,23.38,22.72,22.77,13140
2024-07-25,23.58,24.48,23.44,23.58,18694
2024-07-26,24.06,24.28,23.77,24.09,63811
2024-07-27,23.37,24.34,23.14,23.49,63530
2024-07-28,23.28,24.01,22.28,22.9,66976
2024-07-29,23.58,24.46,23.14,23.53,25033
2024-07-30,23.94,24.47,23.6,23.72,15264
2024-07-31,23.47,24.28,22.74,23.56,20874
2024-08-01,23.14,23.95,23.06,23.48,11458
2024-08-02,24.23,24.82,23.12,23.41,15484
2024-08-03,23.58,24.18,22.69,23.09,65720
2024-08-04,24.34,25.3,23.19,23.88,25449
2024-08-05,25.61,26.36,25.16,25.77,33483
2024-08-06,25.48,25.68,24.5,25.49,7098
2024-08-07,26.34,26.86,25.92,26.26,21896
2024-08-08,26.3,26.63,26.0,26.38,39771
2024-08-09,25.91,25.98,25.1,25.54,11111
2024-08-10,24.0,24.09,23.32,23.77,35204
2024-08-11,24.02,24.28,23.32,23.62,11312
2024-08-12,24.63,24.99,23.73,24.53,26462
2024-08-13,23.99,24.62,23.51,23.92,11936
2024-08-14,24.47,25.76,23.67,24.76,13616
2024-08-15,25.39,27.08,24.57,25.93,18455
2024-08-16,27.36,28.49,26.85,27.27,12659
2024-08-17,27.18,28.59,27.06,27.45,24152
2024-08-18,27.41,28.5,26.84,27.2,17203
2024-08-19,26.36,27.16,25.11,25.87,128165
2024-08-20,27.08,27.61,26.95,27.02,7697
2024-08-21,27.71,28.0,26.19,27.27,31947
2024-08-22,26.17,27.15,25.92,26.14,63762
2024-08-23,26.76,26.93,26.29,26.77,15948
2024-08-24,28.26,28.84,27.42,27.71,11806
2024-08-25,27.51,28.12,26.53,26.9,13735
2024-08-26,27.23,28.08,26.48,27.78,16476
2024-08-27,27.87,28.87,27.76,28.03,6673
2024-08-28,28.76,29.68,27.47,29.29,2511
2024-08-29,28.94,29.91,27.87,29.1,5977
2024-08-30,29.06,29.95,27.8,29.02,40186
2024-08-31,28.51,29.15,28.14,28.45,44661
2024-09-01,28.29,28.6,26.95,28.02,23450
2024-09-02,27.36,27.84,26.6,27.17,21659
2024-09-03,26.22,26.57,25.32,26.4,48435
2024-09-04,26.76,27.94,26.15,26.57,25956
2024-09-05,25.39,26.17,24.57,25.9,39697
2024-09-06,25.86,27.01,25.39,25.75,43744
2024-09-07,23.76,25.0,23.23,24.14,16341
2024-09-08,25.83,26.37,24.26,25.14,22025
2024-09-09,24.85,25.04,24.02,24.91,15467
2024-09-10,23.5,24.96,23.35,24.03,19426
2024-09-11,23.94,24.87,23.3,23.86,21686
2024-09-12,23.65,24.41,23.57,23.95,16023
2024-09-13,22.67,23.87,22.57,23.03,26377
2024-09-14,23.22,24.01,23.14,23.66,42040
2024-09-15,23.29,24.53,22.65,23.62,22415
2024-09-16,24.3,24.39,23.35,24.3,3611
2024-09-17,22.97,23.97,22.08,23.53,6254
2024-09-18,24.3,24.85,23.62,24.09,56164
2024-09-19,24.31,24.69,23.33,24.3,9794
2024-09-20,24.55,25.72,24.26,24.84,39421
2024-09-21,26.95,27.7,25.13,26.08,13740
2024-09-22,25.1,25.54,24.45,25.26,56339
2024-09-23,24.42,25.17,23.33,24.53,18635
2024-09-24,23.56,23.96,22.86,23.41,19647
2024-09-25,23.58,23.82,22.86,23.06,25660
2024-09-26,23.52,24.06,22.5,23.15,8232
2024-09-27,22.73,22.97,22.24,22.66,54068
2024-09-28,22.71,23.62,22.54,22.73,18383
2024-09-29,22.56,23.4,21.93,22.32,28318
2024-09-30,21.7,22.51,21.25,21.93,18992
2024-10-01,21.42,21.75,21.24,21.33,4907
2024-10-02,21.33,21.82,20.87,21.5,49198
2024-10-03,21.96,22.13,21.86,21.96,19250
2024-10-04,21.65,22.32,21.41,21.61,25601
2024-10-05,21.11,22.29,20.29,21.42,98677
2024-10-06,20.99,21.97,20.56,21.39,20023
2024-10-07,21.68,22.63,21.37,21.63,13660
2024-10-08,22.93,23.97,22.18,23.09,23091
2024-10-09,23.08,23.77,22.66,23.46,10560
2024-10-10,23.17,23.32,22.27,23.23,29474
2024-10-11,23.46,24.58,22.92,23.66,36023
2024-10-12,22.83,24.2,21.86,23.2,26236
2024-10-13,22.65,23.39,21.09,22.09,83461
2024-10-14,23.05,23.86,22.39,23.25,21186
2024-10-15,22.87,23.44,21.9,22.57,54653
2024-10-16,22.95,23.68,22.15,23.12,9953
2024-10-17,23.11,23.32,22.33,23.21,25376
2024-10-18,23.8,24.01,23.07,23.59,19011
2024-10-19,23.31,23.73,22.74,23.45,69113
2024-10-20,24.14,25.1,23.4,23.67,21947
2024-10-21,24.03,24.5,23.81,24.07,43079
2024-10-22,25.58,26.14,25.35,25.63,8318
2024-10-23,25.15,25.61,23.97,24.71,31135
2024-10-24,24.32,24.54,24.12,24.24,13751
2024-10-25,26.35,27.03,25.31,25.74,58422
2024-10-26,25.69,26.8,24.93,25.44,38085
2024-10-27,26.26,27.1,25.17,26.7,29337
2024-10-28,25.37,26.05,25.19,25.64,136611
2024-10-29,26.33,26.89,25.87,26.31,70862
2024-10-30,26.68,27.53,25.9,26.78,34900
2024-10-31,27.82,28.34,26.96,27.89,16734
2024-11-01,28.08,29.26,28.02,28.54,29382
2024-11-02,27.47,28.39,26.36,28.01,89726
2024-11-03,28.45,29.41,28.25,28.35,24891
2024-11-04,29.18,29.97,28.09,29.2,41228
2024-11-05,30.67,31.04,29.31,30.58,3714
2024-11-06,30.45,30.53,30.14,30.31,83622
2024-11-07,30.05,30.66,29.24,29.71,83974
2024-11-08,28.89,29.66,28.12,29.21,20660
2024-11-09,28.64,29.53,27.97,28.39,22881
2024-11-10,27.48,28.47,26.68,27.23,12560
2024-11-11,26.27,27.31,25.22,25.8,18538
2024-11-12,25.48,26.6,24.79,24.89,16029
2024-11-13,26.12,26.54,24.74,25.7,21038
2024-11-14,26.63,27.18,25.96,26.59,24380
2024-11-15,26.66,26.85,25.81,26.48,36938
2024-11-16,27.29,27.71,26.77,27.27,114990
2024-11-17,27.07,27.68,26.0,27.17,12512
2024-11-18,28.18,29.12,27.65,28.48,7776
2024-11-19,27.33,28.01,27.0,27.12,14392
2024-11-20,26.85,27.71,25.79,27.03,102297
2024-11-21,26.48,27.59,25.71,26.39,18900
2024-11-22,26.56,27.41,25.78,26.99,26032
2024-11-23,27.31,28.1,26.31,27.25,59464
2024-11-24,27.43,28.2,26.39,27.47,23590
2024-11-25,27.22,28.19,26.26,27.37,14054
2024-11-26,28.5,29.05,27.91,28.24,41565
2024-11-27,27.88,29.55,27.34,28.32,44924
2024-11-28,27.82,27.93,26.5,27.55,5895
2024-11-29,27.3,28.26,26.95,27.13,18044
2024-11-30,28.79,29.7,28.59,28.84,39777
2024-12-01,28.46,28.7,27.89,28.35,8641
2024-12-02,27.41,28.74,26.44,28.01,34388
2024-12-03,27.36,27.68,26.26,27.58,39045
2024-12-04,29.21,30.71,28.59,29.39,21474
2024-12-05,28.89,29.29,27.82,29.01,39895
2024-12-06,28.17,29.15,27.35,28.23,38729
2024-12-07,27.43,28.23,26.89,27.3,3274
2024-12-08,26.44,27.29,25.85,26.53,8455
2024-12-09,26.37,27.67,25.75,26.88,47827
2024-12-10,25.44,26.04,24.86,25.33,47655
2024-12-11,25.96,26.71,25.16,25.58,10288
2024-12-12,26.11,26.76,25.8,26.58,28011
2024-12-13,26.62,26.96,25.7,26.74,29664
2024-12-14,25.47,25.8,25.2,25.46,17356
2024-12-15,25.89,26.04,25.37,25.98,29294
2024-12-16,25.52,25.97,24.93,25.79,27985
2024-12-17,26.15,26.49,25.46,25.68,36356
2024-12-18,26.13,27.14,25.43,26.02,21242
2024-12-19,25.18,26.53,24.26,25.8,13358
2024-12-20,26.89,27.33,26.53,26.77,53582
2024-12-21,27.72,28.56,26.5,27.22,19539
2024-12-22,26.52,27.37,25.48,26.82,16660
2024-12-23,24.83,25.38,23.76,24.83,36095
2024-12-24,24.8,26.02,23.83,24.95,8673
2024-12-25,24.03,25.42,23.93,24.49,17561
2024-12-26,23.46,24.61,22.56,23.9,28388
2024-12-27,22.99,23.7,22.41,22.66,1970
2024-12-28,23.44,23.93,23.15,23.69,32637
2024-12-29,23.13,23.96,22.55,22.62,44168
2024-12-30,22.5,23.0,21.78,22.63,13035
2024-12-31,22.75,23.81,21.79,22.81,67550
2025-01-01,23.6,24.11,22.56,23.35,30026
2025-01-02,23.36,23.48,22.7,23.16,23302
2025-01-03,24.16,24.37,23.19,23.69,108121
2025-01-04,22.52,23.0,22.08,22.72,18235
2025-01-05,22.84,23.46,21.87,22.86,63221
2025-01-06,23.75,24.32,23.05,23.82,21836
2025-01-07,24.03,24.94,23.64,24.16,15847
2025-01-08,24.28,24.63,23.39,24.18,6756
2025-01-09,24.97,25.08,24.0,24.7,36414
2025-01-10,26.35,26.86,26.11,26.19,32248
2025-01-11,26.28,27.73,25.86,26.55,37038
2025-01-12,26.3,27.83,25.81,27.05,73529
2025-01-13,26.65,27.22,25.97,26.21,41060
2025-01-14,27.55,27.71,26.83,27.16,41106
2025-01-15,26.35,27.05,25.75,26.43,12787
2025-01-16,26.41,26.57,25.33,26.45,61536
2025-01-17,26.78,27.37,25.98,26.95,215046
2025-01-18,26.7,27.06,26.37,26.48,68804
2025-01-19,26.55,27.04,26.1,26.16,31165
2025-01-20,26.94,27.23,26.45,26.85,37553
2025-01-21,27.19,28.11,26.4,26.85,39055
2025-01-22,27.48,27.94,26.49,27.37,15804
2025-01-23,28.28,29.17,27.41,27.94,19519
2025-01-24,29.6,31.06,28.32,29.98,20797
2025-01-25,28.57,28.91,28.21,28.31,14345
2025-01-26,29.44,30.71,28.66,29.29,36811
2025-01-27,30.0,31.17,29.45,30.1,40295
2025-01-28,29.75,30.02,29.17,29.61,11559
2025-01-29,30.07,31.16,28.76,30.07,49724
2025-01-30,29.85,30.82,28.6,30.17,22866
2025-01-31,29.96,31.28,28.62,30.14,25000
2025-02-01,31.31,32.59,29.91,31.0,24014
2025-02-02,31.55,32.23,30.81,31.6,26186
2025-02-03,32.82,34.04,30.75,32.07,18022
2025-02-04,31.69,32.85,31.09,31.3,50885
2025-02-05,30.65,31.64,30.37,30.98,17005
2025-02-06,30.16,30.52,28.42,29.76,37593
2025-02-07,31.22,32.25,29.93,31.22,26628
2025-02-08,31.3,32.54,30.6,31.05,20703
2025-02-09,33.5,34.74,32.72,33.43,22625
2025-02-10,33.45,33.85,32.87,32.96,20283
2025-02-11,32.41,32.96,31.47,32.22,20522
2025-02-12,30.69,32.14,29.84,30.84,6921
2025-02-13,29.0,30.18,28.16,29.5,22597
2025-02-14,29.21,30.53,28.42,29.79,34625
2025-02-15,28.63,30.18,28.4,28.97,22703
2025-02-16,28.19,28.78,26.91,27.7,25539
2025-02-17,27.69,28.55,26.59,27.7,13034
2025-02-18,29.61,30.79,29.06,29.45,9208
2025-02-19,28.99,29.82,28.08,28.59,12946
2025-02-20,28.72,29.86,27.65,28.15,25797
2025-02-21,28.18,28.73,26.81,27.99,19895
2025-02-22,27.8,28.35,26.87,27.8,39320
2025-02-23,27.26,27.92,27.02,27.15,63075
2025-02-24,26.84,27.67,25.53,26.72,13921
2025-02-25,25.74,26.04,25.18,25.79,4848
2025-02-26,25.76,26.44,25.01,25.99,53719
2025-02-27,26.99,27.55,26.35,27.03,12479
2025-02-28,27.02,28.06,26.13,26.8,11770
2025-03-01,26.33,27.07,25.29,26.29,18357
2025-03-02,27.87,29.12,27.41,27.52,43299
2025-03-03,26.98,27.34,26.53,27.14,42435
2025-03-04,27.25,28.31,27.04,27.22,36109
2025-03-05,26.68,28.17,26.07,27.05,20468
2025-03-06,27.52,27.76,27.03,27.68,20453
2025-03-07,27.44,27.53,26.02,26.79,79867
2025-03-08,26.57,27.24,25.89,26.69,15923
2025-03-09,26.75,27.94,26.44,27.1,22807
2025-03-10,27.08,28.49,26.72,27.48,20528
2025-03-11,26.36,27.1,25.49,25.82,69629
2025-03-12,26.19,26.79,25.05,25.93,29286
2025-03-13,26.44,27.22,26.27,26.61,14121
2025-03-14,24.17,25.05,23.39,24.44,12021
2025-03-15,23.5,24.8,23.43,23.84,86864
2025-03-16,22.93,24.07,22.15,23.75,9959
2025-03-17,23.43,23.95,23.36,23.69,30146
2025-03-18,23.61,24.53,23.32,23.57,5996
2025-03-19,23.6,24.25,22.79,23.49,8747
2025-03-20,23.97,24.96,22.73,23.75,21166
2025-03-21,23.15,24.04,22.61,23.2,123300
2025-03-22,22.82,24.02,22.37,22.99,45635
2025-03-23,22.32,22.6,21.68,22.52,35738
2025-03-24,23.2,23.43,22.24,23.31,32417
2025-03-25,22.08,23.32,21.95,22.61,10743
2025-03-26,22.4,22.95,21.26,22.27,37376
2025-03-27,23.43,24.39,22.45,23.24,15654
2025-03-28,22.65,23.84,21.75,22.96,36935
2025-03-29,23.25,24.04,22.98,23.03,6407
2025-03-30,22.41,22.91,21.71,22.54,38114
2025-03-31,23.45,23.57,23.22,23.38,55226
2025-04-01,23.18,23.77,23.07,23.16,38540
2025-04-02,23.4,23.53,22.79,23.27,14372
2025-04-03,24.2,24.99,24.11,24.21,23696
2025-04-04,25.67,25.98,24.41,25.03,25779
2025-04-05,25.57,26.26,25.42,25.61,74241
2025-04-06,25.99,26.25,25.5,25.68,56946
2025-04-07,25.43,26.14,24.6,25.59,71474
2025-04-08,25.93,26.71,25.48,25.78,55293
2025-04-09,26.07,26.49,25.61,25.94,18192
2025-04-10,25.23,26.56,24.87,25.72,7734
2025-04-11,27.69,28.12,27.0,27.07,29356
2025-04-12,27.24,28.56,26.23,27.52,22415
2025-04-13,28.98,29.82,28.25,28.73,44168
2025-04-14,27.16,27.86,26.57,27.55,47049
2025-04-15,27.54,28.23,27.22,27.6,31050
2025-04-16,27.32,28.5,26.67,27.61,10144
2025-04-17,28.75,28.98,28.11,28.5,17090
2025-04-18,28.86,30.13,28.43,28.65,21360
2025-04-19,29.06,29.9,28.77,29.06,30950
2025-04-20,29.29,30.36,28.09,28.93,10197
2025-04-21,28.47,28.87,27.5,28.4,18739
2025-04-22,29.78,29.89,29.53,29.81,45613
2025-04-23,28.77,29.96,28.25,28.93,30676
2025-04-24,29.43,29.6,28.32,29.14,37072
2025-04-25,27.78,28.2,26.43,27.61,11792
2025-04-26,27.42,27.79,26.02,26.77,19457
2025-04-27,26.06,26.16,25.16,25.82,34668
2025-04-28,25.58,26.69,24.54,25.63,12158
2025-04-29,25.84,26.83,25.65,26.16,7121
2025-04-30,25.95,27.02,25.89,26.24,10688
2025-05-01,25.89,27.22,24.9,26.3,16568
2025-05-02,25.22,25.78,24.94,25.29,16881
2025-05-03,24.29,25.32,23.18,24.23,18298
2025-05-04,23.86,24.58,23.2,24.37,9922
2025-05-05,23.43,23.89,22.76,23.57,24691
2025-05-06,22.97,23.25,22.48,23.0,15881
2025-05-07,21.37,21.66,20.99,21.59,8411
2025-05-08,22.26,23.32,21.55,22.55,16852
2025-05-09,21.42,22.46,20.9,21.78,8293
2025-05-10,22.9,23.86,22.34,22.94,54453
2025-05-11,23.9,24.24,23.48,23.53,30878
2025-05-12,22.89,23.93,22.72,23.15,35016
2025-05-13,22.23,22.74,21.49,22.16,13986
2025-05-14,23.32,24.3,23.25,23.53,28135
2025-05-15,24.07,24.95,22.66,23.43,25519
2025-05-16,22.99,23.58,22.73,22.9,16000
2025-05-17,22.51,22.71,21.77,22.48,10847
2025-05-18,23.14,23.2,22.46,22.84,16425
2025-05-19,22.35,23.05,20.88,21.79,63462
2025-05-20,21.73,22.82,21.49,21.92,15815
2025-05-21,21.56,22.17,20.48,21.38,49213
2025-05-22,21.83,22.12,21.39,21.96,31720
2025-05-23,21.76,21.9,20.75,21.48,36859
2025-05-24,21.79,22.06,20.96,21.53,53203
2025-05-25,20.35,21.05,20.19,20.34,29643
2025-05-26,20.03,20.92,19.69,19.87,21859
2025-05-27,19.68,20.54,19.47,20.04,24331
2025-05-28,18.89,19.76,18.45,19.26,19808
2025-05-29,19.09,19.47,18.59,19.04,23833
2025-05-30,18.34,18.82,17.92,18.72,12091
2025-05-31,19.04,19.68,18.04,18.45,24176
2025-06-01,18.51,19.31,18.18,18.53,10595
2025-06-02,19.28,20.07,18.42,19.01,15003
2025-06-03,18.27,18.83,18.1,18.31,62198
2025-06-04,17.81,18.59,17.05,17.75,82675
2025-06-05,17.68,18.06,17.0,17.53,23103
2025-06-06,18.06,18.44,17.93,18.11,8919
2025-06-07,18.84,18.94,17.55,18.34,6634
2025-06-08,18.83,19.14,18.38,18.57,24926
2025-06-09,18.33,19.06,17.76,18.31,53463
2025-06-10,17.85,18.37,17.57,17.68,7818
2025-06-11,17.48,18.18,16.73,17.34,52105
2025-06-12,17.23,17.76,16.64,17.37,33923
2025-06-13,16.6,17.22,16.18,16.98,32967
2025-06-14,18.19,18.59,18.0,18.37,86301
2025-06-15,18.33,19.11,17.54,18.5,22412
2025-06-16,19.39,19.82,18.85,19.42,32842
2025-06-17,19.56,19.65,18.47,19.3,14649
2025-06-18,18.52,18.7,18.33,18.62,15033
2025-06-19,18.1,18.57,17.64,18.22,257486
2025-06-20,18.12,18.61,17.74,18.1,18933
2025-06-21,18.02,18.39,17.66,17.86,106490
2025-06-22,17.74,18.49,17.03,17.86,19069
2025-06-23,18.04,18.74,17.65,18.14,21981
2025-06-24,18.56,19.27,18.1,18.53,24368
2025-06-25,18.22,18.81,17.57,18.46,35762
2025-06-26,18.75,19.74,18.55,19.0,31331
2025-06-27,18.67,18.82,18.45,18.52,11897
2025-06-28,17.97,18.42,17.54,18.26,198748
2025-06-29,19.9,20.02,19.85,19.92,67833
2025-06-30,19.23,19.73,18.74,19.15,8141
2025-07-01,19.36,19.83,19.26,19.39,157394
2025-07-02,19.24,19.36,18.88,19.06,113123
2025-07-03,19.46,20.11,18.55,19.28,66747
2025-07-04,20.03,20.87,19.74,20.11,8858
2025-07-05,20.37,20.5,19.63,20.12,7440
2025-07-06,19.64,19.99,18.82,19.72,25573
2025-07-07,19.39,20.23,18.77,19.29,19446
2025-07-08,18.65,19.21,18.17,18.44,15811
2025-07-09,18.28,18.61,17.48,18.31,56797
2025-07-10,19.2,19.83,18.4,19.07,46384
2025-07-11,19.25,19.99,18.38,19.13,16508
2025-07-12,19.11,19.3,18.36,18.92,4093
2025-07-13,18.76,18.9,18.2,18.7,26640
2025-07-14,18.28,18.83,17.84,18.34,6357
2025-07-15,17.73,18.6,17.04,18.03,127834
2025-07-16,16.96,17.24,16.39,17.1,17236
2025-07-17,17.88,18.64,17.39,17.75,25972
2025-07-18,16.85,17.38,16.76,17.26,12173
2025-07-19,16.65,17.39,16.44,16.82,35241
2025-07-20,17.64,17.82,17.18,17.48,27220
2025-07-21,18.55,19.12,17.47,18.05,22090
2025-07-22,17.65,18.35,17.24,17.55,7995
2025-07-23,18.47,18.98,17.62,17.96,6562
2025-07-24,18.1,19.13,17.61,18.48,36203
2025-07-25,17.92,19.08,17.28,18.32,24102
2025-07-26,18.3,18.8,17.36,18.09,28725
2025-07-27,17.84,18.18,16.97,17.77,27310
2025-07-28,17.74,18.42,17.09,17.78,24958
2025-07-29,18.21,18.87,17.51,18.23,43535
2025-07-30,18.62,19.02,18.19,18.61,32833
2025-07-31,19.42,19.91,19.22,19.49,35760
2025-08-01,20.04,20.24,19.06,19.87,42884
2025-08-02,19.58,20.01,18.8,19.79,20890
2025-08-03,19.43,20.12,18.81,19.46,15748
2025-08-04,19.71,20.4,19.32,19.41,18147
2025-08-05,19.04,19.38,18.99,19.29,18324
2025-08-06,19.47,19.91,19.01,19.04,10002
2025-08-07,18.94,19.54,18.11,19.19,21522
2025-08-08,19.58,20.07,18.61,19.22,76598
2025-08-09,19.64,20.0,19.11,19.5,14822
2025-08-10,19.36,20.33,18.61,19.48,66332
2025-08-11,20.48,20.53,19.58,20.45,23971
2025-08-12,19.94,20.46,19.34,19.65,42770
2025-08-13,19.35,19.83,18.67,19.57,66797
2025-08-14,20.26,20.92,19.88,20.24,10996
2025-08-15,20.46,21.33,19.75,20.13,48069
2025-08-16,20.95,21.93,20.03,21.02,122092
2025-08-17,20.95,21.94,20.34,21.28,21795
2025-08-18,21.89,22.41,20.7,21.35,58713
2025-08-19,21.76,22.15,20.97,21.68,11366
2025-08-20,21.45,21.61,20.53,21.14,13987
2025-08-21,20.39,21.49,19.69,20.71,23669
2025-08-22,19.42,19.52,19.33,19.47,14931
2025-08-23,18.65,19.38,17.81,18.88,12338
2025-08-24,18.5,18.9,17.91,18.42,27544
2025-08-25,18.7,18.88,18.24,18.7,78594
2025-08-26,18.74,19.32,18.1,18.7,10593
2025-08-27,18.96,19.32,18.43,18.79,29489
2025-08-28,19.31,20.18,19.12,19.42,28303
2025-08-29,20.1,20.74,19.35,20.25,16246
2025-08-30,18.98,19.76,18.14,18.91,7169
2025-08-31,18.77,19.36,18.26,19.22,37809
2025-09-01,19.92,20.13,19.21,19.85,7517
2025-09-02,19.34,19.84,18.45,19.3,18903
2025-09-03,19.22,20.0,18.75,19.39,10499
2025-09-04,19.81,20.49,19.47,19.93,43776
2025-09-05,18.95,19.77,18.04,18.48,10679
2025-09-06,18.87,19.14,18.39,18.57,40356
2025-09-07,19.13,19.95,18.65,19.42,75553
2025-09-08,18.85,18.9,18.26,18.75,22365
2025-09-09,18.98,20.24,18.71,19.46,10891
2025-09-10,19.42,19.78,18.69,19.44,36691
2025-09-11,18.89,19.39,18.51,18.65,35340
2025-09-12,18.45,19.27,17.96,18.63,42010
2025-09-13,18.91,19.72,18.4,19.12,12886
2025-09-14,19.05,19.39,18.79,18.87,30843
2025-09-15,17.72,18.25,17.43,17.96,30539
2025-09-16,17.19,17.47,16.64,17.28,23721
2025-09-17,17.27,17.31,16.73,17.24,16916
2025-09-18,17.69,18.49,17.5,17.83,214907
2025-09-19,17.39,18.09,17.03,17.29,7807
2025-09-20,17.01,17.41,16.56,17.32,10492
2025-09-21,17.19,17.73,16.84,17.14,88543
2025-09-22,16.89,17.81,16.52,17.08,29751
2025-09-23,17.04,17.4,16.76,17.14,60213
2025-09-24,17.65,18.14,16.88,17.72,11675
2025-09-25,18.05,18.51,17.59,17.83,35369
2025-09-26,17.68,18.26,16.97,17.73,59686
2025-09-27,18.48,19.05,18.01,18.59,13044
2025-09-28,17.63,18.17,17.04,17.98,10161
2025-09-29,18.08,18.67,17.75,17.99,78749
2025-09-30,17.8,18.03,17.26,17.84,88864
2025-10-01,18.05,18.28,17.39,17.97,33112
2025-10-02,17.45,18.0,17.35,17.81,32801
2025-10-03,17.49,17.85,16.55,17.15,18729
2025-10-04,18.14,18.65,17.51,18.14,55457
2025-10-05,17.92,18.61,17.21,17.91,94699
2025-10-06,17.57,18.05,17.13,17.69,27375
2025-10-07,17.36,17.56,16.41,17.1,12593
2025-10-08,17.51,17.85,17.32,17.42,52012
2025-10-09,18.23,18.48,17.8,18.32,28452
2025-10-10,18.39,18.93,17.96,18.66,42624
2025-10-11,18.85,19.91,18.59,19.09,9247
2025-10-12,18.76,18.93,18.04,18.61,14447
2025-10-13,20.46,21.05,19.9,20.64,40123
2025-10-14,21.17,21.88,20.06,20.77,136899
2025-10-15,22.26,23.18,21.09,21.85,17923
2025-10-16,23.32,23.52,22.78,23.28,40323
2025-10-17,22.74,23.42,22.52,22.86,16601
2025-10-18,23.44,23.81,22.72,23.31,5059
2025-10-19,24.13,25.42,23.61,24.35,80233
2025-10-20,23.31,24.07,22.75,23.62,141361
2025-10-21,24.7,25.65,24.28,24.71,24490
2025-10-22,24.8,25.32,23.75,24.28,76874
2025-10-23,24.97,25.85,23.93,25.03,15631
2025-10-24,24.1,24.16,22.85,23.27,43444
2025-10-25,24.19,24.67,23.32,24.39,38818
2025-10-26,24.0,24.7,23.43,23.5,12074
2025-10-27,24.15,24.66,23.48,23.74,14770
2025-10-28,22.75,23.41,22.03,22.74,35566
2025-10-29,21.99,22.07,21.42,21.75,37567
2025-10-30,21.51,21.74,21.32,21.62,12031
2025-10-31,22.29,22.46,21.5,22.28,23006
2025-11-01,23.29,23.72,22.62,23.02,47119
2025-11-02,22.59,23.31,21.67,22.79,61254
2025-11-03,22.56,23.07,21.7,22.28,15143
2025-11-04,21.4,22.45,20.87,21.7,12360
2025-11-05,20.61,20.86,19.76,20.73,18116
2025-11-06,21.2,21.7,20.26,21.1,52254
2025-11-07,20.47,21.09,20.13,20.39,92141
2025-11-08,20.45,20.64,20.33,20.44,101683
2025-11-09,20.11,20.42,19.85,20.07,30004
2025-11-10,19.91,20.58,19.53,20.04,87181
2025-11-11,19.9,20.65,19.52,19.84,2564
2025-11-12,20.08,20.81,19.52,20.08,28349
2025-11-13,19.13,19.7,18.58,19.29,31976
2025-11-14,19.7,19.95,18.65,19.48,40839
2025-11-15,19.63,20.02,19.4,19.52,30200
2025-11-16,20.53,20.7,20.35,20.41,30801
2025-11-17,20.19,21.04,19.58,20.01,15223
2025-11-18,19.11,19.49,18.48,19.38,70382
2025-11-19,19.51,20.08,19.05,19.57,19722
2025-11-20,19.94,21.03,19.25,20.52,4727
2025-11-21,20.28,20.53,19.71,19.88,46508
2025-11-22,19.67,20.15,18.92,19.99,17501
2025-11-23,19.8,20.51,18.72,19.56,35321
2025-11-24,19.41,20.08,18.69,19.43,37396
2025-11-25,19.38,19.53,19.09,19.39,36456
2025-11-26,19.21,19.31,18.22,18.96,20134
2025-11-27,18.96,19.05,18.89,19.01,10694
2025-11-28,18.79,19.23,18.35,18.7,29394
2025-11-29,18.32,18.77,17.98,18.23,30882
2025-11-30,18.28,19.04,17.8,18.16,36893
2025-12-01,18.44,19.02,17.42,18.12,77564
2025-12-02,18.34,18.67,18.26,18.33,46387
2025-12-03,17.89,18.14,17.42,18.04,19951
2025-12-04,17.56,17.73,17.13,17.67,33551
2025-12-05,17.98,18.67,17.29,17.79,28000
2025-12-06,17.48,18.51,17.35,17.75,4467
2025-12-07,18.14,18.73,17.77,17.94,64741
2025-12-08,18.27,18.64,17.95,18.12,21840
2025-12-09,17.29,17.85,16.7,16.8,25670
2025-12-10,16.96,17.15,16.06,16.77,49654
2025-12-11,15.68,16.52,15.19,15.88,18157
2025-12-12,14.79,15.37,14.38,15.12,50156
2025-12-13,15.0,15.6,14.32,14.93,22916
2025-12-14,15.46,15.99,15.22,15.42,8464
2025-12-15,15.24,15.66,14.83,15.27,30993
2025-12-16,15.35,15.77,14.95,15.1,34855
2025-12-17,16.52,16.62,15.97,16.3,36555
2025-12-18,15.76,16.31,15.0,15.65,15988
2025-12-19,15.01,15.34,14.44,15.06,10990
2025-12-20,14.98,15.54,14.81,15.02,20535
2025-12-21,15.63,15.73,15.26,15.41,29282
2025-12-22,15.3,15.61,14.99,15.31,13721
2025-12-23,15.25,15.86,15.14,15.36,24183
2025-12-24,15.74,15.87,15.68,15.81,14370
2025-12-25,15.93,16.22,15.17,15.77,17707
2025-12-26,16.65,16.86,15.91,16.38,12649
2025-12-27,16.77,16.82,15.79,16.32,41531
2025-12-28,16.38,17.24,15.69,16.64,34044
2025-12-29,16.0,16.06,15.74,15.88,21578
2025-12-30,15.53,15.99,15.33,15.66,27315
2025-12-31,16.31,16.84,15.37,16.08,20214
2026-01-01,15.68,16.28,15.64,15.89,29080
2026-01-02,15.53,15.71,14.85,15.45,32546
2026-01-03,15.75,16.57,15.34,15.93,152448
2026-01-04,16.32,17.02,16.01,16.21,234460
2026-01-05,15.48,15.93,14.95,15.19,16901
2026-01-06,16.06,16.69,15.83,16.03,24311
2026-01-07,15.67,16.13,15.53,15.92,34429
2026-01-08,16.05,16.66,15.81,15.93,29090
2026-01-09,15.81,16.4,15.32,15.75,135542
2026-01-10,16.18,16.65,15.31,15.95,84902
2026-01-11,16.12,16.83,15.49,16.05,35536
2026-01-12,15.99,16.59,15.38,15.96,24247
2026-01-13,16.18,16.54,15.95,16.01,72770
2026-01-14,16.22,16.46,15.98,16.21,39083
2026-01-15,16.51,16.86,16.02,16.58,10794
2026-01-16,15.33,15.81,15.19,15.71,31127
2026-01-17,15.26,15.55,14.88,15.52,15524
2026-01-18,16.05,16.67,15.28,15.98,29452
2026-01-19,16.28,16.54,15.81,16.1,7400
2026-01-20,15.93,16.61,15.59,16.1,8540
2026-01-21,15.79,16.27,15.66,15.94,12035
2026-01-22,15.8,16.06,15.17,15.43,15379
2026-01-23,16.15,16.39,15.25,15.97,13076
2026-01-24,15.75,16.38,15.41,15.77,45002
2026-01-25,16.04,16.64,15.42,15.82,63016
2026-01-26,15.63,15.86,15.08,15.36,13500
2026-01-27,14.88,15.4,14.68,14.95,27225
2026-01-28,14.62,15.1,14.17,14.86,12459
2026-01-29,15.47,16.08,14.9,15.33,71071
2026-01-30,14.72,15.31,14.3,14.77,33351
2026-01-31,14.62,15.06,13.54,14.14,24085
2026-02-01,14.3,14.69,13.74,13.91,35898
2026-02-02,14.12,14.61,13.85,13.93,7074
2026-02-03,14.26,14.64,14.04,14.38,48176
2026-02-04,14.68,14.91,14.34,14.73,42220
2026-02-05,15.1,15.37,14.5,15.12,6450
2026-02-06,14.67,15.19,14.42,14.7,7870
2026-02-07,14.68,15.02,14.5,14.57,27375
2026-02-08,15.17,15.45,14.76,15.03,24339
2026-02-09,15.2,15.39,14.78,15.0,32567
2026-02-10,14.75,14.99,14.24,14.8,22915
2026-02-11,14.3,14.66,13.66,14.37,94136
2026-02-12,13.6,14.13,13.45,13.73,22648
2026-02-13,13.86,14.09,13.26,14.02,27620
2026-02-14,13.38,13.68,13.14,13.48,59247
2026-02-15,13.2,13.89,12.9,13.54,7907
2026-02-16,14.27,14.64,14.17,14.28,23159
2026-02-17,13.81,14.38,13.63,13.9,30062
2026-02-18,13.38,13.56,13.12,13.42,13429
2026-02-19,14.08,14.64,13.61,13.85,27610
2026-02-20,13.27,13.66,12.48,13.01,24872
2026-02-21,12.94,13.4,12.69,12.94,15390
2026-02-22,12.82,13.22,12.28,12.71,37890
2026-02-23,12.74,13.1,12.7,12.75,33331
2026-02-24,12.9,13.23,12.77,12.89,21601
2026-02-25,12.97,13.58,12.69,13.11,15367
2026-02-26,12.53,13.15,12.45,12.6,18032
2026-02-27,12.7,13.27,12.4,12.81,16681
2026-02-28,12.71,12.96,12.58,12.91,11496
2026-03-01,12.49,12.74,12.31,12.54,22280
2026-03-02,13.13,13.21,12.62,13.11,13767
2026-03-03,12.73,13.23,12.3,12.68,13027
2026-03-04,12.52,12.64,12.14,12.28,34118
2026-03-05,12.03,12.52,11.97,12.19,44448
2026-03-06,12.5,13.03,12.02,12.54,9853
2026-03-07,12.55,12.86,12.34,12.74,43213
2026-03-08,12.64,13.36,12.39,12.9,51310
2026-03-09,12.33,12.46,11.86,12.39,4612
2026-03-10,12.36,12.6,12.27,12.42,11703
2026-03-11,13.32,13.48,12.8,12.97,31019
2026-03-12,13.66,14.24,13.26,13.68,30856
2026-03-13,14.05,14.27,13.48,14.06,12228
2026-03-14,14.93,15.51,13.97,14.59,9647
2026-03-15,14.42,14.96,13.86,14.47,13716
2026-03-16,14.48,14.76,14.24,14.47,35589
2026-03-17,14.08,14.45,13.99,14.07,6811
2026-03-18,13.98,14.46,13.87,14.17,17018
2026-03-19,13.25,13.66,13.17,13.6,42876
2026-03-20,14.13,14.62,13.63,14.24,18379
2026-03-21,15.37,15.78,15.31,15.45,33317
2026-03-22,15.09,15.41,14.49,15.34,27417
2026-03-23,15.99,16.39,15.39,16.11,25822
2026-03-24,16.72,17.04,15.66,16.35,31234
2026-03-25,16.87,17.39,16.14,16.55,24980
2026-03-26,16.28,16.89,15.84,16.08,18896
2026-03-27,15.48,15.71,15.17,15.66,7732
2026-03-28,16.48,16.73,15.95,16.14,13921
2026-03-29,15.75,16.39,15.56,15.61,18589
2026-03-30,16.06,16.42,15.56,16.05,8581
2026-03-31,14.6,15.03,14.28,14.76,49499
2026-04-01,14.66,15.13,14.6,14.85,33963
2026-04-02,15.31,15.53,14.83,15.4,9671
2026-04-03,15.96,16.63,15.68,15.79,16912
2026-04-04,15.82,15.88,15.69,15.83,51299
2026-04-05,16.19,16.86,16.04,16.16,12793
2026-04-06,16.0,16.53,15.93,16.13,13371
2026-04-07,16.32,16.46,15.47,16.18,22892
2026-04-08,16.4,17.09,16.31,16.37,4988
2026-04-09,17.72,17.81,17.36,17.56,68428
2026-04-10,18.19,18.33,17.35,18.08,78816
2026-04-11,18.97,19.35,18.56,19.25,12680
2026-04-12,20.27,21.23,19.75,20.32,48451
2026-04-13,19.28,19.81,18.52,19.59,29057
2026-04-14,19.95,20.34,18.99,19.3,21642
2026-04-15,20.16,20.55,19.75,19.99,15377
2026-04-16,20.08,21.04,19.25,20.37,15020
2026-04-17,20.37,20.77,20.17,20.73,25752
2026-04-18,21.57,22.03,20.94,21.62,9997
2026-04-19,22.21,22.94,20.92,21.87,41420
2026-04-20,21.65,22.22,20.74,21.7,50475
2026-04-21,22.28,23.18,21.85,22.08,117673
2026-04-22,21.69,22.17,21.43,21.64,39199
2026-04-23,20.63,21.24,20.32,20.8,19311
2026-04-24,20.66,21.02,19.93,20.55,23022
2026-04-25,21.33,22.18,21.09,21.16,13275
2026-04-26,21.2,21.38,20.77,21.06,22815
2026-04-27,21.91,22.87,20.83,21.66,43420
2026-04-28,22.67,23.6,21.72,22.44,36999
2026-04-29,22.44,23.22,22.34,22.74,5902
2026-04-30,22.73,23.79,22.47,22.93,32050
2026-05-01,22.98,23.5,21.96,22.89,33397
2026-05-02,23.06,23.81,22.62,22.92,62020
2026-05-03,23.81,23.88,22.76,23.6,14818
2026-05-04,22.16,22.78,21.41,22.49,5518
2026-05-05,22.67,23.58,22.01,22.63,14935
2026-05-06,23.0,23.82,22.45,23.4,11765
2026-05-07,23.81,23.87,22.84,23.71,51955
2026-05-08,23.5,23.97,22.87,23.34,5453
2026-05-09,23.32,23.85,22.69,23.11,15108
2026-05-10,23.43,23.97,23.16,23.5,10625
2026-05-11,24.3,24.78,23.51,23.88,33521
2026-05-12,24.31,25.48,24.21,24.52,26792
2026-05-13,24.74,25.1,23.88,24.35,22120
2026-05-14,23.44,24.35,22.62,23.63,9063
2026-05-15,23.51,24.55,22.68,22.95,22739
2026-05-16,22.95,23.76,22.77,22.84,13341
2026-05-17,21.85,22.42,21.36,22.06,72120
2026-05-18,22.62,23.74,22.49,22.76,27279
2026-05-19,22.39,23.4,21.47,22.62,20659
2026-05-20,22.03,23.09,21.28,22.47,17069
2026-05-21,23.21,23.39,22.24,23.2,20938
2026-05-22,22.83,23.36,22.28,22.65,4050
2026-05-23,22.93,23.62,22.73,23.13,16503
2026-05-24,24.05,24.53,23.2,24.43,29567
2026-05-25,24.14,25.06,23.08,23.99,93112
2026-05-26,23.71,24.19,22.9,24.03,17649
2026-05-27,24.36,24.71,22.67,23.74,16403
2026-05-28,24.46,24.96,23.48,23.96,9698
2026-05-29,24.24,25.6,23.42,24.53,8102
2026-05-30,25.14,26.03,24.21,25.03,36859
2026-05-31,26.09,26.72,25.12,26.13,58983
2026-06-01,25.88,26.75,24.85,25.94,22862
2026-06-02,26.07,27.45,25.13,26.44,6253
2026-06-03,26.88,27.4,25.99,26.58,102287
2026-06-04,26.66,27.95,26.04,26.94,44889
2026-06-05,26.16,27.44,25.43,26.32,78171
2026-06-06,25.97,27.72,25.25,26.85,50808
2026-06-07,27.74,27.9,25.88,27.06,74971
2026-06-08,26.86,27.5,26.44,26.76,25421
2026-06-09,25.5,25.92,24.94,25.66,32804
2026-06-10,24.84,25.24,24.68,24.88,8076
2026-06-11,25.89,26.29,25.63,25.77,14625
2026-06-12,26.46,26.99,25.79,25.88,171414
2026-06-13,25.87,26.98,25.33,26.45,18235
2026-06-14,26.41,26.8,25.79,26.43,28800
2026-06-15,25.94,26.33,25.77,25.85,19144
2026-06-16,26.13,26.26,25.42,25.73,13619
2026-06-17,26.24,26.75,25.2,26.31,14908
2026-06-18,25.8,26.43,25.11,25.7,15782
2026-06-19,26.61,27.12,25.59,26.25,42331
2026-06-20,25.48,25.55,24.42,25.42,16179
2026-06-21,25.82,26.85,24.77,25.55,61812
2026-06-22,25.9,26.54,25.06,25.16,16831
2026-06-23,24.88,25.28,24.06,24.62,63267
2026-06-24,23.79,24.83,23.12,23.81,21031
2026-06-25,23.65,24.24,23.18,24.17,17042
2026-06-26,23.31,23.38,22.4,23.07,31288
2026-06-27,24.08,25.06,23.36,23.86,23368
2026-06-28,23.46,24.5,22.79,23.16,39726
2026-06-29,22.23,22.75,21.57,22.15,16698
2026-06-30,22.53,22.99,22.11,22.5,33735
2026-07-01,21.73,22.9,21.22,22.06,143711
2026-07-02,20.88,21.81,20.65,21.13,17440
2026-07-03,19.65,20.28,18.96,19.79,10951
2026-07-04,19.48,20.44,18.94,19.61,81770
2026-07-05,18.95,19.4,18.13,19.01,20518
2026-07-06,18.29,18.49,17.23,17.97,11539
2026-07-07,18.91,19.35,18.62,18.74,7189
2026-07-08,17.42,17.86,17.08,17.69,16277
2026-07-09,18.13,18.24,17.4,17.61,42126
2026-07-10,17.28,18.11,16.78,17.65,40154
2026-07-11,17.83,18.27,17.76,18.09,19551
2026-07-12,18.68,19.12,18.07,19.05,14394
2026-07-13,18.83,19.38,18.68,19.06,13267
2026-07-14,18.58,19.4,18.5,18.65,14205
2026-07-15,18.4,18.82,18.05,18.17,28039
2026-07-16,18.5,18.77,17.88,18.67,22379
2026-07-17,18.91,19.18,18.29,18.58,11011
2026-07-18,19.23,20.03,18.46,18.85,37021
2026-07-19,19.53,19.76,18.99,19.57,8050
2026-07-20,20.27,20.88,19.7,19.93,18771
2026-07-21,20.02,20.48,19.57,19.95,98707
2026-07-22,18.29,19.04,17.86,18.43,118217
2026-07-23,18.95,19.51,18.43,18.94,38015
2026-07-24,19.34,19.97,18.92,19.16,175522
2026-07-25,19.26,19.86,18.31,19.11,27417
2026-07-26,19.63,20.27,19.27,19.7,32721
2026-07-27,19.94,20.6,18.98,19.75,15641
2026-07-28,20.04,20.29,19.68,20.21,45704
2026-07-29,20.34,21.14,19.42,20.22,28655
2026-07-30,21.0,21.06,19.98,20.74,34362
2026-07-31,20.53,20.72,20.33,20.65,6745
2026-08-01,19.93,20.24,19.25,19.96,7336
2026-08-02,20.36,21.07,19.82,20.55,38222
2026-08-03,19.85,20.16,19.46,20.11,14444
2026-08-04,19.5,20.06,19.11,19.55,49159
2026-08-05,18.53,19.57,17.96,19.13,14586
2026-08-06,19.55,19.72,19.3,19.45,114884
2026-08-07,18.84,19.88,18.8,19.05,10589
2026-08-08,18.49,18.6,17.88,18.41,140644
2026-08-09,17.65,18.48,17.15,17.73,10019
2026-08-10,18.1,18.94,17.42,18.3,37782
2026-08-11,18.1,18.45,17.79,18.06,20113
2026-08-12,18.17,18.77,17.67,17.86,4876
2026-08-13,17.42,18.2,17.33,17.67,86418
2026-08-14,18.5,18.72,17.54,18.09,37119
2026-08-15,17.94,18.18,17.38,17.74,14362
2026-08-16,17.93,18.6,17.78,17.98,20866
2026-08-17,18.44,19.32,17.64,18.69,27220
2026-08-18,19.09,19.58,18.9,19.08,16977
2026-08-19,19.0,19.53,18.43,19.11,38994
2026-08-20,19.47,20.35,18.74,19.49,13102
2026-08-21,18.78,19.28,18.47,19.11,20219
2026-08-22,19.26,19.32,18.09,18.75,6393
2026-08-23,20.11,20.77,19.37,19.72,50110
2026-08-24,19.61,19.84,18.86,19.47,36468
2026-08-25,19.74,20.31,19.18,19.74,5055
2026-08-26,19.87,20.34,19.47,19.84,84687
2026-08-27,20.07,20.32,19.87,20.27,34546
2026-08-28,21.13,21.38,20.3,21.07,12062
2026-08-29,20.69,21.73,19.76,21.04,27903
2026-08-30,21.36,21.86,20.4,21.1,73040
2026-08-31,20.98,21.67,20.39,21.01,29097
2026-09-01,20.63,21.75,20.23,21.17,93538
2026-09-02,21.23,22.07,20.52,21.07,61822
2026-09-03,21.95,22.42,21.71,22.13,111352
2026-09-04,21.6,22.08,21.27,21.62,19476
2026-09-05,21.69,22.49,21.45,21.76,68499
2026-09-06,21.32,21.64,20.81,21.34,6167
2026-09-07,20.86,21.52,20.01,21.32,30763
2026-09-08,20.99,21.56,20.01,20.85,9599
2026-09-09,20.66,21.8,19.96,20.87,38570
2026-09-10,20.62,20.94,19.12,19.97,23697
2026-09-11,20.08,20.41,19.16,19.7,13141
2026-09-12,19.43,19.67,18.61,19.24,58652
2026-09-13,18.91,19.62,18.28,18.85,10866
2026-09-14,19.12,19.23,18.75,19.11,14379
2026-09-15,19.77,20.34,18.89,19.39,10134
2026-09-16,19.81,19.89,19.19,19.36,16928
2026-09-17,19.48,19.76,18.89,19.52,24734
2026-09-18,19.47,20.01,19.17,19.44,37505
2026-09-19,19.03,19.88,18.34,19.17,77080
2026-09-20,20.05,20.31,19.6,20.1,23808
