Date,Open,High,Low,Close,Volume
2011-01-03,1000.00,1003.64,999.27,1000.00,18630
2011-01-04,999.35,1001.59,991.70,992.79,20090
2011-01-05,993.43,993.59,990.16,990.84,17460
2011-01-06,992.05,992.66,989.98,990.78,18850
2011-01-07,992.04,993.44,990.93,992.86,22360
2011-01-10,992.64,992.73,985.70,987.87,21160
2011-01-11,986.15,996.09,983.50,993.90,14030
2011-01-12,997.68,998.62,994.97,995.11,12700
2011-01-13,995.91,996.95,991.12,992.58,24200
2011-01-14,991.66,993.89,981.13,985.16,18070
2011-01-18,986.15,987.92,979.89,982.03,33910
2011-01-19,980.03,986.25,979.41,985.65,12840
2011-01-20,983.91,989.15,979.37,988.49,21980
2011-01-21,988.73,994.97,988.48,993.03,18070
2011-01-24,992.52,994.11,988.00,990.59,23560
2011-01-25,989.60,994.88,987.02,994.49,20650
2011-01-26,993.00,995.32,990.70,993.65,20040
2011-01-27,992.97,1003.49,991.25,1000.99,25540
2011-01-28,1002.46,1004.36,999.74,1001.58,19010
2011-01-31,1000.24,1001.58,996.54,996.71,14570
2011-02-01,995.81,997.49,993.11,995.28,20760
2011-02-02,997.19,1000.89,996.19,996.55,15470
2011-02-03,997.59,999.81,997.50,998.28,20860
2011-02-04,996.46,1003.03,994.45,1000.92,18120
2011-02-07,1002.03,1004.12,998.31,999.15,11790
2011-02-08,998.00,1004.81,995.05,1000.26,16930
2011-02-09,1001.95,1008.61,1000.45,1006.26,14320
2011-02-10,1006.27,1012.11,1005.69,1011.71,18670
2011-02-11,1011.16,1014.98,1010.55,1014.01,24020
2011-02-14,1012.94,1019.97,1012.14,1017.74,16190
2011-02-15,1014.40,1017.08,1007.56,1009.66,20070
2011-02-16,1006.53,1012.92,1005.52,1011.10,18640
2011-02-17,1011.81,1013.98,1009.63,1011.67,23720
2011-02-18,1010.35,1011.08,1005.55,1010.04,17290
2011-02-22,1009.07,1011.39,1005.93,1011.30,19850
2011-02-23,1012.73,1014.14,1004.97,1008.38,18330
2011-02-24,1007.66,1008.10,1004.49,1007.42,13280
2011-02-25,1005.46,1011.14,1002.77,1009.12,16250
2011-02-28,1007.30,1008.56,1000.33,1007.66,22820
2011-03-01,1007.45,1009.94,1004.85,1008.82,17450
2011-03-02,1011.10,1014.61,1010.55,1013.21,24950
2011-03-03,1013.87,1013.94,1005.71,1006.20,21560
2011-03-04,1004.76,1006.15,1001.48,1003.48,26890
2011-03-07,1004.33,1006.48,992.99,994.29,15830
2011-03-08,993.39,999.63,992.76,998.80,10430
2011-03-09,998.97,1004.74,998.96,1003.75,19760
2011-03-10,1003.89,1007.18,1003.81,1007.03,20020
2011-03-11,1010.17,1010.90,1008.28,1010.43,20970
2011-03-14,1011.72,1012.01,1006.36,1008.25,25730
2011-03-15,1007.87,1016.73,1007.86,1016.10,21530
2011-03-16,1019.79,1021.27,1017.73,1020.84,23770
2011-03-17,1019.26,1019.48,1004.11,1007.13,26930
2011-03-18,1006.90,1009.57,1005.94,1009.17,23290
2011-03-21,1009.75,1015.70,1009.47,1013.62,16220
2011-03-22,1016.08,1016.67,1003.74,1007.60,19440
2011-03-23,1008.24,1014.83,1007.93,1012.19,15700
2011-03-24,1009.89,1010.72,1008.28,1008.44,22320
2011-03-25,1009.73,1011.69,1001.81,1003.48,21610
2011-03-28,1003.12,1005.87,997.64,1000.38,17840
2011-03-29,1001.28,1007.80,999.32,1006.67,15900
2011-03-30,1007.71,1009.60,1005.52,1005.67,14190
2011-03-31,1005.82,1010.25,1002.27,1009.05,14520
2011-04-01,1007.04,1008.37,1006.56,1008.07,24140
2011-04-04,1009.70,1018.17,1007.28,1018.10,17090
2011-04-05,1017.66,1019.94,1009.74,1012.87,20190
2011-04-06,1015.38,1017.50,1010.24,1011.14,19980
2011-04-07,1008.02,1013.88,1004.57,1013.72,15540
2011-04-08,1014.10,1016.33,1013.35,1015.91,25560
2011-04-11,1015.25,1016.07,1003.87,1008.22,23030
2011-04-12,1008.49,1017.35,1004.43,1015.57,23700
2011-04-13,1015.31,1016.54,1014.65,1015.24,28110
2011-04-14,1015.12,1018.19,1005.46,1006.83,20620
2011-04-15,1005.98,1008.93,1001.92,1007.39,15630
2011-04-18,1010.12,1010.55,1007.43,1007.50,26820
2011-04-19,1010.84,1012.34,993.59,994.73,15060
2011-04-20,993.62,1005.16,992.10,1001.14,24800
2011-04-21,998.23,1004.28,997.02,1003.48,25850
2011-04-22,1004.38,1006.23,997.96,999.75,21450
2011-04-25,999.97,1001.61,994.76,996.90,19550
2011-04-26,998.46,1000.04,998.20,998.29,22340
2011-04-27,997.27,997.95,994.65,997.54,19880
2011-04-28,996.97,997.45,996.03,997.32,14150
2011-04-29,996.24,996.68,989.53,991.94,12990
2011-05-02,990.43,997.61,989.36,996.90,17070
2011-05-03,995.09,998.18,994.40,997.40,20050
2011-05-04,998.76,1001.50,989.50,990.17,25520
2011-05-05,993.36,994.43,981.94,984.68,19790
2011-05-06,982.49,990.96,979.48,989.44,25460
2011-05-09,989.90,992.01,985.20,987.55,21030
2011-05-10,987.88,993.00,983.17,992.00,22370
2011-05-11,992.76,993.69,986.57,989.63,25080
2011-05-12,989.54,997.99,987.23,994.10,9790
2011-05-13,993.25,1000.74,992.71,997.79,11830
2011-05-16,999.33,1000.44,994.37,995.88,15920
2011-05-17,996.91,997.14,991.90,992.13,18960
2011-05-18,991.28,995.99,989.92,994.88,17130
2011-05-19,992.15,999.98,991.61,996.64,26290
2011-05-20,998.55,1001.53,988.94,991.73,12350
2011-05-23,992.64,994.08,979.73,982.07,25350
2011-05-24,981.32,993.28,981.23,990.42,17610
2011-05-25,991.39,995.10,987.47,992.98,24170
2011-05-26,992.32,993.47,988.10,993.32,15600
2011-05-27,996.71,997.20,996.03,996.20,22920
2011-05-31,995.51,997.28,993.85,993.98,15580
2011-06-01,991.89,1003.93,990.08,1003.18,22730
2011-06-02,1003.86,1004.89,995.91,997.07,20600
2011-06-03,996.62,1003.99,995.49,1003.51,20440
2011-06-06,1003.82,1005.03,999.99,1000.33,25430
2011-06-07,1001.53,1004.34,990.65,993.24,21000
2011-06-08,992.23,993.93,990.24,993.45,20680
2011-06-09,993.17,995.60,991.58,991.83,21690
2011-06-10,992.22,998.16,988.42,996.63,22780
2011-06-13,996.67,1003.61,995.83,1001.52,21460
2011-06-14,1001.48,1005.35,988.32,990.42,22000
2011-06-15,989.23,996.21,987.10,994.94,26680
2011-06-16,997.09,998.72,994.85,998.62,23750
2011-06-17,1000.38,1015.65,1000.05,1012.20,26440
2011-06-20,1012.38,1013.23,1011.43,1011.46,24070
2011-06-21,1013.66,1015.74,997.24,997.28,20660
2011-06-22,996.48,1002.35,994.13,1001.17,23870
2011-06-23,1004.03,1005.59,1001.52,1002.38,27340
2011-06-24,1002.43,1005.88,1002.30,1004.50,24950
2011-06-27,1007.86,1009.70,1003.14,1003.57,27900
2011-06-28,1000.86,1001.31,997.76,999.96,26340
2011-06-29,1001.46,1001.61,999.72,1000.59,15310
2011-06-30,998.99,1002.84,998.51,1002.64,21340
2011-07-01,1004.02,1004.28,998.03,998.17,22780
2011-07-05,997.95,1009.25,997.35,1009.05,25900
2011-07-06,1011.06,1012.64,1005.89,1005.93,15040
2011-07-07,1004.39,1004.86,1002.18,1003.59,17760
2011-07-08,1003.69,1005.29,992.68,994.28,19540
2011-07-11,992.51,1006.83,992.45,1003.04,22920
2011-07-12,1001.68,1004.47,995.74,999.18,18150
2011-07-13,999.35,1004.67,998.41,1004.61,25610
2011-07-14,1004.15,1009.10,1003.36,1008.56,18990
2011-07-15,1006.78,1008.07,1000.14,1002.43,13230
2011-07-18,1001.54,1003.47,999.80,1001.30,18850
2011-07-19,1000.54,1001.48,992.76,993.10,24440
2011-07-20,992.23,1000.34,992.22,999.78,21200
2011-07-21,997.93,998.75,995.19,997.29,25920
2011-07-22,998.18,999.54,995.40,996.24,22520
2011-07-25,996.52,1000.60,989.42,989.43,21980
2011-07-26,990.95,992.52,989.76,991.78,25680
2011-07-27,991.00,995.94,990.17,994.64,19690
2011-07-28,992.26,992.69,987.25,989.01,17260
2011-07-29,989.06,995.23,988.30,991.52,19620
2011-08-01,991.59,993.54,984.17,985.11,21340
2011-08-02,989.33,992.42,986.00,989.86,17060
2011-08-03,991.05,992.13,988.28,991.31,22860
2011-08-04,991.25,997.47,988.89,995.37,20680
2011-08-05,996.35,999.29,993.78,995.22,18110
2011-08-08,995.71,1000.29,993.13,998.35,17000
2011-08-09,996.62,998.40,994.92,995.24,17670
2011-08-10,992.76,1002.57,991.36,1001.23,26160
2011-08-11,1000.63,1000.73,995.04,996.72,15870
2011-08-12,997.88,999.85,994.99,999.40,16530
2011-08-15,1000.77,1001.02,994.80,997.40,20320
2011-08-16,995.53,997.35,993.67,995.90,23000
2011-08-17,994.57,997.00,989.94,994.97,25610
2011-08-18,995.49,999.10,992.02,995.38,18660
2011-08-19,994.63,1005.09,993.01,1003.10,17800
2011-08-22,1002.69,1004.92,1001.38,1001.84,21740
2011-08-23,1000.42,1002.78,999.95,1001.39,19850
2011-08-24,1000.74,1002.03,998.26,998.92,24160
2011-08-25,1000.17,1007.44,999.21,1006.12,25750
2011-08-26,1006.97,1011.55,1006.45,1008.97,18040
2011-08-29,1008.36,1009.67,1002.74,1003.34,24770
2011-08-30,1003.48,1006.54,1002.78,1005.29,21470
2011-08-31,1004.69,1004.90,1002.10,1002.13,29190
2011-09-01,1000.46,1004.24,998.66,1004.06,26620
2011-09-02,1002.00,1007.80,1000.39,1002.26,13900
2011-09-06,1003.36,1006.87,1002.56,1006.84,15990
2011-09-07,1006.57,1009.16,1003.15,1007.99,22880
2011-09-08,1009.12,1009.94,1008.06,1008.49,20570
2011-09-09,1008.38,1009.57,1005.75,1006.96,15160
2011-09-12,1004.94,1019.55,1001.83,1017.05,25500
2011-09-13,1018.97,1019.22,1011.36,1012.56,24740
2011-09-14,1013.14,1015.29,1002.70,1004.18,28660
2011-09-15,1004.56,1004.90,995.56,997.74,12700
2011-09-16,997.88,1003.26,995.78,1000.21,21720
2011-09-19,999.89,1006.57,999.67,1005.92,21440
2011-09-20,1006.69,1009.38,1002.49,1005.48,13460
2011-09-21,1003.65,1005.77,1002.49,1004.48,21170
2011-09-22,1002.06,1008.77,999.23,1008.18,20790
2011-09-23,1010.29,1013.35,1001.80,1002.30,22740
2011-09-26,1001.61,1006.38,997.11,1005.93,26340
2011-09-27,1006.72,1011.52,1005.75,1006.68,23990
2011-09-28,1009.27,1012.93,1005.99,1011.66,20200
2011-09-29,1011.11,1013.39,1010.99,1012.82,15950
2011-09-30,1014.21,1014.49,1013.63,1013.81,16290
2011-10-03,1012.28,1013.40,1007.81,1008.85,20530
2011-10-04,1009.90,1013.83,1009.53,1012.36,26570
2011-10-05,1009.13,1009.68,1008.93,1009.36,22630
2011-10-06,1010.73,1012.17,1003.65,1004.05,18520
2011-10-07,999.14,1006.21,998.59,1006.09,14550
2011-10-11,1006.89,1012.20,1006.23,1009.30,12670
2011-10-12,1006.08,1012.77,1002.69,1012.55,17200
2011-10-13,1012.48,1013.10,1010.78,1011.82,21270
2011-10-14,1009.01,1010.10,1005.05,1009.22,20080
2011-10-17,1009.80,1014.86,1006.82,1013.76,19870
2011-10-18,1012.32,1016.52,1010.30,1016.49,21470
2011-10-19,1017.54,1017.75,1011.48,1012.64,11650
2011-10-20,1012.67,1016.36,1005.30,1005.83,19500
2011-10-21,1004.49,1012.24,1003.56,1011.41,20920
2011-10-24,1014.80,1022.25,1013.07,1021.03,14210
2011-10-25,1021.16,1021.82,1016.85,1019.15,25270
2011-10-26,1021.38,1023.73,1011.85,1013.00,20400
2011-10-27,1014.29,1014.62,1005.23,1005.85,17790
2011-10-28,1006.95,1007.03,999.49,1001.41,19560
2011-10-31,1003.98,1006.55,1002.27,1004.52,23370
2011-11-01,1004.35,1004.88,998.16,998.85,19770
2011-11-02,1001.23,1001.81,990.87,991.76,21510
2011-11-03,988.60,990.25,985.07,986.32,18150
2011-11-04,987.91,989.61,977.43,978.65,20680
2011-11-07,977.70,980.71,971.57,971.57,22360
2011-11-08,971.25,972.40,971.13,971.33,21250
2011-11-09,968.90,975.06,965.07,971.39,17080
2011-11-10,972.11,976.63,970.84,974.64,20240
2011-11-14,974.21,975.70,973.79,975.48,20540
2011-11-15,976.92,977.85,962.95,963.36,21350
2011-11-16,962.72,970.59,962.67,970.56,24890
2011-11-17,968.12,972.53,967.58,970.63,15980
2011-11-18,970.06,974.98,969.34,971.79,25760
2011-11-21,967.33,973.25,965.51,971.83,23760
2011-11-22,972.40,975.80,970.68,974.67,23390
2011-11-23,975.24,976.64,969.29,969.49,20960
2011-11-25,969.89,976.01,964.88,966.34,17630
2011-11-28,966.31,968.95,965.82,968.83,21870
2011-11-29,969.43,977.03,968.47,976.73,22930
2011-11-30,975.17,980.97,971.08,979.89,21550
2011-12-01,978.36,982.19,969.52,970.17,19670
2011-12-02,972.97,978.30,971.96,977.66,20960
2011-12-05,978.59,981.66,976.35,976.95,23310
2011-12-06,976.27,977.63,971.33,977.48,24910
2011-12-07,977.79,981.08,976.13,979.51,20710
2011-12-08,980.25,989.22,979.01,987.89,18520
2011-12-09,985.77,986.96,983.38,986.21,17300
2011-12-12,985.95,987.83,983.83,987.47,26000
2011-12-13,987.04,1001.06,986.57,999.35,31550
2011-12-14,999.29,1010.40,998.25,1007.68,23740
2011-12-15,1005.78,1014.58,1003.73,1012.71,24420
2011-12-16,1011.99,1014.82,1010.47,1014.07,18790
2011-12-19,1013.16,1017.35,1009.87,1015.68,21500
2011-12-20,1018.15,1022.71,1015.52,1019.61,21440
2011-12-21,1017.94,1020.46,1017.79,1020.00,18980
2011-12-22,1019.98,1020.00,1014.88,1016.09,17200
2011-12-23,1016.91,1017.37,1013.99,1015.04,25590
2011-12-27,1013.88,1016.07,1012.63,1016.01,12990
2011-12-28,1016.61,1021.26,1014.31,1020.85,14590
2011-12-29,1019.99,1026.64,1019.15,1023.38,17030
2011-12-30,1021.33,1024.91,1018.29,1024.39,19360
2012-01-03,1026.40,1027.97,1022.67,1023.92,20170
2012-01-04,1023.44,1034.92,1019.64,1033.58,23630
2012-01-05,1030.99,1042.03,1028.59,1041.37,19660
2012-01-06,1043.73,1046.28,1041.07,1045.74,24340
2012-01-09,1045.32,1051.42,1044.92,1049.47,17560
2012-01-10,1048.93,1055.84,1046.29,1052.22,16200
2012-01-11,1052.81,1055.34,1048.33,1050.70,19120
2012-01-12,1052.67,1054.33,1048.44,1049.14,23660
2012-01-13,1047.75,1051.44,1045.17,1049.73,20170
2012-01-17,1051.09,1052.33,1050.39,1051.07,25510
2012-01-18,1051.86,1055.71,1050.84,1055.29,23360
2012-01-19,1054.06,1055.93,1050.33,1051.25,27960
2012-01-20,1050.51,1063.70,1047.07,1058.35,19120
2012-01-23,1060.26,1061.53,1052.57,1053.18,16440
2012-01-24,1051.90,1057.45,1051.14,1055.39,17830
2012-01-25,1054.45,1058.91,1054.23,1056.89,20160
2012-01-26,1057.37,1060.09,1054.04,1059.89,21810
2012-01-27,1055.72,1062.92,1052.28,1060.86,14060
2012-01-30,1060.79,1076.28,1058.74,1074.54,14230
2012-01-31,1075.31,1078.07,1073.51,1077.97,25150
2012-02-01,1073.04,1075.48,1072.37,1073.65,25370
2012-02-02,1077.50,1078.08,1072.00,1072.56,21260
2012-02-03,1071.94,1075.02,1071.52,1074.27,21760
2012-02-06,1073.10,1073.73,1062.81,1065.26,25540
2012-02-07,1065.24,1069.78,1063.10,1067.47,19670
2012-02-08,1066.88,1070.96,1066.77,1067.69,25590
2012-02-09,1065.65,1072.67,1065.57,1068.76,25280
2012-02-10,1066.47,1072.79,1065.03,1072.14,16430
2012-02-13,1073.03,1073.06,1068.77,1070.46,18980
2012-02-14,1070.40,1071.45,1050.99,1053.77,14030
2012-02-15,1053.98,1055.04,1048.53,1048.75,17130
2012-02-16,1047.41,1049.67,1042.53,1044.39,19440
2012-02-17,1044.29,1053.88,1040.38,1052.99,18240
2012-02-21,1052.76,1058.78,1045.35,1047.30,20900
2012-02-22,1047.91,1053.58,1046.61,1050.37,21250
2012-02-23,1054.00,1056.23,1048.91,1050.00,13830
2012-02-24,1049.96,1052.40,1043.83,1045.29,24810
2012-02-27,1048.69,1051.23,1044.71,1045.63,16560
2012-02-28,1046.47,1047.91,1041.93,1045.01,22840
2012-02-29,1046.84,1054.02,1045.37,1052.78,16750
2012-03-01,1052.73,1057.14,1052.34,1056.82,22090
2012-03-02,1055.97,1059.12,1054.97,1058.57,20160
2012-03-05,1058.23,1062.45,1056.43,1056.56,28470
2012-03-06,1056.64,1060.86,1054.99,1058.60,13230
2012-03-07,1057.50,1066.34,1055.64,1062.57,13740
2012-03-08,1059.38,1068.59,1057.02,1067.51,19750
2012-03-09,1065.96,1073.26,1063.38,1071.36,16920
2012-03-12,1071.37,1072.58,1067.93,1068.02,22980
2012-03-13,1070.19,1072.94,1065.07,1067.91,16560
2012-03-14,1069.22,1070.60,1066.75,1068.18,21230
2012-03-15,1066.48,1068.87,1065.94,1068.52,19270
2012-03-16,1066.45,1068.02,1060.26,1062.79,23390
2012-03-19,1063.83,1064.58,1059.84,1062.03,22290
2012-03-20,1060.17,1060.66,1054.29,1056.11,26690
2012-03-21,1058.58,1062.82,1058.46,1061.56,28490
2012-03-22,1059.22,1066.93,1056.91,1066.89,21830
2012-03-23,1066.58,1068.30,1065.79,1068.14,24510
2012-03-26,1065.29,1071.59,1064.16,1070.98,17970
2012-03-27,1072.85,1079.57,1070.54,1077.12,10290
2012-03-28,1074.99,1078.78,1071.05,1071.76,18330
2012-03-29,1072.32,1077.86,1070.89,1075.67,18430
2012-03-30,1074.79,1074.81,1072.32,1072.70,17900
2012-04-02,1072.40,1079.45,1069.24,1077.31,20070
2012-04-03,1075.41,1082.20,1072.47,1080.80,21390
2012-04-04,1081.95,1082.54,1080.82,1081.34,19960
2012-04-05,1080.40,1085.98,1079.33,1085.59,20100
2012-04-06,1086.72,1086.98,1082.84,1086.81,14580
2012-04-09,1085.01,1091.46,1082.89,1089.11,17900
2012-04-10,1089.57,1094.33,1087.87,1094.06,18580
2012-04-11,1095.26,1096.45,1090.89,1091.73,19400
2012-04-12,1094.45,1098.93,1085.93,1087.15,21490
2012-04-13,1087.65,1089.33,1081.06,1081.55,22280
2012-04-16,1081.01,1081.35,1071.17,1071.94,24060
2012-04-17,1073.61,1078.99,1070.80,1078.95,15640
2012-04-18,1079.20,1082.55,1077.03,1078.30,18120
2012-04-19,1076.55,1077.33,1072.41,1072.77,20790
2012-04-20,1071.53,1075.09,1069.70,1071.13,29560
2012-04-23,1071.93,1072.94,1071.82,1072.69,25710
2012-04-24,1072.83,1075.01,1067.22,1068.82,19590
2012-04-25,1068.08,1081.43,1067.18,1080.90,16880
2012-04-26,1083.09,1088.72,1082.04,1087.83,16440
2012-04-27,1087.92,1092.86,1087.15,1091.06,25070
2012-04-30,1089.92,1092.21,1087.27,1091.11,17570
2012-05-01,1091.13,1094.38,1090.77,1091.15,21470
2012-05-02,1088.02,1091.70,1083.51,1084.22,16880
2012-05-03,1084.46,1092.08,1082.92,1091.20,13570
2012-05-04,1091.65,1094.87,1089.48,1093.07,20590
2012-05-07,1093.20,1095.64,1092.28,1094.12,19460
2012-05-08,1096.86,1099.31,1091.91,1095.14,15150
2012-05-09,1096.55,1105.41,1093.20,1103.91,14180
2012-05-10,1101.94,1107.75,1100.03,1105.17,15150
2012-05-11,1105.43,1109.37,1104.82,1108.58,20920
2012-05-14,1106.50,1107.61,1100.33,1103.46,25690
2012-05-15,1104.43,1107.57,1098.46,1103.35,21670
2012-05-16,1104.52,1104.71,1102.10,1102.61,19040
2012-05-17,1099.97,1102.86,1091.94,1093.35,21300
2012-05-18,1091.50,1094.11,1088.07,1092.61,22130
2012-05-21,1093.22,1095.33,1089.70,1089.95,18850
2012-05-22,1089.56,1099.17,1086.78,1098.02,25650
2012-05-23,1097.06,1101.86,1096.45,1099.93,28070
2012-05-24,1099.83,1101.32,1092.05,1095.96,20220
2012-05-25,1093.05,1095.56,1090.30,1090.50,26900
2012-05-29,1091.64,1101.68,1091.03,1100.33,17270
2012-05-30,1097.47,1104.11,1094.68,1103.16,16500
2012-05-31,1103.56,1106.65,1092.73,1095.50,25850
2012-06-01,1095.41,1104.57,1095.34,1100.08,18070
2012-06-04,1102.29,1103.05,1094.44,1095.67,26000
2012-06-05,1094.71,1099.53,1088.89,1090.72,14440
2012-06-06,1092.37,1093.88,1087.29,1087.54,8370
2012-06-07,1087.79,1088.60,1077.56,1081.28,21990
2012-06-08,1081.40,1083.67,1077.09,1079.20,14880
2012-06-11,1078.67,1081.15,1078.31,1080.75,23220
2012-06-12,1078.69,1081.90,1076.83,1077.48,25510
2012-06-13,1078.33,1079.18,1075.03,1076.32,19590
2012-06-14,1076.80,1077.65,1074.59,1076.78,14870
2012-06-15,1080.68,1083.82,1064.97,1066.93,18120
2012-06-18,1064.98,1065.74,1062.77,1065.40,16060
2012-06-19,1063.32,1064.05,1060.87,1060.96,8710
2012-06-20,1058.12,1065.81,1057.96,1062.76,17260
2012-06-21,1061.37,1071.36,1057.97,1069.30,19590
2012-06-22,1068.77,1069.47,1063.73,1065.72,22510
2012-06-25,1065.60,1070.38,1065.18,1069.58,14130
2012-06-26,1068.28,1068.88,1064.14,1064.92,22130
2012-06-27,1064.20,1064.35,1053.22,1057.03,22980
2012-06-28,1056.68,1057.56,1050.25,1052.54,21800
2012-06-29,1052.48,1052.78,1048.23,1051.39,20910
2012-07-02,1051.19,1052.40,1049.21,1051.51,16090
2012-07-03,1051.89,1053.01,1047.52,1050.21,18900
2012-07-05,1053.56,1053.71,1046.90,1047.92,22450
2012-07-06,1047.57,1056.99,1045.25,1052.58,18530
2012-07-09,1053.35,1054.81,1052.95,1053.28,17970
2012-07-10,1054.66,1055.14,1048.43,1050.77,25240
2012-07-11,1049.70,1052.58,1049.46,1052.26,26840
2012-07-12,1050.44,1051.90,1048.16,1049.44,16380
2012-07-13,1049.57,1061.05,1048.56,1060.21,14510
2012-07-16,1058.72,1068.47,1055.89,1068.40,17570
2012-07-17,1068.36,1070.51,1063.37,1064.10,15510
2012-07-18,1066.77,1067.22,1058.63,1059.03,19830
2012-07-19,1060.04,1064.63,1059.29,1062.84,21050
2012-07-20,1064.31,1065.15,1060.22,1061.54,18100
2012-07-23,1063.97,1064.47,1059.42,1059.56,12560
2012-07-24,1059.67,1060.03,1053.85,1055.31,18480
2012-07-25,1052.88,1064.43,1052.65,1063.61,13680
2012-07-26,1062.16,1066.53,1053.63,1055.40,17250
2012-07-27,1055.15,1059.03,1052.06,1058.23,15390
2012-07-30,1057.06,1066.56,1055.80,1064.75,11940
2012-07-31,1063.85,1066.30,1060.03,1063.70,12140
2012-08-01,1066.31,1068.27,1057.14,1057.36,23640
2012-08-02,1056.44,1058.99,1055.95,1057.14,27920
2012-08-03,1060.73,1066.32,1060.21,1063.29,18840
2012-08-06,1060.36,1067.91,1058.06,1067.25,14810
2012-08-07,1068.13,1069.49,1065.10,1069.48,18080
2012-08-08,1069.18,1073.66,1068.20,1072.80,13660
2012-08-09,1068.78,1069.89,1063.83,1066.39,21310
2012-08-10,1069.22,1069.79,1064.22,1065.58,20380
2012-08-13,1066.85,1067.82,1059.05,1059.29,15810
2012-08-14,1058.37,1067.22,1057.28,1066.24,20080
2012-08-15,1066.31,1069.78,1065.77,1068.45,16620
2012-08-16,1069.30,1072.11,1053.58,1054.66,16900
2012-08-17,1056.26,1062.26,1055.95,1059.18,16700
2012-08-20,1059.84,1060.36,1057.85,1059.56,22000
2012-08-21,1059.88,1069.31,1056.58,1064.50,19150
2012-08-22,1062.84,1063.68,1054.48,1055.91,14500
2012-08-23,1057.08,1059.83,1055.38,1058.49,21340
2012-08-24,1059.34,1060.19,1053.86,1055.04,17050
2012-08-27,1053.73,1059.69,1052.45,1059.28,19190
2012-08-28,1061.50,1064.51,1060.97,1062.45,24130
2012-08-29,1063.06,1064.67,1062.29,1062.72,22150
2012-08-30,1065.24,1068.52,1062.98,1063.37,14600
2012-08-31,1063.54,1064.00,1060.83,1063.05,18950
2012-09-04,1065.40,1066.81,1058.72,1059.34,20330
2012-09-05,1059.06,1073.57,1058.42,1069.75,19320
2012-09-06,1071.05,1079.23,1069.86,1077.38,22770
2012-09-07,1076.39,1080.14,1075.05,1075.06,20150
2012-09-10,1074.29,1078.25,1073.28,1074.35,18360
2012-09-11,1071.63,1074.07,1067.34,1073.50,20780
2012-09-12,1075.52,1084.29,1074.06,1084.22,24090
2012-09-13,1080.89,1086.11,1080.23,1084.88,25830
2012-09-14,1084.86,1086.70,1077.05,1080.02,25350
2012-09-17,1080.29,1081.10,1076.66,1080.41,27480
2012-09-18,1080.35,1081.82,1068.27,1069.94,24060
2012-09-19,1071.12,1073.38,1060.02,1062.38,22440
2012-09-20,1064.65,1066.81,1062.20,1062.68,15620
2012-09-21,1065.54,1069.06,1056.27,1056.91,13890
2012-09-24,1058.62,1059.33,1052.62,1054.31,27680
2012-09-25,1054.85,1055.40,1050.14,1053.02,20750
2012-09-26,1054.09,1055.00,1048.08,1052.43,16450
2012-09-27,1051.16,1052.71,1048.87,1049.00,12220
2012-09-28,1049.81,1052.50,1043.35,1043.75,17170
2012-10-01,1044.86,1047.34,1039.66,1040.26,16040
2012-10-02,1038.06,1042.92,1034.46,1035.41,19370
2012-10-03,1035.40,1039.31,1032.78,1038.58,22700
2012-10-04,1038.13,1040.50,1036.21,1036.28,19730
2012-10-05,1037.35,1043.05,1035.99,1037.44,19230
2012-10-09,1038.81,1039.94,1035.84,1036.60,20310
2012-10-10,1033.94,1042.78,1032.02,1040.92,19050
2012-10-11,1040.29,1043.46,1040.18,1043.45,17680
2012-10-12,1042.92,1048.02,1040.82,1046.75,19280
2012-10-15,1046.46,1047.50,1038.84,1038.89,24870
2012-10-16,1038.78,1044.69,1037.29,1044.52,18100
2012-10-17,1048.51,1055.71,1045.71,1054.89,17460
2012-10-18,1055.55,1059.73,1054.65,1058.56,21840
2012-10-19,1056.56,1066.25,1053.27,1065.56,14310
2012-10-22,1066.93,1067.52,1054.68,1059.13,22440
2012-10-23,1058.33,1060.31,1058.15,1059.34,26940
2012-10-24,1059.12,1061.19,1050.69,1054.46,23160
2012-10-25,1056.45,1059.74,1055.92,1059.19,21800
2012-10-26,1060.35,1061.64,1052.15,1056.20,24500
2012-10-29,1057.04,1058.11,1056.56,1057.60,18110
2012-10-30,1055.64,1066.35,1054.06,1065.77,23050
2012-10-31,1064.31,1074.05,1063.45,1072.31,16450
2012-11-01,1074.78,1077.10,1069.26,1069.48,14840
2012-11-02,1067.53,1071.79,1067.27,1070.20,14320
2012-11-05,1071.81,1076.57,1071.67,1074.94,21840
2012-11-06,1072.75,1084.99,1071.34,1080.85,16680
2012-11-07,1081.44,1081.56,1075.75,1076.30,11640
2012-11-08,1075.74,1081.18,1073.90,1078.55,16990
2012-11-09,1080.66,1087.53,1079.98,1083.95,21890
2012-11-13,1085.74,1087.02,1080.29,1082.66,24640
2012-11-14,1083.80,1084.65,1081.63,1084.09,21450
2012-11-15,1082.92,1085.25,1075.48,1077.33,23440
2012-11-16,1079.23,1082.67,1070.38,1070.38,20750
2012-11-19,1068.24,1068.95,1063.89,1064.53,21820
2012-11-20,1064.23,1066.37,1064.06,1064.56,16340
2012-11-21,1064.53,1065.86,1063.15,1063.30,21950
2012-11-23,1061.76,1062.89,1060.92,1062.44,14410
2012-11-26,1061.68,1063.42,1058.94,1063.18,18700
2012-11-27,1062.68,1070.01,1060.34,1069.69,21910
2012-11-28,1069.26,1070.67,1066.61,1068.24,20550
2012-11-29,1071.18,1071.27,1066.51,1066.96,18130
2012-11-30,1066.80,1069.58,1066.24,1067.69,20360
2012-12-03,1067.58,1070.76,1063.01,1066.40,18970
2012-12-04,1066.73,1068.94,1057.68,1060.28,22350
2012-12-05,1060.09,1063.90,1059.06,1063.24,13300
2012-12-06,1061.60,1063.60,1058.12,1059.10,18490
2012-12-07,1059.25,1066.69,1058.39,1065.84,24950
2012-12-10,1064.36,1066.65,1059.74,1060.97,21310
2012-12-11,1060.22,1066.34,1059.76,1065.39,24760
2012-12-12,1065.13,1068.61,1061.37,1061.60,21250
2012-12-13,1061.84,1073.18,1060.04,1069.00,13150
2012-12-14,1070.76,1073.53,1068.68,1071.53,21130
2012-12-17,1071.85,1071.86,1067.42,1067.62,21070
2012-12-18,1066.75,1077.56,1065.28,1074.91,25900
2012-12-19,1074.33,1076.01,1069.89,1070.38,19940
2012-12-20,1071.40,1076.42,1068.68,1069.97,23130
2012-12-21,1071.63,1078.66,1069.62,1077.26,23000
2012-12-24,1076.38,1077.93,1072.05,1075.21,19740
2012-12-26,1074.26,1084.80,1073.78,1082.94,13020
2012-12-27,1083.47,1083.74,1076.76,1077.78,6280
2012-12-28,1077.97,1078.65,1069.38,1070.60,17320
2012-12-31,1070.42,1080.00,1068.81,1077.72,26040
2013-01-02,1077.71,1086.58,1077.45,1083.01,16050
2013-01-03,1084.31,1085.07,1081.06,1083.12,18430
2013-01-04,1080.87,1087.12,1080.76,1087.08,19510
2013-01-07,1085.32,1088.02,1081.77,1082.54,18570
2013-01-08,1084.65,1084.78,1083.84,1084.15,22930
2013-01-09,1080.38,1091.22,1077.89,1089.02,18630
2013-01-10,1089.04,1097.48,1087.31,1093.52,18330
2013-01-11,1092.45,1099.71,1091.65,1098.78,17550
2013-01-14,1098.73,1104.28,1098.72,1102.61,23890
2013-01-15,1100.86,1112.91,1098.72,1110.23,21420
2013-01-16,1109.80,1110.94,1101.96,1102.18,19170
2013-01-17,1102.47,1108.82,1100.59,1107.90,19600
2013-01-18,1106.19,1116.45,1106.12,1115.70,22020
2013-01-22,1116.98,1117.78,1103.78,1105.58,19060
2013-01-23,1105.98,1110.90,1105.89,1109.63,23540
2013-01-24,1110.32,1119.93,1108.04,1119.52,25740
2013-01-25,1120.84,1129.24,1120.78,1127.81,20110
2013-01-28,1127.00,1128.60,1119.43,1123.37,16540
2013-01-29,1126.22,1131.31,1125.12,1129.30,21320
2013-01-30,1128.51,1136.52,1125.92,1127.85,18080
2013-01-31,1127.60,1129.80,1119.33,1123.19,22360
2013-02-01,1124.80,1128.08,1113.03,1118.37,22560
2013-02-04,1119.70,1123.36,1119.65,1121.34,17350
2013-02-05,1119.78,1122.39,1115.35,1115.66,22260
2013-02-06,1113.70,1125.72,1113.01,1124.33,27850
2013-02-07,1125.38,1136.61,1125.05,1134.80,20190
2013-02-08,1130.48,1137.04,1129.96,1136.97,25550
2013-02-11,1135.59,1138.90,1133.61,1135.45,21650
2013-02-12,1136.40,1136.86,1129.98,1130.78,19950
2013-02-13,1129.27,1142.46,1129.09,1140.46,22410
2013-02-14,1139.18,1141.63,1128.69,1131.76,21240
2013-02-15,1131.46,1138.85,1131.11,1135.60,22690
2013-02-19,1134.93,1138.87,1130.19,1135.71,24590
2013-02-20,1134.58,1139.70,1133.83,1135.46,26640
2013-02-21,1133.67,1140.58,1132.57,1139.01,20750
2013-02-22,1139.84,1142.36,1137.04,1137.57,21580
2013-02-25,1133.58,1134.48,1130.72,1133.76,13210
2013-02-26,1132.98,1139.96,1129.89,1139.09,24310
2013-02-27,1137.74,1142.62,1136.22,1142.43,19690
2013-02-28,1145.06,1147.05,1130.51,1132.57,21000
2013-03-01,1132.05,1132.62,1130.75,1131.18,21960
2013-03-04,1135.48,1137.79,1133.24,1137.48,17690
2013-03-05,1137.54,1138.55,1133.45,1134.79,16600
2013-03-06,1136.52,1138.91,1133.08,1134.98,19770
2013-03-07,1133.08,1151.60,1130.94,1150.52,15080
2013-03-08,1149.85,1150.45,1147.66,1149.33,22250
2013-03-11,1148.68,1154.97,1148.53,1152.82,24030
2013-03-12,1153.82,1154.99,1152.04,1154.05,30350
2013-03-13,1153.09,1155.80,1147.13,1147.85,21660
2013-03-14,1147.38,1153.93,1145.07,1151.96,21170
2013-03-15,1153.39,1153.88,1152.39,1153.57,19120
2013-03-18,1152.68,1155.09,1148.12,1149.22,19010
2013-03-19,1146.17,1157.58,1140.51,1156.36,14950
2013-03-20,1152.83,1154.84,1147.09,1147.90,19410
2013-03-21,1147.11,1148.46,1142.02,1143.55,16040
2013-03-22,1142.79,1143.30,1138.47,1140.16,15900
2013-03-25,1139.98,1145.94,1138.79,1145.17,24310
2013-03-26,1146.08,1147.83,1143.50,1144.61,17850
2013-03-27,1141.25,1152.65,1141.10,1150.76,21510
2013-03-28,1150.18,1157.01,1146.85,1152.79,17960
2013-03-29,1150.40,1166.73,1149.33,1163.09,25360
2013-04-01,1158.63,1167.54,1156.84,1167.10,18150
2013-04-02,1166.95,1168.59,1163.52,1167.78,26420
2013-04-03,1170.39,1175.44,1168.65,1172.39,21690
2013-04-04,1171.93,1172.16,1170.13,1172.11,20340
2013-04-05,1171.61,1171.89,1160.77,1164.53,24390
2013-04-08,1165.69,1167.36,1155.29,1157.56,17840
2013-04-09,1157.55,1158.52,1153.87,1154.86,17370
2013-04-10,1152.60,1153.69,1151.13,1151.49,18230
2013-04-11,1150.06,1157.93,1149.91,1156.48,19980
2013-04-12,1156.26,1160.71,1154.22,1158.31,12280
2013-04-15,1157.38,1158.25,1149.54,1154.69,24160
2013-04-16,1154.28,1156.72,1149.14,1151.15,20760
2013-04-17,1151.08,1163.68,1148.06,1160.26,23980
2013-04-18,1164.75,1167.95,1163.07,1165.11,22880
2013-04-19,1162.66,1167.01,1157.90,1166.90,19660
2013-04-22,1166.65,1168.82,1153.74,1154.24,13190
2013-04-23,1151.63,1160.63,1149.89,1159.72,15670
2013-04-24,1162.50,1166.78,1156.08,1159.70,26380
2013-04-25,1161.15,1167.92,1159.19,1163.89,19210
2013-04-26,1164.51,1167.34,1157.62,1158.89,17110
2013-04-29,1159.48,1159.87,1151.18,1154.16,23570
2013-04-30,1155.84,1156.49,1139.16,1142.74,23880
2013-05-01,1142.19,1145.23,1141.18,1142.07,16840
2013-05-02,1140.51,1145.55,1138.22,1144.92,11590
2013-05-03,1144.83,1146.41,1142.16,1145.34,18000
2013-05-06,1146.23,1149.12,1144.75,1148.53,17030
2013-05-07,1149.63,1150.10,1139.38,1144.72,22080
2013-05-08,1145.23,1145.55,1143.20,1145.41,14830
2013-05-09,1144.64,1144.77,1138.83,1142.69,9500
2013-05-10,1139.37,1140.31,1135.02,1135.22,17380
2013-05-13,1133.09,1146.45,1131.96,1142.84,19030
2013-05-14,1147.17,1149.83,1136.72,1137.62,19690
2013-05-15,1136.18,1146.46,1134.63,1145.47,26110
2013-05-16,1149.10,1151.49,1142.05,1142.06,18170
2013-05-17,1144.35,1159.16,1142.67,1155.83,13340
2013-05-20,1154.49,1163.55,1153.86,1159.85,23480
2013-05-21,1160.44,1160.71,1158.07,1160.60,19090
2013-05-22,1161.69,1163.49,1159.58,1160.13,15330
2013-05-23,1160.36,1160.85,1153.39,1153.62,11840
2013-05-24,1155.27,1155.64,1149.49,1151.13,29030
2013-05-28,1153.81,1155.29,1147.02,1150.72,19240
2013-05-29,1151.30,1152.90,1150.64,1152.06,13960
2013-05-30,1150.51,1153.18,1148.04,1150.87,14380
2013-05-31,1150.89,1153.34,1149.87,1150.10,18700
2013-06-03,1148.57,1161.08,1144.89,1157.23,23190
2013-06-04,1154.87,1160.48,1149.73,1150.58,27010
2013-06-05,1152.81,1154.46,1152.77,1153.27,23240
2013-06-06,1151.65,1153.74,1149.08,1149.37,18210
2013-06-07,1150.02,1152.34,1147.69,1149.41,23960
2013-06-10,1150.83,1155.84,1148.80,1149.54,19010
2013-06-11,1147.49,1160.60,1145.32,1158.74,13760
2013-06-12,1155.96,1169.66,1154.88,1168.61,20840
2013-06-13,1167.76,1169.07,1158.59,1158.94,19020
2013-06-14,1160.39,1162.82,1158.37,1160.89,18790
2013-06-17,1162.29,1164.48,1154.52,1155.29,24480
2013-06-18,1154.21,1156.13,1150.76,1153.23,18090
2013-06-19,1154.05,1160.97,1151.44,1157.29,20130
2013-06-20,1157.28,1166.15,1155.30,1160.88,16490
2013-06-21,1161.12,1169.08,1158.66,1163.01,15700
2013-06-24,1164.37,1164.92,1159.78,1163.50,23460
2013-06-25,1164.82,1174.14,1164.43,1172.32,18480
2013-06-26,1173.27,1177.55,1172.94,1175.20,18790
2013-06-27,1175.01,1177.48,1171.31,1174.30,14850
2013-06-28,1176.82,1179.21,1175.15,1175.16,19010
2013-07-01,1175.72,1177.17,1162.69,1164.69,24090
2013-07-02,1166.45,1171.22,1163.86,1167.64,17940
2013-07-03,1166.25,1166.31,1160.66,1165.51,25770
2013-07-05,1165.42,1170.16,1163.92,1167.89,20630
2013-07-08,1167.38,1170.95,1162.28,1165.08,19260
2013-07-09,1166.55,1171.75,1159.10,1160.27,24800
2013-07-10,1160.62,1166.79,1156.90,1165.29,26880
2013-07-11,1162.47,1164.22,1159.73,1163.37,13820
2013-07-12,1167.62,1169.72,1162.30,1164.86,19140
2013-07-15,1165.58,1167.42,1165.25,1166.90,19410
2013-07-16,1164.64,1174.05,1162.62,1172.14,24100
2013-07-17,1172.43,1173.16,1161.63,1163.44,19730
2013-07-18,1160.55,1171.45,1158.39,1170.61,18690
2013-07-19,1168.42,1173.00,1167.44,1170.64,30770
2013-07-22,1169.12,1174.78,1166.63,1171.52,20120
2013-07-23,1168.87,1173.96,1166.76,1172.79,21760
2013-07-24,1169.49,1180.20,1167.19,1179.14,17760
2013-07-25,1178.07,1180.46,1171.16,1172.24,10570
2013-07-26,1171.70,1173.58,1170.90,1172.17,17170
2013-07-29,1173.41,1175.16,1164.94,1165.63,33500
2013-07-30,1164.48,1166.37,1157.18,1158.84,22390
2013-07-31,1157.97,1170.70,1157.53,1166.86,24000
2013-08-01,1167.38,1167.64,1158.01,1159.24,31680
2013-08-02,1161.56,1171.75,1161.25,1167.86,14490
2013-08-05,1167.45,1167.69,1164.55,1166.93,22920
2013-08-06,1165.44,1172.05,1158.79,1170.03,17680
2013-08-07,1166.47,1168.90,1164.92,1167.84,24360
2013-08-08,1168.09,1169.03,1160.98,1164.85,21800
2013-08-09,1168.03,1173.12,1164.69,1170.32,26590
2013-08-12,1170.68,1174.39,1159.70,1163.04,12450
2013-08-13,1164.54,1166.56,1162.34,1164.98,14940
2013-08-14,1166.15,1167.09,1162.49,1166.92,23730
2013-08-15,1164.67,1173.17,1164.25,1170.29,22630
2013-08-16,1169.02,1171.56,1168.93,1169.76,24350
2013-08-19,1168.58,1170.07,1158.15,1158.55,19950
2013-08-20,1158.59,1174.31,1155.33,1172.49,22980
2013-08-21,1170.00,1177.80,1166.35,1176.97,21630
2013-08-22,1175.22,1177.32,1168.08,1170.77,23220
2013-08-23,1171.58,1172.54,1166.43,1166.85,14660
2013-08-26,1165.37,1177.91,1165.04,1175.88,25260
2013-08-27,1176.26,1176.32,1168.59,1169.38,16100
2013-08-28,1168.68,1172.63,1156.87,1157.50,21760
2013-08-29,1156.42,1166.97,1156.18,1160.75,25080
2013-08-30,1161.60,1161.79,1161.18,1161.64,13820
2013-09-03,1165.54,1168.15,1163.53,1165.29,18650
2013-09-04,1167.81,1172.15,1153.57,1154.29,21900
2013-09-05,1154.00,1155.91,1148.05,1150.86,25390
2013-09-06,1149.37,1150.35,1143.95,1146.42,18150
2013-09-09,1146.14,1148.09,1144.67,1146.09,16240
2013-09-10,1145.20,1146.40,1137.85,1140.04,18290
2013-09-11,1138.26,1139.15,1135.01,1136.74,18990
2013-09-12,1134.80,1137.02,1132.90,1136.31,19440
2013-09-13,1138.26,1140.13,1135.91,1136.28,19870
2013-09-16,1139.58,1140.52,1132.30,1133.63,23150
2013-09-17,1135.12,1143.31,1131.12,1142.78,19200
2013-09-18,1144.49,1144.58,1135.92,1137.41,22180
2013-09-19,1139.22,1140.87,1125.39,1127.79,19850
2013-09-20,1126.40,1140.67,1121.17,1137.93,24790
2013-09-23,1138.36,1140.05,1131.10,1131.44,31180
2013-09-24,1131.36,1131.67,1127.09,1128.73,20660
2013-09-25,1130.75,1131.65,1122.99,1125.86,18560
2013-09-26,1128.70,1131.30,1125.07,1127.32,19920
2013-09-27,1127.06,1135.84,1126.32,1132.03,16990
2013-09-30,1136.38,1139.62,1133.55,1136.58,21270
2013-10-01,1136.82,1139.59,1135.28,1135.31,17680
2013-10-02,1135.48,1137.34,1131.80,1136.67,16200
2013-10-03,1134.65,1135.95,1121.61,1123.02,20340
2013-10-04,1125.06,1133.19,1123.10,1131.73,15200
2013-10-07,1131.20,1131.67,1115.51,1116.47,24380
2013-10-08,1116.04,1122.27,1115.27,1121.59,23360
2013-10-09,1122.44,1123.30,1120.50,1122.58,15500
2013-10-10,1122.09,1122.47,1118.02,1118.76,21280
2013-10-11,1120.10,1122.26,1119.02,1120.51,15820
2013-10-15,1120.11,1121.25,1115.34,1117.44,17060
2013-10-16,1115.76,1119.93,1114.76,1119.81,15800
2013-10-17,1120.44,1121.08,1102.03,1103.93,24540
2013-10-18,1104.51,1106.87,1092.78,1096.18,24120
2013-10-21,1098.89,1100.75,1093.43,1094.73,18640
2013-10-22,1094.49,1097.91,1089.06,1089.13,17670
2013-10-23,1091.36,1093.93,1091.19,1091.45,14160
2013-10-24,1090.88,1099.66,1090.05,1097.81,19380
2013-10-25,1097.49,1099.55,1089.46,1098.02,23380
2013-10-28,1097.98,1100.97,1096.68,1100.84,25230
2013-10-29,1100.65,1104.63,1099.61,1104.41,19810
2013-10-30,1104.97,1114.44,1104.45,1114.19,22980
2013-10-31,1115.70,1117.48,1104.86,1106.38,22090
2013-11-01,1106.70,1112.03,1098.06,1099.50,18670
2013-11-04,1098.09,1103.61,1096.82,1100.68,14100
2013-11-05,1101.49,1105.31,1100.27,1100.92,22380
2013-11-06,1102.89,1103.19,1095.03,1097.18,8920
2013-11-07,1097.84,1100.29,1093.00,1094.35,29040
2013-11-08,1090.75,1101.07,1087.97,1099.05,17510
2013-11-12,1100.42,1105.46,1099.32,1104.35,20680
2013-11-13,1102.80,1104.03,1095.63,1096.92,21070
2013-11-14,1096.96,1097.71,1093.71,1095.03,15170
2013-11-15,1092.95,1096.16,1091.71,1094.46,24130
2013-11-18,1094.34,1094.94,1092.70,1094.40,23760
2013-11-19,1095.34,1101.71,1093.86,1099.61,28600
2013-11-20,1096.14,1096.32,1091.50,1091.90,22150
2013-11-21,1089.19,1094.46,1088.08,1093.36,20350
2013-11-22,1091.00,1093.09,1089.77,1089.89,22160
2013-11-25,1090.31,1090.53,1085.89,1087.80,14920
2013-11-26,1089.83,1091.92,1083.53,1084.10,22340
2013-11-27,1084.12,1085.16,1075.69,1076.42,28480
2013-11-29,1077.77,1078.24,1071.65,1072.93,24400
2013-12-02,1072.40,1073.84,1068.11,1071.18,19930
2013-12-03,1071.98,1076.13,1071.58,1075.10,21220
2013-12-04,1075.65,1078.15,1070.17,1072.35,15110
2013-12-05,1070.86,1078.85,1067.96,1078.67,22500
2013-12-06,1079.76,1081.27,1072.21,1073.57,12780
2013-12-09,1073.20,1075.74,1071.79,1072.32,22020
2013-12-10,1069.96,1073.04,1065.39,1068.44,22160
2013-12-11,1069.32,1078.09,1069.23,1074.55,17430
2013-12-12,1074.31,1077.14,1071.31,1072.26,15220
2013-12-13,1072.07,1072.73,1065.62,1065.88,15600
2013-12-16,1067.48,1069.48,1065.51,1069.04,14080
2013-12-17,1071.33,1072.70,1067.28,1071.23,27090
2013-12-18,1068.97,1071.12,1067.88,1070.82,21390
2013-12-19,1069.59,1073.61,1064.89,1067.33,18420
2013-12-20,1068.55,1072.06,1052.69,1056.23,22840
2013-12-23,1056.15,1060.62,1052.92,1058.45,13740
2013-12-24,1058.63,1062.47,1050.94,1053.85,21930
2013-12-26,1053.77,1060.61,1052.38,1058.08,15830
2013-12-27,1055.96,1059.10,1054.43,1057.60,22280
2013-12-30,1057.01,1059.32,1046.42,1049.23,19230
2013-12-31,1050.63,1051.69,1045.92,1047.28,23210
2014-01-02,1046.74,1052.20,1046.38,1047.68,21630
2014-01-03,1047.53,1048.34,1041.06,1042.14,20280
2014-01-06,1040.47,1041.43,1038.24,1038.63,19200
2014-01-07,1036.40,1038.05,1033.38,1033.45,20370
2014-01-08,1035.54,1036.33,1025.46,1025.52,25580
2014-01-09,1025.55,1027.96,1019.04,1021.72,28830
2014-01-10,1020.78,1025.88,1020.57,1024.97,25920
2014-01-13,1025.90,1026.75,1017.73,1022.18,22540
2014-01-14,1022.80,1037.24,1021.26,1035.24,18390
2014-01-15,1034.78,1037.34,1032.49,1034.75,19290
2014-01-16,1035.33,1038.19,1022.51,1024.77,22500
2014-01-17,1026.25,1026.76,1022.05,1023.64,16880
2014-01-21,1026.48,1032.08,1025.92,1029.10,17250
2014-01-22,1031.67,1033.48,1022.81,1023.14,15310
2014-01-23,1024.12,1027.76,1020.90,1027.21,20600
2014-01-24,1030.23,1031.97,1028.41,1031.42,25830
2014-01-27,1031.92,1032.17,1022.80,1024.32,15890
2014-01-28,1024.12,1026.49,1021.58,1026.47,20890
2014-01-29,1026.05,1029.18,1022.99,1027.15,22080
2014-01-30,1025.68,1030.88,1024.42,1029.22,21260
2014-01-31,1027.53,1036.61,1025.14,1034.27,23070
2014-02-03,1033.65,1044.08,1029.40,1040.98,19920
2014-02-04,1042.42,1043.28,1037.16,1040.97,21400
2014-02-05,1043.09,1044.68,1038.66,1043.63,19910
2014-02-06,1044.71,1048.36,1040.69,1045.92,11650
2014-02-07,1048.24,1049.35,1041.51,1041.57,27020
2014-02-10,1041.91,1045.49,1041.58,1044.89,15170
2014-02-11,1041.24,1053.04,1040.34,1050.37,14050
2014-02-12,1051.26,1052.95,1049.87,1052.61,18470
2014-02-13,1052.06,1054.65,1051.00,1051.92,24930
2014-02-14,1050.28,1066.51,1046.15,1064.53,17500
2014-02-18,1065.77,1070.93,1065.76,1070.37,18360
2014-02-19,1073.04,1073.31,1068.14,1070.04,23820
2014-02-20,1068.43,1069.31,1056.54,1061.41,23030
2014-02-21,1061.70,1064.57,1060.26,1062.56,15550
2014-02-24,1061.79,1064.96,1060.25,1064.92,19290
2014-02-25,1064.91,1071.58,1064.68,1071.05,13770
2014-02-26,1071.71,1081.40,1071.22,1079.58,22530
2014-02-27,1078.33,1078.77,1074.28,1075.49,20030
2014-02-28,1076.69,1080.15,1068.51,1070.07,21730
2014-03-03,1068.77,1069.85,1061.34,1061.74,18750
2014-03-04,1061.22,1066.17,1059.05,1063.99,17550
2014-03-05,1063.99,1075.50,1063.65,1073.32,24290
2014-03-06,1075.54,1076.69,1072.56,1073.00,23010
2014-03-07,1074.69,1077.47,1073.56,1074.99,23780
2014-03-10,1073.00,1073.53,1071.94,1072.83,14270
2014-03-11,1074.62,1076.74,1063.69,1067.12,23820
2014-03-12,1069.14,1071.96,1062.43,1064.90,14160
2014-03-13,1063.20,1072.85,1060.34,1072.58,20280
2014-03-14,1072.31,1073.21,1069.81,1070.10,28280
2014-03-17,1072.54,1073.53,1064.69,1064.78,21060
2014-03-18,1063.51,1067.62,1061.46,1067.13,17700
2014-03-19,1066.45,1076.51,1062.38,1075.64,26200
2014-03-20,1077.86,1079.15,1069.62,1072.49,20730
2014-03-21,1072.06,1075.17,1060.25,1065.32,20490
2014-03-24,1064.94,1066.26,1060.54,1062.31,25460
2014-03-25,1062.11,1067.31,1062.00,1065.07,17180
2014-03-26,1068.31,1070.40,1063.47,1064.48,18380
2014-03-27,1064.65,1065.08,1060.59,1061.20,19900
2014-03-28,1062.91,1072.13,1061.03,1069.17,20480
2014-03-31,1067.08,1075.95,1065.07,1074.44,27260
2014-04-01,1074.84,1076.90,1071.22,1071.79,18400
2014-04-02,1072.74,1074.65,1069.52,1071.00,14780
2014-04-03,1073.91,1074.34,1069.25,1071.43,19630
2014-04-04,1067.13,1078.55,1065.83,1075.56,19030
2014-04-07,1074.32,1075.68,1070.83,1075.23,24670
2014-04-08,1074.21,1077.40,1072.06,1076.70,20650
2014-04-09,1078.00,1087.44,1076.71,1084.16,29570
2014-04-10,1085.35,1088.88,1082.23,1084.01,20080
2014-04-11,1082.15,1085.02,1079.12,1084.01,24480
2014-04-14,1086.31,1086.95,1083.45,1084.09,18840
2014-04-15,1082.62,1086.55,1082.08,1085.14,14530
2014-04-16,1087.04,1087.10,1078.14,1081.55,16410
2014-04-17,1080.94,1091.39,1080.36,1088.63,16660
2014-04-18,1089.14,1090.91,1074.56,1077.99,17750
2014-04-21,1075.37,1078.48,1070.79,1071.04,23970
2014-04-22,1070.73,1080.86,1069.71,1079.31,12840
2014-04-23,1078.50,1078.68,1077.01,1077.18,21540
2014-04-24,1075.14,1075.24,1072.43,1072.53,12900
2014-04-25,1074.85,1077.02,1069.16,1070.17,20750
2014-04-28,1070.26,1072.96,1066.11,1066.71,21530
2014-04-29,1067.15,1069.64,1066.91,1068.39,28630
2014-04-30,1067.59,1068.25,1066.37,1067.11,21120
2014-05-01,1066.93,1068.35,1062.36,1068.35,20820
2014-05-02,1068.29,1068.98,1060.94,1062.36,19500
2014-05-05,1062.39,1067.84,1058.16,1067.73,24560
2014-05-06,1068.93,1071.47,1061.23,1063.75,14430
2014-05-07,1065.51,1067.27,1059.34,1059.39,28910
2014-05-08,1058.62,1068.09,1058.53,1065.07,18720
2014-05-09,1065.78,1082.64,1064.43,1081.70,16330
2014-05-12,1081.24,1082.92,1077.03,1077.47,28350
2014-05-13,1077.27,1082.69,1073.77,1074.38,24830
2014-05-14,1072.56,1072.73,1064.50,1067.58,19680
2014-05-15,1068.46,1070.66,1068.01,1068.85,17680
2014-05-16,1069.46,1070.90,1058.44,1060.06,14440
2014-05-19,1059.94,1061.64,1051.96,1053.30,19190
2014-05-20,1054.19,1054.68,1049.24,1050.98,23440
2014-05-21,1051.29,1052.97,1045.30,1045.69,20890
2014-05-22,1045.83,1048.49,1042.26,1047.95,15150
2014-05-23,1048.62,1051.44,1048.32,1050.59,22840
2014-05-27,1048.89,1049.13,1037.37,1045.39,16590
2014-05-28,1043.86,1050.53,1039.39,1049.09,21840
2014-05-29,1050.22,1054.38,1041.15,1044.62,20210
2014-05-30,1041.61,1043.89,1040.23,1042.98,18500
2014-06-02,1043.65,1049.89,1040.53,1048.16,15890
2014-06-03,1047.97,1054.91,1046.62,1053.56,15250
2014-06-04,1053.61,1056.42,1050.91,1053.52,27700
2014-06-05,1055.56,1059.48,1053.51,1058.03,24610
2014-06-06,1058.79,1063.66,1050.17,1053.90,23180
2014-06-09,1052.91,1063.75,1052.63,1060.70,22550
2014-06-10,1059.51,1059.70,1052.95,1053.89,17560
2014-06-11,1054.18,1054.90,1050.17,1050.92,21150
2014-06-12,1050.92,1059.38,1049.03,1056.24,17640
2014-06-13,1054.31,1054.68,1047.81,1048.58,15330
2014-06-16,1048.26,1052.05,1046.28,1049.57,21390
2014-06-17,1048.62,1050.03,1046.33,1048.16,24600
2014-06-18,1049.87,1056.39,1048.96,1055.27,14440
2014-06-19,1053.68,1054.94,1051.35,1051.82,19160
2014-06-20,1050.00,1050.49,1039.40,1042.00,14210
2014-06-23,1044.88,1053.13,1044.69,1050.27,21680
2014-06-24,1049.27,1050.36,1040.25,1044.12,18020
2014-06-25,1045.09,1049.49,1044.88,1048.99,27510
2014-06-26,1049.36,1051.02,1041.54,1044.85,11840
2014-06-27,1044.21,1044.31,1036.76,1039.47,17000
2014-06-30,1039.24,1049.62,1032.64,1049.55,18400
2014-07-01,1050.72,1051.46,1041.12,1042.04,16450
2014-07-02,1042.12,1045.11,1039.86,1041.61,24810
2014-07-03,1040.79,1046.33,1037.83,1042.72,15180
2014-07-07,1042.83,1046.01,1042.44,1043.55,20070
2014-07-08,1043.08,1045.29,1042.73,1044.77,22080
2014-07-09,1043.09,1051.52,1041.72,1050.59,17230
2014-07-10,1050.49,1059.60,1049.02,1057.35,20070
2014-07-11,1058.12,1066.99,1052.95,1063.77,16870
2014-07-14,1063.81,1071.97,1061.69,1069.62,14270
2014-07-15,1068.63,1072.34,1068.08,1071.13,22160
2014-07-16,1072.04,1076.32,1071.09,1075.03,14740
2014-07-17,1076.46,1076.86,1070.70,1071.86,23380
2014-07-18,1070.41,1070.91,1066.57,1070.53,23010
2014-07-21,1070.33,1071.79,1058.64,1058.81,21720
2014-07-22,1060.40,1075.81,1059.30,1073.87,21910
2014-07-23,1075.84,1079.89,1074.71,1079.32,12510
2014-07-24,1077.87,1081.57,1072.24,1080.14,21880
2014-07-25,1081.70,1083.41,1080.44,1082.65,21030
2014-07-28,1081.97,1082.54,1075.38,1076.41,21460
2014-07-29,1078.21,1084.41,1075.76,1079.74,21470
2014-07-30,1081.10,1083.44,1069.94,1070.70,27860
2014-07-31,1071.53,1083.01,1071.49,1082.12,16350
2014-08-01,1083.20,1084.31,1076.08,1076.57,21640
2014-08-04,1074.12,1078.41,1073.89,1076.05,17750
2014-08-05,1075.50,1086.26,1073.88,1084.41,24010
2014-08-06,1083.78,1085.22,1078.77,1080.56,23960
2014-08-07,1080.77,1082.77,1073.39,1074.69,16620
2014-08-08,1071.56,1077.65,1070.49,1074.88,19280
2014-08-11,1072.28,1078.73,1069.46,1077.46,14970
2014-08-12,1078.53,1080.14,1077.41,1078.81,18480
2014-08-13,1080.59,1084.77,1080.46,1083.25,23360
2014-08-14,1084.42,1095.25,1081.16,1095.15,25340
2014-08-15,1092.86,1101.30,1091.46,1100.68,18610
2014-08-18,1099.76,1104.15,1098.52,1103.92,19830
2014-08-19,1103.76,1110.10,1100.84,1108.06,23950
2014-08-20,1107.56,1108.85,1105.26,1108.67,21680
2014-08-21,1109.00,1111.28,1105.31,1106.37,17420
2014-08-22,1108.56,1113.18,1105.95,1112.01,18070
2014-08-25,1109.80,1110.75,1107.65,1108.16,14530
2014-08-26,1107.63,1109.44,1103.91,1104.46,20120
2014-08-27,1105.05,1105.08,1102.33,1102.82,19000
2014-08-28,1101.77,1105.05,1100.21,1104.06,21290
2014-08-29,1104.34,1113.06,1101.66,1109.95,23240
2014-09-02,1106.29,1118.92,1103.77,1115.41,18630
2014-09-03,1112.73,1116.32,1109.27,1112.28,24770
2014-09-04,1111.80,1118.09,1107.82,1117.30,23530
2014-09-05,1115.60,1116.09,1114.22,1114.53,11440
2014-09-08,1114.71,1115.29,1113.22,1114.63,18800
2014-09-09,1115.08,1123.39,1114.73,1121.92,17940
2014-09-10,1121.73,1122.32,1115.97,1120.54,17580
2014-09-11,1119.14,1124.88,1117.97,1122.18,23800
2014-09-12,1122.09,1125.28,1120.12,1120.45,13800
2014-09-15,1123.34,1128.72,1119.39,1120.18,21810
2014-09-16,1121.11,1124.08,1119.39,1121.96,14620
2014-09-17,1118.30,1134.36,1115.81,1129.26,12790
2014-09-18,1127.91,1134.07,1127.64,1132.38,22790
2014-09-19,1132.11,1141.86,1129.68,1138.44,18230
2014-09-22,1135.19,1146.33,1134.33,1145.80,18280
2014-09-23,1145.62,1151.77,1144.78,1149.42,22370
2014-09-24,1150.61,1150.75,1147.59,1148.23,22080
2014-09-25,1148.41,1150.56,1137.39,1140.83,17230
2014-09-26,1141.29,1145.62,1140.80,1144.20,21340
2014-09-29,1142.20,1152.05,1141.33,1151.79,21460
2014-09-30,1149.28,1149.55,1145.37,1147.61,22380
2014-10-01,1147.14,1147.57,1136.56,1139.02,13630
2014-10-02,1137.60,1139.27,1134.50,1135.38,18080
2014-10-03,1137.46,1139.40,1130.48,1134.82,18400
2014-10-06,1134.77,1137.47,1122.47,1124.84,19190
2014-10-07,1127.70,1128.14,1127.41,1127.81,17850
2014-10-08,1125.19,1127.45,1120.95,1123.41,21480
2014-10-09,1123.15,1123.60,1119.74,1120.23,19370
2014-10-10,1120.38,1122.06,1119.46,1120.55,29770
2014-10-14,1122.34,1124.19,1111.44,1114.32,13770
2014-10-15,1112.99,1119.35,1108.76,1118.30,23510
2014-10-16,1117.44,1120.05,1114.86,1117.49,15430
2014-10-17,1117.51,1121.55,1115.74,1117.05,17880
2014-10-20,1116.02,1129.38,1114.94,1129.20,13960
2014-10-21,1131.34,1132.61,1122.00,1125.43,22570
2014-10-22,1125.72,1133.59,1124.32,1131.32,25140
2014-10-23,1134.06,1135.64,1132.29,1132.41,20320
2014-10-24,1134.09,1138.57,1133.35,1133.79,18640
2014-10-27,1134.60,1138.61,1118.61,1118.86,12620
2014-10-28,1122.63,1123.45,1114.19,1114.21,17850
2014-10-29,1112.81,1119.49,1109.65,1118.51,14880
2014-10-30,1117.15,1118.76,1111.77,1114.28,18390
2014-10-31,1114.69,1115.57,1105.20,1106.54,25660
2014-11-03,1104.73,1107.69,1098.82,1100.18,19410
2014-11-04,1099.74,1107.13,1098.41,1103.15,17790
2014-11-05,1104.36,1115.97,1103.87,1113.82,19210
2014-11-06,1114.23,1118.59,1106.16,1109.00,23070
2014-11-07,1107.69,1117.93,1107.58,1115.02,19600
2014-11-10,1115.42,1116.52,1115.17,1115.68,18060
2014-11-12,1115.48,1117.84,1113.47,1114.93,19800
2014-11-13,1114.53,1122.69,1111.88,1120.55,19770
2014-11-14,1118.85,1125.11,1118.72,1123.87,14710
2014-11-17,1123.14,1132.25,1119.79,1131.82,21450
2014-11-18,1131.83,1139.82,1130.88,1136.95,22310
2014-11-19,1136.60,1139.67,1135.03,1138.01,18760
2014-11-20,1135.38,1145.67,1134.19,1141.92,18710
2014-11-21,1144.51,1148.85,1140.70,1144.09,19680
2014-11-24,1142.32,1145.03,1141.96,1144.99,18150
2014-11-25,1143.92,1151.47,1142.13,1147.47,22640
2014-11-26,1149.01,1149.62,1140.49,1143.68,14330
2014-11-28,1149.11,1150.37,1139.19,1140.43,19270
2014-12-01,1140.05,1142.81,1122.81,1126.99,19950
2014-12-02,1127.68,1137.28,1126.44,1136.83,21800
2014-12-03,1137.03,1137.98,1134.51,1134.86,18080
2014-12-04,1136.28,1136.32,1131.50,1133.76,17760
2014-12-05,1132.24,1133.82,1112.84,1113.55,19510
2014-12-08,1117.10,1120.25,1105.61,1106.66,17740
2014-12-09,1106.77,1117.63,1105.15,1113.85,23380
2014-12-10,1114.64,1115.41,1110.84,1112.74,20170
2014-12-11,1112.43,1118.86,1110.60,1118.30,18560
2014-12-12,1122.61,1126.69,1108.84,1111.95,17030
2014-12-15,1109.07,1117.77,1107.99,1114.83,19600
2014-12-16,1114.83,1126.53,1114.10,1122.96,21310
2014-12-17,1122.93,1125.66,1117.00,1121.11,14170
2014-12-18,1120.86,1131.45,1120.00,1127.24,12920
2014-12-19,1126.95,1127.12,1121.68,1125.47,21090
2014-12-22,1125.40,1127.00,1117.34,1119.47,22960
2014-12-23,1119.57,1125.38,1119.31,1124.69,20190
2014-12-24,1125.79,1128.82,1123.01,1127.54,29300
2014-12-26,1127.00,1134.26,1125.33,1133.38,24270
2014-12-29,1132.53,1136.74,1131.55,1136.51,17190
2014-12-30,1137.00,1137.10,1135.99,1136.18,16660
2014-12-31,1139.69,1140.47,1134.60,1135.83,19130
2015-01-02,1134.07,1136.69,1132.97,1136.52,21820
2015-01-05,1140.24,1146.38,1134.81,1143.83,11720
2015-01-06,1145.80,1148.85,1142.57,1143.73,18660
2015-01-07,1146.94,1151.25,1133.72,1136.09,15470
2015-01-08,1136.38,1143.69,1134.91,1142.75,19930
2015-01-09,1141.78,1144.03,1134.25,1137.38,25310
2015-01-12,1137.37,1138.41,1133.24,1134.26,21150
2015-01-13,1135.95,1138.26,1133.64,1135.20,24990
2015-01-14,1133.75,1141.60,1132.47,1140.42,25420
2015-01-15,1140.71,1141.13,1131.83,1132.64,21790
2015-01-16,1133.84,1136.80,1129.20,1130.11,19650
2015-01-20,1128.37,1131.85,1125.60,1130.98,14850
2015-01-21,1129.75,1141.38,1124.86,1139.74,22140
2015-01-22,1139.90,1141.14,1134.79,1137.56,21160
2015-01-23,1136.98,1139.25,1133.01,1135.49,13830
2015-01-26,1134.13,1144.95,1133.42,1144.40,15280
2015-01-27,1144.31,1150.26,1140.77,1147.05,19000
2015-01-28,1147.33,1150.65,1145.58,1149.68,19810
2015-01-29,1149.16,1151.49,1148.53,1151.29,14720
2015-01-30,1153.51,1155.09,1147.85,1148.35,21630
2015-02-02,1150.73,1152.88,1141.64,1145.41,22540
2015-02-03,1144.23,1153.62,1144.18,1151.44,31180
2015-02-04,1150.17,1157.40,1145.42,1157.32,29640
2015-02-05,1157.98,1162.77,1144.56,1148.26,19250
2015-02-06,1147.85,1148.38,1144.64,1145.20,18450
2015-02-09,1139.65,1149.14,1139.28,1143.86,23570
2015-02-10,1144.51,1146.62,1143.74,1146.32,20210
2015-02-11,1146.23,1148.12,1129.81,1131.71,19400
2015-02-12,1134.94,1139.28,1131.80,1136.65,24050
2015-02-13,1139.54,1141.50,1138.55,1140.53,17720
2015-02-17,1139.33,1144.93,1139.09,1143.88,16210
2015-02-18,1141.64,1143.93,1135.47,1137.07,20430
2015-02-19,1141.11,1142.56,1135.10,1136.19,10510
2015-02-20,1132.77,1150.15,1130.86,1149.76,20660
2015-02-23,1149.13,1157.82,1147.00,1156.52,21530
2015-02-24,1158.00,1165.04,1154.74,1161.56,28830
2015-02-25,1162.07,1162.69,1153.84,1155.61,20900
2015-02-26,1153.19,1161.77,1152.72,1161.40,25240
2015-02-27,1158.69,1160.35,1149.08,1151.39,19180
2015-03-02,1152.41,1154.77,1151.93,1154.75,15930
2015-03-03,1155.46,1155.85,1150.60,1151.74,19830
2015-03-04,1153.74,1162.74,1153.41,1158.32,15640
2015-03-05,1158.03,1161.77,1146.51,1147.47,19660
2015-03-06,1147.86,1149.28,1137.84,1140.32,20690
2015-03-09,1140.60,1143.06,1129.94,1132.91,17990
2015-03-10,1132.77,1137.01,1126.67,1130.64,22310
2015-03-11,1130.32,1135.63,1129.46,1133.14,14380
2015-03-12,1132.33,1133.23,1119.18,1122.14,16370
2015-03-13,1122.08,1122.93,1118.90,1119.90,19910
2015-03-16,1123.41,1124.79,1113.41,1113.97,27520
2015-03-17,1114.87,1116.46,1109.03,1110.88,23320
2015-03-18,1110.87,1114.05,1100.88,1104.85,17620
2015-03-19,1105.36,1105.92,1100.88,1101.03,18720
2015-03-20,1102.48,1105.02,1100.44,1102.36,21840
2015-03-23,1101.86,1107.80,1100.85,1103.69,13440
2015-03-24,1102.54,1103.48,1101.41,1103.34,17150
2015-03-25,1104.57,1106.13,1099.97,1103.91,16540
2015-03-26,1107.79,1113.37,1098.46,1099.32,27180
2015-03-27,1098.27,1098.58,1095.00,1096.53,9880
2015-03-30,1096.02,1100.95,1095.10,1099.26,18740
2015-03-31,1101.13,1101.86,1093.26,1096.71,19000
2015-04-01,1096.96,1099.82,1088.90,1089.12,21520
2015-04-02,1090.64,1091.31,1087.53,1088.64,20440
2015-04-03,1086.73,1089.23,1076.15,1077.44,22590
2015-04-06,1077.66,1078.40,1070.89,1072.35,23640
2015-04-07,1076.06,1080.97,1074.80,1076.45,13550
2015-04-08,1075.96,1078.47,1065.93,1067.66,14630
2015-04-09,1066.07,1068.54,1058.84,1062.57,26630
2015-04-10,1061.54,1079.51,1057.72,1077.18,22680
2015-04-13,1074.83,1082.29,1062.86,1063.23,20140
2015-04-14,1064.70,1073.80,1063.60,1071.94,13610
2015-04-15,1072.78,1083.88,1068.10,1079.16,16510
2015-04-16,1079.24,1080.74,1072.00,1073.71,13110
2015-04-17,1072.83,1077.45,1061.67,1062.39,18680
2015-04-20,1064.75,1066.48,1058.19,1059.93,27760
2015-04-21,1061.04,1069.43,1058.41,1061.70,22590
2015-04-22,1061.37,1063.30,1052.51,1055.18,23560
2015-04-23,1055.90,1059.33,1054.92,1059.32,23140
2015-04-24,1059.89,1062.12,1056.96,1058.30,15610
2015-04-27,1057.99,1078.24,1056.87,1075.27,21140
2015-04-28,1074.92,1075.17,1069.84,1070.38,22800
2015-04-29,1068.58,1079.43,1067.44,1077.34,23150
2015-04-30,1075.10,1079.51,1072.51,1073.17,22810
2015-05-01,1071.67,1075.54,1071.14,1074.86,19670
2015-05-04,1073.90,1076.46,1073.11,1074.64,16240
2015-05-05,1076.33,1077.76,1064.94,1065.82,27330
2015-05-06,1065.68,1080.26,1063.98,1079.65,21480
2015-05-07,1079.71,1088.11,1077.87,1086.69,12740
2015-05-08,1086.61,1094.10,1083.51,1092.14,21620
2015-05-11,1089.90,1091.49,1087.57,1088.30,23770
2015-05-12,1089.50,1090.53,1088.95,1090.33,25740
2015-05-13,1089.65,1099.38,1087.51,1097.38,19560
2015-05-14,1098.21,1100.77,1095.31,1096.17,25330
2015-05-15,1098.22,1099.73,1086.92,1089.17,22050
2015-05-18,1088.22,1095.04,1086.20,1092.70,17710
2015-05-19,1093.57,1099.86,1091.66,1099.19,19570
2015-05-20,1100.88,1103.40,1094.71,1096.24,19830
2015-05-21,1098.34,1099.14,1088.05,1090.65,18280
2015-05-22,1090.26,1100.52,1090.22,1095.91,20440
2015-05-26,1096.91,1097.63,1094.92,1096.01,19350
2015-05-27,1093.94,1094.83,1091.16,1092.08,18310
2015-05-28,1090.75,1094.12,1090.58,1092.02,18820
2015-05-29,1090.94,1100.82,1088.85,1099.81,20420
2015-06-01,1096.33,1096.96,1095.18,1096.39,27720
2015-06-02,1096.35,1102.50,1094.48,1102.46,21580
2015-06-03,1101.90,1103.27,1093.91,1095.41,11240
2015-06-04,1094.71,1097.42,1088.25,1090.31,23760
2015-06-05,1088.78,1093.76,1084.48,1086.33,23310
2015-06-08,1085.93,1089.21,1085.53,1087.13,22070
2015-06-09,1086.34,1090.01,1084.51,1088.83,18210
2015-06-10,1091.03,1094.36,1081.88,1086.39,16590
2015-06-11,1085.14,1092.92,1084.94,1090.62,21810
2015-06-12,1093.33,1094.01,1087.18,1088.75,19910
2015-06-15,1089.22,1090.63,1085.01,1086.91,21830
2015-06-16,1088.41,1096.89,1086.04,1095.00,13200
2015-06-17,1094.34,1099.50,1091.89,1097.65,24770
2015-06-18,1099.02,1104.06,1097.04,1101.67,20850
2015-06-19,1100.30,1106.68,1098.05,1106.47,14370
2015-06-22,1106.03,1110.22,1095.32,1098.52,22310
2015-06-23,1095.06,1097.31,1092.94,1094.72,19800
2015-06-24,1094.85,1094.98,1090.40,1092.31,17470
2015-06-25,1093.49,1094.60,1089.10,1091.88,27700
2015-06-26,1088.47,1091.17,1087.96,1088.99,19860
2015-06-29,1087.38,1088.58,1083.99,1087.77,18520
2015-06-30,1085.44,1085.65,1077.45,1080.12,26950
2015-07-01,1079.34,1082.09,1078.61,1080.58,20730
2015-07-02,1083.48,1087.02,1079.40,1084.88,28270
2015-07-06,1084.12,1090.57,1082.21,1088.39,22190
2015-07-07,1089.57,1092.51,1087.42,1088.64,24100
2015-07-08,1084.31,1086.79,1082.96,1086.76,14370
2015-07-09,1090.85,1092.72,1080.61,1083.67,19060
2015-07-10,1083.79,1084.70,1082.43,1083.67,25160
2015-07-13,1082.32,1082.50,1066.94,1069.49,22630
2015-07-14,1070.20,1072.12,1065.28,1070.70,12600
2015-07-15,1071.82,1075.77,1068.29,1074.89,20940
2015-07-16,1076.81,1079.47,1066.73,1069.35,14290
2015-07-17,1071.37,1077.84,1070.58,1075.62,23470
2015-07-20,1075.28,1075.68,1068.28,1068.61,19090
2015-07-21,1067.52,1069.57,1066.12,1068.52,27370
2015-07-22,1069.15,1072.00,1061.89,1063.66,16800
2015-07-23,1066.51,1070.77,1060.18,1061.24,5390
2015-07-24,1062.81,1068.21,1062.38,1068.19,22280
2015-07-27,1069.64,1072.45,1068.22,1068.78,21160
2015-07-28,1069.24,1080.57,1068.27,1077.69,26210
2015-07-29,1078.23,1082.61,1077.99,1079.67,23370
2015-07-30,1076.16,1080.73,1073.33,1080.45,21180
2015-07-31,1080.82,1084.06,1074.66,1075.89,23160
2015-08-03,1076.89,1077.64,1070.72,1072.39,13750
2015-08-04,1073.97,1077.86,1069.30,1077.43,16700
2015-08-05,1078.56,1079.72,1072.21,1073.84,16670
2015-08-06,1075.82,1076.89,1075.07,1076.80,20050
2015-08-07,1076.41,1079.87,1062.82,1064.43,17530
2015-08-10,1066.22,1074.43,1066.21,1071.50,23960
2015-08-11,1072.37,1073.15,1070.54,1071.64,13910
2015-08-12,1071.95,1074.62,1068.75,1070.88,26840
2015-08-13,1071.56,1072.98,1061.47,1061.72,26630
2015-08-14,1061.80,1067.10,1061.78,1066.14,14390
2015-08-17,1065.64,1065.68,1060.90,1061.94,7080
2015-08-18,1060.09,1061.58,1046.97,1049.86,20770
2015-08-19,1050.19,1051.77,1045.87,1047.48,14390
2015-08-20,1046.82,1047.10,1043.11,1046.80,14960
2015-08-21,1049.84,1051.14,1048.84,1050.25,17590
2015-08-24,1047.75,1048.66,1042.87,1043.78,15150
2015-08-25,1044.13,1046.75,1040.87,1045.36,16570
2015-08-26,1047.00,1050.23,1046.60,1048.16,22120
2015-08-27,1048.66,1052.62,1040.94,1044.49,18970
2015-08-28,1043.14,1053.25,1040.31,1049.98,22300
2015-08-31,1049.62,1056.07,1049.23,1053.57,26690
2015-09-01,1056.44,1062.64,1053.63,1061.15,15230
2015-09-02,1063.78,1065.40,1057.06,1058.38,13830
2015-09-03,1057.52,1062.56,1055.48,1061.65,24510
2015-09-04,1063.62,1065.79,1060.45,1061.76,23260
2015-09-08,1062.55,1064.59,1055.77,1057.74,17190
2015-09-09,1058.71,1059.24,1056.37,1057.86,18800
2015-09-10,1061.77,1062.58,1058.27,1060.36,15310
2015-09-11,1060.25,1061.13,1053.88,1055.48,9780
2015-09-14,1057.98,1059.18,1053.51,1055.80,15540
2015-09-15,1056.36,1057.77,1048.50,1050.88,22600
2015-09-16,1049.83,1057.32,1045.70,1056.04,19580
2015-09-17,1056.58,1067.05,1055.48,1066.52,22800
2015-09-18,1068.17,1076.47,1068.03,1072.53,26180
2015-09-21,1075.29,1080.73,1072.20,1080.10,23350
2015-09-22,1081.91,1083.86,1079.78,1080.05,18890
2015-09-23,1078.42,1079.45,1075.28,1078.76,13290
2015-09-24,1079.35,1088.49,1079.14,1086.51,21640
2015-09-25,1088.23,1088.75,1070.49,1072.38,18870
2015-09-28,1073.37,1074.32,1072.99,1073.85,23040
2015-09-29,1074.11,1080.75,1073.37,1077.17,19510
2015-09-30,1078.37,1079.49,1077.40,1078.57,27120
2015-10-01,1078.15,1092.93,1077.32,1088.91,20700
2015-10-02,1089.08,1096.07,1088.70,1095.55,10730
2015-10-05,1098.74,1106.78,1097.37,1102.68,17160
2015-10-06,1103.82,1108.72,1101.45,1107.55,11920
2015-10-07,1107.21,1118.49,1103.89,1116.91,19400
2015-10-08,1118.47,1121.32,1114.66,1116.91,19890
2015-10-09,1116.67,1122.37,1111.19,1121.72,16370
2015-10-13,1121.86,1126.28,1120.06,1125.88,21730
2015-10-14,1124.89,1125.68,1117.55,1121.22,16700
2015-10-15,1120.10,1122.13,1119.14,1121.09,19790
2015-10-16,1123.10,1126.60,1122.78,1124.12,21860
2015-10-19,1122.80,1125.35,1122.31,1122.72,19680
2015-10-20,1122.74,1126.46,1119.50,1123.67,19000
2015-10-21,1124.71,1126.17,1121.86,1123.59,21910
2015-10-22,1122.46,1122.78,1121.14,1122.63,23090
2015-10-23,1122.23,1123.87,1121.54,1122.57,18270
2015-10-26,1123.31,1124.68,1118.26,1120.19,19160
2015-10-27,1121.27,1125.70,1111.46,1117.47,18630
2015-10-28,1117.04,1123.34,1116.13,1121.25,23670
2015-10-29,1119.92,1139.45,1114.27,1136.60,19210
2015-10-30,1136.05,1149.03,1134.36,1147.42,15780
2015-11-02,1147.65,1147.74,1143.08,1145.32,26750
2015-11-03,1143.96,1152.95,1141.73,1152.41,16810
2015-11-04,1153.69,1158.23,1151.58,1152.00,26450
2015-11-05,1149.35,1164.88,1147.07,1160.39,19810
2015-11-06,1161.10,1164.30,1152.21,1152.30,20750
2015-11-09,1153.63,1155.88,1149.02,1154.84,27070
2015-11-10,1155.79,1161.89,1152.17,1161.03,18270
2015-11-12,1160.09,1168.09,1159.00,1165.96,21060
2015-11-13,1167.41,1177.73,1166.91,1177.42,14470
2015-11-16,1180.00,1182.02,1174.33,1174.60,21180
2015-11-17,1174.99,1181.09,1171.63,1179.75,26760
2015-11-18,1180.46,1187.10,1178.21,1185.50,18260
2015-11-19,1185.41,1188.40,1181.56,1185.18,10860
2015-11-20,1183.95,1184.23,1179.98,1182.10,19140
2015-11-23,1183.29,1185.71,1170.12,1172.48,16650
2015-11-24,1172.14,1177.80,1169.22,1175.63,17280
2015-11-25,1176.30,1183.04,1174.68,1180.66,26030
2015-11-27,1178.73,1178.99,1173.40,1176.83,20050
2015-11-30,1175.99,1187.65,1173.59,1185.06,16180
2015-12-01,1185.54,1189.37,1183.08,1187.19,24250
2015-12-02,1189.07,1192.50,1185.73,1191.55,12920
2015-12-03,1192.78,1196.50,1191.10,1196.20,22490
2015-12-04,1196.72,1196.82,1192.27,1194.64,17010
2015-12-07,1191.44,1201.05,1190.18,1198.54,18290
2015-12-08,1199.08,1201.84,1198.97,1200.59,18380
2015-12-09,1200.89,1204.09,1200.22,1203.08,13710
2015-12-10,1204.63,1206.26,1191.55,1192.43,20950
2015-12-11,1194.13,1194.49,1193.28,1194.27,18980
2015-12-14,1194.25,1205.95,1191.45,1200.47,17650
2015-12-15,1200.60,1207.30,1198.59,1207.01,10720
2015-12-16,1208.82,1214.75,1202.09,1211.47,20160
2015-12-17,1212.45,1214.90,1203.41,1207.43,15820
2015-12-18,1208.10,1212.81,1207.52,1211.32,26690
2015-12-21,1209.45,1213.72,1208.79,1211.01,25320
2015-12-22,1213.70,1218.32,1208.58,1217.50,17680
2015-12-23,1218.04,1222.59,1215.21,1217.95,18910
2015-12-24,1221.84,1226.16,1215.34,1223.97,18310
2015-12-28,1223.90,1227.17,1222.14,1223.85,18120
2015-12-29,1224.12,1225.83,1212.30,1217.46,17050
2015-12-30,1218.71,1220.91,1209.91,1211.63,16610
2015-12-31,1208.13,1214.89,1207.27,1214.69,14950
2016-01-04,1213.43,1215.05,1211.71,1214.75,18640
2016-01-05,1215.67,1226.48,1214.27,1221.78,20160
2016-01-06,1221.62,1223.43,1218.90,1219.53,6440
2016-01-07,1215.90,1224.43,1213.18,1220.73,13700
2016-01-08,1223.25,1232.57,1221.10,1231.17,26120
2016-01-11,1231.18,1232.21,1222.66,1223.11,15770
2016-01-12,1222.76,1223.65,1220.52,1221.98,10910
2016-01-13,1220.83,1221.48,1211.75,1213.22,13590
2016-01-14,1210.16,1216.17,1208.98,1214.02,22130
2016-01-15,1211.60,1220.89,1210.36,1216.65,18780
2016-01-19,1216.68,1217.67,1200.33,1202.80,15440
2016-01-20,1202.55,1203.92,1198.03,1199.15,22020
2016-01-21,1203.23,1204.43,1199.42,1203.72,20540
2016-01-22,1203.69,1207.75,1203.40,1207.25,22900
2016-01-25,1209.28,1211.89,1202.16,1204.75,24140
2016-01-26,1202.45,1203.34,1198.77,1201.51,12010
2016-01-27,1200.88,1212.03,1200.07,1211.19,27520
2016-01-28,1211.62,1221.59,1210.00,1220.21,19980
2016-01-29,1217.64,1218.51,1212.88,1214.48,21620
2016-02-01,1213.13,1213.18,1210.99,1212.03,20920
2016-02-02,1209.65,1210.29,1207.69,1207.76,23620
2016-02-03,1209.17,1219.49,1206.89,1217.17,22820
2016-02-04,1217.71,1228.31,1216.45,1227.84,14630
2016-02-05,1226.13,1229.47,1225.45,1225.91,18980
2016-02-08,1228.08,1230.27,1224.56,1224.68,17760
2016-02-09,1222.86,1224.87,1221.87,1224.17,18260
2016-02-10,1228.43,1230.19,1219.18,1222.56,26560
2016-02-11,1223.33,1224.22,1222.72,1223.18,18700
2016-02-12,1224.27,1225.79,1216.30,1222.95,11170
2016-02-16,1227.52,1231.66,1222.74,1225.48,20050
2016-02-17,1224.32,1229.97,1223.75,1225.52,25900
2016-02-18,1227.78,1227.84,1223.24,1225.13,15130
2016-02-19,1226.19,1227.84,1219.87,1224.79,22720
2016-02-22,1226.05,1226.52,1214.45,1215.56,21580
2016-02-23,1213.65,1222.18,1209.54,1220.70,13590
2016-02-24,1221.73,1223.61,1221.31,1223.57,25200
2016-02-25,1227.32,1228.21,1222.58,1222.78,16260
2016-02-26,1224.24,1230.85,1223.81,1227.71,22820
2016-02-29,1226.43,1229.21,1225.48,1225.83,23490
2016-03-01,1227.22,1227.99,1226.25,1226.62,16680
2016-03-02,1223.61,1228.17,1219.23,1220.69,25980
2016-03-03,1223.65,1224.71,1221.28,1221.49,23010
2016-03-04,1221.00,1232.51,1219.63,1224.16,15470
2016-03-07,1224.02,1236.91,1223.37,1235.17,18620
2016-03-08,1234.76,1243.82,1231.32,1238.43,13460
2016-03-09,1235.05,1244.24,1233.66,1240.42,23530
2016-03-10,1241.52,1247.48,1240.76,1241.12,19270
2016-03-11,1240.56,1246.33,1238.20,1244.08,14850
2016-03-14,1242.59,1255.84,1239.02,1252.44,25070
2016-03-15,1251.58,1254.45,1245.68,1249.45,25540
2016-03-16,1248.48,1258.14,1245.05,1257.45,28330
2016-03-17,1258.59,1261.84,1254.77,1257.65,20960
2016-03-18,1258.77,1262.10,1256.85,1260.45,17600
2016-03-21,1259.83,1266.56,1257.03,1262.89,15780
2016-03-22,1261.17,1264.07,1258.77,1258.80,21370
2016-03-23,1257.60,1261.12,1254.48,1254.59,12100
2016-03-24,1252.36,1253.02,1248.67,1250.85,14220
2016-03-25,1247.75,1267.94,1247.15,1262.44,24410
2016-03-28,1260.04,1271.51,1256.41,1268.00,25370
2016-03-29,1269.22,1269.31,1259.57,1262.32,16220
2016-03-30,1259.68,1273.89,1254.92,1271.21,15720
2016-03-31,1271.97,1275.97,1268.70,1274.52,16110
2016-04-01,1275.58,1276.57,1273.11,1274.75,23660
2016-04-04,1273.68,1277.02,1271.29,1271.60,26480
2016-04-05,1270.34,1272.81,1263.87,1265.15,23860
2016-04-06,1263.50,1275.88,1263.31,1274.39,20290
2016-04-07,1271.89,1280.93,1271.60,1278.77,21190
2016-04-08,1282.88,1283.18,1265.81,1266.94,23250
2016-04-11,1263.65,1268.41,1262.35,1267.70,20760
2016-04-12,1268.48,1268.81,1263.58,1266.24,22750
2016-04-13,1268.33,1270.66,1263.00,1263.28,17960
2016-04-14,1262.74,1270.22,1259.63,1262.80,22070
2016-04-15,1262.87,1266.20,1259.32,1261.79,24170
2016-04-18,1261.28,1262.04,1254.22,1254.92,17400
2016-04-19,1252.17,1253.07,1240.95,1244.85,22080
2016-04-20,1243.69,1247.35,1240.26,1241.16,22070
2016-04-21,1243.70,1244.62,1228.94,1230.07,18990
2016-04-22,1229.43,1230.19,1228.30,1229.56,24740
2016-04-25,1230.06,1233.68,1224.15,1225.17,18650
2016-04-26,1226.05,1234.94,1224.68,1232.30,24550
2016-04-27,1230.99,1233.87,1228.20,1229.12,17560
2016-04-28,1227.62,1238.73,1226.57,1234.01,15040
2016-04-29,1232.91,1240.10,1230.48,1234.36,21030
2016-05-02,1232.14,1233.48,1229.16,1230.78,18050
2016-05-03,1233.80,1233.99,1222.70,1225.17,16630
2016-05-04,1223.11,1230.36,1220.25,1230.32,14590
2016-05-05,1230.39,1231.67,1212.65,1219.89,26520
2016-05-06,1219.50,1223.65,1215.48,1217.85,19220
2016-05-09,1218.30,1220.02,1211.81,1212.28,20510
2016-05-10,1211.79,1213.03,1209.68,1211.15,14040
2016-05-11,1213.04,1213.53,1202.89,1204.89,16950
2016-05-12,1201.97,1209.09,1198.69,1209.00,21440
2016-05-13,1210.47,1210.92,1206.02,1208.31,13390
2016-05-16,1213.80,1214.37,1200.86,1203.60,23570
2016-05-17,1205.37,1208.99,1200.52,1201.90,17570
2016-05-18,1201.07,1202.03,1189.11,1189.57,17490
2016-05-19,1188.19,1194.98,1187.93,1191.82,16080
2016-05-20,1190.55,1195.31,1180.79,1181.42,19600
2016-05-23,1179.45,1188.04,1175.86,1184.32,22000
2016-05-24,1185.57,1186.58,1180.74,1181.12,21980
2016-05-25,1178.26,1187.18,1178.12,1183.83,26380
2016-05-26,1181.82,1191.07,1175.59,1189.55,24130
2016-05-27,1189.01,1193.32,1188.40,1192.34,22420
2016-05-31,1191.42,1203.26,1189.02,1201.89,24340
2016-06-01,1201.11,1205.80,1197.65,1205.68,19080
2016-06-02,1206.67,1212.33,1204.95,1210.67,19510
2016-06-03,1207.84,1216.20,1207.29,1210.75,24660
2016-06-06,1212.11,1221.79,1210.00,1219.79,13440
2016-06-07,1217.99,1225.01,1217.41,1223.84,18480
2016-06-08,1225.40,1227.26,1223.04,1225.00,13560
2016-06-09,1223.69,1224.89,1216.04,1217.24,21750
2016-06-10,1217.04,1219.27,1211.15,1211.61,27080
2016-06-13,1212.41,1215.37,1208.64,1209.17,6250
2016-06-14,1209.35,1213.36,1207.18,1211.12,15410
2016-06-15,1211.80,1222.41,1209.07,1221.69,17720
2016-06-16,1220.53,1221.84,1217.02,1220.98,20860
2016-06-17,1219.71,1227.73,1215.57,1224.07,17450
2016-06-20,1221.34,1225.74,1220.64,1224.63,22750
2016-06-21,1223.83,1226.54,1209.18,1211.11,24650
2016-06-22,1211.31,1211.63,1208.04,1208.73,17330
2016-06-23,1207.69,1209.05,1193.90,1199.43,15870
2016-06-24,1201.84,1202.33,1190.17,1194.15,20930
2016-06-27,1192.48,1193.25,1192.22,1192.53,14230
2016-06-28,1189.57,1201.07,1188.05,1198.50,24720
2016-06-29,1199.27,1200.40,1192.37,1193.63,20560
2016-06-30,1194.47,1202.05,1193.99,1200.64,13560
2016-07-01,1199.00,1200.07,1194.92,1195.90,15320
2016-07-05,1196.52,1199.69,1195.66,1196.22,14090
2016-07-06,1196.01,1196.21,1182.48,1184.33,20550
2016-07-07,1182.58,1183.72,1175.08,1178.56,18900
2016-07-08,1176.58,1179.93,1173.55,1175.88,14660
2016-07-11,1176.38,1176.71,1172.53,1176.14,22290
2016-07-12,1170.88,1183.32,1170.82,1182.55,20280
2016-07-13,1182.41,1192.40,1182.18,1188.42,26530
2016-07-14,1190.74,1191.44,1186.55,1186.81,18310
2016-07-15,1183.65,1192.77,1177.59,1190.05,31740
2016-07-18,1190.02,1190.15,1189.51,1189.71,24040
2016-07-19,1189.61,1191.88,1184.71,1185.23,18210
2016-07-20,1182.31,1185.25,1180.93,1184.20,16580
2016-07-21,1186.22,1190.43,1182.81,1183.47,24760
2016-07-22,1179.78,1181.68,1178.22,1180.80,26840
2016-07-25,1181.11,1189.66,1180.18,1188.43,16380
2016-07-26,1188.21,1189.17,1176.87,1178.27,22840
2016-07-27,1178.96,1180.75,1176.64,1177.99,29350
2016-07-28,1178.42,1179.46,1177.45,1178.58,20010
2016-07-29,1176.14,1178.82,1174.98,1176.07,20650
2016-08-01,1179.71,1183.13,1176.69,1177.99,17580
2016-08-02,1179.88,1180.39,1177.14,1179.37,12730
2016-08-03,1181.32,1183.82,1176.18,1176.76,17560
2016-08-04,1176.50,1186.56,1176.22,1186.01,19590
2016-08-05,1184.92,1187.38,1180.36,1182.12,18360
2016-08-08,1181.29,1184.47,1179.63,1181.77,28170
2016-08-09,1183.00,1188.93,1180.81,1183.81,21210
2016-08-10,1181.72,1191.68,1180.20,1191.13,14150
2016-08-11,1193.50,1198.18,1189.63,1194.26,21170
2016-08-12,1193.09,1195.69,1189.46,1194.80,16830
2016-08-15,1190.90,1195.04,1190.59,1193.91,17100
2016-08-16,1191.74,1200.77,1191.37,1195.06,19610
2016-08-17,1191.76,1197.77,1189.79,1195.12,17750
2016-08-18,1195.26,1198.72,1192.07,1198.41,13730
2016-08-19,1202.09,1206.20,1200.19,1203.49,22490
2016-08-22,1203.43,1208.02,1200.94,1206.84,19060
2016-08-23,1207.26,1207.89,1203.22,1203.37,18620
2016-08-24,1200.94,1200.95,1193.52,1194.64,10120
2016-08-25,1197.64,1198.83,1186.99,1189.16,15900
2016-08-26,1185.94,1187.04,1178.93,1182.81,15180
2016-08-29,1184.01,1185.54,1179.74,1181.96,25530
2016-08-30,1180.20,1185.04,1177.00,1177.45,20840
2016-08-31,1178.66,1184.20,1178.09,1181.54,18120
2016-09-01,1180.10,1185.11,1173.78,1181.83,21880
2016-09-02,1181.35,1186.83,1178.10,1185.19,18380
2016-09-06,1183.55,1183.84,1180.64,1181.88,21440
2016-09-07,1179.28,1181.64,1175.00,1181.08,17510
2016-09-08,1178.29,1189.66,1176.19,1188.68,14110
2016-09-09,1191.89,1200.56,1188.19,1198.39,24490
2016-09-12,1195.63,1197.76,1187.58,1188.85,15290
2016-09-13,1189.70,1193.72,1185.66,1188.96,15930
2016-09-14,1186.48,1194.80,1185.97,1190.34,16600
2016-09-15,1191.67,1197.73,1191.24,1195.91,27050
2016-09-16,1197.78,1200.11,1196.56,1199.19,19080
2016-09-19,1201.10,1203.12,1188.46,1191.14,17480
2016-09-20,1188.24,1190.35,1187.99,1190.01,15660
2016-09-21,1191.45,1194.80,1188.00,1193.56,18400
2016-09-22,1196.26,1197.58,1183.56,1184.66,19520
2016-09-23,1180.79,1191.06,1178.73,1191.02,21010
2016-09-26,1190.00,1194.76,1189.59,1194.06,12560
2016-09-27,1194.87,1196.69,1179.22,1183.11,18160
2016-09-28,1184.16,1189.85,1184.09,1189.43,26610
2016-09-29,1189.59,1190.11,1186.87,1189.81,23050
2016-09-30,1190.58,1198.51,1188.11,1194.71,21580
2016-10-03,1193.92,1205.99,1187.47,1204.78,21300
2016-10-04,1204.68,1210.83,1203.31,1210.39,20470
2016-10-05,1212.08,1215.06,1207.89,1210.75,28250
2016-10-06,1207.96,1208.99,1206.76,1207.47,18290
2016-10-07,1211.03,1211.27,1194.45,1200.49,17390
2016-10-11,1200.22,1218.15,1198.30,1213.49,19570
2016-10-12,1213.59,1225.49,1213.36,1224.31,21850
2016-10-13,1225.81,1226.72,1220.92,1222.46,18870
2016-10-14,1221.01,1222.59,1215.53,1221.51,21380
2016-10-17,1219.91,1228.08,1219.32,1225.32,17680
2016-10-18,1226.46,1229.40,1219.97,1222.63,21240
2016-10-19,1218.78,1226.38,1216.87,1224.43,19980
2016-10-20,1225.85,1225.91,1217.74,1220.21,20310
2016-10-21,1220.34,1224.36,1217.32,1222.09,20020
2016-10-24,1220.94,1229.13,1220.68,1226.34,17290
2016-10-25,1228.88,1229.71,1221.70,1221.86,17630
2016-10-26,1220.74,1226.32,1219.65,1222.93,16360
2016-10-27,1224.75,1230.73,1222.47,1230.71,18510
2016-10-28,1230.48,1233.50,1227.28,1229.16,17660
2016-10-31,1228.67,1230.21,1227.53,1230.09,18030
2016-11-01,1230.32,1230.69,1222.45,1225.16,25300
2016-11-02,1225.72,1228.68,1223.72,1228.21,18410
2016-11-03,1228.54,1228.70,1224.06,1224.26,18220
2016-11-04,1224.54,1232.33,1222.41,1229.59,20030
2016-11-07,1229.10,1229.61,1217.67,1218.12,22630
2016-11-08,1217.40,1221.98,1214.94,1220.22,21610
2016-11-09,1217.38,1221.73,1214.14,1220.26,18130
2016-11-10,1221.58,1225.89,1221.58,1224.45,15360
2016-11-14,1223.16,1224.48,1220.43,1220.64,19780
2016-11-15,1220.82,1221.40,1217.36,1218.94,19310
2016-11-16,1219.74,1221.01,1206.18,1207.89,17960
2016-11-17,1208.14,1209.26,1204.98,1205.41,25570
2016-11-18,1204.29,1211.77,1201.13,1210.62,19940
2016-11-21,1212.65,1234.18,1207.91,1228.79,23600
2016-11-22,1227.45,1242.14,1225.79,1241.16,21750
2016-11-23,1241.83,1244.58,1241.21,1244.40,17070
2016-11-25,1244.51,1250.50,1242.65,1247.84,21610
2016-11-28,1248.87,1252.48,1246.18,1251.61,22290
2016-11-29,1253.46,1260.10,1242.90,1245.06,20610
2016-11-30,1244.84,1245.56,1229.92,1231.99,14460
2016-12-01,1231.96,1240.28,1228.54,1239.03,15750
2016-12-02,1239.02,1240.76,1228.62,1229.47,19530
2016-12-05,1231.43,1232.44,1229.60,1231.84,18000
2016-12-06,1227.59,1232.48,1223.96,1232.06,15310
2016-12-07,1234.99,1236.19,1228.05,1228.92,14040
2016-12-08,1227.37,1227.77,1224.78,1225.21,16340
2016-12-09,1226.09,1229.78,1220.53,1227.00,19670
2016-12-12,1227.60,1230.18,1216.71,1218.59,23110
2016-12-13,1219.47,1222.37,1217.90,1221.96,15610
2016-12-14,1223.23,1238.43,1223.20,1232.01,19130
2016-12-15,1230.81,1240.35,1229.77,1232.82,23000
2016-12-16,1231.42,1234.65,1228.00,1233.89,20590
2016-12-19,1233.51,1238.95,1226.45,1228.07,21870
2016-12-20,1225.54,1228.94,1219.30,1219.51,24200
2016-12-21,1217.88,1218.08,1214.02,1216.77,16890
2016-12-22,1219.86,1228.47,1219.39,1227.22,17560
2016-12-23,1227.04,1227.93,1222.61,1223.39,25740
2016-12-27,1223.73,1225.27,1212.56,1218.99,21940
2016-12-28,1220.30,1224.91,1215.30,1224.13,18850
2016-12-29,1222.89,1233.33,1220.26,1231.46,21090
2016-12-30,1229.42,1239.16,1227.81,1234.86,19790
2017-01-03,1232.92,1233.97,1230.73,1231.40,27150
2017-01-04,1233.23,1235.29,1229.69,1230.72,17790
2017-01-05,1228.01,1245.16,1226.60,1244.13,20960
2017-01-06,1244.86,1252.93,1240.38,1251.06,21570
2017-01-09,1251.34,1254.07,1250.81,1254.06,12240
2017-01-10,1253.72,1260.19,1253.63,1255.96,27740
2017-01-11,1256.19,1259.78,1248.75,1249.70,25020
2017-01-12,1252.86,1256.11,1238.80,1242.09,21760
2017-01-13,1242.07,1242.25,1229.49,1232.16,19840
2017-01-17,1234.27,1234.68,1228.28,1230.57,15640
2017-01-18,1231.15,1236.22,1216.23,1218.79,22740
2017-01-19,1219.98,1221.23,1218.84,1219.51,17930
2017-01-20,1218.86,1222.98,1217.99,1220.50,22200
2017-01-23,1224.00,1230.16,1216.80,1217.56,25160
2017-01-24,1216.65,1218.06,1205.02,1209.72,23310
2017-01-25,1211.30,1214.40,1209.98,1211.18,21130
2017-01-26,1212.63,1215.85,1200.93,1202.36,21910
2017-01-27,1205.23,1206.79,1197.24,1199.72,18880
2017-01-30,1200.32,1201.26,1187.49,1189.67,17640
2017-01-31,1188.46,1198.94,1184.84,1194.47,24070
2017-02-01,1198.82,1199.53,1187.71,1190.04,16740
2017-02-02,1191.07,1197.79,1187.82,1197.79,22620
2017-02-03,1200.11,1201.35,1181.24,1185.84,19050
2017-02-06,1187.79,1191.40,1180.39,1180.98,21440
2017-02-07,1182.82,1187.66,1172.12,1172.40,19830
2017-02-08,1173.02,1173.73,1157.34,1159.91,16660
2017-02-09,1160.51,1160.54,1152.22,1153.42,15490
2017-02-10,1151.42,1164.01,1150.41,1162.94,12780
2017-02-13,1167.19,1169.04,1150.38,1153.19,17130
2017-02-14,1156.25,1157.32,1143.46,1147.60,23260
2017-02-15,1151.14,1153.27,1143.11,1146.23,25190
2017-02-16,1148.14,1152.05,1138.57,1142.75,24020
2017-02-17,1141.81,1147.65,1140.38,1145.42,20140
2017-02-21,1145.51,1147.61,1144.96,1146.70,11800
2017-02-22,1146.09,1152.13,1142.54,1148.92,23450
2017-02-23,1149.05,1152.72,1145.17,1146.23,19600
2017-02-24,1146.54,1150.05,1130.64,1133.38,13240
2017-02-27,1131.27,1133.42,1128.79,1132.41,19430
2017-02-28,1131.85,1134.72,1124.67,1126.88,22270
2017-03-01,1125.91,1130.40,1121.43,1125.98,21080
2017-03-02,1126.88,1129.76,1126.28,1127.43,20570
2017-03-03,1128.12,1128.45,1126.38,1128.29,18060
2017-03-06,1130.15,1137.90,1128.50,1132.03,13230
2017-03-07,1132.96,1140.11,1132.74,1139.05,25340
2017-03-08,1138.63,1152.96,1137.48,1152.91,18120
2017-03-09,1153.03,1153.53,1147.87,1149.89,17600
2017-03-10,1148.91,1154.80,1146.81,1151.92,24720
2017-03-13,1151.64,1163.15,1149.83,1162.70,24320
2017-03-14,1159.13,1162.23,1154.76,1155.38,20800
2017-03-15,1158.50,1160.34,1157.23,1157.94,18740
2017-03-16,1155.50,1165.56,1154.42,1165.43,24200
2017-03-17,1165.79,1176.05,1164.45,1175.68,23130
2017-03-20,1176.11,1187.86,1173.38,1186.33,20230
2017-03-21,1183.94,1193.99,1183.15,1191.88,23570
2017-03-22,1192.55,1194.95,1188.73,1191.63,15850
2017-03-23,1190.51,1194.38,1189.39,1192.85,22580
2017-03-24,1189.76,1195.87,1189.45,1195.79,15830
2017-03-27,1193.70,1203.14,1191.59,1201.47,15830
2017-03-28,1203.97,1207.44,1200.52,1202.34,22880
2017-03-29,1202.21,1205.85,1199.12,1200.16,17930
2017-03-30,1200.37,1203.22,1195.15,1196.24,16070
2017-03-31,1195.85,1199.32,1194.85,1195.80,20120
2017-04-03,1194.83,1203.45,1194.20,1200.53,15900
2017-04-04,1198.77,1201.05,1195.94,1199.68,19770
2017-04-05,1198.73,1202.13,1197.34,1199.31,24050
2017-04-06,1200.01,1202.77,1197.11,1198.74,17900
2017-04-07,1199.70,1204.57,1196.64,1202.03,20730
2017-04-10,1197.83,1215.68,1193.41,1214.09,20460
2017-04-11,1212.65,1226.01,1210.32,1223.56,23140
2017-04-12,1220.82,1226.67,1219.36,1222.30,17660
2017-04-13,1222.12,1232.43,1221.71,1229.74,17140
2017-04-14,1229.25,1229.90,1227.94,1229.60,12430
2017-04-17,1231.50,1233.26,1221.27,1221.69,18480
2017-04-18,1220.63,1222.02,1216.76,1219.89,17020
2017-04-19,1215.51,1225.41,1212.21,1222.94,18620
2017-04-20,1221.12,1230.81,1219.71,1225.86,14180
2017-04-21,1227.36,1227.62,1218.46,1221.84,18190
2017-04-24,1221.51,1225.05,1212.73,1213.57,19910
2017-04-25,1213.43,1228.00,1213.06,1226.32,14800
2017-04-26,1232.05,1237.79,1220.29,1220.70,17890
2017-04-27,1220.52,1229.66,1219.31,1228.67,22460
2017-04-28,1231.71,1232.00,1224.81,1229.44,19780
2017-05-01,1232.43,1237.07,1230.16,1231.48,21250
2017-05-02,1230.14,1232.66,1227.32,1231.79,18250
2017-05-03,1227.64,1231.60,1224.55,1225.88,10410
2017-05-04,1227.38,1228.30,1220.29,1222.82,18360
2017-05-05,1221.76,1224.55,1213.76,1219.83,23820
2017-05-08,1218.83,1221.56,1217.06,1217.61,19450
2017-05-09,1218.04,1219.90,1213.58,1216.26,18980
2017-05-10,1220.45,1221.26,1216.85,1217.66,19890
2017-05-11,1215.28,1230.30,1207.60,1227.37,19400
2017-05-12,1227.03,1227.85,1215.85,1219.38,18940
2017-05-15,1221.92,1222.36,1219.32,1220.57,18270
2017-05-16,1220.86,1230.66,1220.85,1229.92,16660
2017-05-17,1230.19,1232.91,1229.58,1231.93,21610
2017-05-18,1226.21,1232.82,1224.83,1232.46,19410
2017-05-19,1232.93,1233.40,1230.60,1231.12,23470
2017-05-22,1231.14,1232.95,1230.36,1231.11,21370
2017-05-23,1230.27,1236.74,1229.43,1236.47,20100
2017-05-24,1237.11,1240.43,1225.13,1229.14,12970
2017-05-25,1232.12,1236.07,1231.17,1231.25,21290
2017-05-26,1228.58,1230.73,1225.19,1229.52,25850
2017-05-30,1231.50,1246.12,1228.45,1239.55,20960
2017-05-31,1238.25,1243.58,1235.84,1239.87,17470
2017-06-01,1240.27,1250.64,1237.64,1248.87,16280
2017-06-02,1253.38,1254.76,1247.30,1247.53,12860
2017-06-05,1247.45,1257.74,1246.23,1256.22,21140
2017-06-06,1256.52,1256.58,1246.93,1247.53,23090
2017-06-07,1248.98,1258.43,1247.01,1256.47,25750
2017-06-08,1261.92,1264.98,1252.61,1258.68,22040
2017-06-09,1261.57,1266.07,1257.63,1265.14,20320
2017-06-12,1266.25,1266.48,1259.42,1261.40,16480
2017-06-13,1262.12,1264.00,1259.18,1260.45,15710
2017-06-14,1257.98,1261.12,1255.79,1257.09,20710
2017-06-15,1259.31,1260.83,1248.96,1252.15,13630
2017-06-16,1251.85,1255.53,1242.08,1244.87,12820
2017-06-19,1248.02,1249.43,1243.44,1244.19,17990
2017-06-20,1241.02,1253.77,1239.99,1252.36,10960
2017-06-21,1251.33,1261.33,1250.56,1259.10,17160
2017-06-22,1257.14,1263.93,1255.67,1263.47,18680
2017-06-23,1262.07,1262.50,1257.55,1260.33,15650
2017-06-26,1260.28,1269.23,1255.36,1266.01,21230
2017-06-27,1265.21,1265.92,1260.29,1260.57,24990
2017-06-28,1264.51,1266.43,1254.95,1258.40,17590
2017-06-29,1256.47,1268.11,1255.36,1266.28,16530
2017-06-30,1264.58,1273.92,1262.69,1272.82,29200
2017-07-03,1274.59,1276.11,1260.13,1262.68,22040
2017-07-05,1262.28,1265.87,1260.24,1260.68,16180
2017-07-06,1259.86,1263.91,1259.68,1261.46,17960
2017-07-07,1259.26,1265.29,1255.91,1264.15,13190
2017-07-10,1265.95,1267.54,1257.51,1258.92,19960
2017-07-11,1257.75,1263.15,1254.51,1262.15,29000
2017-07-12,1263.04,1264.65,1259.45,1260.22,23950
2017-07-13,1261.05,1265.27,1250.69,1251.37,19830
2017-07-14,1249.51,1254.81,1247.05,1250.61,19220
2017-07-17,1251.34,1256.48,1251.01,1255.75,20590
2017-07-18,1254.97,1264.40,1254.64,1262.70,35750
2017-07-19,1263.05,1272.92,1261.58,1269.71,21470
2017-07-20,1267.03,1267.74,1266.00,1266.92,12550
2017-07-21,1268.14,1268.56,1261.27,1262.15,20850
2017-07-24,1261.04,1265.51,1260.94,1263.29,19920
2017-07-25,1263.75,1264.51,1256.46,1257.25,28220
2017-07-26,1257.79,1270.96,1255.39,1270.56,25630
2017-07-27,1271.94,1287.16,1268.34,1282.38,20280
2017-07-28,1284.67,1293.33,1282.32,1287.47,19540
2017-07-31,1288.99,1292.66,1283.91,1285.61,20590
2017-08-01,1285.73,1291.23,1279.05,1284.07,20180
2017-08-02,1283.81,1291.10,1278.12,1289.76,23230
2017-08-03,1289.07,1290.00,1286.02,1287.30,19210
2017-08-04,1285.15,1297.35,1281.31,1295.39,23890
2017-08-07,1294.11,1299.90,1293.35,1297.98,21010
2017-08-08,1295.16,1298.34,1290.56,1293.64,21180
2017-08-09,1294.21,1295.95,1281.91,1285.46,17260
2017-08-10,1288.56,1298.82,1288.03,1293.60,13400
2017-08-11,1292.31,1296.62,1289.73,1294.53,21360
2017-08-14,1294.68,1295.91,1282.60,1284.55,19640
2017-08-15,1281.51,1287.96,1274.72,1285.70,20290
2017-08-16,1283.80,1285.19,1279.59,1281.07,16480
2017-08-17,1279.65,1281.91,1274.85,1276.21,21840
2017-08-18,1276.10,1281.68,1272.06,1281.17,14660
2017-08-21,1281.59,1284.79,1273.04,1276.22,10480
2017-08-22,1276.77,1282.81,1276.70,1279.35,16020
2017-08-23,1277.53,1287.79,1271.27,1284.57,22580
2017-08-24,1287.50,1289.83,1285.97,1289.12,17110
2017-08-25,1290.08,1291.75,1275.12,1279.39,24450
2017-08-28,1277.12,1287.67,1274.76,1286.68,22110
2017-08-29,1284.17,1288.73,1283.50,1287.96,24810
2017-08-30,1286.70,1287.38,1272.52,1275.29,19470
2017-08-31,1273.55,1273.70,1269.35,1269.82,23560
2017-09-01,1268.83,1277.07,1268.63,1275.01,20220
2017-09-05,1275.04,1278.21,1272.05,1275.95,18490
2017-09-06,1276.44,1277.75,1268.66,1270.66,19930
2017-09-07,1268.64,1286.68,1267.33,1286.58,21710
2017-09-08,1286.75,1287.25,1274.59,1274.76,19180
2017-09-11,1276.59,1287.90,1275.58,1286.36,12590
2017-09-12,1284.06,1285.62,1274.46,1280.94,17540
2017-09-13,1278.56,1278.68,1271.54,1275.53,21910
2017-09-14,1276.47,1281.29,1264.64,1265.20,13700
2017-09-15,1263.50,1274.48,1259.96,1269.84,24510
2017-09-18,1270.36,1279.74,1268.45,1277.71,17740
2017-09-19,1278.81,1280.12,1273.66,1277.25,21980
2017-09-20,1274.21,1275.38,1268.28,1270.36,27610
2017-09-21,1267.86,1276.63,1266.14,1275.35,18230
2017-09-22,1276.04,1276.48,1275.30,1275.96,24260
2017-09-25,1278.10,1285.94,1277.26,1283.22,22020
2017-09-26,1283.03,1284.58,1280.36,1284.29,24190
2017-09-27,1281.96,1291.12,1280.00,1287.72,20750
2017-09-28,1285.44,1294.97,1283.49,1292.70,19520
2017-09-29,1293.90,1294.13,1285.29,1288.31,14030
2017-10-02,1287.80,1289.26,1282.73,1288.73,21350
2017-10-03,1288.12,1293.84,1286.92,1291.00,29310
2017-10-04,1290.43,1306.74,1289.53,1306.17,21640
2017-10-05,1306.44,1313.62,1306.20,1309.68,20320
2017-10-06,1311.86,1313.17,1301.14,1302.79,18690
2017-10-10,1303.83,1307.55,1297.23,1299.39,23440
2017-10-11,1301.62,1302.00,1295.51,1295.71,20320
2017-10-12,1293.69,1309.73,1292.75,1307.14,16740
2017-10-13,1307.67,1310.34,1305.18,1307.13,21710
2017-10-16,1308.48,1309.09,1297.23,1299.08,23020
2017-10-17,1299.02,1306.02,1294.74,1299.77,20980
2017-10-18,1300.27,1301.44,1291.86,1293.27,23030
2017-10-19,1289.59,1292.39,1285.30,1288.41,18620
2017-10-20,1284.53,1286.33,1278.48,1278.56,21050
2017-10-23,1281.22,1283.79,1278.02,1283.25,18890
2017-10-24,1286.54,1293.93,1285.34,1290.91,19360
2017-10-25,1289.73,1295.86,1289.17,1294.83,24300
2017-10-26,1295.31,1306.96,1293.44,1302.80,28770
2017-10-27,1301.55,1303.22,1299.86,1300.23,20200
2017-10-30,1296.39,1310.08,1295.87,1305.17,15840
2017-10-31,1305.57,1306.36,1295.00,1299.18,14600
2017-11-01,1299.59,1303.07,1286.00,1290.25,23500
2017-11-02,1290.26,1290.57,1277.33,1278.45,17490
2017-11-03,1277.36,1285.19,1272.67,1283.88,18200
2017-11-06,1283.65,1283.87,1279.36,1280.95,19230
2017-11-07,1280.15,1285.59,1278.98,1284.14,20310
2017-11-08,1281.54,1301.59,1281.52,1294.71,21580
2017-11-09,1298.26,1300.38,1296.23,1297.50,19540
2017-11-13,1296.34,1298.81,1292.92,1296.52,19460
2017-11-14,1297.47,1306.16,1295.46,1304.04,16800
2017-11-15,1301.50,1312.92,1301.33,1310.26,27020
2017-11-16,1309.15,1318.09,1308.31,1316.98,12080
2017-11-17,1315.79,1328.64,1312.95,1323.87,20320
2017-11-20,1325.83,1333.24,1325.06,1333.12,25670
2017-11-21,1332.37,1332.42,1328.29,1332.21,16430
2017-11-22,1332.59,1336.20,1325.85,1330.86,18580
2017-11-24,1331.09,1336.19,1329.77,1335.18,25470
2017-11-27,1336.57,1337.12,1334.31,1335.49,25850
2017-11-28,1335.49,1337.92,1334.10,1335.95,18100
2017-11-29,1337.13,1338.24,1331.03,1332.71,20970
2017-11-30,1330.44,1343.93,1327.30,1343.75,24300
2017-12-01,1345.28,1346.80,1343.64,1346.14,19670
2017-12-04,1344.54,1353.60,1340.64,1347.33,23220
2017-12-05,1346.15,1351.78,1343.80,1349.07,15980
2017-12-06,1347.72,1354.53,1343.87,1354.22,26960
2017-12-07,1351.05,1354.67,1343.92,1347.30,19630
2017-12-08,1346.22,1347.63,1333.67,1337.62,16760
2017-12-11,1335.87,1343.10,1332.54,1339.99,24830
2017-12-12,1341.12,1351.19,1340.38,1345.36,22850
2017-12-13,1341.78,1344.07,1339.49,1342.25,19870
2017-12-14,1342.76,1354.61,1340.83,1353.41,25110
2017-12-15,1353.13,1355.64,1349.57,1352.12,19500
2017-12-18,1358.10,1362.86,1352.24,1359.40,24180
2017-12-19,1361.22,1366.05,1359.54,1364.89,18100
2017-12-20,1363.31,1364.80,1355.46,1363.22,19010
2017-12-21,1364.24,1378.20,1363.06,1371.78,18860
2017-12-22,1372.70,1377.26,1357.97,1359.34,23560
2017-12-26,1362.16,1367.54,1355.13,1357.53,15410
2017-12-27,1354.67,1360.00,1353.29,1355.98,20590
2017-12-28,1355.47,1356.28,1345.33,1347.40,22830
2017-12-29,1345.54,1347.80,1338.11,1342.37,19100
2018-01-02,1340.92,1345.96,1339.60,1340.37,15670
2018-01-03,1341.49,1345.93,1328.57,1329.17,31430
2018-01-04,1325.13,1325.30,1321.48,1323.69,26270
2018-01-05,1324.32,1325.60,1315.54,1316.48,18510
2018-01-08,1316.62,1325.84,1313.56,1325.80,27410
2018-01-09,1326.69,1331.12,1325.91,1327.74,15530
2018-01-10,1323.88,1334.74,1321.14,1334.17,25970
2018-01-11,1335.59,1338.04,1325.81,1328.16,19980
2018-01-12,1326.39,1328.54,1325.90,1326.94,21210
2018-01-16,1326.28,1336.97,1319.60,1335.67,14000
2018-01-17,1338.71,1340.23,1330.61,1334.80,17450
2018-01-18,1336.91,1337.72,1330.38,1334.08,20070
2018-01-19,1332.72,1339.09,1328.54,1336.89,23030
2018-01-22,1336.56,1341.08,1328.75,1329.84,22430
2018-01-23,1329.40,1338.34,1329.35,1334.91,20790
2018-01-24,1338.03,1339.10,1328.30,1329.11,15830
2018-01-25,1327.26,1336.41,1323.97,1333.57,19250
2018-01-26,1332.22,1333.67,1323.00,1323.81,27120
2018-01-29,1327.06,1327.90,1322.84,1323.36,21020
2018-01-30,1320.87,1327.99,1319.07,1327.41,18170
2018-01-31,1328.66,1337.55,1327.57,1336.59,15840
2018-02-01,1334.25,1340.50,1333.09,1338.42,26380
2018-02-02,1333.75,1336.58,1331.90,1335.66,16490
2018-02-05,1337.74,1338.59,1329.66,1330.87,26200
2018-02-06,1326.10,1334.73,1324.37,1332.53,19460
2018-02-07,1332.54,1337.76,1326.53,1328.67,20270
2018-02-08,1329.45,1338.83,1327.53,1337.19,21250
2018-02-09,1337.47,1339.52,1334.06,1335.43,20430
2018-02-12,1335.99,1343.33,1331.62,1342.95,23620
2018-02-13,1338.61,1347.19,1338.19,1344.58,23490
2018-02-14,1338.71,1346.96,1337.86,1346.88,17260
2018-02-15,1348.06,1352.52,1345.50,1345.89,19780
2018-02-16,1345.09,1349.12,1343.31,1346.38,23090
2018-02-20,1345.27,1347.64,1343.51,1343.91,20510
2018-02-21,1345.06,1352.11,1344.19,1351.23,16600
2018-02-22,1349.98,1353.07,1349.88,1352.85,25200
2018-02-23,1354.16,1358.05,1335.98,1339.61,20150
2018-02-26,1339.48,1344.69,1335.77,1341.76,20110
2018-02-27,1338.13,1345.80,1336.50,1345.54,20130
2018-02-28,1348.39,1359.08,1345.75,1352.91,21620
2018-03-01,1355.38,1358.45,1340.91,1343.41,26900
2018-03-02,1342.64,1344.02,1335.85,1338.32,24510
2018-03-05,1336.31,1339.51,1333.98,1335.61,20990
2018-03-06,1334.27,1344.99,1333.53,1342.55,15780
2018-03-07,1343.23,1351.32,1342.12,1348.41,20100
2018-03-08,1350.67,1356.89,1347.73,1355.72,21850
2018-03-09,1357.26,1362.31,1347.99,1348.32,23620
2018-03-12,1349.46,1354.93,1340.84,1340.88,20290
2018-03-13,1341.55,1344.83,1335.91,1337.93,13860
2018-03-14,1338.31,1342.26,1326.29,1331.22,15490
2018-03-15,1330.87,1331.39,1327.36,1330.23,24770
2018-03-16,1332.26,1335.24,1329.17,1330.18,15770
2018-03-19,1330.64,1331.08,1326.03,1329.62,15270
2018-03-20,1334.12,1334.59,1320.09,1324.28,18060
2018-03-21,1321.51,1332.17,1316.66,1327.41,19070
2018-03-22,1324.04,1324.94,1316.21,1322.53,12630
2018-03-23,1323.79,1324.12,1315.76,1318.50,16170
2018-03-26,1314.25,1314.75,1309.26,1309.89,22900
2018-03-27,1312.27,1312.57,1294.16,1297.79,17230
2018-03-28,1292.49,1307.38,1291.35,1302.22,19080
2018-03-29,1300.86,1304.26,1295.91,1296.36,17670
2018-03-30,1298.25,1308.16,1295.13,1303.54,29300
2018-04-02,1301.89,1304.84,1287.79,1290.42,22000
2018-04-03,1292.29,1294.49,1288.33,1289.16,18570
2018-04-04,1287.84,1289.78,1284.78,1286.41,16330
2018-04-05,1291.61,1292.92,1286.51,1291.12,23810
2018-04-06,1290.46,1292.13,1278.89,1279.54,18090
2018-04-09,1283.47,1285.64,1280.52,1281.03,22600
2018-04-10,1279.23,1283.87,1278.07,1278.45,22870
2018-04-11,1276.07,1276.93,1273.34,1274.69,17700
2018-04-12,1274.85,1278.67,1274.32,1278.63,18380
2018-04-13,1278.33,1280.70,1270.08,1273.98,18740
2018-04-16,1273.85,1277.29,1273.64,1275.89,18670
2018-04-17,1279.34,1283.55,1268.91,1270.16,26650
2018-04-18,1272.27,1275.63,1268.91,1270.83,15980
2018-04-19,1270.11,1275.64,1267.90,1272.37,17020
2018-04-20,1272.52,1290.80,1271.10,1284.93,12290
2018-04-23,1287.08,1295.87,1286.14,1289.97,20010
2018-04-24,1288.78,1291.90,1288.27,1291.20,20860
2018-04-25,1289.12,1291.54,1282.56,1283.64,22130
2018-04-26,1286.98,1287.31,1282.57,1285.01,19690
2018-04-27,1284.68,1287.75,1277.64,1278.48,24570
2018-04-30,1276.76,1281.51,1270.38,1272.99,22080
2018-05-01,1272.78,1274.08,1267.50,1271.41,13430
2018-05-02,1268.28,1279.67,1263.11,1278.30,19010
2018-05-03,1278.29,1281.73,1273.87,1274.74,19820
2018-05-04,1273.13,1281.00,1270.06,1279.90,16670
2018-05-07,1278.37,1279.34,1277.61,1277.67,16090
2018-05-08,1275.41,1277.21,1267.61,1271.08,25720
2018-05-09,1268.89,1270.81,1259.40,1260.66,17080
2018-05-10,1258.64,1265.78,1257.75,1265.06,15890
2018-05-11,1265.24,1268.32,1263.27,1263.27,8880
2018-05-14,1263.96,1265.77,1252.11,1252.96,18650
2018-05-15,1253.38,1253.90,1248.11,1252.02,18610
2018-05-16,1252.66,1253.95,1248.64,1253.46,20470
2018-05-17,1252.35,1254.04,1249.64,1252.89,18620
2018-05-18,1253.42,1262.73,1249.54,1259.27,26860
2018-05-21,1258.96,1265.49,1257.04,1263.53,21590
2018-05-22,1263.60,1265.95,1261.72,1264.89,22250
2018-05-23,1264.58,1266.18,1252.17,1256.75,23260
2018-05-24,1256.84,1263.46,1254.98,1262.74,24810
2018-05-25,1264.35,1269.51,1255.75,1257.82,25820
2018-05-29,1263.15,1263.43,1259.99,1260.89,15740
2018-05-30,1259.55,1259.81,1249.41,1252.02,14840
2018-05-31,1252.25,1253.73,1250.08,1250.82,19320
2018-06-01,1251.99,1254.13,1250.76,1250.82,20150
2018-06-04,1249.19,1257.33,1248.18,1254.53,12470
2018-06-05,1255.25,1262.40,1253.16,1261.83,22460
2018-06-06,1259.36,1269.69,1257.37,1268.34,13760
2018-06-07,1267.86,1268.08,1256.81,1258.45,22080
2018-06-08,1257.61,1258.19,1252.58,1255.11,25430
2018-06-11,1253.94,1256.49,1252.59,1255.12,17340
2018-06-12,1256.82,1258.80,1246.98,1250.32,17620
2018-06-13,1249.26,1260.25,1247.83,1250.87,24700
2018-06-14,1254.06,1258.42,1242.12,1243.33,16210
2018-06-15,1243.63,1252.68,1240.86,1250.15,15290
2018-06-18,1247.94,1250.29,1245.62,1248.89,17810
2018-06-19,1245.87,1249.05,1240.86,1242.19,22720
2018-06-20,1242.91,1246.91,1237.08,1245.00,15630
2018-06-21,1247.80,1251.75,1246.60,1248.50,15570
2018-06-22,1247.48,1250.33,1247.04,1248.58,23110
2018-06-25,1250.04,1261.42,1248.52,1259.01,20180
2018-06-26,1261.50,1275.05,1257.73,1274.91,19330
2018-06-27,1276.36,1276.52,1269.75,1269.84,21180
2018-06-28,1269.13,1283.15,1268.51,1275.76,10090
2018-06-29,1274.29,1276.12,1272.68,1273.52,25490
2018-07-02,1272.83,1278.30,1270.13,1275.57,16110
2018-07-03,1276.17,1276.61,1270.70,1271.89,19620
2018-07-05,1273.25,1275.48,1262.82,1267.33,27070
2018-07-06,1266.15,1267.27,1260.82,1264.36,21050
2018-07-09,1262.65,1270.79,1260.89,1267.22,24030
2018-07-10,1263.80,1264.22,1255.94,1259.03,17730
2018-07-11,1261.12,1264.31,1256.59,1259.56,17590
2018-07-12,1259.49,1262.93,1244.04,1248.81,21250
2018-07-13,1249.77,1257.22,1249.55,1255.45,21740
2018-07-16,1255.61,1256.90,1250.01,1253.06,17290
2018-07-17,1251.70,1262.57,1248.64,1262.29,27440
2018-07-18,1260.04,1264.69,1259.88,1264.55,10330
2018-07-19,1263.90,1269.03,1262.59,1266.87,25480
2018-07-20,1268.87,1272.90,1263.24,1263.52,17160
2018-07-23,1264.21,1265.80,1259.78,1261.64,23270
2018-07-24,1258.62,1262.61,1256.47,1260.63,19530
2018-07-25,1261.95,1266.53,1252.51,1253.20,23020
2018-07-26,1252.27,1253.74,1246.38,1249.45,20990
2018-07-27,1253.48,1254.01,1245.46,1245.90,18530
2018-07-30,1242.68,1244.21,1238.05,1243.35,25430
2018-07-31,1244.50,1254.31,1241.28,1249.91,27400
2018-08-01,1250.66,1253.87,1244.74,1253.02,19780
2018-08-02,1253.21,1255.39,1245.64,1246.53,19900
2018-08-03,1243.46,1249.06,1243.07,1248.96,20830
2018-08-06,1247.14,1247.22,1243.73,1244.04,24160
2018-08-07,1240.88,1248.99,1240.00,1248.39,19630
2018-08-08,1248.68,1249.49,1230.91,1232.45,22730
2018-08-09,1230.26,1231.07,1223.19,1223.53,19120
2018-08-10,1222.99,1223.99,1216.07,1216.94,17340
2018-08-13,1216.61,1220.04,1203.04,1205.10,17050
2018-08-14,1206.31,1208.41,1205.07,1208.39,13900
2018-08-15,1210.57,1212.69,1197.70,1200.65,21390
2018-08-16,1202.54,1213.82,1201.58,1212.28,21610
2018-08-17,1212.51,1219.05,1212.48,1218.39,25790
2018-08-20,1218.07,1219.42,1211.05,1212.53,21820
2018-08-21,1211.38,1211.51,1204.85,1206.75,17600
2018-08-22,1204.43,1205.15,1195.30,1199.44,24000
2018-08-23,1200.62,1201.84,1200.03,1201.75,22610
2018-08-24,1202.55,1207.33,1202.42,1205.39,22440
2018-08-27,1206.64,1223.74,1204.67,1217.45,15280
2018-08-28,1218.51,1219.65,1202.37,1203.90,18400
2018-08-29,1204.33,1208.00,1199.60,1207.82,13130
2018-08-30,1208.15,1211.81,1201.23,1201.92,26130
2018-08-31,1199.72,1204.24,1195.37,1203.06,17240
2018-09-04,1204.30,1213.49,1203.45,1211.62,20880
2018-09-05,1212.68,1214.37,1212.17,1213.76,15900
2018-09-06,1215.28,1220.36,1214.46,1220.26,23010
2018-09-07,1220.98,1224.12,1220.53,1222.56,26420
2018-09-10,1222.99,1225.64,1219.15,1221.16,26320
2018-09-11,1224.82,1227.98,1222.96,1224.55,18100
2018-09-12,1223.71,1226.41,1222.44,1224.16,15720
2018-09-13,1226.60,1233.05,1223.47,1232.67,15190
2018-09-14,1234.34,1234.62,1231.97,1233.88,21130
2018-09-17,1234.82,1240.89,1228.05,1231.56,19900
2018-09-18,1231.49,1232.82,1227.54,1231.76,22660
2018-09-19,1232.26,1234.36,1228.71,1228.93,18040
2018-09-20,1231.83,1234.25,1228.70,1230.71,23680
2018-09-21,1230.12,1232.85,1217.91,1218.80,19610
2018-09-24,1218.61,1219.21,1214.94,1216.09,19190
2018-09-25,1216.69,1217.69,1208.15,1210.62,27040
2018-09-26,1215.25,1215.89,1205.36,1206.39,18350
2018-09-27,1208.22,1213.94,1205.88,1207.16,24580
2018-09-28,1209.08,1210.35,1201.68,1206.68,17700
2018-10-01,1205.34,1205.49,1202.20,1203.77,23310
2018-10-02,1202.75,1216.88,1198.27,1215.75,17210
2018-10-03,1215.00,1222.79,1213.13,1221.27,12330
2018-10-04,1220.55,1221.63,1212.21,1216.99,21180
2018-10-05,1216.57,1217.12,1207.32,1208.95,23380
2018-10-09,1207.69,1208.90,1205.28,1205.79,17090
2018-10-10,1205.00,1208.31,1203.22,1207.32,21330
2018-10-11,1208.85,1209.92,1202.00,1202.63,18410
2018-10-12,1201.91,1205.01,1198.82,1204.79,21620
2018-10-15,1206.20,1207.47,1197.70,1199.19,24160
2018-10-16,1199.64,1206.58,1196.01,1205.51,19810
2018-10-17,1206.47,1211.25,1205.93,1208.58,11650
2018-10-18,1209.51,1210.52,1203.07,1206.61,18410
2018-10-19,1202.67,1208.31,1201.55,1206.21,22040
2018-10-22,1205.33,1217.63,1204.88,1214.76,21250
2018-10-23,1214.52,1219.29,1206.22,1211.97,19710
2018-10-24,1213.35,1213.81,1200.32,1200.35,15900
2018-10-25,1199.46,1202.07,1199.10,1201.30,19180
2018-10-26,1200.27,1205.95,1198.17,1203.84,17760
2018-10-29,1202.64,1205.85,1200.31,1204.30,21000
2018-10-30,1204.30,1209.43,1200.85,1203.51,21090
2018-10-31,1201.77,1213.45,1199.21,1211.77,20740
2018-11-01,1212.00,1216.01,1210.69,1211.81,15790
2018-11-02,1211.53,1214.36,1203.75,1206.48,17450
2018-11-05,1204.66,1208.32,1193.58,1195.91,17800
2018-11-06,1197.54,1197.74,1191.52,1195.08,22690
2018-11-07,1192.40,1193.95,1188.46,1191.22,20010
2018-11-08,1194.16,1196.40,1184.74,1185.06,22040
2018-11-09,1185.05,1185.53,1173.47,1174.85,25090
2018-11-13,1175.88,1176.75,1165.52,1168.38,13520
2018-11-14,1170.47,1172.87,1157.66,1159.01,19100
2018-11-15,1159.05,1160.30,1155.84,1158.55,21880
2018-11-16,1160.97,1165.82,1144.23,1146.38,19550
2018-11-19,1147.88,1151.34,1147.82,1147.98,17700
2018-11-20,1149.30,1156.45,1148.46,1153.11,21320
2018-11-21,1150.67,1163.91,1149.51,1161.54,22480
2018-11-23,1162.71,1163.08,1157.06,1158.20,25720
2018-11-26,1156.23,1165.13,1154.25,1160.25,13030
2018-11-27,1160.43,1162.57,1156.43,1156.98,17250
2018-11-28,1160.84,1161.80,1156.62,1158.21,17280
2018-11-29,1159.64,1162.21,1156.37,1156.74,22670
2018-11-30,1157.91,1169.55,1157.65,1169.37,27030
2018-12-03,1171.42,1180.29,1170.57,1175.67,17480
2018-12-04,1175.40,1183.56,1172.21,1182.28,31740
2018-12-05,1181.56,1184.71,1178.09,1182.49,23010
2018-12-06,1180.52,1182.71,1174.20,1176.80,13830
2018-12-07,1177.95,1183.11,1169.36,1169.52,20480
2018-12-10,1168.41,1172.89,1165.02,1172.37,26090
2018-12-11,1170.98,1171.37,1168.91,1170.26,15780
2018-12-12,1170.41,1170.44,1164.00,1165.46,21920
2018-12-13,1167.29,1170.13,1158.12,1161.34,12540
2018-12-14,1160.73,1164.49,1160.53,1161.19,27340
2018-12-17,1162.99,1164.08,1147.23,1149.77,16550
2018-12-18,1150.15,1153.33,1146.62,1149.23,18450
2018-12-19,1148.29,1149.12,1137.71,1142.65,19180
2018-12-20,1143.87,1145.26,1140.93,1143.83,18750
2018-12-21,1140.34,1145.33,1136.82,1144.83,20760
2018-12-24,1145.67,1153.22,1142.46,1149.16,13590
2018-12-26,1151.78,1153.96,1148.34,1148.82,21830
2018-12-27,1152.32,1152.34,1137.04,1138.53,17050
2018-12-28,1135.55,1147.59,1134.70,1145.67,21940
2018-12-31,1146.17,1147.65,1145.37,1146.91,20740
2019-01-02,1146.59,1147.75,1140.94,1141.30,21910
2019-01-03,1143.42,1146.54,1140.29,1143.84,18190
2019-01-04,1143.75,1145.05,1136.94,1139.01,25590
2019-01-07,1138.30,1147.74,1137.74,1145.95,32210
2019-01-08,1145.10,1159.68,1144.56,1159.05,17900
2019-01-09,1160.59,1162.62,1154.14,1155.32,9860
2019-01-10,1154.04,1155.42,1147.22,1149.13,17990
2019-01-11,1147.11,1151.13,1146.13,1149.01,19860
2019-01-14,1148.63,1155.02,1144.73,1153.21,21220
2019-01-15,1154.58,1164.59,1154.11,1164.35,22640
2019-01-16,1162.82,1164.20,1162.00,1163.95,22650
2019-01-17,1164.14,1166.30,1162.41,1163.00,19050
2019-01-18,1164.83,1168.39,1161.51,1164.49,12930
2019-01-22,1160.78,1169.54,1160.43,1165.94,10820
2019-01-23,1167.79,1171.94,1167.21,1169.79,22420
2019-01-24,1170.98,1173.55,1163.78,1165.08,22730
2019-01-25,1166.50,1166.52,1165.17,1165.49,25790
2019-01-28,1166.87,1168.99,1166.81,1168.88,25550
2019-01-29,1171.23,1171.28,1164.04,1166.17,17450
2019-01-30,1164.55,1167.13,1163.89,1166.74,15390
2019-01-31,1168.29,1171.64,1167.94,1168.72,23200
2019-02-01,1168.71,1173.61,1166.88,1172.00,17450
2019-02-04,1172.35,1181.47,1170.40,1178.22,19730
2019-02-05,1179.69,1182.45,1174.14,1176.85,25630
2019-02-06,1177.60,1182.77,1174.53,1180.18,14500
2019-02-07,1178.80,1182.84,1178.69,1179.40,15360
2019-02-08,1180.00,1183.81,1176.70,1176.92,21330
2019-02-11,1174.51,1183.10,1171.16,1180.21,14970
2019-02-12,1179.03,1179.79,1167.60,1175.54,21920
2019-02-13,1176.20,1183.86,1175.32,1183.74,14340
2019-02-14,1183.81,1191.58,1179.01,1187.56,18910
2019-02-15,1190.23,1190.71,1181.00,1181.75,19710
2019-02-19,1180.51,1187.47,1179.06,1186.32,26760
2019-02-20,1186.82,1189.38,1175.38,1178.04,27810
2019-02-21,1178.23,1193.14,1176.32,1191.29,19460
2019-02-22,1187.86,1196.30,1183.77,1194.02,19060
2019-02-25,1194.59,1196.30,1193.15,1193.48,19370
2019-02-26,1194.32,1207.12,1190.40,1205.35,20330
2019-02-27,1201.74,1216.54,1200.34,1215.70,22920
2019-02-28,1214.99,1217.05,1203.85,1207.15,15760
2019-03-01,1208.39,1211.09,1206.88,1207.92,19480
2019-03-04,1208.58,1211.63,1204.35,1211.38,18580
2019-03-05,1215.12,1215.36,1211.86,1212.80,24920
2019-03-06,1212.92,1216.73,1205.95,1207.95,19780
2019-03-07,1206.65,1210.79,1204.42,1207.76,19640
2019-03-08,1207.49,1210.36,1204.76,1205.68,19560
2019-03-11,1204.89,1213.66,1200.30,1212.62,21440
2019-03-12,1213.48,1214.53,1207.81,1208.66,22520
2019-03-13,1210.39,1214.84,1206.90,1207.94,22140
2019-03-14,1206.13,1209.29,1204.21,1209.22,18090
2019-03-15,1208.37,1212.77,1208.10,1208.56,19150
2019-03-18,1208.83,1214.84,1203.52,1205.61,19180
2019-03-19,1205.70,1209.39,1201.81,1202.40,17500
2019-03-20,1201.33,1204.68,1195.93,1196.33,24720
2019-03-21,1197.09,1200.82,1189.32,1192.88,27340
2019-03-22,1193.94,1197.59,1190.43,1190.44,18380
2019-03-25,1187.00,1188.61,1182.44,1187.80,27730
2019-03-26,1188.89,1192.37,1186.97,1191.28,15450
2019-03-27,1189.70,1192.61,1184.88,1189.05,22490
2019-03-28,1192.69,1196.59,1185.28,1186.66,20600
2019-03-29,1185.58,1187.02,1178.37,1180.16,13190
2019-04-01,1180.23,1187.30,1176.84,1187.04,19180
2019-04-02,1186.34,1190.71,1182.96,1184.04,17420
2019-04-03,1182.41,1191.79,1181.69,1187.72,21040
2019-04-04,1188.56,1192.94,1181.42,1181.45,21270
2019-04-05,1179.91,1187.96,1179.39,1180.15,20850
2019-04-08,1179.87,1180.47,1172.48,1174.31,19410
2019-04-09,1176.06,1176.85,1171.14,1175.05,17970
2019-04-10,1172.22,1176.36,1170.83,1175.51,25420
2019-04-11,1174.23,1174.84,1171.02,1172.67,18850
2019-04-12,1171.35,1175.84,1165.43,1175.63,18950
2019-04-15,1175.05,1180.46,1170.27,1173.69,16270
2019-04-16,1175.96,1181.34,1160.10,1163.77,20090
2019-04-17,1161.86,1172.67,1156.75,1170.87,22410
2019-04-18,1170.30,1171.71,1168.06,1169.41,28060
2019-04-19,1169.80,1170.24,1154.28,1157.88,23560
2019-04-22,1158.65,1170.54,1158.16,1167.78,17100
2019-04-23,1163.52,1183.00,1160.97,1180.14,16640
2019-04-24,1179.99,1185.10,1174.86,1184.01,19770
2019-04-25,1184.40,1190.31,1180.01,1190.18,21480
2019-04-26,1189.74,1190.21,1186.37,1187.66,20220
2019-04-29,1187.40,1190.97,1184.44,1190.45,17190
2019-04-30,1192.45,1197.05,1189.93,1194.60,22820
2019-05-01,1196.20,1199.39,1194.82,1197.27,18040
2019-05-02,1194.77,1207.65,1191.07,1204.42,15020
2019-05-03,1202.03,1206.43,1199.90,1204.62,24920
2019-05-06,1204.65,1209.77,1203.35,1209.08,14440
2019-05-07,1209.20,1217.63,1208.17,1216.04,21480
2019-05-08,1213.09,1222.84,1212.43,1219.68,22520
2019-05-09,1219.51,1222.03,1216.01,1218.96,19250
2019-05-10,1219.09,1222.50,1218.74,1221.34,22680
2019-05-13,1223.45,1225.24,1217.85,1219.83,25470
2019-05-14,1218.62,1224.21,1217.60,1223.80,19040
2019-05-15,1227.53,1229.60,1223.57,1225.44,23330
2019-05-16,1226.80,1228.69,1215.87,1217.37,17890
2019-05-17,1220.30,1223.88,1210.43,1213.36,24870
2019-05-20,1216.55,1217.34,1211.35,1212.80,23650
2019-05-21,1213.63,1214.17,1210.91,1213.37,22220
2019-05-22,1210.46,1216.30,1209.09,1216.26,22870
2019-05-23,1216.81,1218.60,1211.87,1213.43,25820
2019-05-24,1210.97,1211.66,1206.33,1208.91,21080
2019-05-28,1208.73,1212.46,1207.25,1211.92,24480
2019-05-29,1211.74,1213.09,1204.83,1205.41,24800
2019-05-30,1205.62,1206.11,1205.13,1205.15,18420
2019-05-31,1206.98,1209.89,1199.53,1200.56,27130
2019-06-03,1200.61,1208.66,1199.36,1208.35,30460
2019-06-04,1206.55,1208.79,1204.63,1204.86,15300
2019-06-05,1206.42,1206.68,1204.03,1204.06,20100
2019-06-06,1202.48,1202.58,1188.07,1194.58,24800
2019-06-07,1195.93,1202.24,1193.83,1200.78,19490
2019-06-10,1200.33,1201.00,1194.10,1196.90,24340
2019-06-11,1198.65,1207.64,1196.94,1202.38,20920
2019-06-12,1202.19,1208.87,1201.85,1206.99,14940
2019-06-13,1208.32,1211.47,1206.46,1208.95,16380
2019-06-14,1211.40,1216.48,1204.99,1214.03,15790
2019-06-17,1214.08,1215.19,1211.74,1212.36,24920
2019-06-18,1214.50,1214.78,1211.72,1214.05,22440
2019-06-19,1215.43,1218.78,1205.71,1208.65,25040
2019-06-20,1207.45,1213.25,1205.20,1211.93,12510
2019-06-21,1212.35,1213.07,1208.85,1209.38,27230
2019-06-24,1208.20,1211.06,1207.28,1207.85,21190
2019-06-25,1211.60,1214.71,1198.25,1201.45,11480
2019-06-26,1199.98,1205.08,1199.19,1203.63,21380
2019-06-27,1203.50,1207.21,1203.29,1203.66,19040
2019-06-28,1204.04,1206.42,1190.19,1193.14,19170
2019-07-01,1192.83,1195.33,1187.30,1189.33,14880
2019-07-02,1190.99,1191.95,1184.01,1186.38,21010
2019-07-03,1185.71,1201.11,1183.65,1199.84,21340
2019-07-05,1198.16,1198.55,1196.24,1196.63,21570
2019-07-08,1199.01,1203.55,1193.12,1194.07,16990
2019-07-09,1191.68,1193.88,1184.11,1186.32,19210
2019-07-10,1186.78,1198.00,1183.19,1195.14,15830
2019-07-11,1193.49,1202.34,1191.57,1201.15,12060
2019-07-12,1198.23,1203.24,1194.69,1199.18,20490
2019-07-15,1202.41,1203.60,1195.98,1196.66,18060
2019-07-16,1198.04,1200.61,1195.35,1199.08,23690
2019-07-17,1201.85,1204.44,1191.69,1197.54,19710
2019-07-18,1198.18,1201.42,1191.27,1192.14,17940
2019-07-19,1190.21,1202.01,1188.64,1198.77,15930
2019-07-22,1197.80,1203.42,1194.67,1201.93,23380
2019-07-23,1200.94,1201.30,1194.15,1197.35,22060
2019-07-24,1196.63,1198.46,1183.86,1186.07,17800
2019-07-25,1187.67,1189.89,1187.06,1189.80,21480
2019-07-26,1188.10,1198.35,1187.09,1194.53,23590
2019-07-29,1196.32,1197.52,1186.65,1190.13,21510
2019-07-30,1189.78,1193.53,1189.25,1191.55,20300
2019-07-31,1192.41,1193.16,1191.98,1192.08,19890
2019-08-01,1193.15,1195.46,1187.69,1189.28,16400
2019-08-02,1184.08,1192.45,1183.94,1189.92,14250
2019-08-05,1189.05,1190.64,1184.31,1186.04,23610
2019-08-06,1187.37,1199.23,1185.23,1195.75,22570
2019-08-07,1196.07,1197.65,1188.20,1188.64,16500
2019-08-08,1191.76,1192.11,1184.63,1187.10,19130
2019-08-09,1187.99,1189.72,1185.60,1185.75,19440
2019-08-12,1185.06,1188.55,1184.41,1187.64,19740
2019-08-13,1187.85,1189.70,1184.40,1187.80,24950
2019-08-14,1187.77,1193.61,1184.38,1186.26,19810
2019-08-15,1186.07,1186.72,1180.02,1181.15,13270
2019-08-16,1180.40,1184.79,1178.26,1184.40,23230
2019-08-19,1185.30,1186.57,1181.44,1183.73,19450
2019-08-20,1179.43,1181.23,1178.31,1178.52,9520
2019-08-21,1178.18,1178.98,1169.57,1172.42,20590
2019-08-22,1173.65,1174.72,1170.85,1172.44,11900
2019-08-23,1171.65,1176.11,1164.68,1170.90,19810
2019-08-26,1170.28,1171.26,1166.13,1166.95,20880
2019-08-27,1165.53,1169.26,1162.93,1168.57,20000
2019-08-28,1171.00,1183.60,1169.82,1183.07,29710
2019-08-29,1181.12,1191.40,1171.98,1188.85,19010
2019-08-30,1190.99,1193.05,1183.66,1185.05,22190
2019-09-03,1184.38,1197.52,1182.74,1195.77,21850
2019-09-04,1194.40,1195.25,1191.26,1192.48,28320
2019-09-05,1190.30,1191.57,1188.65,1188.65,28570
2019-09-06,1189.93,1191.22,1188.02,1190.94,26080
2019-09-09,1190.85,1192.32,1183.63,1185.97,20250
2019-09-10,1182.92,1185.60,1179.56,1185.00,21190
2019-09-11,1184.24,1193.79,1183.06,1193.19,26390
2019-09-12,1195.84,1202.13,1192.92,1200.81,15560
2019-09-13,1203.37,1204.90,1193.22,1193.91,13180
2019-09-16,1193.14,1195.92,1190.03,1193.38,15400
2019-09-17,1195.60,1200.62,1194.44,1199.75,27540
2019-09-18,1196.46,1200.32,1192.87,1193.80,10640
2019-09-19,1194.47,1195.73,1191.79,1192.71,22170
2019-09-20,1193.83,1204.71,1190.69,1201.38,17500
2019-09-23,1198.48,1201.50,1197.48,1199.34,18180
2019-09-24,1199.96,1206.06,1197.73,1205.16,19280
2019-09-25,1207.27,1209.77,1206.18,1207.23,14160
2019-09-26,1206.10,1207.64,1204.82,1206.75,22740
2019-09-27,1205.93,1210.11,1202.32,1207.56,23030
2019-09-30,1209.07,1210.33,1205.43,1206.03,18880
2019-10-01,1207.62,1209.26,1204.20,1208.56,22740
2019-10-02,1210.40,1221.35,1208.43,1218.26,21150
2019-10-03,1218.23,1227.93,1216.24,1227.08,28150
2019-10-04,1226.63,1229.79,1224.23,1229.01,17610
2019-10-07,1231.71,1239.94,1222.14,1233.98,15850
2019-10-08,1230.45,1247.38,1228.52,1242.35,14150
2019-10-09,1240.18,1250.81,1238.38,1249.01,21080
2019-10-10,1246.34,1247.81,1238.74,1240.53,15200
2019-10-11,1239.22,1244.71,1237.63,1238.84,18620
2019-10-15,1240.25,1240.51,1231.67,1233.65,21560
2019-10-16,1230.87,1246.56,1230.11,1239.48,22240
2019-10-17,1243.80,1246.69,1230.96,1234.31,17880
2019-10-18,1233.32,1238.36,1229.29,1237.35,21120
2019-10-21,1240.30,1240.64,1230.90,1232.14,17530
2019-10-22,1233.38,1243.28,1230.91,1240.50,14210
2019-10-23,1238.52,1250.10,1237.29,1246.89,18630
2019-10-24,1246.82,1251.89,1246.45,1250.17,21760
2019-10-25,1246.30,1250.00,1246.10,1249.76,17820
2019-10-28,1249.22,1257.02,1247.91,1253.65,17460
2019-10-29,1249.67,1254.32,1246.84,1252.60,20610
2019-10-30,1252.25,1253.81,1248.12,1250.55,21990
2019-10-31,1251.37,1252.59,1247.08,1247.38,16810
2019-11-01,1250.93,1253.40,1245.44,1245.51,21080
2019-11-04,1246.48,1248.34,1237.51,1243.47,24170
2019-11-05,1247.00,1250.24,1242.03,1242.64,20480
2019-11-06,1244.69,1250.89,1242.02,1246.42,20290
2019-11-07,1245.23,1252.11,1244.87,1249.25,18260
2019-11-08,1243.57,1244.07,1234.69,1235.64,26570
2019-11-12,1237.88,1241.27,1236.11,1241.22,20380
2019-11-13,1240.91,1242.05,1239.09,1241.77,11230
2019-11-14,1244.25,1247.58,1242.60,1246.56,12350
2019-11-15,1244.30,1247.27,1244.24,1246.41,16430
2019-11-18,1247.09,1247.38,1236.86,1240.93,15390
2019-11-19,1242.81,1243.10,1237.76,1239.52,19770
2019-11-20,1241.71,1242.77,1235.07,1235.38,21830
2019-11-21,1237.21,1249.47,1233.35,1244.42,21150
2019-11-22,1244.63,1249.40,1231.89,1235.50,21230
2019-11-25,1234.11,1240.18,1230.59,1237.67,17410
2019-11-26,1236.56,1246.97,1235.34,1245.44,22620
2019-11-27,1245.76,1248.49,1233.40,1234.60,22660
2019-11-29,1234.57,1237.93,1234.48,1237.54,19550
2019-12-02,1238.10,1241.84,1236.63,1240.68,16690
2019-12-03,1240.16,1246.19,1237.91,1245.35,23870
2019-12-04,1244.13,1250.17,1239.40,1243.38,8610
2019-12-05,1243.14,1243.44,1235.05,1239.60,18700
2019-12-06,1241.63,1242.90,1227.49,1230.07,21220
2019-12-09,1226.94,1241.32,1225.80,1239.95,23610
2019-12-10,1239.72,1249.12,1234.24,1246.41,18270
2019-12-11,1245.65,1251.97,1234.73,1238.18,21450
2019-12-12,1239.97,1245.07,1239.69,1244.68,14590
2019-12-13,1244.12,1260.74,1242.66,1253.80,26010
2019-12-16,1250.01,1250.76,1242.27,1244.22,29470
2019-12-17,1245.43,1255.43,1240.39,1253.82,17670
2019-12-18,1253.99,1255.67,1250.67,1251.71,17250
2019-12-19,1253.58,1255.56,1252.19,1255.10,19200
2019-12-20,1253.83,1260.60,1252.71,1260.55,19570
2019-12-23,1257.45,1262.96,1255.95,1261.33,15500
2019-12-24,1259.48,1264.39,1257.31,1261.87,28510
2019-12-26,1258.93,1259.35,1255.69,1256.45,22510
2019-12-27,1257.30,1258.05,1249.87,1249.98,20600
2019-12-30,1250.69,1251.34,1243.65,1246.04,23230
2019-12-31,1245.22,1247.77,1238.18,1242.44,27420
2020-01-02,1243.22,1244.17,1230.00,1230.18,19340
2020-01-03,1228.29,1238.71,1227.28,1233.48,21990
2020-01-06,1234.36,1236.18,1228.72,1230.26,21840
2020-01-07,1233.45,1233.52,1219.42,1221.96,13530
2020-01-08,1222.72,1228.51,1222.30,1224.95,19630
2020-01-09,1223.66,1224.39,1221.30,1221.44,13030
2020-01-10,1223.01,1227.40,1220.95,1225.21,17620
2020-01-13,1221.08,1232.08,1219.52,1228.73,14380
2020-01-14,1227.65,1235.65,1225.58,1231.71,25960
2020-01-15,1231.29,1231.29,1228.83,1229.99,19730
2020-01-16,1231.36,1233.21,1231.15,1231.75,18710
2020-01-17,1233.64,1235.06,1227.17,1227.69,21570
2020-01-21,1226.86,1234.16,1223.03,1233.66,18260
2020-01-22,1231.81,1240.95,1227.35,1238.42,18660
2020-01-23,1238.06,1240.89,1237.32,1239.02,19340
2020-01-24,1238.26,1252.58,1234.09,1248.83,24730
2020-01-27,1248.70,1255.09,1246.28,1252.45,23060
2020-01-28,1252.32,1261.02,1250.62,1254.61,17120
2020-01-29,1256.93,1270.42,1253.95,1266.90,21590
2020-01-30,1265.75,1271.69,1262.38,1271.02,21630
2020-01-31,1271.91,1275.34,1266.95,1270.47,16380
2020-02-03,1267.92,1278.80,1266.42,1277.98,15210
2020-02-04,1280.05,1290.77,1275.86,1287.69,25700
2020-02-05,1289.57,1291.60,1273.20,1274.18,25820
2020-02-06,1272.82,1275.20,1264.39,1264.72,18890
2020-02-07,1263.64,1266.73,1260.99,1262.31,18050
2020-02-10,1260.42,1262.28,1242.87,1243.72,16350
2020-02-11,1241.46,1248.01,1238.21,1246.98,17430
2020-02-12,1248.39,1250.20,1242.36,1244.13,17860
2020-02-13,1242.53,1243.26,1236.71,1239.45,24090
2020-02-14,1239.83,1243.15,1234.32,1235.53,14460
2020-02-18,1236.35,1240.24,1236.22,1240.15,22280
2020-02-19,1239.86,1241.24,1235.61,1237.45,18440
2020-02-20,1237.27,1247.12,1234.09,1245.43,18530
2020-02-21,1240.23,1249.72,1238.11,1247.09,16470
2020-02-24,1249.25,1268.40,1246.81,1262.49,16750
2020-02-25,1263.34,1272.29,1261.53,1268.14,25370
2020-02-26,1270.91,1274.81,1267.40,1267.58,18680
2020-02-27,1265.82,1268.49,1265.54,1265.59,23160
2020-02-28,1265.49,1265.89,1263.34,1265.67,28430
2020-03-02,1265.76,1272.19,1264.41,1270.25,23890
2020-03-03,1269.18,1281.31,1268.72,1279.64,17580
2020-03-04,1279.32,1281.87,1277.80,1280.12,22540
2020-03-05,1276.72,1283.52,1275.25,1280.63,19680
2020-03-06,1280.95,1291.84,1279.21,1288.92,23980
2020-03-09,1292.11,1295.03,1284.80,1294.33,24280
2020-03-10,1292.19,1295.00,1286.29,1293.35,20960
2020-03-11,1293.03,1298.24,1289.99,1293.76,17500
2020-03-12,1294.70,1295.27,1282.63,1284.73,17860
2020-03-13,1286.99,1287.47,1272.61,1275.13,13760
2020-03-16,1275.16,1277.74,1264.00,1266.61,13260
2020-03-17,1267.48,1267.94,1259.39,1264.66,21890
2020-03-18,1260.90,1275.02,1260.45,1270.83,19830
2020-03-19,1271.14,1273.46,1269.18,1272.63,18210
2020-03-20,1268.65,1281.35,1265.81,1281.34,15150
2020-03-23,1283.05,1286.14,1281.73,1285.92,18990
2020-03-24,1285.82,1293.73,1281.48,1292.69,23990
2020-03-25,1293.44,1296.12,1292.43,1294.83,16850
2020-03-26,1295.30,1297.23,1288.74,1290.38,33440
2020-03-27,1291.97,1296.52,1282.28,1283.84,18810
2020-03-30,1281.28,1284.42,1276.67,1280.36,23100
2020-03-31,1280.59,1281.51,1274.03,1275.17,13460
2020-04-01,1272.28,1282.80,1268.81,1280.15,19570
2020-04-02,1279.37,1280.24,1267.94,1269.31,18810
2020-04-03,1269.89,1271.99,1262.38,1264.58,21890
2020-04-06,1262.72,1269.42,1260.70,1269.33,23000
2020-04-07,1268.50,1270.27,1259.58,1261.17,14320
2020-04-08,1262.02,1267.13,1241.95,1243.36,21540
2020-04-09,1244.73,1252.24,1240.89,1249.72,21390
2020-04-10,1250.36,1258.26,1249.04,1256.44,19390
2020-04-13,1255.82,1260.12,1247.33,1249.03,23870
2020-04-14,1252.74,1255.42,1245.88,1247.24,22650
2020-04-15,1247.46,1253.31,1244.38,1251.58,11760
2020-04-16,1250.37,1262.57,1249.51,1261.06,22040
2020-04-17,1261.69,1262.91,1252.12,1255.99,21300
2020-04-20,1256.09,1261.66,1254.30,1258.12,18560
2020-04-21,1255.39,1259.09,1255.15,1257.69,27690
2020-04-22,1254.21,1256.86,1249.03,1255.46,24600
2020-04-23,1254.93,1263.60,1252.40,1260.63,15340
2020-04-24,1258.47,1266.34,1257.23,1261.54,30980
2020-04-27,1262.33,1268.95,1259.67,1268.56,22380
2020-04-28,1265.56,1266.15,1262.10,1263.58,22630
2020-04-29,1260.94,1261.13,1256.41,1256.76,13890
2020-04-30,1258.14,1258.35,1247.77,1251.17,18270
2020-05-01,1248.87,1257.84,1248.21,1255.33,18010
2020-05-04,1257.71,1260.68,1255.65,1256.94,20630
2020-05-05,1257.94,1272.79,1256.50,1269.41,15830
2020-05-06,1271.76,1272.18,1265.43,1266.73,14850
2020-05-07,1271.86,1272.11,1267.08,1268.77,15940
2020-05-08,1270.31,1271.94,1260.84,1263.73,18860
2020-05-11,1265.35,1265.97,1253.49,1253.96,16340
2020-05-12,1254.03,1255.38,1248.04,1248.07,19880
2020-05-13,1247.64,1262.54,1243.59,1258.33,21640
2020-05-14,1259.41,1261.51,1249.23,1249.71,25950
2020-05-15,1249.92,1261.17,1249.72,1260.57,16520
2020-05-18,1258.24,1265.27,1255.26,1263.55,15160
2020-05-19,1263.94,1270.35,1261.20,1265.68,16280
2020-05-20,1265.86,1267.88,1263.64,1263.75,20310
2020-05-21,1263.40,1263.83,1259.48,1261.64,24060
2020-05-22,1260.61,1270.92,1260.27,1268.09,21630
2020-05-26,1267.95,1271.56,1267.03,1271.19,26870
2020-05-27,1270.79,1273.49,1269.34,1269.50,18330
2020-05-28,1270.59,1276.21,1268.97,1275.37,13130
2020-05-29,1277.13,1278.68,1266.49,1269.27,21160
2020-06-01,1270.05,1274.84,1266.52,1273.19,21860
2020-06-02,1269.23,1271.44,1267.98,1271.34,25690
2020-06-03,1272.30,1284.95,1272.02,1282.43,20310
2020-06-04,1281.37,1287.94,1275.90,1277.17,21270
2020-06-05,1279.04,1280.52,1276.14,1276.16,12770
2020-06-08,1274.32,1278.46,1270.85,1275.36,14640
2020-06-09,1274.66,1278.98,1272.16,1277.89,16780
2020-06-10,1276.13,1278.99,1274.43,1276.04,24460
2020-06-11,1276.63,1277.47,1270.77,1274.62,12280
2020-06-12,1274.78,1278.25,1273.37,1273.96,22610
2020-06-15,1271.35,1273.35,1270.07,1271.76,18580
2020-06-16,1272.84,1282.73,1271.55,1277.10,20950
2020-06-17,1277.16,1277.65,1270.65,1271.74,21230
2020-06-18,1271.29,1279.34,1271.23,1278.92,24190
2020-06-19,1278.20,1278.91,1275.92,1278.61,15800
2020-06-22,1277.57,1280.45,1274.87,1277.90,16160
2020-06-23,1277.51,1282.21,1275.82,1280.23,21410
2020-06-24,1277.20,1281.38,1277.02,1279.71,25310
2020-06-25,1281.48,1283.41,1281.00,1282.53,26210
2020-06-26,1281.32,1281.48,1272.91,1276.96,15360
2020-06-29,1277.56,1282.77,1274.86,1282.06,23970
2020-06-30,1282.50,1291.81,1281.78,1286.33,28580
2020-07-01,1285.83,1291.16,1283.09,1287.12,26160
2020-07-02,1290.19,1291.13,1285.53,1287.10,19460
2020-07-06,1282.70,1286.39,1280.78,1282.28,19460
2020-07-07,1281.03,1281.45,1275.79,1278.72,22570
2020-07-08,1280.66,1285.07,1278.31,1283.22,25360
2020-07-09,1280.65,1290.81,1277.97,1288.07,20490
2020-07-10,1288.26,1292.38,1286.33,1290.71,17630
2020-07-13,1291.58,1292.59,1278.39,1283.78,16780
2020-07-14,1281.59,1289.29,1280.81,1286.44,14120
2020-07-15,1283.54,1292.39,1281.70,1290.85,22920
2020-07-16,1291.76,1296.07,1283.13,1285.27,25440
2020-07-17,1282.92,1289.42,1281.59,1287.26,26530
2020-07-20,1284.36,1287.22,1274.44,1278.28,16180
2020-07-21,1279.05,1279.87,1275.88,1277.37,19570
2020-07-22,1275.82,1277.99,1272.48,1274.68,23390
2020-07-23,1276.34,1276.64,1264.05,1264.12,17660
2020-07-24,1263.10,1272.93,1261.51,1271.02,14500
2020-07-27,1270.37,1280.12,1266.84,1276.06,16750
2020-07-28,1273.76,1280.54,1272.34,1279.17,18370
2020-07-29,1278.48,1284.40,1272.94,1284.10,18810
2020-07-30,1283.25,1285.23,1278.77,1282.35,17550
2020-07-31,1281.03,1284.48,1278.30,1281.85,24180
2020-08-03,1280.05,1284.83,1278.52,1284.70,19390
2020-08-04,1287.28,1293.30,1281.97,1283.28,18790
2020-08-05,1282.62,1284.93,1281.29,1282.46,11710
2020-08-06,1279.27,1286.50,1279.15,1283.19,14070
2020-08-07,1280.66,1287.20,1276.28,1285.69,17880
2020-08-10,1284.26,1286.94,1282.31,1283.28,21120
2020-08-11,1284.30,1285.72,1276.69,1280.84,17300
2020-08-12,1279.96,1280.72,1270.11,1271.34,19780
2020-08-13,1268.80,1279.75,1268.03,1276.49,22540
2020-08-14,1276.12,1281.55,1276.09,1278.38,25480
2020-08-17,1276.92,1280.53,1273.90,1279.16,13690
2020-08-18,1278.74,1298.74,1277.67,1295.38,16680
2020-08-19,1296.79,1303.06,1296.54,1297.49,22320
2020-08-20,1298.70,1307.50,1296.56,1305.73,24440
2020-08-21,1305.51,1307.78,1302.05,1306.99,18630
2020-08-24,1308.06,1308.98,1297.61,1299.78,9260
2020-08-25,1299.53,1304.74,1298.64,1300.39,18870
2020-08-26,1303.32,1303.56,1300.11,1301.56,23730
2020-08-27,1303.05,1308.02,1299.19,1299.90,26010
2020-08-28,1301.73,1309.60,1298.91,1305.49,11410
2020-08-31,1307.20,1317.03,1301.87,1309.83,25180
2020-09-01,1308.53,1314.76,1295.54,1296.20,23140
2020-09-02,1295.12,1298.67,1293.23,1295.97,21580
2020-09-03,1301.37,1303.51,1289.01,1292.56,21210
2020-09-04,1292.50,1293.37,1289.30,1289.58,19120
2020-09-08,1288.35,1289.15,1283.09,1286.09,15360
2020-09-09,1280.82,1280.87,1274.66,1277.50,18040
2020-09-10,1278.27,1282.77,1274.07,1280.86,19920
2020-09-11,1284.13,1288.54,1283.31,1287.17,12790
2020-09-14,1288.20,1293.15,1279.68,1291.02,16130
2020-09-15,1291.38,1294.37,1282.30,1285.71,14490
2020-09-16,1282.37,1292.71,1281.55,1291.86,20830
2020-09-17,1291.11,1293.64,1289.24,1292.91,18250
2020-09-18,1291.69,1299.54,1286.22,1293.46,19900
2020-09-21,1293.63,1297.62,1292.34,1295.04,12820
2020-09-22,1292.71,1300.83,1291.66,1300.25,20600
2020-09-23,1299.19,1302.12,1292.28,1300.31,19850
2020-09-24,1300.75,1316.77,1300.12,1310.70,21130
2020-09-25,1311.23,1313.92,1305.47,1306.22,25100
2020-09-28,1305.74,1314.75,1305.60,1309.73,17070
2020-09-29,1309.91,1310.10,1300.41,1305.55,20810
2020-09-30,1307.10,1308.93,1306.67,1308.20,21500
2020-10-01,1307.12,1308.19,1301.95,1305.75,16370
2020-10-02,1304.79,1315.05,1300.29,1312.67,22550
2020-10-05,1311.36,1313.83,1310.60,1312.65,17430
2020-10-06,1310.25,1311.55,1305.01,1305.62,22210
2020-10-07,1306.60,1308.71,1305.86,1308.00,23400
2020-10-08,1312.86,1314.66,1309.62,1312.99,16030
2020-10-09,1311.16,1312.28,1302.68,1305.27,24070
2020-10-13,1305.57,1307.85,1300.06,1300.98,18690
2020-10-14,1301.92,1302.29,1301.77,1302.19,24570
2020-10-15,1304.37,1309.44,1299.05,1308.57,25200
2020-10-16,1309.82,1311.71,1291.32,1292.81,15690
2020-10-19,1293.04,1293.33,1288.56,1288.70,21960
2020-10-20,1289.68,1290.27,1289.63,1289.64,20480
2020-10-21,1287.63,1299.70,1287.35,1295.50,22740
2020-10-22,1295.55,1296.78,1292.77,1293.17,21170
2020-10-23,1292.15,1294.25,1287.07,1293.81,27050
2020-10-26,1291.06,1296.62,1290.43,1295.39,18530
2020-10-27,1294.90,1302.44,1290.64,1299.37,16630
2020-10-28,1298.20,1298.57,1290.33,1292.00,19630
2020-10-29,1289.80,1303.70,1286.34,1299.28,23850
2020-10-30,1298.13,1303.61,1295.97,1302.55,17140
2020-11-02,1302.26,1304.02,1288.65,1290.71,23290
2020-11-03,1293.54,1295.22,1292.87,1294.29,23980
2020-11-04,1294.09,1297.36,1294.04,1296.78,17330
2020-11-05,1299.43,1304.79,1280.55,1281.39,19870
2020-11-06,1282.04,1283.21,1278.66,1278.67,24880
2020-11-09,1277.51,1284.50,1274.85,1284.02,21980
2020-11-10,1282.85,1289.82,1281.64,1288.88,21530
2020-11-12,1289.11,1296.06,1285.10,1295.83,20950
2020-11-13,1295.22,1300.15,1291.28,1294.52,12750
2020-11-16,1297.28,1297.79,1285.96,1288.95,23040
2020-11-17,1291.65,1292.16,1289.33,1289.89,15390
2020-11-18,1291.36,1293.13,1286.81,1287.29,23880
2020-11-19,1287.15,1298.54,1285.99,1298.07,19680
2020-11-20,1298.85,1299.71,1294.00,1294.28,12750
2020-11-23,1294.93,1295.71,1289.97,1292.38,12020
2020-11-24,1293.09,1299.80,1289.75,1299.67,15150
2020-11-25,1298.28,1299.34,1285.48,1291.13,20900
2020-11-27,1292.67,1295.58,1288.87,1294.16,20380
2020-11-30,1291.42,1291.88,1281.96,1283.34,17230
2020-12-01,1282.40,1284.44,1279.91,1281.49,14290
2020-12-02,1281.97,1284.41,1277.06,1277.61,16730
2020-12-03,1275.46,1276.56,1274.06,1275.05,21650
2020-12-04,1275.02,1276.45,1259.09,1262.17,16560
2020-12-07,1260.42,1263.57,1258.32,1260.85,18510
2020-12-08,1259.60,1271.84,1259.08,1269.48,23480
2020-12-09,1268.64,1272.29,1266.45,1271.46,17010
2020-12-10,1270.45,1272.85,1267.77,1272.40,22270
2020-12-11,1272.35,1275.18,1271.47,1273.47,18570
2020-12-14,1272.95,1279.65,1272.24,1276.21,23910
2020-12-15,1272.94,1276.48,1270.70,1275.89,16940
2020-12-16,1273.55,1285.10,1272.88,1280.48,23080
2020-12-17,1282.07,1282.76,1281.75,1282.28,24610
2020-12-18,1282.06,1284.03,1277.64,1281.07,18910
2020-12-21,1279.60,1283.62,1268.27,1269.97,16210
2020-12-22,1270.14,1281.41,1269.36,1280.06,20220
2020-12-23,1281.95,1291.63,1280.82,1288.57,19400
2020-12-24,1285.41,1287.28,1272.61,1274.12,23780
2020-12-28,1270.81,1272.13,1267.22,1270.17,25670
2020-12-29,1270.28,1284.24,1266.72,1281.67,25770
2020-12-30,1281.07,1282.31,1272.92,1274.22,20200
2020-12-31,1277.65,1282.36,1263.51,1266.62,22830
2021-01-04,1267.64,1273.63,1266.98,1270.69,13270
2021-01-05,1270.61,1274.17,1269.60,1272.43,18290
2021-01-06,1273.36,1279.71,1272.64,1278.60,17330
2021-01-07,1275.76,1287.64,1273.71,1286.92,21820
2021-01-08,1288.22,1290.53,1277.50,1279.86,15460
2021-01-11,1276.70,1282.84,1276.62,1279.56,18640
2021-01-12,1279.29,1282.30,1260.52,1263.05,23570
2021-01-13,1264.95,1269.41,1261.37,1263.87,16040
2021-01-14,1266.91,1270.91,1253.15,1254.65,16050
2021-01-15,1254.47,1256.82,1248.69,1256.65,16910
2021-01-19,1257.59,1262.88,1255.53,1262.15,20220
2021-01-20,1263.13,1267.14,1259.81,1264.54,11240
2021-01-21,1265.42,1266.65,1264.01,1265.95,20930
2021-01-22,1267.91,1275.62,1266.16,1273.17,22640
2021-01-25,1275.12,1280.41,1272.52,1278.68,23910
2021-01-26,1279.86,1282.52,1275.48,1280.68,22010
2021-01-27,1277.97,1278.69,1274.95,1278.43,21220
2021-01-28,1281.45,1282.66,1272.93,1276.34,21410
2021-01-29,1275.18,1278.02,1270.53,1273.12,17860
2021-02-01,1270.69,1273.28,1268.78,1269.82,24540
2021-02-02,1268.91,1282.90,1265.84,1279.60,18540
2021-02-03,1279.05,1281.24,1269.67,1271.32,18170
2021-02-04,1271.35,1274.77,1270.49,1273.15,19720
2021-02-05,1269.59,1274.26,1262.23,1263.71,22790
2021-02-08,1262.53,1273.60,1260.63,1271.80,18880
2021-02-09,1268.57,1278.78,1268.44,1275.64,24450
2021-02-10,1277.31,1285.65,1276.89,1283.57,18390
2021-02-11,1284.91,1291.81,1283.40,1290.49,21530
2021-02-12,1286.82,1287.03,1279.85,1280.09,24810
2021-02-16,1279.63,1292.63,1278.57,1289.36,25300
2021-02-17,1291.81,1294.61,1291.28,1292.30,25560
2021-02-18,1292.90,1296.80,1286.33,1290.76,19100
2021-02-19,1292.45,1297.25,1290.76,1295.08,23750
2021-02-22,1295.71,1307.68,1290.06,1306.65,16540
2021-02-23,1307.47,1310.41,1295.82,1296.73,22550
2021-02-24,1293.16,1293.54,1284.79,1284.99,14460
2021-02-25,1286.34,1288.85,1280.00,1284.52,23270
2021-02-26,1284.10,1287.57,1281.76,1284.77,18150
2021-03-01,1284.48,1290.22,1281.65,1287.14,18590
2021-03-02,1283.43,1283.63,1277.90,1279.55,18940
2021-03-03,1278.68,1289.44,1274.89,1286.80,15230
2021-03-04,1285.86,1288.48,1272.14,1278.80,23520
2021-03-05,1280.94,1291.68,1280.09,1289.84,20880
2021-03-08,1293.04,1297.38,1292.87,1293.15,14340
2021-03-09,1292.73,1296.67,1289.49,1290.28,21650
2021-03-10,1289.91,1290.75,1283.80,1285.35,29480
2021-03-11,1283.64,1287.07,1282.46,1285.88,18510
2021-03-12,1290.84,1292.89,1281.50,1282.77,26420
2021-03-15,1282.12,1293.65,1279.43,1288.85,23650
2021-03-16,1283.69,1290.48,1281.95,1289.95,17790
2021-03-17,1289.94,1290.38,1280.84,1281.53,12540
2021-03-18,1281.12,1286.73,1280.44,1286.03,22710
2021-03-19,1285.83,1286.70,1283.78,1285.16,19560
2021-03-22,1284.42,1295.09,1284.18,1292.96,21990
2021-03-23,1292.12,1292.29,1282.22,1284.68,16570
2021-03-24,1284.70,1289.73,1279.83,1285.23,14670
2021-03-25,1282.08,1291.57,1280.26,1291.00,18670
2021-03-26,1289.59,1292.19,1284.74,1285.12,24830
2021-03-29,1282.84,1289.78,1281.60,1288.74,18800
2021-03-30,1286.50,1293.39,1285.26,1291.49,19630
2021-03-31,1292.13,1298.95,1291.49,1298.40,25470
2021-04-01,1298.92,1304.47,1295.59,1301.08,17450
2021-04-02,1302.60,1306.08,1300.36,1304.93,19620
2021-04-05,1304.11,1304.67,1292.96,1296.09,19760
2021-04-06,1296.23,1305.80,1295.70,1302.68,23700
2021-04-07,1300.73,1306.02,1292.96,1293.28,14540
2021-04-08,1295.09,1300.52,1280.04,1285.42,15080
2021-04-09,1287.47,1289.29,1270.73,1272.44,19510
2021-04-12,1272.90,1282.30,1272.55,1280.72,18430
2021-04-13,1280.00,1286.45,1277.81,1282.19,18230
2021-04-14,1282.02,1284.81,1274.46,1278.25,20720
2021-04-15,1275.64,1278.37,1263.58,1268.35,17570
2021-04-16,1268.52,1270.47,1263.95,1267.24,21000
2021-04-19,1268.12,1283.32,1266.39,1280.84,30100
2021-04-20,1280.27,1287.74,1278.20,1286.02,20310
2021-04-21,1284.16,1286.65,1281.97,1284.11,15380
2021-04-22,1282.93,1286.93,1282.04,1284.61,20420
2021-04-23,1281.25,1309.00,1278.45,1303.54,13040
2021-04-26,1306.29,1313.73,1305.63,1306.95,25470
2021-04-27,1308.31,1313.42,1305.17,1307.52,27890
2021-04-28,1305.71,1326.70,1304.29,1320.70,16990
2021-04-29,1321.79,1326.76,1319.13,1326.09,18260
2021-04-30,1324.67,1331.26,1323.13,1329.43,20430
2021-05-03,1331.20,1333.93,1315.01,1319.85,14390
2021-05-04,1322.44,1322.65,1303.21,1305.03,22870
2021-05-05,1303.30,1307.18,1302.17,1305.38,22970
2021-05-06,1308.01,1311.64,1301.92,1304.24,21270
2021-05-07,1303.76,1315.02,1301.88,1314.74,22070
2021-05-10,1313.88,1322.36,1313.19,1321.72,20130
2021-05-11,1322.22,1333.53,1319.88,1331.76,17960
2021-05-12,1338.14,1341.39,1329.23,1330.53,20490
2021-05-13,1334.13,1338.94,1324.05,1324.30,23770
2021-05-14,1322.95,1330.92,1320.48,1327.50,17510
2021-05-17,1326.82,1326.85,1314.27,1315.32,21360
2021-05-18,1315.27,1322.57,1313.98,1320.36,17870
2021-05-19,1320.81,1337.98,1317.87,1334.68,19610
2021-05-20,1333.49,1339.98,1331.21,1339.88,26300
2021-05-21,1337.37,1343.66,1337.27,1341.87,23330
2021-05-24,1342.59,1347.69,1342.15,1346.74,20800
2021-05-25,1347.46,1356.21,1347.24,1353.20,22220
2021-05-26,1353.73,1353.78,1342.73,1352.64,16700
2021-05-27,1355.60,1356.90,1345.63,1346.08,15300
2021-05-28,1348.57,1352.14,1346.47,1347.48,22260
2021-06-01,1348.02,1372.56,1343.37,1368.72,23980
2021-06-02,1370.67,1370.88,1367.08,1367.60,16280
2021-06-03,1368.94,1370.84,1350.78,1350.90,16140
2021-06-04,1351.34,1355.97,1345.81,1351.17,19390
2021-06-07,1350.11,1352.09,1347.20,1348.47,16110
2021-06-08,1347.65,1347.68,1337.93,1338.62,19670
2021-06-09,1338.66,1340.60,1327.43,1329.86,14250
2021-06-10,1330.30,1331.15,1325.08,1325.63,29110
2021-06-11,1321.94,1329.09,1320.58,1325.51,26410
2021-06-14,1322.89,1336.01,1320.66,1335.79,19560
2021-06-15,1338.52,1339.87,1327.07,1330.64,23210
2021-06-16,1327.75,1327.95,1321.29,1322.98,22820
2021-06-17,1324.05,1326.70,1319.27,1321.63,12440
2021-06-21,1324.92,1326.20,1315.82,1319.37,21610
2021-06-22,1320.96,1321.68,1315.77,1319.30,22790
2021-06-23,1320.62,1327.99,1319.54,1327.03,20120
2021-06-24,1326.76,1330.46,1322.71,1326.77,17660
2021-06-25,1329.44,1331.91,1326.90,1331.02,21110
2021-06-28,1329.90,1332.44,1327.60,1329.63,22430
2021-06-29,1330.03,1330.95,1328.61,1330.16,26110
2021-06-30,1331.66,1337.38,1330.80,1334.76,19270
2021-07-01,1335.55,1339.68,1331.60,1339.11,20410
2021-07-02,1339.85,1346.40,1327.80,1328.77,14060
2021-07-06,1327.14,1331.21,1322.40,1331.21,29000
2021-07-07,1333.28,1334.29,1323.49,1332.93,25180
2021-07-08,1333.81,1343.07,1331.30,1336.93,23410
2021-07-09,1341.21,1342.30,1330.12,1333.51,25530
2021-07-12,1336.05,1337.89,1325.86,1327.41,18530
2021-07-13,1328.42,1332.58,1323.43,1331.49,19970
2021-07-14,1332.82,1335.35,1320.95,1321.28,19690
2021-07-15,1322.19,1329.33,1321.03,1327.18,11870
2021-07-16,1328.64,1341.05,1326.19,1340.07,11640
2021-07-19,1339.51,1343.57,1335.44,1343.45,17710
2021-07-20,1345.53,1345.70,1333.92,1335.64,19740
2021-07-21,1338.10,1342.82,1337.28,1342.52,21460
2021-07-22,1343.42,1350.27,1341.65,1348.06,10510
2021-07-23,1345.25,1361.14,1344.81,1360.24,17740
2021-07-26,1360.90,1363.49,1358.99,1362.61,19600
2021-07-27,1360.97,1375.45,1358.86,1371.62,19470
2021-07-28,1373.96,1374.34,1368.83,1369.09,17950
2021-07-29,1367.78,1368.76,1364.34,1364.66,21630
2021-07-30,1367.67,1369.36,1361.42,1361.54,21910
2021-08-02,1362.72,1371.29,1359.69,1365.34,26110
2021-08-03,1368.52,1376.66,1366.16,1375.28,19790
2021-08-04,1375.51,1376.63,1362.35,1366.93,21000
2021-08-05,1367.59,1370.14,1361.34,1362.46,16060
2021-08-06,1362.12,1373.87,1361.77,1372.87,27300
2021-08-09,1373.77,1380.05,1371.47,1373.33,20920
2021-08-10,1379.13,1380.46,1372.65,1373.57,22110
2021-08-11,1373.67,1373.87,1367.53,1369.13,15590
2021-08-12,1372.13,1379.54,1369.19,1375.13,20940
2021-08-13,1375.96,1377.82,1374.41,1374.86,21370
2021-08-16,1380.08,1385.89,1369.12,1369.29,18970
2021-08-17,1369.47,1383.47,1364.13,1379.64,19810
2021-08-18,1379.63,1391.28,1379.60,1390.46,19930
2021-08-19,1388.22,1390.50,1381.51,1382.66,13780
2021-08-20,1381.28,1382.41,1373.14,1376.07,15830
2021-08-23,1376.99,1377.82,1370.86,1375.40,18150
2021-08-24,1373.10,1376.06,1366.58,1367.96,13490
2021-08-25,1369.34,1370.59,1367.29,1367.98,16880
2021-08-26,1366.04,1368.44,1355.71,1356.00,20670
2021-08-27,1356.00,1357.10,1350.39,1353.05,23960
2021-08-30,1351.65,1358.09,1349.34,1355.51,17720
2021-08-31,1356.86,1362.28,1354.83,1359.15,18790
2021-09-01,1359.71,1360.27,1351.38,1352.88,23190
2021-09-02,1352.88,1353.53,1337.17,1341.21,21220
2021-09-03,1337.16,1356.47,1335.25,1354.88,19960
2021-09-07,1353.98,1356.05,1352.29,1352.86,17130
2021-09-08,1352.09,1362.48,1348.86,1360.68,19110
2021-09-09,1361.98,1363.28,1352.27,1352.47,18380
2021-09-10,1355.34,1357.18,1348.95,1351.40,12100
2021-09-13,1350.28,1351.39,1335.71,1338.04,23020
2021-09-14,1338.73,1353.01,1338.25,1351.39,18240
2021-09-15,1354.97,1356.02,1340.43,1341.03,16190
2021-09-16,1340.89,1348.73,1339.16,1346.76,22210
2021-09-17,1346.95,1349.36,1343.02,1349.06,19900
2021-09-20,1350.46,1354.84,1343.51,1346.67,16180
2021-09-21,1346.24,1346.52,1334.01,1338.05,16080
2021-09-22,1335.62,1346.78,1335.02,1346.57,13390
2021-09-23,1348.66,1349.83,1327.32,1330.62,18800
2021-09-24,1334.33,1334.38,1325.71,1328.38,25680
2021-09-27,1328.68,1330.39,1323.32,1323.73,22350
2021-09-28,1322.93,1327.87,1321.35,1325.64,22880
2021-09-29,1325.89,1339.40,1323.05,1337.90,20650
2021-09-30,1337.44,1341.02,1320.87,1322.75,21600
2021-10-01,1325.97,1335.97,1320.83,1333.38,23320
2021-10-04,1336.26,1341.19,1334.62,1338.89,22100
2021-10-05,1341.59,1342.61,1327.53,1330.43,19160
2021-10-06,1329.44,1331.16,1321.73,1327.79,32410
2021-10-07,1329.69,1334.75,1320.87,1323.89,19690
2021-10-08,1323.31,1324.72,1310.81,1311.68,18870
2021-10-12,1311.95,1312.13,1307.28,1308.26,14250
2021-10-13,1311.05,1315.47,1310.27,1313.68,23650
2021-10-14,1313.36,1317.78,1312.99,1316.85,25810
2021-10-15,1318.18,1318.89,1309.83,1310.58,20590
2021-10-18,1306.71,1309.06,1303.92,1303.94,18860
2021-10-19,1306.10,1307.16,1304.16,1306.04,17900
2021-10-20,1306.54,1310.05,1301.88,1301.90,24340
2021-10-21,1303.88,1308.36,1295.99,1300.70,13900
2021-10-22,1300.53,1301.15,1295.41,1300.37,22600
2021-10-25,1300.85,1302.07,1294.11,1298.20,18140
2021-10-26,1300.20,1301.79,1297.23,1297.78,27620
2021-10-27,1298.59,1298.74,1294.40,1295.30,22080
2021-10-28,1293.98,1298.72,1292.91,1298.30,15720
2021-10-29,1301.24,1307.45,1294.21,1297.94,26240
2021-11-01,1298.04,1306.52,1297.23,1305.34,24070
2021-11-02,1303.80,1311.66,1302.64,1310.39,18150
2021-11-03,1312.29,1314.06,1310.12,1311.32,24220
2021-11-04,1308.98,1312.62,1308.13,1311.44,22980
2021-11-05,1309.36,1310.37,1304.87,1306.07,21340
2021-11-08,1306.01,1318.46,1304.04,1316.18,13840
2021-11-09,1318.17,1320.85,1311.45,1315.54,15070
2021-11-10,1318.23,1319.61,1304.23,1305.66,22830
2021-11-12,1304.28,1315.78,1303.58,1314.49,24630
2021-11-15,1313.22,1315.05,1299.64,1304.65,16200
2021-11-16,1307.89,1310.76,1291.43,1291.79,16550
2021-11-17,1292.24,1292.43,1291.24,1292.23,15600
2021-11-18,1293.47,1295.23,1282.02,1285.80,26030
2021-11-19,1285.05,1295.34,1284.04,1291.60,19210
2021-11-22,1293.45,1293.56,1288.19,1291.01,20640
2021-11-23,1289.72,1295.93,1289.39,1293.08,22060
2021-11-24,1295.65,1299.00,1290.63,1292.42,19750
2021-11-26,1289.96,1291.40,1280.47,1284.10,22790
2021-11-29,1281.22,1281.88,1269.98,1277.23,27890
2021-11-30,1277.78,1278.22,1269.79,1269.99,25630
2021-12-01,1268.40,1275.49,1268.38,1271.79,21810
2021-12-02,1273.66,1276.80,1265.82,1266.46,21490
2021-12-03,1266.62,1270.88,1264.57,1267.55,25270
2021-12-06,1265.24,1276.71,1264.74,1274.76,18510
2021-12-07,1271.86,1285.81,1271.32,1282.60,21100
2021-12-08,1282.39,1300.41,1279.68,1296.04,12630
2021-12-09,1295.04,1295.27,1293.94,1294.89,19330
2021-12-10,1292.99,1296.36,1292.50,1295.67,18160
2021-12-13,1295.87,1311.50,1295.84,1307.72,20400
2021-12-14,1309.24,1311.28,1302.27,1304.81,15320
2021-12-15,1304.06,1304.83,1303.48,1304.45,15310
2021-12-16,1306.61,1307.50,1294.57,1299.46,16950
2021-12-17,1298.73,1299.67,1290.41,1291.79,20340
2021-12-20,1292.58,1296.08,1287.34,1294.37,20040
2021-12-21,1298.20,1302.23,1297.11,1301.84,19780
2021-12-22,1300.90,1314.73,1300.14,1308.79,23360
2021-12-23,1308.43,1311.35,1307.18,1310.26,19160
2021-12-27,1312.00,1318.91,1305.00,1306.62,21150
2021-12-28,1305.40,1306.03,1300.08,1303.82,11230
2021-12-29,1306.03,1306.50,1298.31,1300.47,30020
2021-12-30,1300.73,1308.85,1298.40,1304.17,18450
2022-01-03,1307.62,1308.82,1302.86,1303.39,20320
2022-01-04,1304.79,1311.59,1301.18,1308.56,22800
2022-01-05,1307.56,1307.72,1304.68,1307.24,21720
2022-01-06,1307.77,1318.23,1307.58,1315.71,23930
2022-01-07,1316.22,1319.55,1316.18,1318.56,15100
2022-01-10,1317.29,1322.34,1314.45,1316.87,16470
2022-01-11,1314.81,1318.88,1314.22,1318.86,23610
2022-01-12,1321.18,1329.83,1318.02,1327.99,26120
2022-01-13,1329.81,1330.07,1323.51,1323.79,19390
2022-01-14,1323.62,1336.45,1318.39,1336.19,20020
2022-01-18,1337.95,1341.07,1329.22,1335.06,17730
2022-01-19,1335.83,1337.28,1328.02,1328.96,18990
2022-01-20,1331.07,1338.64,1329.25,1337.40,17030
2022-01-21,1336.02,1338.56,1333.89,1335.30,17810
2022-01-24,1332.57,1337.70,1329.05,1336.92,13840
2022-01-25,1335.08,1335.27,1332.92,1335.13,22630
2022-01-26,1331.20,1335.70,1326.16,1333.48,29300
2022-01-27,1335.14,1337.26,1317.60,1319.18,17290
2022-01-28,1317.39,1323.39,1316.98,1321.75,13430
2022-01-31,1322.45,1332.70,1322.15,1329.21,16840
2022-02-01,1327.21,1330.87,1323.16,1325.68,21650
2022-02-02,1325.34,1327.89,1318.45,1322.91,20490
2022-02-03,1324.58,1338.85,1321.12,1337.23,12630
2022-02-04,1338.19,1344.11,1338.10,1342.40,18470
2022-02-07,1343.94,1349.55,1338.55,1345.65,23910
2022-02-08,1342.38,1345.80,1331.68,1335.46,22090
2022-02-09,1336.14,1340.58,1327.69,1339.34,18180
2022-02-10,1336.66,1350.03,1333.85,1346.42,14230
2022-02-11,1343.89,1356.79,1342.90,1355.10,12000
2022-02-14,1354.93,1355.18,1352.52,1354.42,15430
2022-02-15,1354.81,1355.44,1350.59,1351.10,23950
2022-02-16,1350.40,1352.44,1338.34,1346.18,24550
2022-02-17,1345.33,1350.89,1339.84,1350.40,26170
2022-02-18,1353.88,1355.54,1350.46,1355.17,22360
2022-02-22,1354.94,1355.62,1349.15,1353.81,19920
2022-02-23,1354.94,1356.48,1334.69,1341.46,18410
2022-02-24,1340.57,1343.03,1329.40,1329.43,16470
2022-02-25,1328.28,1336.73,1321.24,1335.63,26790
2022-02-28,1333.92,1338.64,1332.22,1338.47,24700
2022-03-01,1338.54,1339.03,1329.26,1332.16,23550
2022-03-02,1330.48,1331.42,1319.88,1323.58,22020
2022-03-03,1322.25,1327.96,1321.80,1327.35,15190
2022-03-04,1329.01,1332.57,1319.88,1321.15,28930
2022-03-07,1317.79,1325.45,1315.61,1325.31,18690
2022-03-08,1325.76,1327.91,1313.12,1316.15,17520
2022-03-09,1316.85,1333.04,1313.12,1327.97,19510
2022-03-10,1328.15,1331.83,1323.85,1324.37,19140
2022-03-11,1327.70,1329.59,1320.60,1322.71,24860
2022-03-14,1319.03,1329.54,1314.46,1326.54,21050
2022-03-15,1325.23,1335.25,1324.81,1333.68,12390
2022-03-16,1331.64,1347.69,1327.40,1342.41,18320
2022-03-17,1343.72,1344.19,1339.08,1341.70,25760
2022-03-18,1343.73,1343.99,1338.31,1343.18,29670
2022-03-21,1342.73,1348.09,1338.85,1344.24,17970
2022-03-22,1344.17,1350.38,1343.63,1347.18,27370
2022-03-23,1342.93,1358.75,1341.28,1356.36,12080
2022-03-24,1357.98,1358.06,1349.51,1349.79,14600
2022-03-25,1348.27,1350.37,1348.19,1350.31,18310
2022-03-28,1349.04,1353.25,1343.40,1347.72,20110
2022-03-29,1348.25,1360.35,1348.24,1357.34,21310
2022-03-30,1357.60,1365.62,1350.16,1354.33,20560
2022-03-31,1353.12,1365.28,1349.88,1355.91,29050
2022-04-01,1357.52,1357.82,1354.35,1355.18,18780
2022-04-04,1355.07,1365.10,1353.58,1364.74,18030
2022-04-05,1365.36,1366.16,1364.28,1365.50,17660
2022-04-06,1367.02,1373.17,1363.87,1370.38,19750
2022-04-07,1370.24,1370.37,1355.68,1358.38,21170
2022-04-08,1358.96,1364.54,1358.11,1362.52,19950
2022-04-11,1363.77,1369.58,1361.94,1368.11,15560
2022-04-12,1373.69,1383.59,1372.55,1379.66,21060
2022-04-13,1378.23,1379.62,1369.46,1370.59,23570
2022-04-14,1371.86,1373.96,1365.63,1370.59,25890
2022-04-15,1372.69,1383.68,1369.86,1382.40,15800
2022-04-18,1379.34,1383.27,1378.46,1380.20,22460
2022-04-19,1381.33,1385.26,1377.11,1380.30,28350
2022-04-20,1381.02,1383.64,1379.78,1382.68,23960
2022-04-21,1385.28,1387.16,1374.40,1376.30,20950
2022-04-22,1377.76,1379.75,1373.36,1374.50,17930
2022-04-25,1372.17,1377.53,1367.69,1369.43,14970
2022-04-26,1369.45,1377.91,1367.99,1374.03,12910
2022-04-27,1373.89,1375.97,1371.05,1375.24,17320
2022-04-28,1374.73,1375.02,1374.40,1374.88,23770
2022-04-29,1374.76,1386.42,1371.18,1383.57,25220
2022-05-02,1382.10,1386.53,1380.53,1382.91,21630
2022-05-03,1382.16,1407.09,1381.46,1406.24,22340
2022-05-04,1404.19,1412.22,1403.72,1408.78,17400
2022-05-05,1409.17,1412.20,1403.66,1410.78,16320
2022-05-06,1410.54,1412.04,1403.62,1405.49,14010
2022-05-09,1402.06,1420.90,1393.61,1418.38,14060
2022-05-10,1416.44,1428.69,1414.99,1428.37,22240
2022-05-11,1428.06,1433.98,1425.14,1431.82,19330
2022-05-12,1433.48,1448.30,1432.03,1443.90,17330
2022-05-13,1446.77,1448.11,1442.53,1444.50,26990
2022-05-16,1445.07,1445.20,1437.15,1441.68,18850
2022-05-17,1441.85,1460.12,1435.93,1455.83,22440
2022-05-18,1454.02,1461.69,1451.64,1458.57,19930
2022-05-19,1459.60,1460.71,1446.53,1451.77,16690
2022-05-20,1451.61,1467.93,1449.40,1466.25,25790
2022-05-23,1465.82,1483.18,1459.23,1475.60,18890
2022-05-24,1474.56,1478.32,1465.65,1478.01,26010
2022-05-25,1481.29,1484.96,1480.23,1484.06,20140
2022-05-26,1483.84,1485.97,1473.19,1474.52,20550
2022-05-27,1476.98,1479.22,1458.29,1459.98,13660
2022-05-31,1456.45,1470.75,1453.85,1467.44,25280
2022-06-01,1469.25,1471.90,1463.89,1470.84,18900
2022-06-02,1471.31,1477.54,1461.65,1464.69,25090
2022-06-03,1465.61,1466.12,1461.94,1462.06,13060
2022-06-06,1463.20,1463.31,1455.68,1463.02,17960
2022-06-07,1461.82,1464.46,1461.06,1464.26,20870
2022-06-08,1465.38,1468.01,1464.71,1467.65,17870
2022-06-09,1466.48,1473.36,1439.44,1442.75,16360
2022-06-10,1443.13,1446.04,1440.39,1441.18,25210
2022-06-13,1440.18,1442.97,1437.46,1438.01,20850
2022-06-14,1436.35,1448.22,1435.63,1446.06,17840
2022-06-15,1444.15,1447.83,1443.08,1447.47,23800
2022-06-16,1449.02,1457.33,1441.09,1456.39,23840
2022-06-17,1452.26,1467.99,1448.61,1465.22,20990
2022-06-21,1462.30,1467.06,1449.61,1451.41,19110
2022-06-22,1451.36,1454.97,1438.41,1438.87,20540
2022-06-23,1434.55,1439.28,1430.19,1438.31,21320
2022-06-24,1436.63,1438.29,1427.64,1430.14,14560
2022-06-27,1425.93,1427.61,1424.34,1427.00,16010
2022-06-28,1428.64,1432.91,1417.31,1419.38,17270
2022-06-29,1416.52,1416.57,1413.03,1413.92,25460
2022-06-30,1413.82,1417.56,1413.17,1414.60,18600
2022-07-01,1415.33,1429.51,1410.31,1424.98,19220
2022-07-05,1426.69,1427.40,1423.49,1424.33,23020
2022-07-06,1426.31,1426.53,1406.07,1413.78,18940
2022-07-07,1413.26,1416.83,1410.10,1410.24,15740
2022-07-08,1408.69,1417.35,1406.63,1412.64,21690
2022-07-11,1416.06,1421.02,1411.82,1413.16,21590
2022-07-12,1412.19,1428.90,1407.56,1422.45,20850
2022-07-13,1422.01,1425.12,1419.01,1422.67,26390
2022-07-14,1421.81,1431.94,1421.63,1430.92,19540
2022-07-15,1427.99,1437.73,1424.38,1432.95,20960
2022-07-18,1430.20,1430.24,1422.53,1423.76,17040
2022-07-19,1425.01,1427.01,1416.71,1423.20,22880
2022-07-20,1426.27,1428.56,1411.01,1412.69,17320
2022-07-21,1411.23,1412.87,1409.67,1411.07,21860
2022-07-22,1413.21,1415.40,1403.90,1405.29,13600
2022-07-25,1403.55,1408.37,1401.15,1403.12,19270
2022-07-26,1403.46,1408.31,1403.30,1406.47,16850
2022-07-27,1405.05,1406.57,1401.86,1405.01,23600
2022-07-28,1399.25,1414.66,1394.79,1411.33,18250
2022-07-29,1416.05,1419.41,1393.90,1394.39,11240
2022-08-01,1391.72,1403.67,1390.85,1402.00,20140
2022-08-02,1401.89,1406.14,1399.36,1405.90,26220
2022-08-03,1408.59,1413.54,1408.46,1413.27,16240
2022-08-04,1418.22,1422.08,1413.83,1417.49,22100
2022-08-05,1418.42,1418.99,1415.21,1415.78,21230
2022-08-08,1413.19,1421.56,1413.05,1421.40,20980
2022-08-09,1422.40,1426.63,1420.92,1425.65,21150
2022-08-10,1426.45,1442.49,1424.85,1441.83,15810
2022-08-11,1442.16,1447.69,1441.18,1443.95,23790
2022-08-12,1441.53,1450.26,1440.09,1443.67,27350
2022-08-15,1444.31,1447.41,1435.48,1440.15,14210
2022-08-16,1439.84,1442.72,1432.26,1432.47,18210
2022-08-17,1429.67,1443.13,1425.49,1440.29,14570
2022-08-18,1445.08,1445.54,1431.64,1431.88,16730
2022-08-19,1434.34,1436.42,1433.27,1434.31,22040
2022-08-22,1435.68,1436.62,1419.72,1429.41,23290
2022-08-23,1429.84,1432.07,1422.67,1426.10,20360
2022-08-24,1427.74,1428.31,1421.68,1421.96,24240
2022-08-25,1425.46,1429.97,1420.35,1420.82,17790
2022-08-26,1416.90,1430.50,1411.46,1427.85,16260
2022-08-29,1429.32,1432.56,1421.01,1427.84,22770
2022-08-30,1426.96,1431.61,1417.77,1419.07,15920
2022-08-31,1420.60,1426.57,1418.08,1421.10,19550
2022-09-01,1424.03,1424.65,1414.43,1415.48,29190
2022-09-02,1415.38,1423.92,1413.26,1423.61,15030
2022-09-06,1424.96,1435.95,1423.22,1433.03,25840
2022-09-07,1434.48,1444.36,1431.44,1440.54,23490
2022-09-08,1443.76,1446.34,1437.50,1441.45,20230
2022-09-09,1437.58,1443.05,1435.31,1442.42,24740
2022-09-12,1439.71,1457.73,1439.68,1457.18,19650
2022-09-13,1455.06,1457.45,1440.64,1444.77,17450
2022-09-14,1442.43,1450.64,1437.37,1446.59,18720
2022-09-15,1440.82,1446.06,1438.58,1445.01,20880
2022-09-16,1447.37,1450.56,1445.11,1450.05,22420
2022-09-19,1448.27,1450.43,1445.71,1445.91,27810
2022-09-20,1441.07,1454.47,1435.27,1451.22,24140
2022-09-21,1450.18,1452.60,1439.34,1441.22,21290
2022-09-22,1440.77,1444.22,1429.53,1430.13,32740
2022-09-23,1431.27,1432.61,1422.19,1425.44,14300
2022-09-26,1425.20,1429.62,1421.92,1427.21,19510
2022-09-27,1431.72,1431.93,1430.81,1431.17,16380
2022-09-28,1431.33,1433.97,1420.43,1423.92,18750
2022-09-29,1424.84,1428.81,1424.03,1425.91,20980
2022-09-30,1426.99,1428.61,1402.15,1404.23,21090
2022-10-03,1405.05,1407.70,1403.77,1406.99,21250
2022-10-04,1405.67,1412.87,1404.81,1411.14,20460
2022-10-05,1410.80,1417.39,1407.57,1413.92,17140
2022-10-06,1414.36,1423.08,1412.28,1422.45,20890
2022-10-07,1423.14,1424.23,1418.31,1422.02,15990
2022-10-11,1418.73,1435.26,1416.48,1432.03,20580
2022-10-12,1432.32,1435.81,1432.26,1433.67,10940
2022-10-13,1435.71,1446.53,1434.37,1445.07,26240
2022-10-14,1444.09,1467.15,1441.54,1463.74,18430
2022-10-17,1462.03,1464.35,1452.03,1454.14,24430
2022-10-18,1455.47,1462.93,1448.57,1459.76,19040
2022-10-19,1457.12,1459.51,1451.52,1453.00,18470
2022-10-20,1455.59,1465.78,1455.56,1461.42,19490
2022-10-21,1462.17,1466.45,1455.15,1456.27,18630
2022-10-24,1456.98,1464.44,1455.96,1463.90,23650
2022-10-25,1464.91,1466.68,1455.00,1459.73,31180
2022-10-26,1459.45,1467.66,1454.01,1464.25,21540
2022-10-27,1463.28,1474.71,1459.17,1473.22,18340
2022-10-28,1475.00,1476.32,1470.83,1474.77,18250
2022-10-31,1472.22,1486.33,1470.88,1482.28,17100
2022-11-01,1479.60,1481.80,1470.68,1472.07,15170
2022-11-02,1474.24,1474.78,1464.62,1468.85,22430
2022-11-03,1469.59,1484.60,1468.90,1480.70,22550
2022-11-04,1479.79,1483.58,1479.50,1479.63,24220
2022-11-07,1485.23,1487.89,1467.59,1469.49,25330
2022-11-08,1472.21,1475.00,1463.24,1464.12,19850
2022-11-09,1464.45,1470.95,1451.35,1454.07,14650
2022-11-10,1452.60,1455.56,1450.17,1454.98,25120
2022-11-14,1455.35,1456.47,1451.54,1453.74,23920
2022-11-15,1454.26,1466.67,1452.92,1465.36,18640
2022-11-16,1465.67,1471.03,1462.89,1470.96,16870
2022-11-17,1467.06,1469.73,1463.21,1467.72,14580
2022-11-18,1472.09,1474.03,1457.07,1460.09,18410
2022-11-21,1457.43,1465.88,1455.22,1462.98,21010
2022-11-22,1462.32,1466.04,1460.19,1463.18,28820
2022-11-23,1462.50,1475.35,1461.75,1471.87,23690
2022-11-25,1474.63,1489.59,1472.05,1489.22,24900
2022-11-28,1485.34,1489.64,1484.38,1488.16,21250
2022-11-29,1487.52,1494.50,1485.06,1492.15,24070
2022-11-30,1494.28,1498.44,1490.93,1491.03,24330
2022-12-01,1488.04,1492.55,1484.48,1486.03,28200
2022-12-02,1486.28,1489.15,1478.56,1480.68,19260
2022-12-05,1480.60,1485.68,1473.78,1473.93,20470
2022-12-06,1472.57,1476.54,1460.07,1462.08,18500
2022-12-07,1464.28,1474.01,1456.35,1472.00,19170
2022-12-08,1469.27,1474.50,1468.62,1472.91,18880
2022-12-09,1470.76,1472.07,1464.94,1465.33,22970
2022-12-12,1465.87,1469.04,1460.74,1465.15,18330
2022-12-13,1464.40,1465.22,1454.95,1461.47,15610
2022-12-14,1461.19,1470.98,1460.33,1470.43,17250
2022-12-15,1466.69,1472.75,1464.47,1471.08,18440
2022-12-16,1470.30,1471.64,1457.41,1458.08,18350
2022-12-19,1461.81,1464.23,1451.74,1451.96,25250
2022-12-20,1454.03,1457.06,1437.86,1438.74,13970
2022-12-21,1435.97,1446.61,1434.78,1442.15,19970
2022-12-22,1440.05,1448.92,1438.26,1446.86,23580
2022-12-23,1447.79,1449.24,1434.05,1438.32,19760
2022-12-27,1434.63,1447.75,1432.71,1447.42,21510
2022-12-28,1446.84,1458.12,1446.78,1456.00,21380
2022-12-29,1456.90,1458.66,1453.13,1456.37,23260
2022-12-30,1457.26,1458.23,1443.95,1451.55,22610
2023-01-03,1448.23,1457.57,1445.79,1456.89,19780
2023-01-04,1456.01,1460.40,1452.65,1452.74,22550
2023-01-05,1454.04,1459.37,1452.59,1453.23,14890
2023-01-06,1453.17,1455.74,1444.85,1446.56,20250
2023-01-09,1447.05,1449.93,1438.88,1441.96,18750
2023-01-10,1443.20,1443.29,1437.23,1439.50,25330
2023-01-11,1442.66,1446.03,1422.81,1425.92,16990
2023-01-12,1425.82,1427.58,1421.19,1426.63,15710
2023-01-13,1426.77,1429.15,1415.66,1418.15,16450
2023-01-17,1417.06,1425.29,1416.87,1422.09,23160
2023-01-18,1425.06,1426.93,1422.67,1423.78,25440
2023-01-19,1420.80,1429.41,1420.74,1425.94,20210
2023-01-20,1426.57,1431.27,1425.93,1430.84,20160
2023-01-23,1431.71,1442.17,1429.30,1438.87,21870
2023-01-24,1439.36,1445.50,1437.94,1438.24,24930
2023-01-25,1436.16,1440.49,1431.59,1440.03,28190
2023-01-26,1442.17,1446.54,1440.62,1444.54,19120
2023-01-27,1442.57,1462.83,1440.40,1456.99,17630
2023-01-30,1459.89,1461.91,1450.42,1451.83,16600
2023-01-31,1450.02,1454.25,1443.69,1453.18,17150
2023-02-01,1456.28,1457.27,1438.80,1439.46,18870
2023-02-02,1437.85,1452.33,1434.45,1448.25,24980
2023-02-03,1449.08,1453.53,1440.78,1444.89,18500
2023-02-06,1441.18,1447.63,1438.81,1447.46,21190
2023-02-07,1442.93,1465.66,1441.76,1463.00,21580
2023-02-08,1462.58,1464.34,1460.10,1464.20,23440
2023-02-09,1465.14,1477.65,1462.77,1474.53,22590
2023-02-10,1472.85,1486.31,1471.86,1482.43,15460
2023-02-13,1488.09,1490.03,1481.55,1485.59,19410
2023-02-14,1483.49,1496.69,1481.38,1493.89,34320
2023-02-15,1489.80,1498.09,1488.10,1494.38,24230
2023-02-16,1493.53,1501.08,1491.29,1496.40,22520
2023-02-17,1495.69,1495.87,1494.12,1495.18,14900
2023-02-21,1496.91,1500.15,1492.15,1498.09,19080
2023-02-22,1501.67,1508.86,1497.64,1506.90,20860
2023-02-23,1508.33,1511.11,1501.68,1504.02,23470
2023-02-24,1504.06,1506.02,1490.76,1490.85,29840
2023-02-27,1495.37,1498.37,1492.02,1498.11,13510
2023-02-28,1494.00,1494.24,1493.58,1493.79,30260
2023-03-01,1496.84,1497.83,1482.75,1487.41,12550
2023-03-02,1490.85,1494.66,1488.55,1494.05,25950
2023-03-03,1495.54,1501.50,1494.66,1500.73,21250
2023-03-06,1502.33,1506.45,1495.83,1497.83,18740
2023-03-07,1495.98,1501.65,1494.05,1497.74,13470
2023-03-08,1495.51,1499.43,1493.14,1497.51,17540
2023-03-09,1495.91,1497.33,1490.51,1495.65,14780
2023-03-10,1493.95,1497.38,1484.78,1487.91,16440
2023-03-13,1493.53,1494.73,1487.02,1487.73,25350
2023-03-14,1489.94,1494.56,1486.45,1487.73,20080
2023-03-15,1488.70,1489.91,1479.36,1483.24,23410
2023-03-16,1482.86,1482.92,1470.84,1473.30,22600
2023-03-17,1471.11,1482.25,1467.35,1480.72,12270
2023-03-20,1482.44,1482.73,1469.06,1473.70,18690
2023-03-21,1474.74,1476.45,1465.42,1473.10,27330
2023-03-22,1472.57,1478.89,1467.28,1478.23,21500
2023-03-23,1476.49,1493.91,1474.91,1491.16,12710
2023-03-24,1490.75,1495.76,1489.40,1493.09,22500
2023-03-27,1494.62,1496.50,1486.12,1488.12,17960
2023-03-28,1487.95,1491.44,1486.88,1488.73,28430
2023-03-29,1490.16,1510.85,1487.40,1505.64,22130
2023-03-30,1505.20,1512.96,1502.07,1510.96,18540
2023-03-31,1512.42,1517.70,1507.70,1508.91,23160
2023-04-03,1508.13,1512.49,1505.40,1510.87,26190
2023-04-04,1513.00,1513.28,1508.25,1508.27,18220
2023-04-05,1507.83,1512.21,1504.83,1507.68,19150
2023-04-06,1508.50,1509.63,1503.82,1507.33,21890
2023-04-07,1504.28,1516.23,1503.82,1514.95,12440
2023-04-10,1513.67,1526.56,1511.20,1523.34,19700
2023-04-11,1522.36,1531.71,1521.24,1531.42,17170
2023-04-12,1530.64,1531.24,1528.80,1529.05,14310
2023-04-13,1531.15,1533.73,1507.68,1511.44,15320
2023-04-14,1514.28,1517.65,1504.03,1505.33,21490
2023-04-17,1503.50,1507.02,1493.02,1495.87,19260
2023-04-18,1494.19,1498.31,1489.42,1497.82,20690
2023-04-19,1496.30,1506.90,1494.15,1502.50,19290
2023-04-20,1501.94,1509.98,1501.74,1505.96,17500
2023-04-21,1506.05,1516.50,1505.72,1515.92,22370
2023-04-24,1518.20,1528.27,1517.23,1526.05,15540
2023-04-25,1524.15,1527.35,1518.59,1522.93,14100
2023-04-26,1525.30,1526.42,1514.86,1516.25,10250
2023-04-27,1514.28,1524.07,1512.84,1519.18,20970
2023-04-28,1517.84,1521.94,1509.49,1514.18,16290
2023-05-01,1514.90,1516.21,1506.49,1508.52,18940
2023-05-02,1505.65,1509.74,1501.99,1502.20,19770
2023-05-03,1500.95,1516.81,1499.93,1514.63,22230
2023-05-04,1516.38,1518.38,1505.80,1508.94,20350
2023-05-05,1511.42,1513.08,1507.31,1511.70,20640
2023-05-08,1508.59,1520.15,1503.65,1517.83,18140
2023-05-09,1518.01,1518.78,1509.24,1512.45,15170
2023-05-10,1512.40,1518.59,1505.28,1507.33,22560
2023-05-11,1507.63,1512.09,1503.47,1504.63,27030
2023-05-12,1504.71,1508.72,1501.65,1502.38,22860
2023-05-15,1500.21,1510.68,1499.13,1503.53,20660
2023-05-16,1507.39,1510.15,1495.50,1497.55,19500
2023-05-17,1499.05,1501.25,1495.90,1498.89,21370
2023-05-18,1498.55,1501.57,1495.98,1500.51,27710
2023-05-19,1502.01,1510.37,1496.78,1503.07,24000
2023-05-22,1505.15,1505.84,1499.90,1501.51,19110
2023-05-23,1500.65,1513.99,1498.02,1511.74,26620
2023-05-24,1510.81,1511.81,1508.67,1510.76,19090
2023-05-25,1508.59,1522.00,1508.32,1520.63,11460
2023-05-26,1519.42,1527.85,1518.64,1525.92,21240
2023-05-30,1524.74,1534.45,1522.95,1530.79,14630
2023-05-31,1532.23,1540.80,1521.97,1540.35,22280
2023-06-01,1538.43,1550.52,1532.72,1548.02,17570
2023-06-02,1546.61,1547.80,1540.29,1547.35,15300
2023-06-05,1547.53,1552.17,1543.59,1550.64,21630
2023-06-06,1547.20,1551.82,1546.58,1551.41,23660
2023-06-07,1550.14,1562.70,1549.51,1558.88,25410
2023-06-08,1556.88,1563.95,1552.32,1556.23,23900
2023-06-09,1556.74,1561.04,1548.73,1556.18,19660
2023-06-12,1557.58,1560.21,1553.21,1554.24,22230
2023-06-13,1554.55,1557.27,1544.46,1550.07,16570
2023-06-14,1549.52,1552.41,1548.77,1551.95,17650
2023-06-15,1551.26,1551.93,1543.97,1545.31,28570
2023-06-16,1549.52,1552.68,1532.87,1534.47,20860
2023-06-20,1536.60,1540.62,1535.88,1537.55,22540
2023-06-21,1537.68,1543.14,1533.54,1542.46,19060
2023-06-22,1543.24,1558.79,1541.73,1557.24,20070
2023-06-23,1557.81,1558.23,1550.70,1550.79,24840
2023-06-26,1548.88,1554.78,1545.24,1548.36,25780
2023-06-27,1549.39,1565.33,1546.95,1563.95,23070
2023-06-28,1565.69,1567.32,1546.77,1548.00,16430
2023-06-29,1545.60,1555.10,1545.33,1546.18,15800
2023-06-30,1544.65,1545.69,1540.36,1542.15,18510
2023-07-03,1538.85,1540.08,1532.13,1535.77,19570
2023-07-05,1533.34,1537.52,1532.04,1536.98,19390
2023-07-06,1534.72,1535.03,1533.64,1533.74,19970
2023-07-07,1533.08,1533.13,1525.59,1528.53,19440
2023-07-10,1527.01,1534.57,1525.21,1532.62,20880
2023-07-11,1535.60,1538.30,1517.84,1518.91,22690
2023-07-12,1514.42,1517.13,1510.09,1511.07,21680
2023-07-13,1511.83,1515.19,1492.10,1496.14,15730
2023-07-14,1496.95,1497.20,1493.83,1494.57,22110
2023-07-17,1494.56,1507.51,1491.89,1507.51,30550
2023-07-18,1506.93,1511.19,1503.50,1509.55,21050
2023-07-19,1508.53,1511.36,1507.42,1509.15,23100
2023-07-20,1510.07,1514.70,1500.47,1501.12,29440
2023-07-21,1500.10,1513.51,1498.20,1505.73,21950
2023-07-24,1501.92,1507.71,1497.63,1499.60,13750
2023-07-25,1500.62,1500.98,1488.28,1491.82,13940
2023-07-26,1488.32,1491.11,1481.26,1481.62,21900
2023-07-27,1483.19,1487.12,1481.30,1485.71,15800
2023-07-28,1487.91,1489.10,1479.67,1483.53,15800
2023-07-31,1486.01,1493.03,1484.82,1485.77,17950
2023-08-01,1486.12,1486.32,1477.63,1479.42,14430
2023-08-02,1477.47,1481.25,1464.98,1469.13,16910
2023-08-03,1467.78,1473.25,1467.14,1472.26,15870
2023-08-04,1471.07,1478.65,1469.95,1475.13,18000
2023-08-07,1476.48,1486.85,1472.15,1481.34,13290
2023-08-08,1485.98,1487.61,1474.54,1478.06,19970
2023-08-09,1481.50,1485.55,1472.54,1473.89,16030
2023-08-10,1474.19,1475.72,1463.37,1467.44,24360
2023-08-11,1469.05,1476.14,1465.84,1475.11,27130
2023-08-14,1473.58,1474.80,1457.52,1466.34,21410
2023-08-15,1464.22,1465.56,1451.10,1452.27,20070
2023-08-16,1450.55,1451.30,1445.48,1447.40,30140
2023-08-17,1442.45,1454.39,1435.65,1454.25,19630
2023-08-18,1453.13,1455.49,1449.48,1449.90,19310
2023-08-21,1447.05,1447.72,1444.16,1446.37,21120
2023-08-22,1446.47,1448.85,1431.72,1436.13,24680
2023-08-23,1436.94,1441.98,1436.22,1437.34,17700
2023-08-24,1440.14,1442.03,1437.86,1441.46,18870
2023-08-25,1443.29,1444.66,1430.52,1431.25,21160
2023-08-28,1435.97,1439.56,1430.97,1431.21,19750
2023-08-29,1430.81,1441.39,1429.41,1439.67,17950
2023-08-30,1435.75,1437.41,1430.84,1435.09,22910
2023-08-31,1433.74,1434.79,1429.87,1433.07,17170
2023-09-01,1431.30,1443.97,1428.20,1442.71,22550
2023-09-05,1443.61,1451.52,1443.32,1450.76,18230
2023-09-06,1448.22,1449.95,1439.50,1442.90,19150
2023-09-07,1443.04,1447.01,1438.07,1444.59,18070
2023-09-08,1445.92,1455.67,1445.82,1452.24,16320
2023-09-11,1453.36,1475.27,1451.55,1464.53,14020
2023-09-12,1466.22,1468.68,1452.53,1453.55,14130
2023-09-13,1454.50,1461.73,1450.71,1454.28,24920
2023-09-14,1453.71,1460.68,1452.14,1460.03,17830
2023-09-15,1463.51,1465.61,1450.55,1454.00,25120
2023-09-18,1453.95,1461.78,1452.12,1455.01,22450
2023-09-19,1456.21,1456.21,1454.01,1455.74,12280
2023-09-20,1453.39,1454.66,1451.27,1451.90,15470
2023-09-21,1454.39,1456.12,1443.84,1447.31,18790
2023-09-22,1446.38,1446.59,1444.72,1446.11,16400
2023-09-25,1440.54,1453.98,1440.11,1451.84,22360
2023-09-26,1449.85,1452.54,1439.57,1443.16,20190
2023-09-27,1441.82,1443.29,1437.07,1441.43,23700
2023-09-28,1444.36,1444.55,1443.18,1443.59,30710
2023-09-29,1448.63,1451.93,1444.95,1447.81,22640
2023-10-02,1447.52,1449.90,1443.25,1448.28,11980
2023-10-03,1449.68,1453.20,1436.42,1438.49,23780
2023-10-04,1439.06,1442.14,1426.73,1429.13,21460
2023-10-05,1429.94,1441.30,1427.16,1439.45,27610
2023-10-06,1437.35,1442.31,1427.77,1431.13,16520
2023-10-10,1433.95,1435.93,1426.07,1428.85,25280
2023-10-11,1429.71,1435.03,1427.09,1433.00,14010
2023-10-12,1428.66,1442.40,1428.46,1441.78,22430
2023-10-13,1439.80,1444.07,1433.22,1442.05,16930
2023-10-16,1442.80,1445.38,1437.70,1440.00,27740
2023-10-17,1439.61,1454.78,1437.70,1453.97,20310
2023-10-18,1455.42,1462.78,1451.27,1458.51,18170
2023-10-19,1458.29,1464.68,1458.17,1460.79,16930
2023-10-20,1461.10,1466.36,1456.26,1460.69,17100
2023-10-23,1458.35,1465.04,1456.97,1462.84,20160
2023-10-24,1462.82,1464.98,1461.72,1462.81,20190
2023-10-25,1461.48,1463.32,1455.97,1459.46,14890
2023-10-26,1460.85,1463.75,1440.60,1443.03,22910
2023-10-27,1440.65,1445.84,1429.55,1430.55,23480
2023-10-30,1429.45,1434.26,1427.61,1427.91,27270
2023-10-31,1429.07,1433.92,1418.17,1421.16,18010
2023-11-01,1421.04,1421.47,1418.39,1418.46,14020
2023-11-02,1417.84,1427.89,1417.50,1423.90,20270
2023-11-03,1424.70,1428.72,1422.84,1426.41,21400
2023-11-06,1427.69,1429.75,1415.52,1416.95,16800
2023-11-07,1417.11,1424.02,1416.93,1419.91,24970
2023-11-08,1422.99,1425.50,1414.43,1415.98,24720
2023-11-09,1416.00,1423.43,1414.91,1418.56,15970
2023-11-13,1414.63,1423.98,1411.59,1420.31,17440
2023-11-14,1418.52,1418.71,1405.30,1405.98,22230
2023-11-15,1407.23,1412.21,1404.18,1410.36,21160
2023-11-16,1409.35,1411.04,1399.60,1399.82,18000
2023-11-17,1397.84,1404.48,1395.66,1400.41,19430
2023-11-20,1400.53,1402.94,1397.65,1402.34,23270
2023-11-21,1400.48,1403.22,1390.86,1395.77,20930
2023-11-22,1397.70,1398.22,1384.37,1391.34,32120
2023-11-24,1393.35,1394.14,1388.16,1390.25,16250
2023-11-27,1386.29,1392.02,1385.13,1391.35,14890
2023-11-28,1391.31,1391.51,1390.48,1391.33,21750
2023-11-29,1391.79,1402.90,1389.05,1400.77,24180
2023-11-30,1398.45,1401.45,1395.93,1399.04,20720
2023-12-01,1401.23,1402.10,1388.05,1394.36,21520
2023-12-04,1391.15,1392.34,1386.08,1389.59,22100
2023-12-05,1387.41,1390.73,1378.68,1382.73,17550
2023-12-06,1381.69,1387.85,1367.41,1369.09,23490
2023-12-07,1366.83,1377.64,1361.10,1373.44,27800
2023-12-08,1371.30,1377.91,1370.06,1374.57,17390
2023-12-11,1372.30,1381.58,1371.11,1373.96,20250
2023-12-12,1372.05,1382.16,1371.30,1377.60,20510
2023-12-13,1379.49,1389.82,1375.68,1387.75,28220
2023-12-14,1389.68,1390.54,1383.29,1385.68,21390
2023-12-15,1382.20,1384.38,1380.46,1380.55,22030
2023-12-18,1379.58,1382.90,1377.74,1382.82,13500
2023-12-19,1384.95,1396.29,1383.57,1395.65,22340
2023-12-20,1397.41,1402.28,1395.20,1396.33,21350
2023-12-21,1399.50,1405.75,1398.77,1404.86,24810
2023-12-22,1404.82,1410.84,1402.44,1407.41,16190
2023-12-26,1408.00,1408.61,1405.44,1408.23,17360
2023-12-27,1406.87,1420.22,1402.96,1417.11,20510
2023-12-28,1417.02,1423.62,1416.47,1421.11,15020
2023-12-29,1419.02,1433.65,1414.53,1432.92,19680
2024-01-02,1435.13,1441.99,1433.06,1439.43,23520
2024-01-03,1441.42,1443.41,1439.43,1440.40,21460
2024-01-04,1440.87,1445.26,1437.88,1439.04,21270
2024-01-05,1439.52,1439.93,1429.22,1433.22,19320
2024-01-08,1433.04,1443.44,1432.63,1441.60,19740
2024-01-09,1443.69,1445.21,1441.44,1442.27,18990
2024-01-10,1443.08,1460.76,1442.59,1460.14,22480
2024-01-11,1457.61,1459.91,1457.35,1459.83,18170
2024-01-12,1461.42,1478.08,1458.58,1476.55,24820
2024-01-16,1476.62,1480.61,1476.08,1479.71,14510
2024-01-17,1481.55,1500.36,1477.65,1498.63,21120
2024-01-18,1498.11,1499.01,1488.15,1491.43,21130
2024-01-19,1492.68,1498.27,1489.88,1496.82,17090
2024-01-22,1503.14,1505.42,1493.38,1499.61,24790
2024-01-23,1498.98,1505.97,1496.96,1501.49,25670
2024-01-24,1505.68,1507.43,1490.13,1492.38,19760
2024-01-25,1490.62,1500.13,1489.14,1496.37,18630
2024-01-26,1496.06,1506.45,1494.89,1504.67,20150
2024-01-29,1506.44,1519.25,1505.25,1515.20,22780
2024-01-30,1519.08,1520.15,1502.80,1509.99,18240
2024-01-31,1506.99,1518.03,1505.98,1516.18,22760
2024-02-01,1516.14,1517.50,1515.25,1516.89,17370
2024-02-02,1516.89,1517.97,1515.20,1516.52,19000
2024-02-05,1515.94,1516.70,1512.77,1514.45,19480
2024-02-06,1517.25,1522.36,1512.75,1521.70,26660
2024-02-07,1519.02,1519.65,1513.83,1515.90,16350
2024-02-08,1515.16,1523.78,1513.96,1520.60,17960
2024-02-09,1522.30,1535.62,1517.81,1533.10,23640
2024-02-12,1532.67,1536.02,1523.93,1526.30,20610
2024-02-13,1524.28,1540.27,1519.34,1537.89,16450
2024-02-14,1539.44,1540.52,1532.16,1534.92,28140
2024-02-15,1537.77,1538.88,1533.12,1535.55,19040
2024-02-16,1530.43,1531.15,1527.88,1528.82,24960
2024-02-20,1529.38,1536.37,1521.38,1521.99,22530
2024-02-21,1520.58,1523.67,1516.87,1522.14,14650
2024-02-22,1522.09,1527.86,1517.95,1518.95,16500
2024-02-23,1518.21,1519.37,1516.82,1517.51,17120
2024-02-26,1519.23,1520.21,1512.48,1513.46,18820
2024-02-27,1513.84,1520.37,1509.92,1511.68,18480
2024-02-28,1511.93,1513.96,1509.53,1510.91,19210
2024-02-29,1509.96,1522.43,1507.36,1518.74,18960
2024-03-01,1521.89,1534.75,1520.59,1531.79,17860
2024-03-04,1533.67,1537.34,1527.39,1536.71,20440
2024-03-05,1537.35,1556.59,1535.30,1552.21,20470
2024-03-06,1554.00,1567.38,1546.44,1565.86,14630
2024-03-07,1561.76,1567.87,1561.70,1564.88,16720
2024-03-08,1567.55,1575.01,1565.66,1572.16,21110
2024-03-11,1571.08,1582.88,1569.48,1579.90,20680
2024-03-12,1578.69,1583.42,1577.10,1581.42,23910
2024-03-13,1584.49,1588.24,1578.78,1579.94,18000
2024-03-14,1582.59,1585.40,1579.00,1582.64,20940
2024-03-15,1584.52,1590.35,1576.72,1578.50,17560
2024-03-18,1579.21,1579.81,1563.99,1564.19,27170
2024-03-19,1566.48,1569.91,1563.49,1564.37,21640
2024-03-20,1565.77,1570.52,1558.85,1560.73,27170
2024-03-21,1561.44,1568.11,1553.85,1554.22,21250
2024-03-22,1553.19,1555.15,1538.63,1540.01,21330
2024-03-25,1536.09,1541.42,1533.42,1538.30,20530
2024-03-26,1540.44,1541.78,1528.73,1533.10,19300
2024-03-27,1536.23,1540.08,1533.76,1533.97,19440
2024-03-28,1532.31,1538.38,1531.93,1534.83,18860
2024-03-29,1535.60,1536.14,1533.83,1534.59,17030
2024-04-01,1535.92,1545.33,1532.94,1539.66,23230
2024-04-02,1537.97,1542.44,1534.53,1542.13,25620
2024-04-03,1544.03,1544.97,1535.77,1544.36,27010
2024-04-04,1543.00,1554.29,1539.62,1552.17,15630
2024-04-05,1552.83,1554.66,1549.79,1554.19,20000
2024-04-08,1551.13,1551.33,1539.29,1543.22,19290
2024-04-09,1543.31,1559.90,1541.85,1556.80,19670
2024-04-10,1553.86,1556.95,1549.53,1556.28,16190
2024-04-11,1555.02,1569.22,1554.93,1567.74,22050
2024-04-12,1572.83,1579.02,1559.69,1563.39,16430
2024-04-15,1561.85,1564.26,1556.32,1558.19,27110
2024-04-16,1557.05,1569.61,1556.04,1567.55,23950
2024-04-17,1571.10,1582.45,1570.08,1574.84,21580
2024-04-18,1577.00,1577.85,1571.08,1572.25,27680
2024-04-19,1571.75,1572.71,1570.04,1571.81,20700
2024-04-22,1570.76,1594.15,1568.23,1590.62,17850
2024-04-23,1594.11,1594.49,1588.54,1592.25,20120
2024-04-24,1592.92,1599.22,1592.16,1594.89,22770
2024-04-25,1593.15,1593.68,1579.73,1580.39,22540
2024-04-26,1577.82,1600.13,1576.49,1598.12,25260
2024-04-29,1596.24,1597.04,1588.75,1591.39,28310
2024-04-30,1590.74,1591.58,1578.13,1580.43,18930
2024-05-01,1581.02,1590.76,1574.70,1588.55,20300
2024-05-02,1592.05,1592.33,1580.78,1587.11,23310
2024-05-03,1591.12,1596.58,1586.68,1594.38,14990
2024-05-06,1592.24,1603.66,1587.82,1600.05,14450
2024-05-07,1597.93,1598.68,1584.53,1586.71,26020
2024-05-08,1584.54,1592.01,1583.94,1589.52,27160
2024-05-09,1585.70,1593.97,1578.42,1579.44,27540
2024-05-10,1578.03,1578.52,1568.49,1571.45,17340
2024-05-13,1571.43,1571.60,1549.83,1551.30,18830
2024-05-14,1549.07,1551.95,1548.81,1551.79,27040
2024-05-15,1555.75,1559.06,1546.55,1547.76,22010
2024-05-16,1546.87,1560.50,1546.61,1558.20,25190
2024-05-17,1553.68,1559.88,1548.73,1559.49,21870
2024-05-20,1563.03,1565.78,1549.23,1552.48,22040
2024-05-21,1551.98,1553.35,1544.61,1548.53,19930
2024-05-22,1547.09,1550.49,1546.17,1546.25,22490
2024-05-23,1546.46,1548.57,1532.37,1533.14,25400
2024-05-24,1532.97,1533.54,1521.29,1521.72,17870
2024-05-28,1521.56,1534.71,1519.24,1530.23,19830
2024-05-29,1533.16,1533.36,1523.35,1524.14,20940
2024-05-30,1523.23,1526.38,1509.19,1512.03,23600
2024-05-31,1510.48,1512.30,1505.57,1508.02,23350
2024-06-03,1507.96,1508.17,1501.42,1505.09,16480
2024-06-04,1505.12,1507.36,1490.58,1491.90,16660
2024-06-05,1493.37,1495.73,1488.93,1490.95,29100
2024-06-06,1490.62,1507.31,1488.26,1506.27,24930
2024-06-07,1506.94,1508.30,1498.29,1502.91,21360
2024-06-10,1504.39,1505.97,1501.51,1502.89,21940
2024-06-11,1503.31,1505.64,1499.79,1502.88,13750
2024-06-12,1503.73,1507.11,1501.52,1505.36,25660
2024-06-13,1503.32,1512.11,1503.28,1507.28,14890
2024-06-14,1506.44,1508.70,1503.60,1507.28,23670
2024-06-17,1504.42,1511.16,1504.22,1509.37,16230
2024-06-18,1510.64,1525.01,1507.26,1515.68,19520
2024-06-20,1520.16,1524.27,1512.18,1513.00,21630
2024-06-21,1516.20,1517.35,1497.95,1502.17,18170
2024-06-24,1498.56,1508.46,1498.09,1505.67,15720
2024-06-25,1502.68,1519.14,1502.40,1516.77,20290
2024-06-26,1518.15,1526.26,1517.74,1524.67,19360
2024-06-27,1526.14,1534.89,1523.66,1534.68,20410
2024-06-28,1536.25,1540.83,1534.13,1535.65,16390
2024-07-01,1532.36,1536.74,1525.55,1528.38,19570
2024-07-02,1527.81,1528.93,1524.95,1526.57,16250
2024-07-03,1528.34,1529.96,1522.86,1523.32,19820
2024-07-05,1523.21,1525.02,1509.46,1513.67,21560
2024-07-08,1508.42,1512.29,1500.67,1504.02,22280
2024-07-09,1506.04,1507.99,1493.91,1494.21,24470
2024-07-10,1493.17,1495.42,1488.90,1492.29,13160
2024-07-11,1491.33,1493.77,1483.96,1486.13,15140
2024-07-12,1484.85,1492.44,1475.73,1477.22,21990
2024-07-15,1478.43,1485.83,1476.10,1482.77,23030
2024-07-16,1483.05,1495.00,1482.59,1493.21,22760
2024-07-17,1494.73,1495.03,1488.97,1489.35,20080
2024-07-18,1489.22,1491.28,1487.86,1491.14,18270
2024-07-19,1490.97,1494.91,1480.38,1482.95,16190
2024-07-22,1485.46,1501.89,1477.19,1497.34,24100
2024-07-23,1500.74,1505.64,1486.66,1490.10,15040
2024-07-24,1490.59,1490.64,1487.20,1490.46,19460
2024-07-25,1493.49,1496.78,1491.57,1491.79,25450
2024-07-26,1491.19,1494.02,1477.19,1481.10,13000
2024-07-29,1482.77,1483.85,1476.57,1478.99,17690
2024-07-30,1482.93,1483.46,1466.65,1467.23,18970
2024-07-31,1466.32,1470.36,1459.26,1468.28,13230
2024-08-01,1473.56,1476.45,1469.09,1469.78,19070
2024-08-02,1470.29,1470.98,1463.62,1466.48,21130
2024-08-05,1463.21,1464.62,1456.07,1459.15,19450
2024-08-06,1462.42,1462.55,1459.05,1460.73,13350
2024-08-07,1459.45,1462.53,1453.23,1455.55,22270
2024-08-08,1457.15,1457.40,1447.20,1448.39,17230
2024-08-09,1450.26,1453.89,1449.45,1450.64,25870
2024-08-12,1448.27,1459.57,1444.61,1455.32,19290
2024-08-13,1456.41,1461.44,1454.62,1456.22,19730
2024-08-14,1454.26,1458.57,1451.12,1457.65,16380
2024-08-15,1460.34,1461.92,1448.70,1450.66,17050
2024-08-16,1450.21,1452.88,1448.84,1452.06,21300
2024-08-19,1453.56,1453.92,1448.12,1449.03,24190
2024-08-20,1451.95,1453.13,1436.44,1438.96,24940
2024-08-21,1438.50,1443.09,1435.91,1441.68,17170
2024-08-22,1444.85,1445.11,1426.43,1430.48,17200
2024-08-23,1437.25,1448.82,1435.80,1444.53,16810
2024-08-26,1443.93,1449.25,1441.10,1446.89,14150
2024-08-27,1446.63,1462.44,1446.55,1458.16,21220
2024-08-28,1457.11,1459.09,1447.70,1448.70,23060
2024-08-29,1446.82,1451.24,1426.69,1431.74,24760
2024-08-30,1434.77,1441.45,1433.59,1439.69,22770
2024-09-03,1441.51,1442.95,1431.67,1432.39,15760
2024-09-04,1431.85,1432.84,1425.83,1429.72,16440
2024-09-05,1429.33,1439.26,1426.46,1436.33,13670
2024-09-06,1440.46,1441.82,1437.06,1437.94,25020
2024-09-09,1438.32,1461.67,1437.83,1458.90,25550
2024-09-10,1456.45,1460.93,1455.54,1460.24,23370
2024-09-11,1462.07,1463.57,1460.54,1463.03,18870
2024-09-12,1463.25,1463.67,1446.93,1449.69,16830
2024-09-13,1447.14,1447.22,1442.04,1443.35,25010
2024-09-16,1444.82,1447.32,1443.79,1445.27,25700
2024-09-17,1445.33,1447.01,1442.84,1442.90,24420
2024-09-18,1443.15,1445.49,1440.93,1445.48,18910
2024-09-19,1446.90,1453.81,1441.69,1441.79,23550
2024-09-20,1442.02,1446.97,1433.21,1438.60,22020
2024-09-23,1436.94,1438.16,1429.20,1430.41,22890
2024-09-24,1427.36,1434.27,1425.41,1432.73,14590
2024-09-25,1434.84,1435.73,1420.97,1422.43,25510
2024-09-26,1420.41,1432.83,1419.65,1431.80,18510
2024-09-27,1432.37,1432.57,1421.38,1423.35,22470
2024-09-30,1422.26,1424.10,1409.48,1409.53,16190
2024-10-01,1409.15,1416.24,1402.52,1415.94,15200
2024-10-02,1415.85,1425.75,1410.88,1420.05,23290
2024-10-03,1418.53,1420.95,1416.47,1418.44,12490
2024-10-04,1416.82,1423.96,1411.52,1413.17,14980
2024-10-07,1412.55,1415.53,1411.73,1415.28,18300
2024-10-08,1418.09,1418.75,1405.35,1405.39,24080
2024-10-09,1405.58,1414.16,1402.93,1410.04,25030
2024-10-10,1412.98,1415.42,1402.68,1404.38,22510
2024-10-11,1404.16,1405.10,1402.64,1404.94,19380
2024-10-15,1400.36,1404.33,1398.48,1402.96,25500
2024-10-16,1399.34,1404.47,1396.04,1403.83,17060
2024-10-17,1405.22,1411.32,1404.01,1409.52,23850
2024-10-18,1409.91,1417.95,1409.81,1417.01,22660
2024-10-21,1415.97,1418.38,1410.67,1414.62,20310
2024-10-22,1412.35,1421.62,1406.54,1420.27,20250
2024-10-23,1416.15,1416.95,1409.15,1413.03,18800
2024-10-24,1415.19,1417.25,1409.13,1415.55,18750
2024-10-25,1413.45,1434.79,1412.13,1431.98,24480
2024-10-28,1433.40,1434.89,1433.10,1434.54,19050
2024-10-29,1436.83,1447.37,1436.41,1442.96,19840
2024-10-30,1446.21,1447.46,1444.36,1444.59,19160
2024-10-31,1446.94,1448.88,1442.46,1447.91,21110
2024-11-01,1446.39,1446.39,1440.23,1443.92,22090
2024-11-04,1445.12,1447.36,1438.03,1439.12,17980
2024-11-05,1442.79,1449.23,1439.19,1444.54,20640
2024-11-06,1441.74,1454.85,1436.24,1451.40,22810
2024-11-07,1453.14,1454.97,1447.87,1454.66,15530
2024-11-08,1453.74,1468.54,1453.49,1465.97,20260
2024-11-12,1468.87,1469.49,1451.77,1454.09,21610
2024-11-13,1457.83,1459.42,1448.73,1453.44,18310
2024-11-14,1455.14,1456.38,1441.09,1442.16,26130
2024-11-15,1439.50,1453.90,1435.72,1448.81,16210
2024-11-18,1448.45,1449.34,1440.34,1443.03,16080
2024-11-19,1445.28,1450.33,1442.31,1443.25,16680
2024-11-20,1444.26,1453.83,1443.10,1451.73,20850
2024-11-21,1452.54,1457.04,1440.01,1441.07,20760
2024-11-22,1440.58,1442.54,1425.55,1429.67,18280
2024-11-25,1428.64,1429.57,1426.91,1427.47,17380
2024-11-26,1429.36,1430.95,1427.19,1430.26,18130
2024-11-27,1431.26,1433.48,1430.28,1433.05,24660
2024-11-29,1432.66,1434.14,1421.28,1423.04,20820
2024-12-02,1426.46,1427.02,1408.33,1412.26,26380
2024-12-03,1411.40,1423.52,1410.62,1418.80,22730
2024-12-04,1421.31,1425.97,1410.89,1412.43,19830
2024-12-05,1413.79,1419.40,1409.58,1418.19,27300
2024-12-06,1421.46,1425.52,1409.83,1413.06,21630
2024-12-09,1417.20,1434.09,1416.01,1429.82,19610
2024-12-10,1430.15,1441.22,1426.70,1439.61,23920
2024-12-11,1439.07,1439.70,1429.72,1433.49,19580
2024-12-12,1434.65,1444.72,1432.76,1443.95,18980
2024-12-13,1448.50,1449.09,1447.23,1447.78,24170
2024-12-16,1451.15,1454.22,1450.58,1452.21,16660
2024-12-17,1454.35,1457.06,1449.99,1451.11,30410
2024-12-18,1451.91,1452.61,1440.99,1445.15,17600
2024-12-19,1441.22,1457.19,1440.44,1456.20,17970
2024-12-20,1454.46,1463.23,1450.54,1460.28,19100
2024-12-23,1460.50,1471.62,1456.14,1470.28,7460
2024-12-24,1469.50,1470.60,1459.17,1461.83,16430
2024-12-26,1463.40,1469.78,1461.46,1468.95,21790
2024-12-27,1468.26,1477.96,1466.43,1476.00,19830
2024-12-30,1480.20,1481.58,1471.15,1472.67,15920
2024-12-31,1473.32,1474.16,1473.20,1473.34,19090
2025-01-02,1475.30,1477.36,1466.31,1466.89,23390
2025-01-03,1469.63,1473.66,1465.69,1470.75,20450
2025-01-06,1470.52,1477.95,1469.31,1475.12,22770
2025-01-07,1474.01,1487.36,1470.96,1478.54,21290
2025-01-08,1482.61,1490.88,1479.92,1490.62,20360
2025-01-09,1491.99,1497.51,1486.77,1487.70,17210
2025-01-10,1485.92,1489.50,1481.75,1484.23,22290
2025-01-13,1485.98,1491.75,1467.01,1467.42,20770
2025-01-14,1471.33,1473.56,1463.08,1464.47,26880
2025-01-15,1465.70,1466.95,1458.14,1461.74,18690
2025-01-16,1462.72,1466.86,1456.97,1459.69,16390
2025-01-17,1463.06,1464.05,1460.22,1461.37,25630
2025-01-21,1458.85,1469.18,1456.83,1468.04,21270
2025-01-22,1468.18,1473.83,1465.45,1468.47,24450
2025-01-23,1465.07,1474.65,1459.71,1473.82,15720
2025-01-24,1470.74,1471.03,1468.31,1470.02,21490
2025-01-27,1467.17,1469.36,1463.78,1467.62,22060
2025-01-28,1468.12,1469.04,1462.80,1464.47,12340
2025-01-29,1463.90,1475.24,1459.52,1473.62,18550
2025-01-30,1473.16,1477.07,1464.14,1465.06,20160
2025-01-31,1461.86,1466.37,1459.67,1465.02,15920
2025-02-03,1462.19,1465.05,1452.51,1455.09,24270
2025-02-04,1454.12,1454.54,1451.16,1451.49,20650
2025-02-05,1448.87,1469.01,1446.33,1462.82,19320
2025-02-06,1462.46,1465.29,1450.16,1454.01,24490
2025-02-07,1454.84,1459.35,1444.89,1445.80,23870
2025-02-10,1448.59,1453.69,1443.68,1446.01,17760
2025-02-11,1442.81,1449.34,1439.83,1448.78,14040
2025-02-12,1448.71,1448.97,1446.27,1446.47,20900
2025-02-13,1448.09,1448.84,1443.96,1447.72,23330
2025-02-14,1447.51,1472.75,1445.08,1470.88,16480
2025-02-18,1473.04,1476.22,1467.53,1476.20,17620
2025-02-19,1481.58,1484.07,1480.33,1480.49,21250
2025-02-20,1481.22,1485.16,1478.49,1480.52,23610
2025-02-21,1479.83,1481.96,1473.41,1481.46,21160
2025-02-24,1482.63,1487.27,1481.02,1487.10,31400
2025-02-25,1486.04,1490.87,1479.47,1484.24,24280
2025-02-26,1481.06,1492.06,1480.00,1487.42,21890
2025-02-27,1489.83,1492.15,1488.78,1489.01,17350
2025-02-28,1489.86,1492.98,1484.61,1491.15,29560
2025-03-03,1492.54,1494.86,1487.22,1489.77,24580
2025-03-04,1491.52,1492.73,1486.81,1487.30,17130
2025-03-05,1486.95,1488.60,1485.73,1485.99,25030
2025-03-06,1485.32,1486.16,1476.87,1477.92,25220
2025-03-07,1478.00,1478.46,1469.06,1472.01,15280
2025-03-10,1472.44,1472.63,1469.60,1470.22,21160
2025-03-11,1469.58,1476.68,1466.34,1473.88,22480
2025-03-12,1473.54,1483.34,1471.51,1477.08,21340
2025-03-13,1476.49,1477.87,1474.32,1474.61,18590
2025-03-14,1478.87,1480.11,1474.57,1474.96,11720
2025-03-17,1475.21,1477.87,1474.01,1477.50,14200
2025-03-18,1477.68,1482.99,1477.12,1480.63,21560
2025-03-19,1480.59,1483.95,1463.45,1464.06,20910
2025-03-20,1468.12,1472.05,1467.36,1468.77,16890
2025-03-21,1467.32,1476.63,1467.12,1476.40,22220
2025-03-24,1476.35,1478.18,1472.25,1472.61,19170
2025-03-25,1468.31,1477.78,1467.41,1477.16,18400
2025-03-26,1476.18,1477.10,1464.91,1467.25,26620
2025-03-27,1466.53,1471.10,1452.62,1453.34,17940
2025-03-28,1452.49,1460.27,1451.72,1457.50,18550
2025-03-31,1459.01,1462.53,1446.42,1448.79,17510
2025-04-01,1450.24,1452.48,1447.57,1449.88,24070
2025-04-02,1451.82,1453.57,1448.88,1449.06,18870
2025-04-03,1446.77,1458.55,1444.53,1457.27,20510
2025-04-04,1456.80,1463.11,1447.65,1452.18,14960
2025-04-07,1453.13,1467.29,1450.10,1465.54,11340
2025-04-08,1466.03,1466.70,1457.94,1458.17,18850
2025-04-09,1459.05,1474.17,1456.91,1472.12,20460
2025-04-10,1473.16,1476.10,1468.57,1468.58,23130
2025-04-11,1468.92,1483.87,1466.14,1482.26,23070
2025-04-14,1481.86,1481.97,1479.96,1481.83,24080
2025-04-15,1484.42,1491.21,1479.48,1490.04,15340
2025-04-16,1494.05,1503.91,1490.59,1503.33,20060
2025-04-17,1504.62,1510.22,1490.91,1492.45,22230
2025-04-18,1492.38,1507.46,1489.63,1507.27,18190
2025-04-21,1507.61,1518.00,1506.88,1517.46,21190
2025-04-22,1518.74,1527.39,1517.52,1526.85,21160
2025-04-23,1524.24,1524.58,1516.21,1520.05,16870
2025-04-24,1523.16,1532.05,1518.56,1530.75,20270
2025-04-25,1530.46,1533.37,1529.47,1530.96,25720
2025-04-28,1525.62,1527.68,1525.03,1527.09,12870
2025-04-29,1523.41,1525.32,1519.98,1522.64,18730
2025-04-30,1517.43,1528.76,1516.41,1526.71,13750
2025-05-01,1528.59,1531.93,1528.17,1529.05,28080
2025-05-02,1527.34,1544.36,1525.71,1541.57,21320
2025-05-05,1544.63,1548.76,1543.18,1548.26,18150
2025-05-06,1547.95,1551.24,1537.24,1540.33,18990
2025-05-07,1540.00,1545.35,1539.01,1544.69,13460
2025-05-08,1544.75,1557.89,1542.35,1554.77,18180
2025-05-09,1555.81,1559.37,1554.10,1559.26,20680
2025-05-12,1561.45,1572.81,1561.41,1567.98,18790
2025-05-13,1566.97,1572.37,1562.93,1570.13,22270
2025-05-14,1571.59,1571.76,1561.55,1563.33,16540
2025-05-15,1560.13,1568.66,1560.09,1566.15,13210
2025-05-16,1563.69,1576.11,1561.73,1574.91,19830
2025-05-19,1570.78,1580.12,1566.41,1575.07,16860
2025-05-20,1575.13,1575.83,1563.37,1566.93,13660
2025-05-21,1562.83,1571.24,1562.42,1568.39,22640
2025-05-22,1564.19,1568.32,1562.53,1564.28,19550
2025-05-23,1563.75,1564.76,1554.01,1556.52,19810
2025-05-27,1555.88,1567.30,1553.10,1566.23,19270
2025-05-28,1567.22,1568.35,1549.58,1552.84,19620
2025-05-29,1556.78,1560.91,1544.24,1545.21,20000
2025-05-30,1544.04,1549.32,1541.20,1542.65,15820
2025-06-02,1544.73,1548.78,1533.48,1534.50,17550
2025-06-03,1535.26,1546.02,1533.22,1543.39,12710
2025-06-04,1546.28,1548.13,1542.42,1543.20,19050
2025-06-05,1543.25,1549.16,1543.20,1548.32,20690
2025-06-06,1547.04,1564.91,1545.30,1561.51,23610
2025-06-09,1562.59,1565.55,1545.94,1553.22,17450
2025-06-10,1554.78,1568.74,1552.05,1564.14,17160
2025-06-11,1566.66,1567.90,1555.61,1561.64,31950
2025-06-12,1561.36,1562.13,1555.47,1559.18,20330
2025-06-13,1560.04,1561.50,1555.65,1557.49,21680
2025-06-16,1556.97,1558.92,1548.24,1551.24,14500
2025-06-17,1552.53,1554.56,1551.64,1552.44,19680
2025-06-18,1546.51,1550.30,1539.88,1540.48,18720
2025-06-20,1538.61,1546.24,1534.96,1546.07,14290
2025-06-23,1549.26,1550.97,1546.32,1549.23,23640
2025-06-24,1547.49,1557.47,1546.17,1553.07,20340
2025-06-25,1550.57,1558.69,1546.47,1556.48,16070
2025-06-26,1560.05,1565.93,1556.57,1558.97,24120
2025-06-27,1555.81,1556.75,1553.85,1556.40,19140
2025-06-30,1553.07,1566.78,1549.70,1563.32,21360
2025-07-01,1565.00,1566.28,1552.22,1556.33,21120
2025-07-02,1559.75,1560.87,1543.12,1545.89,25310
2025-07-03,1545.12,1554.17,1538.62,1546.61,21810
2025-07-07,1549.26,1552.55,1532.51,1535.03,20570
2025-07-08,1539.52,1543.33,1523.20,1527.11,23820
2025-07-09,1525.69,1526.53,1520.83,1521.21,25820
2025-07-10,1522.91,1532.50,1519.63,1529.88,22830
2025-07-11,1531.36,1539.15,1530.15,1533.07,24530
2025-07-14,1531.88,1545.69,1528.83,1541.59,18190
2025-07-15,1543.25,1549.74,1539.62,1548.69,15450
2025-07-16,1546.03,1550.71,1542.49,1545.00,21130
2025-07-17,1544.70,1549.75,1542.09,1542.97,25220
2025-07-18,1540.24,1546.63,1534.71,1542.19,17750
2025-07-21,1544.14,1544.86,1532.99,1534.12,20450
2025-07-22,1531.94,1532.09,1526.89,1531.01,19170
2025-07-23,1531.27,1536.29,1526.29,1534.49,10890
2025-07-24,1533.58,1535.52,1533.01,1534.83,20380
2025-07-25,1535.59,1545.64,1535.02,1538.06,20590
2025-07-28,1539.95,1545.16,1537.47,1542.40,24750
2025-07-29,1546.41,1560.21,1540.99,1557.84,17330
2025-07-30,1557.44,1565.47,1547.18,1552.91,20280
2025-07-31,1553.50,1556.05,1546.86,1555.52,18240
2025-08-01,1554.47,1560.50,1548.94,1554.22,14570
2025-08-04,1554.15,1558.15,1547.64,1549.43,24570
2025-08-05,1554.06,1558.01,1533.96,1536.19,16200
2025-08-06,1541.70,1550.66,1541.03,1550.14,20650
2025-08-07,1548.09,1554.89,1542.33,1543.61,17090
2025-08-08,1543.34,1544.40,1541.81,1543.85,14850
2025-08-11,1540.62,1553.55,1540.26,1551.16,22380
2025-08-12,1552.93,1553.06,1544.33,1547.26,17950
2025-08-13,1547.12,1553.60,1543.13,1550.86,17760
2025-08-14,1547.74,1548.54,1536.45,1539.78,12280
2025-08-15,1540.08,1545.68,1523.79,1527.27,21210
2025-08-18,1528.48,1533.75,1524.35,1531.19,20990
2025-08-19,1531.05,1539.74,1529.61,1536.97,25700
2025-08-20,1539.08,1552.29,1537.50,1543.70,18260
2025-08-21,1542.94,1545.04,1537.81,1540.71,21650
2025-08-22,1540.63,1554.99,1537.48,1552.34,15690
2025-08-25,1546.79,1562.57,1544.79,1557.52,17610
2025-08-26,1556.54,1565.98,1556.36,1565.05,26500
2025-08-27,1563.55,1575.96,1562.32,1575.39,22990
2025-08-28,1576.78,1585.34,1576.14,1583.96,16230
2025-08-29,1585.56,1590.24,1585.37,1589.59,20140
2025-09-02,1589.99,1592.46,1576.24,1577.69,24420
2025-09-03,1582.67,1585.82,1568.13,1571.43,11850
2025-09-04,1573.48,1577.51,1555.13,1563.92,13460
2025-09-05,1567.51,1572.26,1556.67,1560.85,22260
2025-09-08,1559.53,1566.43,1551.70,1555.35,23440
2025-09-09,1552.17,1558.36,1548.68,1553.68,19380
2025-09-10,1554.14,1560.99,1552.37,1553.59,18000
2025-09-11,1555.36,1563.44,1553.63,1559.97,15860
2025-09-12,1559.86,1579.48,1558.26,1574.61,21690
2025-09-15,1575.25,1576.79,1548.20,1555.60,20240
2025-09-16,1551.14,1555.45,1551.04,1555.03,23400
2025-09-17,1555.31,1562.26,1549.92,1562.11,24270
2025-09-18,1560.86,1561.10,1549.08,1551.84,17420
2025-09-19,1555.41,1556.97,1550.01,1551.82,12880
2025-09-22,1548.91,1551.56,1545.89,1550.90,15160
2025-09-23,1549.68,1552.51,1532.03,1533.51,15580
2025-09-24,1534.33,1545.07,1528.78,1544.57,19460
2025-09-25,1544.76,1557.76,1544.40,1556.19,19840
2025-09-26,1555.23,1566.16,1553.13,1564.06,19830
2025-09-29,1561.48,1570.00,1556.66,1565.48,17120
2025-09-30,1565.94,1571.60,1564.79,1565.33,16640
2025-10-01,1562.83,1587.83,1559.17,1583.61,23600
2025-10-02,1583.52,1583.84,1567.48,1574.83,17310
2025-10-03,1575.44,1575.99,1566.73,1569.82,20810
2025-10-06,1569.61,1571.99,1555.04,1559.13,22600
2025-10-07,1560.90,1565.79,1558.10,1564.22,15350
2025-10-08,1564.82,1566.79,1556.62,1565.84,19620
2025-10-09,1563.22,1579.28,1558.21,1574.08,22240
2025-10-10,1576.21,1578.75,1565.64,1570.68,17890
2025-10-14,1569.52,1582.00,1566.97,1581.84,10270
2025-10-15,1583.96,1587.23,1577.09,1579.91,13920
2025-10-16,1580.37,1580.56,1574.04,1577.21,20170
2025-10-17,1577.02,1578.86,1571.89,1574.51,20310
2025-10-20,1571.87,1574.06,1563.92,1566.93,19420
2025-10-21,1564.04,1571.54,1561.47,1569.53,20560
2025-10-22,1569.67,1572.66,1558.30,1558.58,20130
2025-10-23,1561.01,1563.59,1540.66,1542.27,18170
2025-10-24,1541.23,1542.43,1537.50,1537.52,25670
2025-10-27,1537.51,1539.67,1520.23,1523.86,20330
2025-10-28,1524.12,1529.75,1518.71,1527.34,18440
2025-10-29,1528.44,1534.68,1525.90,1533.70,14600
2025-10-30,1532.46,1544.30,1531.29,1540.08,19210
2025-10-31,1541.44,1543.94,1536.79,1539.38,19390
2025-11-03,1537.22,1552.13,1534.51,1547.85,23070
2025-11-04,1544.31,1555.64,1542.55,1551.09,15690
2025-11-05,1553.54,1561.04,1537.26,1543.99,21970
2025-11-06,1544.21,1544.98,1535.80,1535.98,19890
2025-11-07,1536.12,1548.11,1533.60,1546.42,14950
2025-11-10,1548.87,1550.73,1548.76,1550.20,13120
2025-11-12,1546.64,1548.06,1541.25,1542.49,19070
2025-11-13,1541.22,1551.77,1540.69,1549.38,20760
2025-11-14,1546.31,1565.03,1544.05,1558.49,20780
2025-11-17,1556.54,1577.14,1552.48,1572.47,20350
2025-11-18,1575.58,1585.95,1573.31,1584.56,14410
2025-11-19,1582.47,1586.84,1579.15,1583.05,18360
2025-11-20,1580.36,1601.58,1580.19,1592.22,22830
2025-11-21,1594.42,1596.15,1581.56,1586.69,26060
2025-11-24,1585.27,1588.71,1575.88,1577.77,24390
2025-11-25,1577.80,1582.57,1573.58,1580.20,19610
2025-11-26,1581.96,1582.15,1578.39,1581.96,22180
2025-11-28,1584.32,1592.14,1579.61,1589.64,19990
2025-12-01,1592.01,1592.47,1583.25,1585.30,25890
2025-12-02,1587.21,1592.70,1581.45,1590.07,22230
2025-12-03,1594.42,1596.30,1592.16,1595.22,22420
2025-12-04,1594.12,1608.38,1590.78,1604.64,18660
2025-12-05,1599.82,1612.59,1593.39,1612.29,22230
2025-12-08,1615.01,1617.75,1604.55,1605.39,14420
2025-12-09,1603.10,1604.07,1594.70,1595.89,20760
2025-12-10,1593.48,1600.18,1591.63,1598.78,17270
2025-12-11,1599.29,1610.96,1591.51,1610.95,24430
2025-12-12,1607.48,1610.29,1602.06,1609.64,23160
2025-12-15,1608.16,1614.01,1603.87,1612.49,24480
2025-12-16,1614.99,1616.40,1592.16,1595.19,23860
2025-12-17,1598.22,1602.88,1591.05,1591.11,17480
2025-12-18,1592.34,1593.73,1590.54,1593.07,17210
2025-12-19,1593.99,1599.83,1590.46,1596.50,14570
2025-12-22,1594.34,1594.34,1586.82,1588.03,22670
2025-12-23,1583.39,1595.87,1581.59,1593.27,17390
2025-12-24,1593.42,1596.12,1593.37,1594.63,19640
2025-12-26,1590.60,1601.34,1586.24,1595.66,14650
2025-12-29,1595.25,1603.01,1593.45,1601.20,20890
2025-12-30,1599.66,1602.93,1589.87,1591.30,18730
2025-12-31,1589.56,1593.07,1578.80,1580.63,24350
