Date,Open,High,Low,Close,Volume
2011-09-20,1735.65,1758.73,1712.75,1729.09,176457
2011-09-21,1723.6,1748.59,1694.07,1711.59,136569
2011-09-22,1739.2,1754.92,1723.54,1738.95,123801
2011-09-23,1759.76,1795.82,1747.78,1778.98,177043
2011-09-26,1751.21,1773.47,1737.0,1753.54,133905
2011-09-27,1745.25,1775.69,1717.37,1747.48,125622
2011-09-28,1703.99,1724.5,1687.39,1701.77,150766
2011-09-29,1718.89,1724.88,1714.18,1719.64,147600
2011-09-30,1743.99,1748.14,1736.11,1739.55,150964
2011-10-03,1782.09,1790.56,1772.08,1778.95,139653
2011-10-04,1769.3,1812.22,1741.73,1782.45,118280
2011-10-05,1831.37,1852.26,1816.0,1831.47,162348
2011-10-06,1772.8,1791.41,1757.16,1775.06,134122
2011-10-07,1741.95,1765.04,1727.53,1748.84,234345
2011-10-10,1749.62,1765.1,1731.52,1742.34,164670
2011-10-11,1720.81,1744.64,1705.17,1725.81,121782
2011-10-12,1696.64,1721.57,1681.53,1705.71,134857
2011-10-13,1699.54,1710.46,1683.75,1693.29,176663
2011-10-14,1647.24,1660.23,1629.12,1639.53,157280
2011-10-17,1686.87,1703.7,1683.51,1699.33,125839
2011-10-18,1677.3,1696.81,1656.71,1674.88,146689
2011-10-19,1659.27,1677.68,1637.9,1654.96,187828
2011-10-20,1660.72,1675.53,1649.81,1663.67,163163
2011-10-21,1636.49,1658.52,1616.46,1633.79,272786
2011-10-24,1654.54,1670.03,1638.01,1650.92,149409
2011-10-25,1686.52,1691.95,1678.11,1683.43,150316
2011-10-26,1668.0,1679.92,1649.62,1660.15,173900
2011-10-27,1651.43,1671.59,1626.42,1642.24,145182
2011-10-28,1615.12,1619.27,1604.65,1608.11,185857
2011-10-31,1587.35,1596.03,1576.52,1583.64,101705
2011-11-01,1548.76,1562.62,1538.68,1550.4,113520
2011-11-02,1560.74,1586.32,1544.44,1569.32,103002
2011-11-03,1603.66,1614.57,1581.58,1591.16,137941
2011-11-04,1612.85,1640.63,1583.95,1610.5,113010
2011-11-07,1600.07,1606.21,1595.66,1601.79,130488
2011-11-08,1588.91,1593.38,1576.68,1581.07,127568
2011-11-09,1587.96,1605.36,1561.94,1577.99,136078
2011-11-10,1578.6,1587.08,1574.15,1582.41,180431
2011-11-11,1539.94,1557.51,1534.36,1551.01,161700
2011-11-14,1577.49,1601.76,1552.95,1575.24,194368
2011-11-15,1581.85,1608.16,1556.3,1579.95,186353
2011-11-16,1600.59,1621.33,1587.14,1605.53,150007
2011-11-17,1611.0,1629.24,1592.42,1609.72,162585
2011-11-18,1625.88,1651.49,1605.11,1629.11,113399
2011-11-21,1637.3,1666.18,1619.05,1643.47,163886
2011-11-22,1638.35,1646.37,1625.48,1633.09,211628
2011-11-23,1641.08,1667.59,1602.08,1626.2,139727
2011-11-24,1623.11,1640.43,1611.8,1628.49,144159
2011-11-25,1619.68,1635.38,1612.49,1626.71,171732
2011-11-28,1615.24,1636.46,1593.39,1613.99,206325
2011-11-29,1603.11,1612.68,1579.99,1588.74,178025
2011-11-30,1606.74,1632.13,1581.67,1604.31,142008
2011-12-01,1575.84,1586.6,1569.0,1577.16,154100
2011-12-02,1572.29,1591.73,1557.69,1572.08,142852
2011-12-05,1577.45,1604.94,1562.33,1585.99,136080
2011-12-06,1579.11,1589.77,1565.63,1574.93,108744
2011-12-07,1570.68,1580.67,1567.85,1577.33,163289
2011-12-08,1577.02,1598.42,1565.96,1584.61,118204
2011-12-09,1580.86,1602.8,1559.5,1580.37,159812
2011-12-12,1607.57,1612.71,1600.57,1605.6,113233
2011-12-13,1612.32,1640.45,1590.53,1613.76,125319
2011-12-14,1639.23,1658.93,1622.34,1637.66,153833
2011-12-15,1656.76,1673.94,1631.12,1648.18,179570
2011-12-16,1628.37,1652.22,1601.61,1623.11,205594
2011-12-19,1629.64,1647.56,1613.27,1629.68,245674
2011-12-20,1613.68,1621.72,1603.25,1610.84,149649
2011-12-21,1607.91,1620.29,1601.21,1613.17,126789
2011-12-22,1629.3,1652.8,1605.78,1626.77,221572
2011-12-23,1647.8,1659.35,1629.37,1638.9,143559
2011-12-26,1664.44,1675.08,1659.6,1669.45,132665
2011-12-27,1690.07,1707.34,1670.91,1684.01,134126
2011-12-28,1667.96,1698.58,1647.53,1676.31,142563
2011-12-29,1712.04,1721.7,1693.68,1702.28,92070
2011-12-30,1683.05,1705.77,1662.1,1681.23,126017
2012-01-02,1704.12,1728.85,1688.45,1712.69,168819
2012-01-03,1716.62,1722.66,1708.76,1714.09,142624
2012-01-04,1670.13,1692.87,1650.67,1673.1,136999
2012-01-05,1634.09,1660.44,1611.97,1635.62,64360
2012-01-06,1661.08,1671.57,1652.46,1661.04,141846
2012-01-09,1655.22,1683.31,1630.54,1656.66,178282
2012-01-10,1636.51,1665.93,1605.54,1631.07,154028
2012-01-11,1615.41,1626.01,1602.45,1611.68,160590
2012-01-12,1626.54,1638.86,1616.63,1626.09,180549
2012-01-13,1640.01,1648.03,1635.39,1643.25,138543
2012-01-16,1655.67,1659.55,1650.69,1654.03,119283
2012-01-17,1674.97,1698.1,1652.69,1671.34,152620
2012-01-18,1682.6,1706.57,1667.51,1689.66,104467
2012-01-19,1695.67,1702.66,1690.31,1696.39,164905
2012-01-20,1679.93,1697.04,1666.88,1683.67,166287
2012-01-23,1713.93,1736.8,1706.41,1727.47,139332
2012-01-24,1734.06,1751.32,1728.65,1744.45,116068
2012-01-25,1763.1,1775.79,1747.29,1758.17,204041
2012-01-26,1724.97,1758.9,1704.93,1733.99,134675
2012-01-27,1752.36,1777.48,1731.8,1754.57,178944
2012-01-30,1746.11,1749.97,1739.29,1742.29,134174
2012-01-31,1769.52,1780.73,1764.2,1773.49,170194
2012-02-01,1780.58,1805.07,1764.16,1787.92,140615
2012-02-02,1787.72,1800.97,1780.33,1790.88,142515
2012-02-03,1777.45,1802.25,1757.01,1775.29,173517
2012-02-06,1766.87,1809.48,1740.64,1778.28,165857
2012-02-07,1769.51,1797.04,1756.22,1780.8,111823
2012-02-08,1766.55,1779.16,1752.6,1762.08,128943
2012-02-09,1771.47,1777.43,1760.99,1765.34,97167
2012-02-10,1778.48,1797.2,1773.59,1790.69,113941
2012-02-13,1806.86,1826.89,1801.91,1820.51,102099
2012-02-14,1863.13,1887.78,1836.41,1855.82,169940
2012-02-15,1876.79,1885.34,1860.97,1868.57,203059
2012-02-16,1854.59,1874.71,1843.16,1861.69,176796
2012-02-17,1853.38,1892.08,1826.37,1860.62,183118
2012-02-20,1897.89,1908.94,1879.63,1888.58,223684
2012-02-21,1869.15,1881.83,1853.3,1865.86,102357
2012-02-22,1846.93,1884.43,1816.3,1851.57,217909
2012-02-23,1853.08,1877.25,1836.75,1858.3,141947
2012-02-24,1885.89,1904.63,1865.47,1880.73,170628
2012-02-27,1896.66,1927.74,1860.49,1885.69,126247
2012-02-28,1861.58,1890.92,1826.71,1854.6,176489
2012-02-29,1858.06,1872.92,1838.71,1853.15,166115
2012-03-01,1866.48,1881.6,1843.19,1856.33,145428
2012-03-02,1804.82,1826.88,1790.59,1810.19,133497
2012-03-05,1807.88,1815.88,1796.28,1804.24,198992
2012-03-06,1759.43,1784.98,1736.94,1761.8,137143
2012-03-07,1744.53,1781.17,1718.26,1753.88,101091
2012-03-08,1772.51,1802.18,1754.71,1779.17,113774
2012-03-09,1797.21,1809.94,1786.42,1799.01,121993
2012-03-12,1832.41,1848.12,1819.58,1834.2,119418
2012-03-13,1864.85,1892.12,1842.61,1861.92,194727
2012-03-14,1892.57,1917.27,1874.08,1896.54,220504
2012-03-15,1917.85,1938.41,1904.49,1924.11,183523
2012-03-16,1919.77,1933.25,1913.93,1927.3,104540
2012-03-19,1913.11,1933.71,1898.72,1914.54,133636
2012-03-20,1855.28,1862.76,1845.61,1851.13,250493
2012-03-21,1891.87,1919.17,1861.18,1885.08,130006
2012-03-22,1933.01,1941.0,1915.87,1923.04,164865
2012-03-23,1903.48,1948.58,1876.98,1916.19,152127
2012-03-26,1959.75,1968.21,1942.35,1949.63,135082
2012-03-27,1968.61,1996.39,1936.79,1962.18,147123
2012-03-28,2007.09,2012.71,1999.0,2003.25,101167
2012-03-29,1995.99,2008.74,1987.01,1997.67,107069
2012-03-30,1986.2,1998.41,1970.19,1982.25,83033
2012-04-02,1982.41,2023.6,1958.74,1991.4,149565
2012-04-03,1992.39,2019.74,1972.45,1996.81,160976
2012-04-04,1954.88,1981.95,1934.31,1957.49,122960
2012-04-05,1918.43,1932.89,1913.09,1925.42,178910
2012-04-06,1926.49,1939.99,1918.71,1929.41,107882
2012-04-09,1950.11,1963.08,1931.41,1941.98,111476
2012-04-10,1890.74,1918.24,1873.09,1894.2,160027
2012-04-11,1925.93,1933.61,1919.46,1926.96,169650
2012-04-12,1962.32,1987.68,1935.27,1957.09,177982
2012-04-13,1992.89,2009.61,1982.37,1996.6,168613
2012-04-16,2022.17,2054.14,1994.09,2016.91,295022
2012-04-17,2030.61,2052.23,2015.19,2036.0,156390
2012-04-18,1986.93,2033.91,1962.57,1999.2,212135
2012-04-19,1986.66,2021.54,1965.96,1995.67,170457
2012-04-20,1975.31,1981.26,1960.86,1965.33,150185
2012-04-23,1942.39,1984.28,1913.96,1952.7,165629
2012-04-24,1975.73,1984.27,1958.9,1965.93,197598
2012-04-25,2022.79,2041.87,2015.87,2032.94,176808
2012-04-26,2019.64,2032.46,2000.26,2011.93,137347
2012-04-27,1980.82,2010.88,1946.09,1974.55,133230
2012-04-30,1961.53,1992.1,1935.84,1961.27,130975
2012-05-01,1950.15,1961.89,1939.62,1948.92,240663
2012-05-02,1926.57,1955.86,1895.69,1921.6,136098
2012-05-03,1934.91,1959.51,1911.64,1934.76,177580
2012-05-04,1959.29,1994.32,1929.99,1963.18,162344
2012-05-07,1950.72,1971.81,1931.0,1948.3,109610
2012-05-08,1952.42,1956.97,1941.8,1946.02,134367
2012-05-09,1950.02,1974.39,1932.27,1953.11,194699
2012-05-10,1946.22,1953.31,1931.27,1936.37,156185
2012-05-11,1939.8,1975.19,1916.97,1946.79,180241
2012-05-14,1949.58,1962.64,1939.62,1951.76,180820
2012-05-15,1920.99,1944.16,1910.11,1929.9,138505
2012-05-16,1917.56,1929.98,1907.58,1918.66,131424
2012-05-17,1917.37,1949.17,1878.31,1907.8,153083
2012-05-18,1907.63,1919.54,1893.17,1904.72,140293
2012-05-21,1938.71,1968.31,1902.34,1930.47,109225
2012-05-22,1934.98,1964.12,1900.6,1925.94,182282
2012-05-23,2005.77,2037.91,1967.08,1997.42,121674
2012-05-24,2018.91,2053.29,1987.25,2019.38,139738
2012-05-25,2032.46,2059.93,2001.84,2025.4,149708
2012-05-28,2003.87,2009.99,2000.28,2004.98,127088
2012-05-29,2005.65,2038.55,1980.02,2005.98,161789
2012-05-30,2035.33,2039.88,2016.59,2021.04,178314
2012-05-31,1979.11,2017.86,1954.36,1992.57,181961
2012-06-01,2004.76,2018.29,1988.0,1997.83,189949
2012-06-04,1979.59,2001.17,1973.95,1994.59,157351
2012-06-05,2015.2,2029.48,1997.91,2008.57,144626
2012-06-06,2038.0,2062.57,2018.57,2041.99,132661
2012-06-07,2057.41,2091.76,2029.87,2059.8,142250
2012-06-08,2075.21,2082.4,2062.42,2067.46,170295
2012-06-11,2131.61,2146.51,2111.24,2123.08,131621
2012-06-12,2126.3,2154.73,2092.86,2115.16,144573
2012-06-13,2096.55,2140.69,2060.52,2103.64,141402
2012-06-14,2079.69,2092.04,2066.32,2075.48,142586
2012-06-15,2071.63,2091.32,2055.5,2074.04,141771
2012-06-18,2079.69,2119.55,2053.36,2086.42,172894
2012-06-19,2101.46,2105.69,2096.75,2100.44,191830
2012-06-20,2106.62,2124.11,2095.87,2108.89,197547
2012-06-21,2075.28,2097.7,2061.52,2078.46,125526
2012-06-22,2065.5,2083.57,2055.21,2070.6,150490
2012-06-25,2085.27,2091.36,2069.29,2074.87,114359
2012-06-26,2095.69,2120.98,2076.97,2101.51,158225
2012-06-27,2110.22,2140.78,2088.51,2115.46,152267
2012-06-28,2158.98,2195.79,2124.4,2156.72,142742
2012-06-29,2138.85,2159.2,2130.2,2150.15,161485
2012-07-02,2128.99,2134.06,2121.68,2126.1,151201
2012-07-03,2113.7,2118.85,2098.06,2102.48,152020
2012-07-04,2074.95,2107.13,2039.6,2071.6,271631
2012-07-05,2046.39,2057.73,2038.13,2047.04,152777
2012-07-06,2075.1,2092.11,2063.31,2079.56,116315
2012-07-09,2100.31,2126.12,2087.34,2107.61,125813
2012-07-10,2071.89,2084.23,2059.72,2069.93,189464
2012-07-11,2017.11,2037.49,2000.23,2014.66,174142
2012-07-12,2033.23,2043.32,2022.67,2031.29,102888
2012-07-13,2058.0,2072.49,2036.32,2046.58,120300
2012-07-16,2062.22,2103.14,2037.36,2069.1,196956
2012-07-17,2040.28,2072.5,2004.96,2031.31,193492
2012-07-18,2052.43,2061.11,2039.07,2047.61,140666
2012-07-19,2036.17,2054.19,2022.96,2037.38,172375
2012-07-20,2012.07,2022.21,1996.87,2006.38,137339
2012-07-23,2018.44,2043.52,1994.57,2018.34,142132
2012-07-24,2024.39,2043.21,2004.96,2020.52,135653
2012-07-25,2022.66,2063.56,1995.53,2029.32,210346
2012-07-26,2071.16,2090.33,2037.1,2052.28,121172
2012-07-27,2040.23,2076.37,2006.92,2032.24,104379
2012-07-30,2015.76,2040.65,2004.75,2027.73,173473
2012-07-31,2041.63,2060.67,2022.99,2037.71,106583
2012-08-01,2052.68,2076.59,2026.53,2043.47,227049
2012-08-02,2037.22,2066.32,2019.13,2047.82,198021
2012-08-03,2058.67,2087.64,2022.9,2050.12,180547
2012-08-06,2026.99,2062.59,1997.71,2030.08,149992
2012-08-07,1964.17,1968.3,1959.6,1962.81,182577
2012-08-08,1957.64,1963.71,1941.06,1947.01,147526
2012-08-09,1943.7,1966.04,1929.93,1949.43,114958
2012-08-10,1964.64,1998.23,1927.11,1958.18,153611
2012-08-13,1932.4,1972.41,1912.38,1948.56,126471
2012-08-14,2003.0,2046.97,1976.15,2013.68,124627
2012-08-15,2000.49,2010.53,1979.6,1989.48,155486
2012-08-16,1970.36,1999.28,1939.83,1962.91,206094
2012-08-17,1934.68,1954.06,1914.41,1932.36,203256
2012-08-20,1944.74,1971.8,1911.47,1937.33,144811
2012-08-21,1961.31,1987.11,1932.73,1957.67,161586
2012-08-22,1943.75,1971.92,1907.93,1935.15,173350
2012-08-23,1939.01,1954.31,1922.26,1935.59,127378
2012-08-24,1948.33,1953.73,1941.38,1946.74,184617
2012-08-27,1962.31,1972.24,1949.89,1959.14,209453
2012-08-28,1940.01,1975.16,1915.91,1948.2,171131
2012-08-29,1942.87,1948.46,1935.52,1939.66,183911
2012-08-30,1881.31,1909.59,1841.92,1867.43,113026
2012-08-31,1893.29,1901.6,1887.21,1893.32,166918
2012-09-03,1864.8,1870.76,1847.41,1852.02,132266
2012-09-04,1866.54,1907.54,1848.67,1881.94,185540
2012-09-05,1852.22,1881.57,1823.33,1850.64,215306
2012-09-06,1838.22,1870.57,1814.43,1843.77,192124
2012-09-07,1906.62,1910.96,1897.7,1900.99,161380
2012-09-10,1900.79,1908.0,1896.04,1902.27,135225
2012-09-11,1897.43,1906.89,1883.9,1892.47,136521
2012-09-12,1866.85,1892.03,1843.28,1864.04,195521
2012-09-13,1885.08,1905.88,1863.82,1880.41,184820
2012-09-14,1892.14,1901.13,1878.49,1884.93,210927
2012-09-17,1839.54,1860.36,1822.17,1841.45,121189
2012-09-18,1915.05,1932.84,1886.87,1903.3,155864
2012-09-19,1889.58,1932.64,1861.18,1899.59,166889
2012-09-20,1913.33,1933.42,1882.96,1902.14,186093
2012-09-21,1901.46,1906.77,1895.07,1899.62,242868
2012-09-24,1886.68,1895.1,1882.21,1890.25,181146
2012-09-25,1902.03,1937.42,1879.76,1914.56,185868
2012-09-26,1928.84,1941.95,1915.43,1927.21,133662
2012-09-27,1928.81,1960.4,1912.85,1938.77,190003
2012-09-28,1940.9,1946.98,1935.45,1940.92,148903
2012-10-01,1953.3,1991.33,1939.48,1972.73,128837
2012-10-02,2001.79,2019.86,1985.75,2003.1,153815
2012-10-03,2032.52,2046.02,2012.96,2023.93,88896
2012-10-04,2019.27,2049.85,1993.4,2015.81,157025
2012-10-05,2037.4,2050.67,2029.98,2041.7,145774
2012-10-08,2015.19,2050.25,1986.27,2019.11,142178
2012-10-09,2008.15,2027.93,1994.94,2010.46,162803
2012-10-10,2043.54,2051.36,2040.16,2046.84,190565
2012-10-11,2046.72,2064.12,2027.55,2043.52,118679
2012-10-12,1999.53,2023.75,1975.72,1998.7,245438
2012-10-15,2029.85,2036.21,2024.76,2030.6,161747
2012-10-16,2029.53,2075.04,1996.54,2038.66,215739
2012-10-17,2011.63,2043.34,1992.58,2020.42,207310
2012-10-18,2013.86,2025.31,2006.39,2017.77,144154
2012-10-19,1992.35,2016.15,1987.18,2009.1,121783
2012-10-22,2043.06,2052.54,2022.16,2030.26,174004
2012-10-23,2090.89,2104.01,2081.75,2093.02,164863
2012-10-24,2130.74,2154.22,2106.46,2129.49,170887
2012-10-25,2156.12,2181.05,2131.93,2155.1,118470
2012-10-26,2148.28,2161.3,2131.51,2143.11,166736
2012-10-29,2091.29,2111.66,2078.45,2097.3,166670
2012-10-30,2054.24,2074.51,2040.16,2056.0,103097
2012-10-31,2027.81,2057.3,2007.85,2029.01,181888
2012-11-01,2068.48,2098.6,2048.32,2075.4,121568
2012-11-02,2071.2,2087.36,2049.83,2065.51,151032
2012-11-05,2098.69,2124.45,2058.31,2076.22,151164
2012-11-06,2071.39,2077.44,2055.95,2060.39,165143
2012-11-07,2039.15,2059.77,2022.36,2036.83,116103
2012-11-08,2009.16,2049.02,1984.56,2018.58,111403
2012-11-09,2041.44,2064.76,2018.15,2041.43,228108
2012-11-12,2004.87,2031.54,1986.21,2010.33,145790
2012-11-13,2004.93,2014.64,1996.55,2004.78,165900
2012-11-14,1962.4,2003.81,1935.8,1969.15,132466
2012-11-15,1965.56,1999.01,1936.33,1967.01,178005
2012-11-16,1998.53,2015.08,1974.4,1988.85,130500
2012-11-19,1974.44,1995.4,1956.39,1971.38,185163
2012-11-20,2006.98,2039.5,1965.73,1992.98,143493
2012-11-21,2039.74,2047.38,2020.55,2026.97,142030
2012-11-22,2021.48,2056.26,1984.11,2014.79,201966
2012-11-23,2026.17,2037.29,2014.2,2024.61,94222
2012-11-26,2027.44,2036.04,2015.44,2021.58,203853
2012-11-27,2054.39,2086.01,2019.97,2042.15,193508
2012-11-28,2050.63,2089.24,2024.35,2059.12,187063
2012-11-29,2068.19,2074.97,2054.88,2059.91,220046
2012-11-30,2054.47,2103.79,2020.94,2068.52,141576
2012-12-03,2034.83,2060.81,2018.03,2036.94,194461
2012-12-04,2057.77,2094.52,2020.86,2054.13,131114
2012-12-05,2056.9,2084.78,2038.87,2061.62,144875
2012-12-06,2075.04,2111.94,2052.21,2086.93,139700
2012-12-07,2080.07,2099.13,2062.8,2077.0,171927
2012-12-10,2086.09,2122.32,2056.02,2088.65,185804
2012-12-11,2130.84,2156.64,2107.56,2133.32,209144
2012-12-12,2113.7,2153.49,2087.78,2122.58,171573
2012-12-13,2115.71,2148.2,2097.63,2123.36,189424
2012-12-14,2091.18,2112.12,2073.52,2089.47,163231
2012-12-17,2085.97,2104.51,2065.09,2080.11,115306
2012-12-18,2101.32,2116.58,2091.19,2105.36,116827
2012-12-19,2098.04,2110.29,2085.78,2097.05,121168
2012-12-20,2071.78,2083.67,2047.78,2056.91,168306
2012-12-21,2097.08,2130.46,2060.3,2087.22,131732
2012-12-24,2104.81,2141.32,2064.87,2094.86,156981
2012-12-25,2027.91,2060.45,1989.36,2020.84,141624
2012-12-26,2011.83,2024.09,2000.69,2011.64,188105
2012-12-27,1987.51,2017.61,1963.22,1991.61,163505
2012-12-28,1959.84,1979.1,1933.31,1947.6,176454
2012-12-31,1924.45,1952.68,1899.59,1919.51,188417
2013-01-01,1952.07,1958.11,1936.76,1942.09,125570
2013-01-02,1960.35,1974.01,1954.14,1967.24,150657
2013-01-03,1976.76,1999.68,1960.49,1982.38,152513
2013-01-04,1960.23,1983.11,1934.51,1957.27,167389
2013-01-07,1939.33,1958.37,1924.05,1942.47,184072
2013-01-08,1926.66,1957.9,1901.19,1928.2,170472
2013-01-09,1946.27,1966.95,1936.56,1955.45,144751
2013-01-10,1923.93,1946.43,1914.66,1936.91,144042
2013-01-11,2000.59,2032.49,1970.56,1995.51,173534
2013-01-14,1977.8,2002.23,1963.24,1983.64,175239
2013-01-15,1998.76,2024.2,1991.38,2013.71,147680
2013-01-16,2080.38,2098.61,2059.13,2075.95,180070
2013-01-17,2063.11,2081.68,2050.38,2066.59,137047
2013-01-18,2048.88,2065.04,2036.47,2050.25,159672
2013-01-21,2067.89,2072.53,2062.75,2066.26,180331
2013-01-22,2122.63,2131.22,2104.03,2111.81,163482
2013-01-23,2125.14,2142.68,2103.97,2117.45,196483
2013-01-24,2130.93,2136.39,2116.93,2121.25,118196
2013-01-25,2130.5,2135.03,2125.81,2129.32,116172
2013-01-28,2082.36,2112.78,2060.35,2085.61,212883
2013-01-29,2149.8,2171.56,2126.58,2147.26,185807
2013-01-30,2112.13,2147.58,2089.47,2120.02,193346
2013-01-31,2162.08,2198.57,2132.59,2168.37,147892
2013-02-01,2088.42,2101.53,2080.14,2091.64,152540
2013-02-04,2099.64,2129.89,2082.64,2106.64,120077
2013-02-05,2135.95,2150.1,2124.45,2135.71,140407
2013-02-06,2183.74,2198.45,2169.07,2183.18,124375
2013-02-07,2157.5,2167.99,2146.28,2155.6,157692
2013-02-08,2162.55,2205.3,2135.34,2170.43,101004
2013-02-11,2187.12,2209.83,2164.42,2185.67,217154
2013-02-12,2237.06,2269.0,2209.91,2236.02,164963
2013-02-13,2264.63,2282.37,2228.51,2242.26,220231
2013-02-14,2244.88,2256.67,2220.87,2229.9,169676
2013-02-15,2205.76,2213.66,2193.97,2200.48,136399
2013-02-18,2159.16,2179.95,2150.13,2167.79,161613
2013-02-19,2136.33,2144.6,2114.2,2121.67,191604
2013-02-20,2121.03,2156.79,2087.77,2122.39,82519
2013-02-21,2171.12,2190.47,2145.52,2160.45,176414
2013-02-22,2163.95,2190.17,2130.29,2152.11,152873
2013-02-25,2159.82,2183.31,2136.33,2155.11,111526
2013-02-26,2217.0,2236.21,2200.18,2219.03,244305
2013-02-27,2197.71,2229.95,2177.3,2202.39,116931
2013-02-28,2240.12,2265.8,2214.66,2237.22,216437
2013-03-01,2243.05,2269.68,2216.96,2238.55,100783
2013-03-04,2278.64,2295.16,2259.17,2273.23,150271
2013-03-05,2300.39,2346.24,2259.74,2305.3,161217
2013-03-06,2277.15,2283.73,2268.11,2274.05,231663
2013-03-07,2261.16,2294.14,2237.76,2264.97,188029
2013-03-08,2306.29,2347.79,2261.87,2298.94,150468
2013-03-11,2320.6,2346.67,2313.46,2337.22,122335
2013-03-12,2352.19,2367.24,2333.02,2344.55,254748
2013-03-13,2313.7,2318.57,2308.07,2312.0,169594
2013-03-14,2307.83,2326.19,2280.16,2298.13,144569
2013-03-15,2310.66,2346.88,2283.92,2318.2,145858
2013-03-18,2309.2,2333.56,2299.72,2322.81,168561
2013-03-19,2314.75,2344.8,2291.88,2320.38,131895
2013-03-20,2324.03,2355.86,2302.66,2326.08,138713
2013-03-21,2428.02,2464.78,2386.36,2421.43,147925
2013-03-22,2417.7,2455.73,2376.12,2409.37,131947
2013-03-25,2393.72,2417.69,2377.52,2397.99,197410
2013-03-26,2376.58,2387.82,2358.62,2367.43,155022
2013-03-27,2297.75,2332.88,2273.69,2302.5,147339
2013-03-28,2305.6,2332.55,2277.47,2302.42,170159
2013-03-29,2271.67,2298.5,2248.93,2271.67,170560
2013-04-01,2231.5,2269.81,2198.5,2228.51,139326
2013-04-02,2274.44,2304.31,2254.09,2278.43,175839
2013-04-03,2255.96,2292.77,2221.39,2256.74,129998
2013-04-04,2261.93,2282.61,2242.36,2257.09,102709
2013-04-05,2268.04,2303.34,2237.32,2265.39,256157
2013-04-08,2259.86,2285.56,2238.5,2260.61,234911
2013-04-09,2246.33,2273.67,2225.57,2248.23,205153
2013-04-10,2302.0,2329.39,2280.61,2306.92,172815
2013-04-11,2276.64,2313.2,2246.59,2277.85,130858
2013-04-12,2250.42,2276.91,2220.62,2244.33,148538
2013-04-15,2196.9,2216.48,2174.52,2191.38,190827
2013-04-16,2167.97,2188.29,2160.68,2178.46,211661
2013-04-17,2165.11,2196.2,2148.8,2172.87,201895
2013-04-18,2205.41,2228.56,2188.91,2207.39,126424
2013-04-19,2217.3,2253.82,2187.77,2216.25,155886
2013-04-22,2196.61,2221.88,2183.36,2207.14,175207
2013-04-23,2187.24,2230.29,2157.09,2193.79,135494
2013-04-24,2175.17,2198.01,2164.26,2182.8,167363
2013-04-25,2177.48,2203.29,2144.99,2170.07,201056
2013-04-26,2146.68,2159.0,2134.36,2145.59,234146
2013-04-29,2157.07,2189.65,2128.82,2154.22,240475
2013-04-30,2175.41,2219.97,2137.24,2180.99,134617
2013-05-01,2148.98,2170.9,2136.51,2156.34,173185
2013-05-02,2145.5,2173.24,2109.5,2136.62,124771
2013-05-03,2185.06,2204.91,2165.28,2179.15,197102
2013-05-06,2184.04,2214.55,2166.93,2193.41,149064
2013-05-07,2186.36,2213.02,2162.66,2184.71,184094
2013-05-08,2191.38,2218.35,2167.41,2189.71,135837
2013-05-09,2223.75,2239.48,2203.28,2214.76,152697
2013-05-10,2141.31,2162.14,2121.05,2136.15,145516
2013-05-13,2176.02,2185.75,2151.23,2158.66,151741
2013-05-14,2200.89,2218.69,2177.57,2194.44,136179
2013-05-15,2184.95,2195.35,2177.61,2186.29,129210
2013-05-16,2243.14,2259.86,2217.09,2232.75,150028
2013-05-17,2208.53,2240.49,2190.93,2220.82,246332
2013-05-20,2214.15,2219.69,2210.38,2214.58,207279
2013-05-21,2133.55,2146.4,2108.11,2119.92,167623
2013-05-22,2112.01,2121.97,2102.47,2109.57,213221
2013-05-23,2137.63,2155.46,2123.57,2138.83,178576
2013-05-24,2190.71,2208.09,2172.65,2189.33,163842
2013-05-27,2243.63,2263.7,2203.55,2223.33,135755
2013-05-28,2268.73,2275.64,2255.41,2261.99,205389
2013-05-29,2260.75,2289.68,2240.99,2263.62,254615
2013-05-30,2342.25,2357.27,2328.06,2340.8,155687
2013-05-31,2353.33,2387.5,2309.62,2343.11,177823
2013-06-03,2310.58,2323.35,2298.99,2309.84,161455
2013-06-04,2379.36,2416.34,2331.23,2366.01,111639
2013-06-05,2329.27,2364.38,2295.68,2330.14,145871
2013-06-06,2266.83,2281.5,2242.31,2255.33,122777
2013-06-07,2292.08,2317.48,2266.96,2289.21,190201
2013-06-10,2285.85,2326.37,2248.65,2278.94,156897
2013-06-11,2280.05,2305.49,2264.64,2286.65,110676
2013-06-12,2322.42,2339.64,2300.96,2316.23,161304
2013-06-13,2217.93,2234.76,2200.75,2214.47,192562
2013-06-14,2216.77,2225.1,2198.16,2204.77,166545
2013-06-17,2167.9,2205.11,2135.87,2170.35,106341
2013-06-18,2197.6,2221.54,2182.32,2202.92,199017
2013-06-19,2190.32,2206.11,2175.04,2187.66,141398
2013-06-20,2163.33,2184.44,2156.29,2177.31,193952
2013-06-21,2165.86,2196.76,2142.42,2171.54,171309
2013-06-24,2151.83,2187.07,2117.58,2143.62,247135
2013-06-25,2134.72,2162.26,2113.13,2137.37,173552
2013-06-26,2078.25,2098.45,2067.97,2083.74,140593
2013-06-27,2092.75,2125.5,2049.11,2079.54,144406
2013-06-28,2013.82,2060.45,1989.51,2028.27,187245
2013-07-01,2024.89,2057.08,1983.85,2008.75,139388
2013-07-02,2011.55,2044.48,1987.62,2014.88,224406
2013-07-03,1976.31,1998.99,1965.04,1983.89,138829
2013-07-04,1992.92,2003.17,1983.81,1992.65,137664
2013-07-05,1988.59,2009.03,1967.16,1984.99,132628
2013-07-08,1958.05,1971.51,1943.59,1955.3,156120
2013-07-09,1964.07,1992.23,1949.69,1975.33,164889
2013-07-10,1967.29,1996.83,1943.11,1972.51,279495
2013-07-11,1959.62,1995.49,1929.27,1963.97,182495
2013-07-12,2019.48,2030.37,2002.74,2011.98,162605
2013-07-15,2067.96,2085.7,2041.43,2054.45,188122
2013-07-16,2027.62,2046.85,2017.25,2033.95,121275
2013-07-17,2036.5,2070.87,2017.38,2048.37,182397
2013-07-18,2106.52,2132.83,2072.46,2096.87,199919
2013-07-19,2063.29,2092.1,2040.34,2062.73,167843
2013-07-22,2113.18,2143.74,2097.07,2124.51,151914
2013-07-23,2117.41,2124.06,2108.49,2114.55,163599
2013-07-24,2103.35,2140.02,2077.67,2106.16,171524
2013-07-25,2110.6,2136.02,2093.25,2117.25,176488
2013-07-26,2129.89,2163.23,2103.61,2128.64,194561
2013-07-29,2148.95,2176.8,2134.33,2158.05,186678
2013-07-30,2182.27,2192.06,2175.64,2182.83,160343
2013-07-31,2193.02,2199.66,2184.66,2189.6,202233
2013-08-01,2194.77,2214.33,2174.78,2194.13,155036
2013-08-02,2163.59,2182.58,2146.82,2160.71,140122
2013-08-05,2142.13,2171.32,2114.59,2141.5,192429
2013-08-06,2079.12,2102.35,2069.01,2089.31,121803
2013-08-07,2103.39,2118.23,2081.76,2094.46,183049
2013-08-08,2181.99,2212.34,2148.73,2175.88,109029
2013-08-09,2222.29,2253.05,2187.0,2211.64,239096
2013-08-12,2196.97,2227.16,2188.49,2216.11,169509
2013-08-13,2193.95,2232.52,2160.17,2189.21,184316
2013-08-14,2166.78,2193.22,2135.71,2157.89,327251
2013-08-15,2160.89,2173.59,2146.74,2157.62,151244
2013-08-16,2197.41,2225.27,2176.52,2197.46,108256
2013-08-19,2258.11,2293.85,2212.5,2245.47,172116
2013-08-20,2249.25,2276.96,2230.04,2249.65,187743
2013-08-21,2231.22,2259.98,2208.94,2232.53,174349
2013-08-22,2214.63,2238.49,2194.7,2218.14,140054
2013-08-23,2199.83,2215.07,2193.22,2205.97,171574
2013-08-26,2240.14,2262.29,2219.22,2235.93,181332
2013-08-27,2257.81,2298.28,2225.91,2258.5,129397
2013-08-28,2261.54,2296.93,2221.72,2253.62,187955
2013-08-29,2225.33,2243.45,2214.26,2229.8,149761
2013-08-30,2221.1,2228.31,2216.24,2223.32,188856
2013-09-02,2225.73,2233.58,2216.75,2223.21,130774
2013-09-03,2141.34,2184.82,2115.33,2147.59,337635
2013-09-04,2141.07,2148.95,2134.74,2140.44,157708
2013-09-05,2133.78,2154.16,2121.49,2137.49,204954
2013-09-06,2136.98,2159.93,2116.51,2132.7,117138
2013-09-09,2163.32,2167.73,2144.9,2149.23,110929
2013-09-10,2179.38,2187.99,2164.18,2172.55,165436
2013-09-11,2147.56,2179.12,2101.55,2130.2,127154
2013-09-12,2167.26,2195.19,2154.26,2177.11,160566
2013-09-13,2243.27,2266.26,2228.61,2247.21,191664
2013-09-16,2251.54,2284.39,2215.08,2245.58,165442
2013-09-17,2236.54,2251.58,2226.75,2240.16,178764
2013-09-18,2213.95,2221.9,2204.96,2211.72,130972
2013-09-19,2167.46,2195.98,2138.56,2166.48,163127
2013-09-20,2142.67,2182.36,2120.19,2152.2,164814
2013-09-23,2141.52,2171.92,2105.17,2134.97,226992
2013-09-24,2149.19,2172.16,2134.01,2153.93,131511
2013-09-25,2150.45,2186.58,2117.22,2149.69,155407
2013-09-26,2169.97,2181.13,2162.51,2171.42,130582
2013-09-27,2195.03,2225.3,2176.79,2204.26,119170
2013-09-30,2166.66,2179.42,2153.33,2164.65,171403
2013-10-01,2116.99,2130.78,2107.28,2120.52,191446
2013-10-02,2110.72,2135.68,2078.68,2097.33,138741
2013-10-03,2070.31,2104.26,2031.92,2063.42,177941
2013-10-04,2009.75,2039.93,1987.03,2009.25,131537
2013-10-07,2015.84,2041.22,1987.7,2011.69,147474
2013-10-08,1933.74,1965.27,1924.43,1953.21,207811
2013-10-09,1947.44,1979.1,1927.58,1952.75,223553
2013-10-10,1940.7,1967.27,1922.42,1945.11,136118
2013-10-11,1993.34,2003.19,1985.31,1994.15,160648
2013-10-14,1915.33,1932.47,1907.64,1923.85,193172
2013-10-15,1920.6,1950.52,1899.02,1924.81,183892
2013-10-16,1878.17,1896.44,1865.48,1881.84,122038
2013-10-17,1858.36,1868.97,1849.67,1859.89,158858
2013-10-18,1843.59,1877.46,1815.55,1845.07,238336
2013-10-21,1851.66,1867.46,1831.76,1846.4,178527
2013-10-22,1867.31,1882.54,1844.79,1858.45,137479
2013-10-23,1868.85,1906.92,1848.14,1879.14,217264
2013-10-24,1903.24,1924.04,1877.71,1893.2,123415
2013-10-25,1928.86,1936.54,1908.0,1913.9,208908
2013-10-28,1903.46,1919.07,1885.86,1900.3,166351
2013-10-29,1902.83,1930.61,1886.29,1912.3,163158
2013-10-30,1911.89,1921.06,1891.69,1899.14,180829
2013-10-31,1923.28,1949.6,1883.43,1907.94,188148
2013-11-01,1849.01,1869.19,1828.74,1844.6,197698
2013-11-04,1812.4,1825.41,1803.1,1813.74,113499
2013-11-05,1831.74,1851.36,1805.98,1824.91,211679
2013-11-06,1851.97,1872.33,1841.87,1858.83,152068
2013-11-07,1880.83,1910.7,1861.57,1886.27,125172
2013-11-08,1870.85,1909.37,1844.94,1879.83,131635
2013-11-11,1910.15,1941.06,1889.82,1915.82,133670
2013-11-12,1926.24,1945.18,1900.7,1915.78,184629
2013-11-13,1887.38,1910.68,1866.66,1888.64,139278
2013-11-14,1905.44,1929.98,1883.04,1902.35,140884
2013-11-15,1924.59,1956.08,1893.93,1923.35,158824
2013-11-18,1870.86,1885.0,1866.64,1879.95,206808
2013-11-19,1870.76,1882.85,1852.76,1863.44,167428
2013-11-20,1899.52,1937.4,1868.68,1905.64,164554
2013-11-21,1930.07,1943.85,1911.43,1922.34,189078
2013-11-22,1913.2,1943.47,1885.86,1914.77,136787
2013-11-25,1880.1,1904.05,1864.29,1882.1,210947
2013-11-26,1878.98,1893.99,1854.56,1866.36,158532
2013-11-27,1952.23,1983.07,1930.74,1953.54,178208
2013-11-28,1987.34,2002.63,1953.78,1968.7,175507
2013-11-29,1977.18,1981.16,1965.27,1968.96,109651
2013-12-02,1970.16,1995.82,1941.38,1960.85,157270
2013-12-03,1980.12,2002.66,1948.26,1969.22,285080
2013-12-04,1937.88,1958.95,1917.98,1934.24,149350
2013-12-05,1872.23,1902.2,1825.6,1851.02,171044
2013-12-06,1857.57,1883.18,1834.26,1858.42,125254
2013-12-09,1868.77,1895.46,1843.31,1868.91,171579
2013-12-10,1812.04,1837.86,1805.33,1830.07,176866
2013-12-11,1788.44,1818.57,1779.79,1807.0,162297
2013-12-12,1781.71,1813.27,1762.05,1786.1,224833
2013-12-13,1790.87,1797.12,1772.76,1778.35,174787
2013-12-16,1785.5,1811.15,1754.33,1779.01,204887
2013-12-17,1728.3,1749.17,1703.62,1722.02,173845
2013-12-18,1699.53,1714.02,1690.59,1704.42,112024
2013-12-19,1716.39,1727.05,1699.56,1709.4,159053
2013-12-20,1699.58,1713.75,1681.0,1694.3,236327
2013-12-23,1699.11,1717.44,1676.65,1691.69,164346
2013-12-24,1648.96,1686.53,1623.43,1660.05,150496
2013-12-25,1619.27,1643.41,1607.28,1627.82,215666
2013-12-26,1644.47,1648.83,1639.65,1642.9,162669
2013-12-27,1571.5,1588.67,1559.65,1573.32,228322
2013-12-30,1572.06,1590.65,1557.34,1572.14,137241
2013-12-31,1555.58,1573.42,1543.1,1559.84,135256
2014-01-01,1545.23,1568.82,1520.27,1541.2,145152
2014-01-02,1518.27,1534.33,1512.76,1528.11,231322
2014-01-03,1525.36,1533.38,1518.09,1525.18,135334
2014-01-06,1548.21,1556.33,1537.16,1543.85,161281
2014-01-07,1543.46,1574.64,1519.75,1549.62,222065
2014-01-08,1558.89,1569.37,1552.63,1561.57,171740
2014-01-09,1540.55,1569.22,1515.58,1542.31,144748
2014-01-10,1532.66,1547.87,1515.03,1529.21,200237
2014-01-13,1484.14,1504.1,1476.5,1495.96,171043
2014-01-14,1509.18,1523.69,1492.2,1506.41,127279
2014-01-15,1510.45,1522.65,1501.21,1510.16,193024
2014-01-16,1501.62,1510.15,1493.94,1500.27,122006
2014-01-17,1518.72,1524.58,1512.79,1518.07,172907
2014-01-20,1507.44,1533.07,1490.06,1512.7,165741
2014-01-21,1534.06,1537.59,1529.19,1532.18,131212
2014-01-22,1561.38,1568.03,1557.59,1563.6,159074
2014-01-23,1549.29,1576.16,1526.71,1552.08,199458
2014-01-24,1542.96,1570.19,1526.19,1546.78,143987
2014-01-27,1534.12,1544.26,1527.49,1537.3,247100
2014-01-28,1553.54,1571.13,1534.58,1546.89,153338
2014-01-29,1551.06,1578.9,1525.79,1548.95,126872
2014-01-30,1525.34,1543.55,1516.01,1532.74,86938
2014-01-31,1528.88,1539.89,1520.74,1531.37,186087
2014-02-03,1552.64,1569.24,1542.91,1558.13,196646
2014-02-04,1559.38,1575.61,1545.25,1557.02,210120
2014-02-05,1547.66,1573.55,1530.55,1552.21,149278
2014-02-06,1544.8,1556.39,1541.47,1552.38,243329
2014-02-07,1560.9,1573.45,1549.35,1561.69,163562
2014-02-10,1576.65,1586.74,1563.35,1570.58,174779
2014-02-11,1557.42,1567.63,1549.36,1559.24,155966
2014-02-12,1576.81,1589.59,1561.48,1573.01,190333
2014-02-13,1599.89,1619.13,1584.22,1598.84,122156
2014-02-14,1609.92,1622.19,1599.18,1610.17,180521
2014-02-17,1627.78,1649.59,1603.05,1622.06,178401
2014-02-18,1631.64,1646.83,1624.18,1636.3,162111
2014-02-19,1626.37,1636.01,1613.93,1622.44,131117
2014-02-20,1627.59,1650.67,1603.65,1625.15,155386
2014-02-21,1610.01,1628.34,1585.18,1601.31,151607
2014-02-24,1605.15,1626.34,1589.47,1606.86,138754
2014-02-25,1620.42,1635.21,1600.25,1614.13,171461
2014-02-26,1606.11,1609.6,1602.59,1606.02,102316
2014-02-27,1624.2,1643.56,1609.02,1625.69,179309
2014-02-28,1630.65,1635.7,1626.21,1629.93,136467
2014-03-03,1617.07,1627.1,1609.64,1618.09,113767
2014-03-04,1620.79,1630.47,1612.42,1619.46,173685
2014-03-05,1587.1,1601.52,1569.15,1580.75,169712
2014-03-06,1572.96,1599.41,1545.38,1568.34,187448
2014-03-07,1557.08,1572.67,1543.89,1558.73,117365
2014-03-10,1559.19,1576.8,1540.51,1557.87,136162
2014-03-11,1530.56,1552.83,1509.75,1528.36,182794
2014-03-12,1539.5,1547.56,1529.21,1535.54,132760
2014-03-13,1539.08,1552.26,1529.55,1540.81,187950
2014-03-14,1535.04,1551.5,1521.69,1534.05,192365
2014-03-17,1558.63,1585.43,1537.78,1562.2,181259
2014-03-18,1561.33,1574.75,1552.47,1563.06,167741
2014-03-19,1556.22,1579.26,1543.27,1562.4,146348
2014-03-20,1571.56,1602.66,1550.52,1578.76,131222
2014-03-21,1598.93,1619.08,1577.21,1596.15,181673
2014-03-24,1597.39,1609.96,1578.65,1590.32,141810
2014-03-25,1605.29,1611.55,1601.91,1607.84,233158
2014-03-26,1612.26,1638.36,1589.24,1613.68,158091
2014-03-27,1603.45,1619.64,1595.57,1608.75,177509
2014-03-28,1591.74,1601.93,1577.21,1585.27,192608
2014-03-31,1597.1,1608.36,1587.67,1597.76,126754
2014-04-01,1597.46,1601.25,1590.85,1593.91,202069
2014-04-02,1584.92,1588.38,1579.93,1582.77,112455
2014-04-03,1567.37,1589.22,1554.11,1572.98,229768
2014-04-04,1579.46,1586.3,1573.42,1580.02,169161
2014-04-07,1564.71,1577.64,1556.78,1566.95,201718
2014-04-08,1571.76,1598.25,1553.63,1577.05,148554
2014-04-09,1542.85,1565.38,1526.7,1543.38,198611
2014-04-10,1533.77,1552.5,1512.42,1529.4,111471
2014-04-11,1552.26,1577.59,1528.91,1551.4,139626
2014-04-14,1540.53,1560.85,1522.45,1537.97,134447
2014-04-15,1523.49,1527.32,1516.41,1519.7,135806
2014-04-16,1529.37,1549.85,1510.9,1530.85,200708
2014-04-17,1497.71,1512.64,1490.45,1503.48,159877
2014-04-18,1503.54,1516.83,1494.15,1505.58,152579
2014-04-21,1517.28,1536.9,1500.82,1519.76,174938
2014-04-22,1537.32,1549.83,1518.59,1529.67,150215
2014-04-23,1522.07,1555.07,1498.66,1527.88,175674
2014-04-24,1554.95,1572.8,1542.17,1556.83,165439
2014-04-25,1559.92,1570.59,1548.07,1558.45,174318
2014-04-28,1572.62,1582.84,1557.44,1567.29,162705
2014-04-29,1562.83,1579.36,1544.42,1558.61,175421
2014-04-30,1542.77,1555.35,1531.44,1540.65,126156
2014-05-01,1564.05,1586.81,1536.8,1556.68,151498
2014-05-02,1551.32,1573.58,1532.45,1553.31,125126
2014-05-05,1549.63,1556.39,1542.68,1547.53,211373
2014-05-06,1525.24,1544.92,1506.18,1522.33,113650
2014-05-07,1506.23,1530.06,1483.4,1506.72,165767
2014-05-08,1508.61,1522.81,1489.17,1501.95,167022
2014-05-09,1496.81,1507.23,1489.04,1497.33,271598
2014-05-12,1490.96,1499.19,1485.83,1492.53,162610
2014-05-13,1501.25,1521.49,1495.55,1513.59,152083
2014-05-14,1504.24,1524.82,1492.39,1508.01,139717
2014-05-15,1520.17,1530.44,1507.12,1515.0,166163
2014-05-16,1515.59,1532.77,1502.44,1514.57,172171
2014-05-19,1524.72,1532.74,1517.7,1524.21,238292
2014-05-20,1537.75,1558.43,1516.94,1533.53,189417
2014-05-21,1529.32,1544.4,1520.69,1533.09,251512
2014-05-22,1535.29,1546.86,1524.76,1535.97,222441
2014-05-23,1554.08,1575.03,1527.28,1542.79,153216
2014-05-26,1524.31,1534.33,1518.67,1526.3,209937
2014-05-27,1556.6,1572.93,1546.31,1560.4,170919
2014-05-28,1577.12,1602.36,1563.57,1585.05,190070
2014-05-29,1577.95,1587.21,1562.8,1570.14,137510
2014-05-30,1563.93,1585.33,1542.67,1559.28,100765
2014-06-02,1586.89,1593.41,1581.13,1586.09,214494
2014-06-03,1596.71,1610.99,1586.83,1598.91,156819
2014-06-04,1605.82,1626.57,1597.85,1615.74,158773
2014-06-05,1608.55,1627.83,1585.45,1604.12,166493
2014-06-06,1625.08,1633.42,1615.67,1623.44,263069
2014-06-09,1638.34,1666.27,1621.69,1642.87,167778
2014-06-10,1657.21,1685.62,1623.01,1650.8,144320
2014-06-11,1626.69,1647.62,1607.81,1628.06,118642
2014-06-12,1613.43,1633.62,1600.04,1617.18,185490
2014-06-13,1616.94,1629.97,1609.27,1621.34,172366
2014-06-16,1638.43,1656.63,1622.93,1640.43,220164
2014-06-17,1638.54,1651.98,1629.46,1639.62,184547
2014-06-18,1638.66,1663.02,1615.4,1637.17,142599
2014-06-19,1635.33,1661.69,1611.91,1633.08,125184
2014-06-20,1620.11,1643.86,1599.75,1619.68,147180
2014-06-23,1610.38,1616.12,1605.98,1610.16,98584
2014-06-24,1611.53,1615.94,1608.52,1612.53,120276
2014-06-25,1611.31,1633.09,1592.15,1608.33,157484
2014-06-26,1600.81,1620.9,1582.62,1602.33,214542
2014-06-27,1615.95,1636.95,1599.55,1619.26,163617
2014-06-30,1617.44,1644.07,1598.94,1621.27,117126
2014-07-01,1607.88,1630.64,1584.61,1606.4,146163
2014-07-02,1596.91,1605.13,1592.12,1599.75,179732
2014-07-03,1630.04,1653.79,1614.23,1634.46,132927
2014-07-04,1634.33,1656.06,1621.09,1641.8,109275
2014-07-07,1629.88,1657.75,1612.41,1632.81,199425
2014-07-08,1611.99,1627.55,1600.11,1615.14,132520
2014-07-09,1610.18,1637.88,1585.54,1609.58,214132
2014-07-10,1584.24,1601.34,1572.44,1588.07,155978
2014-07-11,1598.25,1623.11,1573.92,1597.2,126191
2014-07-14,1593.33,1604.77,1585.08,1594.58,170231
2014-07-15,1607.71,1611.99,1593.8,1597.21,143580
2014-07-16,1604.84,1608.74,1596.18,1599.85,179103
2014-07-17,1599.28,1624.85,1583.62,1603.66,140602
2014-07-18,1601.72,1605.55,1595.23,1597.98,204772
2014-07-21,1600.68,1630.11,1577.04,1601.87,165701
2014-07-22,1608.87,1618.23,1600.95,1609.83,153824
2014-07-23,1585.03,1613.56,1562.84,1590.21,148807
2014-07-24,1568.12,1593.43,1546.92,1569.62,131790
2014-07-25,1556.91,1566.53,1553.6,1561.87,171817
2014-07-28,1586.51,1591.11,1580.19,1584.57,175879
2014-07-29,1588.38,1599.03,1578.27,1587.04,151828
2014-07-30,1569.4,1600.4,1543.39,1573.11,178335
2014-07-31,1616.46,1640.33,1596.02,1613.99,203497
2014-08-01,1627.19,1634.55,1615.91,1622.12,127022
2014-08-04,1604.24,1621.87,1596.05,1611.9,171371
2014-08-05,1622.41,1645.83,1596.4,1619.6,175532
2014-08-06,1595.94,1609.48,1588.28,1601.75,157240
2014-08-07,1607.55,1622.26,1593.55,1605.13,157588
2014-08-08,1610.38,1629.24,1597.15,1615.47,177202
2014-08-11,1608.73,1618.0,1605.58,1614.14,199610
2014-08-12,1627.84,1644.92,1613.54,1628.98,129638
2014-08-13,1608.12,1624.48,1591.99,1605.27,154752
2014-08-14,1613.43,1642.46,1596.35,1619.22,152998
2014-08-15,1615.32,1633.59,1604.26,1619.67,169542
2014-08-18,1634.43,1642.56,1622.41,1629.63,96761
2014-08-19,1634.34,1644.56,1620.68,1628.74,160903
2014-08-20,1634.57,1644.7,1624.76,1633.27,184319
2014-08-21,1628.78,1646.58,1612.04,1626.08,194115
2014-08-22,1628.88,1636.0,1616.79,1623.38,227304
2014-08-25,1620.77,1641.67,1600.38,1619.05,159035
2014-08-26,1617.05,1637.56,1600.91,1619.97,178255
2014-08-27,1609.63,1622.74,1600.07,1613.15,158092
2014-08-28,1603.13,1611.46,1596.62,1604.38,236468
2014-08-29,1619.21,1629.75,1610.7,1620.81,188436
2014-09-01,1645.03,1657.77,1632.14,1644.68,189448
2014-09-02,1656.76,1677.26,1635.97,1650.96,191434
2014-09-03,1662.03,1673.79,1647.17,1657.64,173892
2014-09-04,1669.24,1691.88,1643.89,1666.33,170496
2014-09-05,1634.06,1669.28,1608.81,1641.35,131378
2014-09-08,1684.48,1690.11,1678.54,1684.02,165481
2014-09-09,1679.34,1695.31,1663.28,1678.9,131320
2014-09-10,1661.05,1686.53,1633.05,1656.61,207424
2014-09-11,1652.85,1667.6,1638.1,1650.05,140044
2014-09-12,1655.44,1661.19,1651.44,1657.13,200469
2014-09-15,1653.78,1678.99,1631.32,1649.56,174810
2014-09-16,1644.66,1667.37,1626.1,1645.75,151566
2014-09-17,1620.61,1633.78,1614.49,1625.09,244964
2014-09-18,1622.54,1628.59,1611.67,1616.37,96510
2014-09-19,1611.53,1627.3,1598.62,1612.46,168785
2014-09-22,1625.55,1632.11,1618.3,1623.46,124126
2014-09-23,1623.86,1652.56,1590.62,1615.45,151786
2014-09-24,1615.72,1633.07,1604.51,1618.41,165517
2014-09-25,1618.7,1629.68,1607.09,1616.75,113916
2014-09-26,1620.02,1647.62,1587.89,1615.27,183675
2014-09-29,1639.58,1662.76,1622.0,1641.89,140948
2014-09-30,1652.15,1670.6,1633.38,1648.48,172272
2014-10-01,1656.91,1683.49,1625.6,1645.24,141949
2014-10-02,1636.58,1646.23,1632.54,1642.05,171349
2014-10-03,1611.8,1617.72,1606.85,1611.31,146314
2014-10-06,1626.28,1654.22,1603.4,1624.64,157346
2014-10-07,1625.66,1645.92,1607.17,1621.52,149463
2014-10-08,1616.22,1621.16,1612.21,1616.62,122058
2014-10-09,1618.98,1648.35,1595.48,1620.42,142968
2014-10-10,1632.06,1644.64,1618.31,1627.6,141022
2014-10-13,1643.1,1669.22,1620.52,1642.66,131934
2014-10-14,1636.05,1662.67,1617.19,1640.82,216562
2014-10-15,1633.39,1661.66,1608.11,1635.78,169693
2014-10-16,1643.55,1668.29,1626.54,1648.84,147737
2014-10-17,1673.99,1691.46,1658.99,1673.73,124994
2014-10-20,1645.98,1675.75,1619.0,1647.57,167755
2014-10-21,1657.94,1689.51,1632.36,1660.5,219028
2014-10-22,1694.53,1720.1,1660.5,1684.15,154602
2014-10-23,1665.92,1693.75,1647.77,1668.56,167858
2014-10-24,1651.55,1680.05,1623.93,1651.12,186727
2014-10-27,1651.59,1672.27,1632.62,1652.13,174798
2014-10-28,1633.69,1642.33,1627.86,1635.06,181562
2014-10-29,1618.64,1635.17,1597.45,1611.01,116980
2014-10-30,1602.17,1631.18,1580.28,1608.47,187501
2014-10-31,1600.21,1615.0,1570.16,1584.51,188909
2014-11-03,1598.03,1605.75,1584.92,1591.48,242971
2014-11-04,1595.65,1617.99,1587.09,1608.7,206828
2014-11-05,1605.29,1623.46,1591.05,1606.51,204598
2014-11-06,1601.82,1625.17,1586.75,1606.38,165813
2014-11-07,1587.12,1603.23,1571.05,1584.2,154816
2014-11-10,1573.44,1606.68,1550.97,1582.7,136919
2014-11-11,1586.93,1618.04,1566.23,1592.71,120414
2014-11-12,1583.92,1587.52,1581.08,1583.96,127440
2014-11-13,1601.46,1612.93,1586.62,1597.95,187075
2014-11-14,1572.49,1592.56,1563.74,1580.83,135085
2014-11-17,1563.08,1583.86,1535.64,1556.26,133525
2014-11-18,1546.2,1573.35,1525.21,1544.77,168190
2014-11-19,1551.84,1583.05,1532.86,1555.95,132523
2014-11-20,1532.18,1540.73,1528.91,1537.36,137902
2014-11-21,1533.69,1551.57,1511.32,1528.78,184399
2014-11-24,1524.24,1540.2,1516.2,1531.79,148668
2014-11-25,1530.08,1535.77,1512.13,1517.69,118962
2014-11-26,1500.45,1523.63,1489.14,1511.14,134765
2014-11-27,1525.91,1553.15,1499.49,1524.3,187883
2014-11-28,1515.03,1531.08,1493.17,1507.99,203606
2014-12-01,1510.63,1522.08,1500.67,1511.49,146042
2014-12-02,1524.54,1535.22,1513.71,1522.09,120352
2014-12-03,1546.97,1570.58,1530.22,1550.19,136508
2014-12-04,1537.53,1545.13,1534.58,1541.29,187405
2014-12-05,1535.46,1541.29,1525.87,1530.49,127871
2014-12-08,1545.3,1567.46,1521.01,1542.92,230693
2014-12-09,1546.24,1556.32,1536.38,1543.82,201617
2014-12-10,1545.01,1565.36,1528.53,1543.01,124033
2014-12-11,1531.58,1554.08,1508.3,1529.76,94112
2014-12-12,1535.19,1542.93,1528.04,1533.76,153420
2014-12-15,1507.64,1531.59,1481.42,1503.54,158481
2014-12-16,1494.28,1522.87,1473.79,1498.61,177788
2014-12-17,1512.73,1518.09,1508.6,1513.04,162910
2014-12-18,1532.87,1540.89,1523.82,1529.72,154957
2014-12-19,1549.35,1570.87,1528.47,1546.99,168342
2014-12-22,1551.9,1575.16,1535.22,1557.4,198325
2014-12-23,1568.05,1575.09,1557.96,1563.74,159459
2014-12-24,1565.47,1590.27,1539.19,1559.64,124855
2014-12-25,1561.51,1577.79,1548.28,1561.08,131260
2014-12-26,1532.28,1552.95,1521.89,1540.37,197663
2014-12-29,1562.1,1575.04,1552.52,1563.28,228226
2014-12-30,1566.02,1589.79,1549.89,1567.87,150547
2014-12-31,1532.58,1553.02,1513.01,1532.31,172542
2015-01-01,1522.39,1545.38,1503.61,1523.93,179036
2015-01-02,1531.39,1546.43,1521.49,1534.82,137618
2015-01-05,1557.61,1578.91,1534.42,1555.39,194565
2015-01-06,1549.7,1572.08,1538.04,1558.18,188157
2015-01-07,1567.36,1577.33,1560.05,1569.51,137678
2015-01-08,1579.96,1593.64,1572.45,1584.46,215101
2015-01-09,1572.31,1599.76,1556.1,1577.88,170715
2015-01-12,1608.21,1626.9,1589.03,1603.16,131664
2015-01-13,1597.16,1612.3,1587.04,1598.09,197615
2015-01-14,1602.26,1625.25,1585.68,1606.81,194070
2015-01-15,1582.65,1604.1,1569.63,1590.41,125575
2015-01-16,1571.51,1590.54,1551.76,1565.11,152392
2015-01-19,1554.58,1581.34,1521.25,1546.98,181130
2015-01-20,1531.06,1534.25,1528.33,1530.8,123903
2015-01-21,1528.91,1546.19,1509.77,1526.46,191886
2015-01-22,1525.21,1549.39,1504.31,1526.94,197351
2015-01-23,1509.38,1530.05,1489.26,1509.58,188126
2015-01-26,1512.98,1530.06,1498.18,1514.21,226188
2015-01-27,1526.43,1530.32,1519.56,1522.78,199554
2015-01-28,1534.45,1547.56,1516.99,1527.09,136422
2015-01-29,1526.82,1533.27,1523.99,1529.62,195893
2015-01-30,1538.91,1547.7,1536.19,1544.23,169005
2015-02-02,1544.84,1561.96,1539.26,1555.07,130218
2015-02-03,1530.62,1553.66,1518.43,1536.18,122862
2015-02-04,1511.5,1531.23,1499.77,1517.81,201107
2015-02-05,1536.38,1551.02,1524.4,1537.99,187888
2015-02-06,1549.09,1562.5,1528.04,1541.19,147040
2015-02-09,1546.39,1566.22,1521.13,1540.11,185376
2015-02-10,1540.15,1561.0,1516.83,1533.01,231176
2015-02-11,1540.23,1570.75,1518.38,1543.27,166400
2015-02-12,1536.56,1558.55,1518.74,1537.74,188548
2015-02-13,1553.61,1578.14,1533.91,1552.73,142570
2015-02-16,1556.64,1566.16,1547.91,1556.51,222677
2015-02-17,1548.87,1574.79,1533.12,1553.3,207823
2015-02-18,1543.41,1560.41,1528.68,1544.52,133046
2015-02-19,1540.58,1562.77,1517.05,1538.97,144158
2015-02-20,1567.98,1591.09,1547.05,1563.19,185085
2015-02-23,1538.91,1550.28,1532.31,1541.27,109363
2015-02-24,1520.47,1541.06,1505.1,1523.19,165309
2015-02-25,1510.52,1536.4,1495.09,1517.11,186667
2015-02-26,1496.62,1508.39,1485.28,1495.56,169539
2015-02-27,1519.96,1535.69,1495.14,1509.71,181565
2015-03-02,1506.07,1531.97,1476.61,1502.13,102751
2015-03-03,1522.03,1549.01,1489.46,1515.63,124134
2015-03-04,1519.53,1527.79,1505.15,1512.95,204758
2015-03-05,1506.82,1515.89,1499.91,1508.5,177675
2015-03-06,1520.89,1541.06,1495.69,1511.68,186035
2015-03-09,1486.19,1505.56,1472.31,1486.65,182334
2015-03-10,1497.01,1525.28,1478.14,1500.54,158870
2015-03-11,1473.29,1500.77,1455.95,1479.49,156763
2015-03-12,1489.86,1502.44,1485.94,1498.18,203630
2015-03-13,1517.96,1523.43,1510.01,1514.97,188437
2015-03-16,1501.61,1509.69,1492.86,1500.9,121249
2015-03-17,1533.0,1552.31,1503.35,1521.39,108053
2015-03-18,1495.05,1503.45,1489.09,1495.79,206574
2015-03-19,1500.51,1529.21,1478.4,1506.41,181401
2015-03-20,1506.34,1528.86,1486.45,1508.33,164758
2015-03-23,1516.64,1541.27,1500.15,1520.36,141195
2015-03-24,1524.64,1545.34,1505.57,1521.09,196116
2015-03-25,1495.24,1530.11,1469.98,1503.33,138603
2015-03-26,1519.48,1545.09,1489.03,1512.03,188015
2015-03-27,1501.07,1504.35,1497.27,1499.82,110836
2015-03-30,1500.39,1508.0,1488.19,1495.28,265217
2015-03-31,1486.62,1507.82,1466.99,1486.72,144537
2015-04-01,1486.45,1508.6,1465.69,1484.15,88313
2015-04-02,1459.29,1494.14,1437.53,1468.87,203565
2015-04-03,1457.54,1464.48,1451.48,1458.2,140346
2015-04-06,1459.33,1473.26,1451.28,1461.99,160457
2015-04-07,1475.1,1482.22,1469.6,1474.9,184926
2015-04-08,1453.9,1468.86,1446.89,1459.63,173334
2015-04-09,1471.26,1477.23,1468.37,1473.93,198076
2015-04-10,1464.46,1480.52,1458.55,1474.31,124665
2015-04-13,1460.73,1474.04,1454.63,1465.75,180958
2015-04-14,1447.52,1466.14,1435.9,1451.49,182878
2015-04-15,1449.72,1467.6,1436.19,1450.86,207982
2015-04-16,1473.64,1494.84,1452.58,1473.09,223390
2015-04-17,1473.34,1481.59,1461.58,1468.75,229304
2015-04-20,1477.45,1488.59,1464.98,1473.81,180404
2015-04-21,1470.55,1474.4,1464.19,1467.56,293531
2015-04-22,1456.39,1482.9,1435.76,1458.67,211307
2015-04-23,1448.14,1476.74,1423.77,1451.09,154842
2015-04-24,1454.74,1476.32,1435.05,1452.48,220574
2015-04-27,1455.65,1468.65,1445.6,1454.81,125216
2015-04-28,1460.33,1482.33,1436.02,1456.32,153630
2015-04-29,1451.46,1456.74,1446.31,1451.08,181516
2015-04-30,1447.31,1466.83,1432.69,1448.51,151727
2015-05-01,1436.91,1453.99,1424.35,1440.27,113692
2015-05-04,1434.28,1437.62,1429.45,1432.75,128011
2015-05-05,1416.9,1428.93,1411.04,1420.57,143066
2015-05-06,1415.8,1428.93,1405.87,1417.34,164585
2015-05-07,1403.74,1412.28,1400.63,1407.82,122297
2015-05-08,1408.26,1419.99,1400.18,1410.78,185162
2015-05-11,1410.15,1434.35,1392.18,1409.23,154058
2015-05-12,1395.47,1425.41,1378.8,1405.4,146123
2015-05-13,1401.88,1416.79,1383.68,1397.21,269110
2015-05-14,1388.76,1400.16,1382.53,1392.96,269008
2015-05-15,1382.53,1397.69,1368.18,1380.16,221258
2015-05-18,1374.58,1390.44,1362.34,1377.22,198333
2015-05-19,1376.33,1399.72,1354.36,1375.64,136295
2015-05-20,1375.22,1380.75,1371.11,1375.42,165025
2015-05-21,1354.51,1368.29,1341.26,1351.02,182054
2015-05-22,1335.37,1354.81,1318.25,1333.0,169552
2015-05-25,1354.56,1363.79,1345.05,1353.66,139985
2015-05-26,1344.8,1371.6,1326.04,1350.5,196828
2015-05-27,1342.49,1372.02,1319.31,1348.12,188119
2015-05-28,1352.6,1375.95,1338.8,1357.8,101328
2015-05-29,1348.47,1370.05,1330.79,1347.22,202751
2015-06-01,1322.34,1334.77,1317.41,1329.1,167436
2015-06-02,1341.94,1354.47,1329.33,1338.33,164189
2015-06-03,1342.83,1353.82,1331.14,1339.63,146532
2015-06-04,1340.9,1350.36,1331.07,1340.12,214601
2015-06-05,1352.71,1374.12,1335.77,1355.91,143709
2015-06-08,1353.98,1364.43,1349.72,1358.56,102911
2015-06-09,1364.55,1389.09,1345.06,1367.36,222087
2015-06-10,1345.88,1368.42,1326.98,1348.72,159086
2015-06-11,1329.95,1342.5,1323.57,1334.44,134042
2015-06-12,1317.23,1326.95,1311.53,1320.5,117552
2015-06-15,1324.95,1339.71,1306.95,1320.58,128088
2015-06-16,1316.77,1320.83,1309.88,1313.93,120760
2015-06-17,1327.11,1330.94,1324.77,1327.6,158562
2015-06-18,1339.91,1350.16,1331.32,1339.35,167043
2015-06-19,1333.75,1338.63,1328.58,1332.88,171963
2015-06-22,1322.99,1338.11,1308.65,1322.74,121630
2015-06-23,1314.12,1329.43,1303.17,1316.22,214147
2015-06-24,1318.83,1333.43,1306.36,1317.61,141524
2015-06-25,1307.0,1325.77,1295.49,1311.46,178676
2015-06-26,1309.45,1328.58,1291.31,1308.84,115901
2015-06-29,1299.71,1316.35,1289.93,1303.76,161573
2015-06-30,1307.4,1318.61,1303.19,1313.28,131886
2015-07-01,1312.17,1319.16,1308.8,1315.58,157046
2015-07-02,1321.28,1332.98,1306.96,1317.76,188726
2015-07-03,1315.61,1328.99,1305.28,1315.88,155020
2015-07-06,1320.63,1333.82,1307.22,1316.65,163567
2015-07-07,1323.35,1328.69,1321.33,1326.03,185784
2015-07-08,1318.52,1334.28,1296.05,1310.57,230846
2015-07-09,1309.57,1314.15,1304.95,1308.46,129549
2015-07-10,1295.15,1299.85,1292.47,1296.55,145004
2015-07-13,1292.24,1308.11,1283.67,1299.47,137464
2015-07-14,1295.0,1317.22,1281.04,1301.45,178840
2015-07-15,1300.45,1310.89,1285.76,1295.99,170299
2015-07-16,1298.64,1314.05,1282.23,1297.25,216942
2015-07-17,1290.22,1305.39,1280.96,1293.28,136890
2015-07-20,1268.95,1271.82,1265.33,1267.62,171226
2015-07-21,1271.94,1291.17,1248.22,1265.61,127361
2015-07-22,1269.81,1275.64,1263.63,1269.31,177059
2015-07-23,1259.85,1282.08,1247.28,1267.88,169505
2015-07-24,1267.69,1275.09,1254.91,1262.27,148617
2015-07-27,1287.64,1296.63,1279.21,1287.07,256363
2015-07-28,1275.83,1283.58,1269.75,1276.4,143162
2015-07-29,1289.55,1300.58,1282.31,1291.2,143153
2015-07-30,1260.0,1278.31,1249.95,1266.03,166013
2015-07-31,1277.96,1290.06,1263.07,1274.41,218402
2015-08-03,1284.88,1307.73,1258.98,1279.94,159916
2015-08-04,1292.98,1301.15,1282.04,1289.74,189884
2015-08-05,1292.11,1302.11,1281.92,1290.2,157743
2015-08-06,1296.57,1303.96,1285.65,1292.95,243576
2015-08-07,1283.39,1302.21,1268.67,1286.72,164455
2015-08-10,1310.22,1323.21,1295.21,1304.41,149998
2015-08-11,1294.99,1314.62,1279.48,1294.74,157593
2015-08-12,1309.11,1325.82,1292.17,1307.05,204129
2015-08-13,1319.93,1328.97,1317.02,1325.9,136323
2015-08-14,1358.83,1361.93,1349.5,1352.12,144561
2015-08-17,1328.09,1339.93,1320.11,1329.78,122034
2015-08-18,1325.31,1349.4,1310.67,1329.66,149488
2015-08-19,1363.15,1385.25,1342.78,1363.83,158416
2015-08-20,1360.54,1374.82,1346.27,1360.33,163397
2015-08-21,1351.72,1371.28,1341.79,1357.99,156428
2015-08-24,1367.63,1394.23,1348.72,1371.85,148077
2015-08-25,1407.49,1423.15,1387.43,1402.69,121679
2015-08-26,1401.97,1427.17,1383.46,1402.89,155906
2015-08-27,1412.63,1435.86,1386.77,1407.25,155986
2015-08-28,1422.14,1436.49,1410.54,1421.63,134398
2015-08-31,1427.44,1434.23,1424.91,1430.73,195764
2015-09-01,1454.37,1466.35,1447.36,1459.26,134554
2015-09-02,1445.44,1459.41,1425.84,1439.67,127982
2015-09-03,1432.75,1454.78,1413.56,1434.48,210083
2015-09-04,1453.97,1478.69,1435.2,1456.8,219668
2015-09-07,1465.95,1487.26,1445.93,1462.89,132023
2015-09-08,1463.17,1474.71,1451.39,1461.08,193857
2015-09-09,1482.71,1515.23,1463.68,1490.49,158847
2015-09-10,1510.17,1534.82,1489.12,1512.14,153011
2015-09-11,1498.15,1513.49,1484.25,1498.67,163205
2015-09-14,1526.92,1533.26,1523.25,1528.78,184068
2015-09-15,1526.1,1538.83,1513.27,1523.92,131391
2015-09-16,1546.07,1552.47,1534.77,1539.73,128606
2015-09-17,1530.89,1549.14,1517.2,1533.13,170101
2015-09-18,1557.45,1563.83,1550.78,1555.95,194608
2015-09-21,1563.49,1583.53,1546.74,1563.9,95369
2015-09-22,1605.14,1630.29,1579.53,1599.27,138326
2015-09-23,1594.79,1609.58,1585.17,1596.43,111849
2015-09-24,1604.98,1626.85,1586.69,1607.83,129519
2015-09-25,1609.08,1615.11,1599.42,1603.86,105842
2015-09-28,1584.76,1598.76,1578.19,1591.02,227124
2015-09-29,1590.78,1605.54,1587.21,1600.83,162424
2015-09-30,1623.85,1636.03,1613.47,1623.33,148304
2015-10-01,1625.62,1649.64,1600.56,1623.74,212961
2015-10-02,1620.07,1644.93,1604.08,1625.26,164200
2015-10-05,1602.53,1614.97,1592.81,1603.85,153691
2015-10-06,1607.77,1636.03,1578.96,1606.18,147303
2015-10-07,1603.01,1625.82,1588.04,1604.59,209647
2015-10-08,1607.85,1618.11,1596.57,1606.18,198615
2015-10-09,1608.55,1626.55,1587.29,1601.43,157046
2015-10-12,1588.12,1605.68,1574.28,1591.09,176780
2015-10-13,1597.86,1624.75,1572.42,1594.87,145572
2015-10-14,1589.76,1607.6,1577.3,1591.53,136208
2015-10-15,1602.94,1606.7,1597.98,1601.48,110899
2015-10-16,1619.57,1639.95,1599.36,1614.72,169894
2015-10-19,1625.76,1649.4,1605.83,1623.59,175516
2015-10-20,1618.26,1644.63,1590.82,1614.53,152563
2015-10-21,1590.12,1627.65,1569.14,1599.11,110606
2015-10-22,1608.43,1635.11,1578.97,1604.81,151751
2015-10-23,1589.81,1618.67,1572.71,1597.08,168424
2015-10-26,1611.7,1626.22,1600.84,1613.97,143056
2015-10-27,1630.57,1633.97,1627.4,1629.92,215651
2015-10-28,1628.6,1643.01,1622.84,1636.46,144856
2015-10-29,1662.93,1668.01,1653.26,1657.86,164574
2015-10-30,1633.23,1659.97,1607.47,1630.78,140934
2015-11-02,1625.77,1642.78,1612.26,1627.09,183087
2015-11-03,1632.89,1642.98,1629.62,1639.17,134527
2015-11-04,1660.87,1689.09,1636.12,1659.04,182907
2015-11-05,1671.28,1700.05,1637.46,1664.16,239085
2015-11-06,1656.32,1662.84,1648.85,1655.15,166539
2015-11-09,1657.55,1661.92,1652.24,1656.23,232089
2015-11-10,1602.96,1632.49,1581.09,1607.68,204254
2015-11-11,1632.05,1661.11,1606.21,1630.17,179600
2015-11-12,1669.79,1695.79,1648.31,1668.2,150301
2015-11-13,1689.0,1706.46,1674.7,1691.22,161857
2015-11-16,1693.04,1722.9,1665.56,1693.42,166144
2015-11-17,1666.44,1688.42,1654.46,1674.78,200344
2015-11-18,1657.75,1661.76,1654.81,1658.33,213484
2015-11-19,1661.98,1693.11,1641.74,1664.61,123868
2015-11-20,1646.54,1679.52,1620.37,1650.58,207177
2015-11-23,1663.35,1688.56,1637.97,1661.48,129130
2015-11-24,1674.37,1689.25,1666.38,1679.88,148710
2015-11-25,1689.71,1701.65,1670.79,1681.7,238934
2015-11-26,1690.85,1704.2,1672.35,1681.67,272706
2015-11-27,1672.02,1689.11,1658.46,1673.54,221558
2015-11-30,1683.37,1688.85,1676.83,1681.69,206970
2015-12-01,1675.29,1698.13,1651.41,1672.62,187663
2015-12-02,1676.02,1704.57,1654.31,1674.48,151307
2015-12-03,1671.79,1682.81,1654.99,1664.93,169396
2015-12-04,1662.72,1685.64,1644.56,1666.98,106874
2015-12-07,1682.6,1699.69,1676.8,1693.29,225091
2015-12-08,1701.96,1729.48,1676.0,1700.36,163823
2015-12-09,1686.47,1705.29,1667.5,1685.43,108558
2015-12-10,1670.85,1680.14,1665.27,1672.56,113591
2015-12-11,1687.68,1699.96,1668.43,1678.41,180662
2015-12-14,1688.99,1700.62,1682.6,1694.12,149258
2015-12-15,1663.83,1683.58,1650.78,1669.7,159249
2015-12-16,1669.11,1681.3,1656.2,1665.53,191999
2015-12-17,1671.11,1693.98,1644.58,1664.12,158873
2015-12-18,1677.22,1689.4,1669.22,1679.97,206985
2015-12-21,1665.29,1696.26,1642.64,1669.37,148739
2015-12-22,1677.38,1693.28,1660.87,1672.0,184394
2015-12-23,1644.4,1669.4,1623.64,1642.05,206757
2015-12-24,1625.19,1635.83,1618.25,1628.72,169222
2015-12-25,1645.74,1674.3,1620.35,1640.47,212609
2015-12-28,1621.34,1647.79,1594.79,1619.65,247452
2015-12-29,1603.22,1624.27,1581.76,1600.96,218309
2015-12-30,1602.62,1614.37,1590.7,1599.77,167084
2015-12-31,1584.93,1610.9,1568.09,1591.48,254979
2016-01-01,1579.57,1586.27,1574.86,1580.7,140486
2016-01-04,1604.89,1627.12,1584.57,1604.56,111309
2016-01-05,1616.3,1646.61,1593.81,1617.51,139345
2016-01-06,1633.68,1646.42,1626.54,1636.61,154825
2016-01-07,1631.36,1642.39,1621.83,1631.72,130100
2016-01-08,1640.36,1661.95,1614.04,1629.53,144015
2016-01-11,1587.87,1613.71,1570.53,1593.56,249683
2016-01-12,1616.78,1635.56,1600.63,1617.69,105034
2016-01-13,1625.46,1652.76,1603.59,1628.75,161522
2016-01-14,1636.85,1644.98,1632.99,1639.51,128032
2016-01-15,1667.27,1672.78,1654.95,1659.48,118537
2016-01-18,1659.8,1680.06,1653.32,1673.09,136075
2016-01-19,1672.44,1679.4,1667.89,1673.15,218960
2016-01-20,1677.89,1683.93,1672.77,1678.0,276519
2016-01-21,1658.15,1672.53,1639.67,1653.82,172977
2016-01-22,1634.41,1664.37,1610.77,1635.26,119655
2016-01-25,1654.51,1665.21,1641.64,1649.68,203363
2016-01-26,1624.47,1650.94,1600.9,1625.5,182818
2016-01-27,1670.55,1676.15,1658.23,1663.79,146933
2016-01-28,1675.82,1686.25,1661.3,1670.18,123496
2016-01-29,1688.26,1717.59,1656.6,1684.32,156582
2016-02-01,1681.44,1701.56,1668.04,1684.59,219164
2016-02-02,1693.54,1701.22,1684.95,1692.62,229483
2016-02-03,1704.38,1709.08,1694.27,1698.23,210146
2016-02-04,1701.96,1715.82,1681.97,1692.41,107439
2016-02-05,1686.0,1721.42,1657.31,1692.2,266470
2016-02-08,1704.94,1726.69,1682.16,1700.58,241098
2016-02-09,1709.4,1736.87,1685.16,1712.09,197787
2016-02-10,1689.88,1708.31,1680.76,1698.63,183876
2016-02-11,1717.78,1731.92,1706.76,1718.61,136750
2016-02-12,1720.49,1724.49,1714.58,1717.47,188090
2016-02-15,1709.72,1732.35,1699.47,1720.61,108058
2016-02-16,1726.54,1744.56,1701.96,1719.73,251784
2016-02-17,1722.11,1750.3,1702.27,1723.03,120737
2016-02-18,1703.23,1709.88,1700.24,1706.44,153684
2016-02-19,1709.37,1724.33,1697.03,1709.59,123101
2016-02-22,1694.31,1703.57,1684.25,1692.61,167161
2016-02-23,1706.89,1720.15,1692.72,1702.06,163278
2016-02-24,1702.58,1711.16,1698.96,1707.1,128247
2016-02-25,1708.62,1724.88,1690.45,1704.08,175422
2016-02-26,1713.36,1717.28,1706.54,1710.13,110996
2016-02-29,1727.32,1750.84,1711.64,1732.02,197762
2016-03-01,1733.85,1748.4,1719.35,1730.14,131813
2016-03-02,1738.35,1753.9,1721.17,1733.29,246848
2016-03-03,1746.11,1757.57,1732.94,1743.81,137700
2016-03-04,1718.69,1735.5,1699.09,1713.06,156291
2016-03-07,1728.69,1759.62,1704.73,1728.2,187012
2016-03-08,1743.78,1770.97,1713.97,1733.88,111391
2016-03-09,1723.07,1742.13,1706.68,1722.31,130725
2016-03-10,1741.06,1762.37,1724.26,1745.02,114780
2016-03-11,1750.74,1774.87,1726.69,1746.55,150380
2016-03-14,1735.57,1752.11,1715.85,1730.98,216227
2016-03-15,1739.37,1756.7,1734.48,1749.94,110730
2016-03-16,1774.16,1789.65,1763.84,1777.01,197032
2016-03-17,1818.47,1850.63,1796.08,1819.63,237123
2016-03-18,1809.7,1814.32,1803.94,1808.47,110516
2016-03-21,1772.5,1804.06,1755.47,1780.71,222211
2016-03-22,1791.05,1808.98,1775.88,1790.95,188656
2016-03-23,1799.09,1826.17,1778.7,1799.3,142454
2016-03-24,1795.43,1824.3,1776.34,1801.01,156219
2016-03-25,1799.03,1818.94,1784.05,1802.45,203906
2016-03-28,1784.16,1796.56,1769.75,1781.94,155089
2016-03-29,1789.07,1814.37,1764.06,1783.67,142004
2016-03-30,1771.76,1800.49,1746.51,1773.74,133620
2016-03-31,1711.67,1715.47,1706.17,1709.81,204019
2016-04-01,1716.29,1737.35,1699.85,1719.18,194363
2016-04-04,1725.4,1743.5,1710.1,1723.59,207337
2016-04-05,1721.74,1725.76,1717.87,1721.48,148101
2016-04-06,1702.2,1713.25,1699.45,1709.76,215191
2016-04-07,1672.38,1701.4,1646.52,1671.88,204101
2016-04-08,1705.28,1726.05,1690.14,1704.74,274304
2016-04-11,1696.6,1719.66,1672.28,1694.04,136931
2016-04-12,1701.28,1724.93,1674.17,1695.94,112609
2016-04-13,1696.23,1717.12,1679.61,1695.99,85567
2016-04-14,1647.12,1679.52,1619.24,1650.88,193907
2016-04-15,1670.42,1689.14,1656.27,1671.65,208954
2016-04-18,1671.53,1687.98,1660.05,1671.84,189932
2016-04-19,1668.71,1687.59,1652.6,1666.42,167851
2016-04-20,1670.0,1684.92,1661.45,1674.72,121515
2016-04-21,1677.18,1693.83,1662.71,1678.85,197844
2016-04-22,1674.78,1693.4,1659.93,1674.22,133400
2016-04-25,1675.19,1680.22,1664.87,1668.54,272831
2016-04-26,1667.62,1684.34,1652.7,1668.24,94770
2016-04-27,1675.6,1694.46,1652.86,1670.18,233045
2016-04-28,1667.09,1685.47,1646.32,1663.72,186024
2016-04-29,1640.76,1674.7,1618.49,1646.85,128844
2016-05-02,1657.17,1687.47,1633.33,1660.85,241416
2016-05-03,1678.9,1701.16,1663.8,1680.65,146476
2016-05-04,1690.49,1719.58,1661.78,1686.92,149324
2016-05-05,1692.21,1721.84,1667.11,1687.92,101541
2016-05-06,1683.97,1714.82,1661.1,1684.83,125828
2016-05-09,1709.62,1718.27,1696.31,1704.47,160460
2016-05-10,1682.91,1693.0,1677.98,1687.66,110356
2016-05-11,1715.69,1753.11,1691.35,1722.53,151902
2016-05-12,1729.63,1744.31,1716.08,1728.76,129300
2016-05-13,1753.43,1777.3,1730.75,1753.32,140853
2016-05-16,1750.95,1771.72,1731.34,1746.83,173588
2016-05-17,1706.6,1714.05,1703.07,1710.34,299097
2016-05-18,1749.55,1776.51,1717.44,1743.46,191811
2016-05-19,1729.37,1746.29,1718.17,1732.8,197873
2016-05-20,1759.24,1784.39,1740.55,1760.76,158666
2016-05-23,1750.75,1772.85,1737.79,1758.38,218420
2016-05-24,1746.68,1777.8,1717.93,1744.52,194982
2016-05-25,1712.6,1730.79,1699.58,1716.75,165321
2016-05-26,1743.17,1773.58,1720.7,1746.79,203362
2016-05-27,1704.9,1732.74,1691.93,1714.23,202859
2016-05-30,1692.31,1698.93,1687.91,1692.84,207778
2016-05-31,1676.3,1710.02,1653.24,1683.16,180208
2016-06-01,1679.35,1703.93,1656.01,1678.17,199695
2016-06-02,1678.62,1697.97,1658.8,1674.12,225409
2016-06-03,1707.58,1736.93,1687.57,1709.75,216946
2016-06-06,1713.52,1730.38,1696.66,1710.7,298899
2016-06-07,1733.99,1763.24,1714.93,1736.91,168142
2016-06-08,1728.04,1740.78,1721.72,1733.74,141810
2016-06-09,1712.36,1716.28,1704.85,1708.16,186720
2016-06-10,1707.16,1719.52,1697.96,1708.92,130223
2016-06-13,1721.45,1758.98,1697.94,1734.54,181044
2016-06-14,1708.68,1731.82,1690.58,1709.06,148606
2016-06-15,1698.99,1726.02,1680.77,1701.51,232976
2016-06-16,1681.73,1688.93,1668.23,1673.37,179833
2016-06-17,1657.36,1672.12,1649.93,1662.53,142522
2016-06-20,1661.15,1674.93,1652.98,1665.8,176735
2016-06-21,1691.81,1695.23,1681.05,1683.98,180699
2016-06-22,1701.97,1729.87,1675.17,1699.34,165794
2016-06-23,1690.1,1708.18,1676.07,1693.98,162004
2016-06-24,1713.45,1721.13,1706.23,1712.57,152753
2016-06-27,1729.35,1755.45,1704.37,1727.12,200586
2016-06-28,1732.03,1738.33,1720.2,1725.7,198347
2016-06-29,1705.34,1726.96,1679.89,1699.88,166838
2016-06-30,1708.76,1737.56,1682.73,1706.86,170331
2016-07-01,1721.76,1730.12,1716.7,1723.27,168061
2016-07-04,1730.75,1740.07,1721.19,1730.43,196293
2016-07-05,1735.04,1758.86,1705.08,1728.01,190623
2016-07-06,1748.85,1761.47,1731.42,1742.45,148670
2016-07-07,1752.28,1782.26,1730.7,1754.2,183764
2016-07-08,1741.64,1768.21,1717.89,1738.7,187837
2016-07-11,1748.5,1773.93,1729.02,1751.62,162573
2016-07-12,1749.5,1768.85,1729.93,1744.52,192486
2016-07-13,1747.07,1774.91,1717.81,1743.91,144023
2016-07-14,1760.86,1767.06,1755.32,1760.73,228085
2016-07-15,1766.87,1793.87,1751.08,1772.92,150936
2016-07-18,1755.06,1771.67,1742.18,1756.94,236875
2016-07-19,1750.92,1757.77,1745.57,1751.26,142271
2016-07-20,1767.23,1774.83,1760.34,1767.77,125180
2016-07-21,1756.83,1771.25,1748.79,1763.11,207127
2016-07-22,1729.32,1756.98,1703.67,1730.09,149847
2016-07-25,1720.54,1744.96,1704.34,1721.94,160097
2016-07-26,1717.51,1747.64,1687.8,1716.96,95407
2016-07-27,1716.65,1724.21,1711.74,1718.42,202111
2016-07-28,1753.64,1780.73,1735.07,1757.17,188781
2016-07-29,1747.37,1765.27,1733.85,1750.32,183479
2016-08-01,1738.87,1762.05,1716.21,1733.5,231714
2016-08-02,1735.79,1763.04,1697.03,1719.49,180182
2016-08-03,1712.04,1732.93,1700.09,1716.72,285066
2016-08-04,1682.27,1697.91,1670.73,1684.74,115523
2016-08-05,1671.02,1689.34,1658.63,1672.17,112253
2016-08-08,1676.82,1699.32,1653.64,1672.23,224173
2016-08-09,1615.03,1633.54,1597.84,1611.44,207031
2016-08-10,1612.86,1628.55,1601.45,1614.92,214157
2016-08-11,1620.53,1650.72,1598.22,1621.96,278762
2016-08-12,1636.41,1649.04,1624.03,1634.63,199074
2016-08-15,1612.6,1624.7,1604.61,1614.0,105165
2016-08-16,1638.72,1646.33,1631.35,1637.19,231498
2016-08-17,1637.85,1643.69,1631.06,1636.8,161248
2016-08-18,1650.1,1673.82,1633.35,1655.21,127169
2016-08-19,1676.11,1693.92,1662.24,1678.69,198166
2016-08-22,1695.11,1718.46,1670.46,1688.76,174252
2016-08-23,1715.29,1743.75,1695.53,1719.56,182655
2016-08-24,1699.91,1729.7,1668.36,1693.6,194252
2016-08-25,1682.74,1710.62,1660.58,1686.57,92775
2016-08-26,1710.08,1718.5,1705.64,1713.08,148915
2016-08-29,1695.73,1728.51,1675.77,1702.31,175218
2016-08-30,1740.16,1753.26,1725.26,1735.57,134400
2016-08-31,1744.89,1770.26,1718.94,1741.79,196528
2016-09-01,1765.53,1776.3,1748.33,1755.87,170617
2016-09-02,1734.6,1757.66,1708.98,1728.28,148163
2016-09-05,1715.46,1750.8,1696.02,1724.77,316369
2016-09-06,1706.11,1727.44,1686.77,1708.02,150786
2016-09-07,1685.89,1689.79,1680.05,1683.34,190289
2016-09-08,1684.85,1712.41,1662.51,1689.71,163951
2016-09-09,1698.63,1717.58,1682.89,1696.34,200403
2016-09-12,1653.98,1677.35,1635.59,1652.27,178972
2016-09-13,1692.9,1716.18,1671.56,1689.36,136896
2016-09-14,1690.26,1714.73,1669.55,1687.96,181578
2016-09-15,1684.07,1711.38,1661.08,1681.46,215790
2016-09-16,1668.34,1703.49,1644.9,1675.11,167682
2016-09-19,1663.06,1676.59,1651.56,1663.02,137312
2016-09-20,1650.41,1672.44,1633.26,1651.33,128905
2016-09-21,1643.76,1673.48,1620.47,1645.86,124356
2016-09-22,1662.92,1684.09,1640.65,1656.52,172446
2016-09-23,1641.03,1667.78,1622.62,1646.87,176053
2016-09-26,1645.97,1667.13,1628.14,1645.34,181760
2016-09-27,1639.8,1649.88,1633.82,1642.16,157744
2016-09-28,1652.13,1666.21,1645.78,1657.75,191804
2016-09-29,1696.38,1711.22,1684.44,1695.14,167163
2016-09-30,1667.09,1687.0,1650.37,1669.99,184263
2016-10-03,1690.19,1714.86,1664.25,1686.98,151472
2016-10-04,1693.0,1707.1,1681.42,1691.61,202596
2016-10-05,1702.91,1732.02,1680.93,1705.45,295544
2016-10-06,1690.46,1714.8,1668.97,1690.62,152616
2016-10-07,1697.32,1707.25,1686.15,1695.38,187520
2016-10-10,1686.05,1715.24,1657.92,1682.96,150285
2016-10-11,1728.46,1744.13,1710.06,1725.46,190720
2016-10-12,1712.0,1743.2,1692.62,1716.5,206812
2016-10-13,1701.95,1740.59,1673.84,1712.23,139403
2016-10-14,1679.94,1694.2,1667.49,1679.72,161020
2016-10-17,1680.72,1703.77,1666.61,1684.27,171819
2016-10-18,1673.9,1692.87,1657.09,1671.38,162781
2016-10-19,1696.56,1723.76,1682.85,1704.31,139709
2016-10-20,1683.36,1690.46,1677.16,1683.59,169303
2016-10-21,1708.18,1720.04,1700.47,1711.5,194483
2016-10-24,1706.09,1713.47,1696.78,1703.82,128424
2016-10-25,1702.48,1714.81,1696.36,1707.71,110909
2016-10-26,1672.53,1685.91,1666.38,1677.6,182552
2016-10-27,1696.4,1703.31,1687.78,1694.4,131803
2016-10-28,1704.46,1742.88,1682.18,1713.08,177833
2016-10-31,1729.92,1752.59,1714.15,1731.44,255421
2016-11-01,1738.01,1757.17,1710.8,1728.73,127740
2016-11-02,1720.65,1756.85,1693.16,1726.85,171185
2016-11-03,1740.0,1755.22,1727.57,1738.34,143599
2016-11-04,1737.02,1766.6,1712.97,1733.67,158954
2016-11-07,1715.46,1732.91,1705.17,1721.32,177196
2016-11-08,1719.02,1750.59,1697.96,1724.59,179016
2016-11-09,1724.1,1753.31,1699.95,1724.23,197691
2016-11-10,1732.52,1761.26,1707.03,1729.17,173138
2016-11-11,1692.23,1712.67,1684.41,1703.68,154766
2016-11-14,1706.86,1737.57,1676.27,1702.66,156092
2016-11-15,1703.82,1720.48,1695.63,1708.95,196777
2016-11-16,1699.59,1727.76,1680.15,1707.18,187066
2016-11-17,1698.33,1715.8,1684.09,1696.48,199244
2016-11-18,1703.02,1710.93,1686.3,1692.76,219149
2016-11-21,1691.69,1719.42,1666.24,1690.7,227818
2016-11-22,1676.54,1698.24,1660.73,1676.69,199862
2016-11-23,1687.1,1694.55,1683.53,1690.83,143369
2016-11-24,1654.62,1664.2,1650.61,1659.41,224847
2016-11-25,1656.28,1669.03,1645.36,1657.4,154432
2016-11-28,1650.44,1662.76,1639.68,1649.42,158058
2016-11-29,1670.97,1691.95,1654.1,1669.06,139021
2016-11-30,1698.47,1729.05,1675.94,1703.32,165720
2016-12-01,1717.57,1721.42,1708.95,1711.96,211605
2016-12-02,1731.48,1738.44,1720.69,1726.64,148397
2016-12-05,1710.47,1729.56,1696.68,1711.94,157553
2016-12-06,1712.08,1728.24,1698.45,1710.74,240142
2016-12-07,1696.65,1714.68,1685.12,1698.86,221498
2016-12-08,1695.26,1716.48,1674.11,1692.65,172340
2016-12-09,1687.6,1704.26,1673.95,1690.37,182995
2016-12-12,1690.24,1720.01,1660.36,1687.89,135840
2016-12-13,1659.88,1681.35,1645.9,1665.9,99101
2016-12-14,1653.47,1674.07,1635.18,1653.13,167066
2016-12-15,1653.75,1669.04,1645.72,1659.15,191675
2016-12-16,1667.37,1699.57,1641.54,1673.54,205098
2016-12-19,1688.45,1727.41,1659.15,1697.85,252662
2016-12-20,1712.24,1721.46,1701.76,1709.98,267436
2016-12-21,1742.33,1752.94,1730.65,1739.87,141780
2016-12-22,1729.44,1739.66,1719.99,1727.88,231240
2016-12-23,1710.24,1744.54,1689.86,1715.76,181500
2016-12-26,1725.68,1751.93,1698.76,1719.41,218109
2016-12-27,1712.93,1739.87,1689.58,1713.68,151217
2016-12-28,1715.07,1732.86,1698.15,1712.96,187119
2016-12-29,1712.09,1733.12,1695.41,1713.94,122542
2016-12-30,1712.91,1732.44,1698.74,1715.11,162989
2017-01-02,1723.34,1751.84,1696.73,1719.05,163882
2017-01-03,1751.27,1768.37,1736.92,1749.65,121484
2017-01-04,1785.73,1814.05,1757.91,1785.21,177127
2017-01-05,1814.77,1827.82,1796.66,1809.3,240775
2017-01-06,1805.48,1843.95,1778.39,1811.98,204780
2017-01-09,1811.53,1841.64,1786.87,1812.4,222600
2017-01-10,1841.73,1852.33,1827.09,1835.45,193062
2017-01-11,1837.06,1864.65,1815.46,1836.12,212129
2017-01-12,1854.34,1872.85,1839.38,1854.64,213327
2017-01-13,1812.83,1837.3,1789.1,1808.05,167606
2017-01-16,1797.62,1811.67,1785.85,1797.38,181197
2017-01-17,1791.26,1809.98,1772.16,1790.45,152347
2017-01-18,1771.35,1792.19,1756.84,1772.56,173881
2017-01-19,1770.02,1780.96,1758.59,1769.13,160285
2017-01-20,1781.05,1796.8,1758.44,1773.42,203683
2017-01-23,1773.68,1792.54,1754.54,1771.98,125281
2017-01-24,1758.0,1778.3,1734.23,1751.71,169186
2017-01-25,1730.94,1738.82,1718.18,1725.4,169321
2017-01-26,1704.49,1736.93,1684.43,1709.17,164173
2017-01-27,1705.06,1729.17,1690.16,1710.76,149844
2017-01-30,1697.85,1712.04,1688.7,1702.37,152594
2017-01-31,1723.79,1742.58,1705.58,1721.39,200231
2017-02-01,1714.87,1735.72,1705.53,1723.07,224557
2017-02-02,1721.45,1746.0,1697.8,1716.25,237164
2017-02-03,1707.47,1731.18,1682.99,1702.85,207112
2017-02-06,1697.46,1709.02,1683.64,1692.26,179527
2017-02-07,1684.67,1710.25,1664.53,1689.39,130120
2017-02-08,1681.34,1703.02,1662.74,1680.92,227809
2017-02-09,1703.3,1713.61,1684.13,1691.43,205614
2017-02-10,1672.72,1703.87,1652.99,1677.76,157809
2017-02-13,1706.77,1720.35,1690.22,1703.53,119294
2017-02-14,1700.12,1721.92,1680.02,1697.88,210467
2017-02-15,1710.87,1719.89,1698.66,1705.52,192891
2017-02-16,1696.45,1707.42,1680.47,1690.36,160046
2017-02-17,1705.03,1728.15,1688.85,1707.64,177260
2017-02-20,1703.0,1715.39,1692.15,1700.94,128330
2017-02-21,1697.88,1701.68,1694.01,1697.05,156209
2017-02-22,1722.67,1748.53,1696.78,1721.75,193857
2017-02-23,1723.04,1748.98,1702.77,1721.26,198010
2017-02-24,1708.83,1734.73,1690.11,1714.36,161163
2017-02-27,1708.56,1719.34,1699.01,1708.36,205606
2017-02-28,1717.44,1744.32,1690.09,1715.4,127764
2017-03-01,1715.35,1734.31,1694.22,1710.51,223646
2017-03-02,1721.7,1732.87,1712.87,1723.19,157879
2017-03-03,1726.26,1753.37,1698.2,1719.91,230585
2017-03-06,1716.9,1727.22,1713.13,1722.24,226332
2017-03-07,1715.45,1747.79,1695.1,1724.9,215375
2017-03-08,1691.01,1713.45,1672.67,1690.74,159077
2017-03-09,1686.22,1705.26,1665.57,1681.15,158798
2017-03-10,1693.41,1713.59,1673.24,1690.89,228046
2017-03-13,1686.97,1697.71,1674.62,1682.36,126239
2017-03-14,1664.62,1690.89,1638.67,1662.62,175097
2017-03-15,1675.32,1696.65,1653.53,1674.36,179182
2017-03-16,1684.48,1687.94,1679.12,1682.17,125483
2017-03-17,1682.47,1687.86,1677.97,1682.43,154648
2017-03-20,1713.78,1738.0,1690.82,1710.15,153830
2017-03-21,1713.19,1735.14,1692.48,1714.05,150285
2017-03-22,1736.86,1762.39,1706.97,1731.09,233091
2017-03-23,1729.98,1761.12,1707.22,1730.35,194606
2017-03-24,1706.33,1711.25,1699.78,1703.88,221470
2017-03-27,1727.62,1744.26,1704.5,1718.05,190143
2017-03-28,1703.98,1714.22,1698.14,1707.52,140587
2017-03-29,1699.59,1710.96,1690.68,1701.13,226614
2017-03-30,1736.66,1763.15,1715.58,1736.38,187795
2017-03-31,1719.57,1734.52,1709.93,1721.05,226560
2017-04-03,1701.83,1710.7,1694.52,1701.99,185601
2017-04-04,1703.59,1721.83,1690.17,1703.03,250710
2017-04-05,1700.34,1717.05,1680.13,1693.32,225155
2017-04-06,1717.05,1742.13,1683.0,1704.84,207909
2017-04-07,1708.08,1716.96,1705.12,1712.93,195389
2017-04-10,1724.03,1754.09,1695.59,1725.11,167594
2017-04-11,1717.8,1748.12,1689.84,1717.25,135747
2017-04-12,1730.48,1764.78,1704.98,1737.12,202388
2017-04-13,1711.28,1734.35,1696.64,1714.55,187120
2017-04-14,1717.93,1723.67,1712.68,1716.8,259577
2017-04-17,1705.18,1736.19,1680.57,1707.63,169318
2017-04-18,1694.97,1703.53,1683.46,1690.7,279464
2017-04-19,1659.22,1666.65,1654.36,1661.17,184281
2017-04-20,1659.28,1682.42,1640.77,1661.27,254898
2017-04-21,1670.36,1694.42,1646.48,1668.65,311193
2017-04-24,1687.8,1711.64,1660.61,1682.82,231811
2017-04-25,1648.95,1664.28,1640.19,1654.32,182942
2017-04-26,1650.38,1660.5,1645.85,1655.76,177918
2017-04-27,1671.11,1693.66,1650.01,1668.73,229182
2017-04-28,1705.81,1719.97,1692.66,1705.38,212335
2017-05-01,1686.08,1704.98,1662.62,1676.54,149188
2017-05-02,1675.77,1703.61,1651.89,1673.46,186081
2017-05-03,1673.16,1691.66,1656.73,1671.61,204300
2017-05-04,1704.57,1722.19,1684.04,1700.1,107258
2017-05-05,1727.73,1763.94,1701.76,1734.44,129145
2017-05-08,1741.04,1756.56,1727.15,1738.19,171470
2017-05-09,1749.66,1775.85,1724.8,1746.34,193732
2017-05-10,1744.82,1756.63,1727.79,1736.93,145576
2017-05-11,1754.97,1781.44,1731.82,1757.25,188918
2017-05-12,1749.22,1774.87,1727.74,1752.43,168756
2017-05-15,1730.58,1765.99,1707.25,1734.77,170527
2017-05-16,1737.35,1769.11,1717.22,1744.96,202947
2017-05-17,1728.92,1746.9,1710.12,1723.95,143386
2017-05-18,1713.78,1733.5,1687.05,1706.46,150588
2017-05-19,1707.53,1748.36,1685.19,1718.08,174378
2017-05-22,1756.15,1772.96,1740.85,1757.2,192449
2017-05-23,1753.4,1774.87,1727.63,1745.03,176894
2017-05-24,1719.67,1733.96,1713.11,1725.1,192016
2017-05-25,1722.54,1746.46,1707.66,1728.09,135193
2017-05-26,1719.19,1729.07,1713.51,1723.26,211014
2017-05-29,1726.14,1732.86,1718.67,1724.39,138329
2017-05-30,1718.89,1728.12,1709.66,1717.02,199791
2017-05-31,1726.88,1749.96,1714.49,1732.57,175076
2017-06-01,1714.27,1718.76,1708.22,1712.07,274289
2017-06-02,1689.57,1709.47,1674.33,1691.94,258634
2017-06-05,1677.09,1707.78,1654.06,1679.28,164414
2017-06-06,1683.54,1706.24,1656.64,1676.97,190713
2017-06-07,1664.52,1680.33,1654.96,1667.03,140964
2017-06-08,1682.68,1700.25,1660.71,1673.57,250723
2017-06-09,1698.66,1723.89,1680.53,1698.32,129459
2017-06-12,1702.46,1719.23,1690.28,1705.15,126580
2017-06-13,1672.39,1690.18,1661.08,1675.57,198118
2017-06-14,1666.28,1683.65,1654.46,1668.27,222286
2017-06-15,1680.8,1702.87,1661.58,1681.35,141038
2017-06-16,1670.74,1685.56,1656.61,1671.18,162025
2017-06-19,1675.69,1682.9,1672.35,1678.71,219829
2017-06-20,1682.65,1714.19,1662.72,1687.24,282196
2017-06-21,1694.79,1718.32,1681.14,1699.73,184857
2017-06-22,1715.17,1740.95,1691.98,1714.07,282594
2017-06-23,1732.19,1752.38,1714.68,1734.76,235303
2017-06-26,1708.13,1724.32,1695.79,1711.79,249932
2017-06-27,1700.34,1723.52,1680.55,1702.99,192744
2017-06-28,1693.68,1720.43,1676.19,1698.53,240813
2017-06-29,1733.28,1747.35,1719.58,1731.12,175822
2017-06-30,1706.65,1734.95,1683.27,1711.06,184917
2017-07-03,1735.83,1767.39,1712.48,1741.24,187951
2017-07-04,1758.76,1777.58,1745.76,1761.38,275826
2017-07-05,1780.1,1811.64,1748.02,1778.73,211687
2017-07-06,1787.01,1808.74,1764.22,1783.43,147423
2017-07-07,1777.45,1796.84,1755.18,1771.08,283794
2017-07-10,1772.82,1802.0,1758.03,1782.17,155454
2017-07-11,1782.15,1807.33,1768.05,1787.97,152686
2017-07-12,1821.1,1851.65,1791.03,1817.88,187089
2017-07-13,1836.98,1847.53,1831.59,1841.54,259404
2017-07-14,1843.52,1868.45,1823.72,1843.19,261191
2017-07-17,1841.63,1855.58,1830.18,1842.21,168655
2017-07-18,1857.5,1889.58,1821.48,1851.99,159292
2017-07-19,1832.98,1852.09,1817.11,1835.56,169653
2017-07-20,1859.2,1866.8,1855.45,1861.85,181298
2017-07-21,1867.61,1874.9,1845.5,1852.63,230626
2017-07-24,1879.16,1912.78,1838.79,1870.18,144927
2017-07-25,1890.16,1914.4,1874.01,1894.69,152615
2017-07-26,1890.68,1924.85,1862.32,1895.9,229050
2017-07-27,1901.47,1931.68,1859.31,1884.55,199492
2017-07-28,1881.58,1913.72,1855.44,1879.35,144313
2017-07-31,1878.82,1912.4,1838.66,1870.55,189301
2017-08-01,1887.88,1915.4,1870.69,1891.87,196135
2017-08-02,1893.24,1905.09,1881.77,1890.12,185184
2017-08-03,1892.92,1925.55,1855.15,1885.07,201301
2017-08-04,1872.14,1898.77,1855.95,1880.8,267072
2017-08-07,1889.51,1919.76,1864.37,1888.68,202548
2017-08-08,1919.52,1952.73,1895.19,1920.74,208335
2017-08-09,1913.45,1926.61,1900.13,1909.72,188695
2017-08-10,1913.34,1939.72,1887.46,1912.2,203511
2017-08-11,1909.37,1923.61,1902.17,1915.44,229538
2017-08-14,1922.43,1926.93,1915.89,1920.07,197321
2017-08-15,1910.29,1928.17,1894.33,1907.33,211000
2017-08-16,1901.96,1926.33,1879.56,1899.93,148855
2017-08-17,1872.77,1899.05,1850.02,1870.6,102440
2017-08-18,1876.88,1907.4,1847.66,1877.47,209677
2017-08-21,1893.09,1907.15,1874.19,1887.35,157119
2017-08-22,1860.03,1882.95,1850.78,1870.71,214884
2017-08-23,1893.63,1930.09,1867.35,1899.44,199520
2017-08-24,1914.41,1933.08,1895.02,1910.66,163310
2017-08-25,1948.89,1976.44,1911.3,1938.42,155102
2017-08-28,1930.84,1948.41,1907.31,1924.34,229478
2017-08-29,1925.52,1952.44,1912.55,1936.89,208869
2017-08-30,1923.32,1963.18,1893.33,1929.49,235856
2017-08-31,1947.8,1956.13,1938.11,1945.58,142556
2017-09-01,1949.85,1984.31,1917.1,1944.1,158295
2017-09-04,1929.21,1936.66,1918.35,1924.27,139795
2017-09-05,1921.93,1940.28,1911.55,1927.08,171198
2017-09-06,1952.07,1963.28,1937.45,1946.04,219097
2017-09-07,1939.7,1962.61,1924.39,1941.54,162246
2017-09-08,1958.74,1965.89,1946.65,1952.46,191157
2017-09-11,1949.16,1969.97,1931.07,1947.33,162492
2017-09-12,1967.04,1988.97,1947.92,1969.36,190970
2017-09-13,1991.78,2011.42,1968.96,1987.43,183715
2017-09-14,1989.13,2024.86,1950.16,1983.96,112673
2017-09-15,1992.43,2013.23,1971.23,1991.66,237294
2017-09-18,1995.36,2024.22,1969.64,1994.41,181354
2017-09-19,1993.36,2010.77,1976.67,1992.14,245576
2017-09-20,1998.18,2012.08,1987.2,1998.61,173941
2017-09-21,1997.01,2039.89,1970.24,2005.72,224365
2017-09-22,2000.88,2005.9,1995.31,2000.28,207151
2017-09-25,1977.3,1989.41,1970.54,1982.04,234013
2017-09-26,1999.24,2033.99,1967.24,1993.86,136002
2017-09-27,2007.1,2023.41,1994.79,2006.67,204826
2017-09-28,2012.52,2039.22,1981.78,2005.3,154272
2017-09-29,1996.45,2030.05,1976.17,2004.54,191557
2017-10-02,1972.14,1999.2,1948.04,1974.16,156306
2017-10-03,1991.51,2023.07,1948.08,1975.6,169113
2017-10-04,1944.43,1964.56,1932.4,1951.94,156531
2017-10-05,1943.9,1949.37,1937.09,1941.27,255464
2017-10-06,1944.33,1948.72,1933.03,1936.1,185656
2017-10-09,1928.71,1957.29,1902.58,1924.11,238837
2017-10-10,1924.77,1943.89,1917.4,1933.36,169906
2017-10-11,1950.06,1983.53,1927.07,1951.8,187059
2017-10-12,1934.49,1966.2,1908.34,1938.8,179836
2017-10-13,1929.68,1961.31,1905.34,1929.03,137291
2017-10-16,1936.2,1948.76,1919.52,1928.79,290184
2017-10-17,1964.91,1980.92,1946.15,1958.51,264009
2017-10-18,1962.99,1993.64,1937.09,1966.12,193950
2017-10-19,1953.31,1979.32,1933.78,1956.29,196284
2017-10-20,1969.65,1999.04,1938.31,1967.55,203216
2017-10-23,1972.94,1998.55,1949.15,1970.19,112344
2017-10-24,1973.32,1980.48,1968.77,1974.0,131276
2017-10-25,1947.66,1976.89,1926.07,1953.29,220240
2017-10-26,1931.3,1948.58,1926.12,1943.35,193185
2017-10-27,1959.66,1971.47,1947.76,1956.59,190030
2017-10-30,1944.75,1963.14,1924.74,1939.65,205290
2017-10-31,1931.71,1957.5,1920.93,1944.88,211936
2017-11-01,1903.88,1918.1,1898.59,1911.68,156114
2017-11-02,1898.76,1919.28,1882.4,1897.01,181456
2017-11-03,1878.16,1891.11,1870.65,1882.23,282257
2017-11-06,1887.55,1910.73,1866.21,1886.2,187373
2017-11-07,1890.49,1909.93,1873.78,1889.31,193226
2017-11-08,1913.93,1925.68,1899.97,1909.77,150614
2017-11-09,1897.91,1929.47,1867.58,1895.13,197721
2017-11-10,1918.56,1932.58,1905.36,1917.17,210505
2017-11-13,1898.69,1913.26,1886.24,1898.66,178324
2017-11-14,1904.96,1938.82,1882.47,1907.23,153975
2017-11-15,1908.21,1927.89,1893.64,1910.39,158465
2017-11-16,1903.44,1929.85,1890.77,1912.92,165502
2017-11-17,1924.09,1931.13,1915.83,1921.25,211041
2017-11-20,1930.8,1952.75,1911.4,1931.76,153369
2017-11-21,1944.63,1957.65,1936.43,1948.78,187586
2017-11-22,1952.19,1966.59,1940.14,1951.96,185922
2017-11-23,1950.75,1975.84,1927.64,1946.11,192015
2017-11-24,1941.01,1952.22,1927.04,1935.01,218862
2017-11-27,1923.32,1927.21,1914.93,1918.36,166408
2017-11-28,1936.25,1957.18,1919.61,1935.62,209497
2017-11-29,1928.63,1942.35,1919.14,1929.41,227171
2017-11-30,1917.73,1926.61,1909.5,1915.96,209367
2017-12-01,1938.32,1971.58,1910.17,1942.82,229921
2017-12-04,1949.84,1963.81,1932.32,1945.81,176276
2017-12-05,1965.75,1980.24,1945.77,1959.31,151361
2017-12-06,1946.4,1974.9,1922.2,1944.1,187942
2017-12-07,1942.51,1960.4,1923.48,1936.35,146462
2017-12-08,1930.63,1966.93,1897.79,1933.17,128065
2017-12-11,1944.43,1953.51,1932.94,1941.75,172286
2017-12-12,1928.58,1958.07,1897.45,1923.3,167722
2017-12-13,1939.19,1961.31,1921.8,1942.12,305321
2017-12-14,1920.15,1933.29,1911.47,1921.95,206316
2017-12-15,1902.74,1925.64,1885.23,1903.8,265260
2017-12-18,1913.48,1927.52,1894.68,1908.01,164614
2017-12-19,1919.98,1940.54,1901.55,1916.66,165907
2017-12-20,1917.45,1940.64,1902.25,1921.73,161894
2017-12-21,1938.55,1968.23,1914.62,1941.22,356979
2017-12-22,1926.52,1941.29,1907.36,1918.46,200961
2017-12-25,1884.08,1903.69,1869.3,1887.83,200783
2017-12-26,1859.9,1886.81,1833.11,1859.35,111266
2017-12-27,1872.6,1879.36,1868.34,1874.21,202979
2017-12-28,1877.2,1897.43,1863.48,1881.48,198157
2017-12-29,1894.75,1925.49,1872.87,1896.48,180749
2018-01-01,1908.51,1918.09,1903.7,1912.13,192433
2018-01-02,1894.62,1919.96,1874.92,1898.14,169328
2018-01-03,1907.63,1918.2,1898.7,1906.71,194542
2018-01-04,1872.02,1899.57,1847.74,1873.49,249951
2018-01-05,1873.39,1898.35,1858.05,1881.36,170845
2018-01-08,1909.51,1916.74,1899.39,1906.05,218265
2018-01-09,1916.86,1935.87,1893.32,1908.88,246647
2018-01-10,1912.88,1942.71,1885.97,1910.68,168413
2018-01-11,1913.15,1940.06,1890.7,1916.43,197668
2018-01-12,1924.8,1947.3,1904.48,1926.37,139929
2018-01-15,1928.41,1956.33,1905.27,1925.9,153803
2018-01-16,1906.9,1942.7,1876.65,1910.31,175879
2018-01-17,1919.23,1951.06,1902.43,1929.45,137133
2018-01-18,1951.16,1984.7,1917.5,1942.37,192483
2018-01-19,1938.12,1942.86,1928.55,1932.32,241084
2018-01-22,1878.39,1901.05,1857.69,1878.07,255953
2018-01-23,1889.81,1921.49,1868.2,1896.6,108723
2018-01-24,1881.88,1915.15,1853.63,1879.31,171987
2018-01-25,1851.44,1884.32,1824.58,1855.37,146866
2018-01-26,1851.11,1862.52,1832.0,1842.1,214557
2018-01-29,1865.05,1894.35,1834.1,1861.47,196507
2018-01-30,1862.32,1887.71,1841.75,1861.55,176921
2018-01-31,1857.33,1874.51,1849.41,1864.73,277081
2018-02-01,1878.95,1886.02,1860.37,1866.52,208469
2018-02-02,1816.0,1827.64,1805.54,1816.9,216898
2018-02-05,1809.95,1837.08,1788.46,1814.1,132456
2018-02-06,1829.94,1862.6,1806.0,1835.51,228307
2018-02-07,1848.38,1877.51,1823.36,1849.11,115705
2018-02-08,1896.97,1904.67,1888.52,1894.32,353839
2018-02-09,1886.64,1896.01,1879.05,1886.33,251463
2018-02-12,1907.25,1916.85,1896.29,1905.77,179696
2018-02-13,1916.57,1928.8,1901.87,1913.39,177668
2018-02-14,1942.66,1968.77,1918.22,1941.1,157822
2018-02-15,1928.63,1954.56,1910.6,1930.36,209798
2018-02-16,1954.96,1985.74,1924.62,1949.52,143798
2018-02-19,1959.89,1993.78,1930.91,1958.51,169004
2018-02-20,1963.1,1982.74,1942.31,1958.3,165262
2018-02-21,1963.81,1983.63,1936.18,1954.57,183599
2018-02-22,1965.62,1975.12,1960.32,1968.24,214291
2018-02-23,1956.76,1978.77,1948.95,1968.66,167837
2018-02-26,1945.78,1963.73,1934.72,1948.5,236435
2018-02-27,1907.58,1942.43,1883.28,1916.14,125305
2018-02-28,1931.12,1948.15,1923.03,1938.06,169991
2018-03-01,1928.73,1948.56,1911.34,1926.66,219750
2018-03-02,1896.51,1919.27,1885.63,1904.33,242216
2018-03-05,1913.09,1939.19,1882.72,1905.08,164807
2018-03-06,1898.65,1912.24,1880.37,1891.61,192199
2018-03-07,1878.27,1895.27,1864.62,1878.77,231570
2018-03-08,1883.35,1905.41,1863.93,1882.21,223874
2018-03-09,1875.39,1879.75,1871.75,1874.81,173964
2018-03-12,1855.77,1874.49,1843.4,1856.84,227398
2018-03-13,1869.57,1891.89,1852.61,1869.88,249850
2018-03-14,1861.16,1877.53,1852.53,1867.24,207112
2018-03-15,1867.55,1894.51,1848.54,1871.03,218206
2018-03-16,1868.39,1899.8,1839.07,1863.67,129514
2018-03-19,1879.38,1891.76,1870.67,1881.21,216070
2018-03-20,1871.91,1904.0,1835.68,1864.56,185148
2018-03-21,1803.03,1827.35,1775.63,1796.93,159289
2018-03-22,1789.5,1827.22,1765.82,1797.9,182925
2018-03-23,1794.02,1822.41,1769.87,1792.28,309089
2018-03-26,1809.14,1826.32,1784.54,1801.01,273196
2018-03-27,1803.04,1830.73,1775.34,1796.38,138111
2018-03-28,1770.85,1791.27,1756.0,1776.2,261984
2018-03-29,1794.63,1803.91,1789.51,1798.3,122504
2018-03-30,1765.5,1791.78,1750.2,1772.0,175966
2018-04-02,1795.39,1805.37,1782.73,1789.73,195918
2018-04-03,1789.07,1802.15,1777.66,1786.98,250292
2018-04-04,1766.7,1808.95,1740.56,1777.22,200813
2018-04-05,1757.98,1779.53,1738.63,1758.6,162975
2018-04-06,1780.11,1792.32,1775.65,1787.66,203441
2018-04-09,1797.83,1808.5,1781.56,1791.7,207772
2018-04-10,1806.68,1819.9,1795.31,1808.23,182688
2018-04-11,1829.01,1838.39,1811.81,1819.12,188735
2018-04-12,1798.28,1829.38,1769.34,1796.79,230170
2018-04-13,1790.36,1821.64,1771.82,1796.0,207285
2018-04-16,1836.01,1844.67,1822.45,1830.24,146639
2018-04-17,1827.42,1841.48,1815.79,1827.55,194391
2018-04-18,1824.77,1845.95,1802.65,1818.93,160629
2018-04-19,1814.35,1854.13,1789.68,1823.37,195766
2018-04-20,1848.46,1854.47,1842.68,1846.99,210854
2018-04-23,1832.75,1840.25,1828.33,1835.66,248416
2018-04-24,1801.52,1819.27,1785.43,1800.77,178282
2018-04-25,1823.32,1853.94,1792.38,1814.43,183876
2018-04-26,1847.72,1861.5,1831.21,1843.47,223339
2018-04-27,1827.72,1832.37,1817.71,1821.69,225367
2018-04-30,1847.38,1855.87,1836.39,1842.71,180252
2018-05-01,1837.82,1849.84,1823.47,1832.6,199274
2018-05-02,1815.94,1826.05,1809.32,1818.78,208846
2018-05-03,1805.69,1811.38,1802.31,1807.67,143546
2018-05-04,1786.46,1807.75,1773.46,1793.29,139798
2018-05-07,1804.08,1807.72,1795.36,1798.44,132135
2018-05-08,1777.27,1789.7,1773.52,1785.32,122917
2018-05-09,1781.81,1802.15,1765.07,1780.46,268706
2018-05-10,1793.45,1821.74,1774.12,1797.84,165698
2018-05-11,1805.86,1832.12,1786.22,1809.04,175962
2018-05-14,1819.18,1849.73,1791.54,1818.45,176675
2018-05-15,1805.18,1816.77,1800.71,1811.22,142495
2018-05-16,1820.37,1830.42,1816.41,1825.34,178223
2018-05-17,1825.54,1849.87,1803.01,1820.35,212217
2018-05-18,1838.48,1863.06,1823.59,1842.27,112503
2018-05-21,1871.52,1896.1,1852.87,1872.87,154902
2018-05-22,1869.21,1895.05,1852.0,1872.55,190571
2018-05-23,1867.81,1893.5,1843.82,1865.87,310727
2018-05-24,1857.56,1865.58,1848.42,1856.19,199277
2018-05-25,1833.23,1861.09,1814.85,1842.04,201704
2018-05-28,1823.75,1848.96,1802.78,1822.02,154224
2018-05-29,1808.37,1824.38,1790.76,1804.64,208920
2018-05-30,1801.8,1835.26,1780.61,1807.74,186860
2018-05-31,1805.99,1828.06,1792.12,1808.51,136471
2018-06-01,1824.33,1839.79,1815.42,1827.24,236136
2018-06-04,1790.27,1806.04,1785.94,1801.01,251089
2018-06-05,1805.94,1815.01,1786.87,1793.37,235071
2018-06-06,1820.93,1835.64,1808.45,1822.81,187271
2018-06-07,1846.94,1869.48,1817.76,1839.05,240739
2018-06-08,1825.64,1834.63,1819.83,1828.77,245915
2018-06-11,1843.21,1853.55,1830.27,1838.55,251290
2018-06-12,1821.88,1855.88,1797.81,1828.69,185778
2018-06-13,1828.27,1832.39,1824.9,1828.03,227930
2018-06-14,1839.02,1872.02,1811.23,1835.95,193164
2018-06-15,1829.27,1847.71,1818.21,1832.16,201381
2018-06-18,1818.29,1838.83,1811.42,1829.21,249091
2018-06-19,1806.81,1842.3,1783.79,1813.34,156371
2018-06-20,1806.01,1835.9,1779.48,1805.18,234286
2018-06-21,1776.5,1788.45,1768.51,1777.37,187801
2018-06-22,1796.47,1809.5,1789.69,1801.56,161187
2018-06-25,1780.53,1797.8,1760.29,1776.98,288254
2018-06-26,1750.12,1755.16,1743.62,1747.64,231271
2018-06-27,1787.16,1806.95,1762.37,1777.38,123213
2018-06-28,1793.02,1820.04,1762.11,1787.63,150018
2018-06-29,1825.4,1842.71,1796.73,1813.5,221452
2018-07-02,1808.15,1833.92,1789.79,1813.52,236380
2018-07-03,1815.17,1844.44,1785.05,1811.67,157318
2018-07-04,1787.21,1806.76,1768.63,1786.41,174587
2018-07-05,1765.01,1777.8,1757.84,1768.0,178564
2018-07-06,1756.87,1791.49,1736.05,1761.96,136748
2018-07-09,1767.83,1787.81,1742.17,1760.71,157024
2018-07-10,1751.07,1775.74,1729.32,1747.48,215133
2018-07-11,1740.61,1749.57,1728.04,1734.97,194824
2018-07-12,1735.09,1756.75,1717.45,1736.06,188961
2018-07-13,1746.03,1762.39,1734.24,1748.62,172314
2018-07-16,1760.72,1796.09,1737.8,1770.39,174787
2018-07-17,1791.08,1809.58,1771.97,1788.04,178072
2018-07-18,1801.68,1820.81,1783.05,1797.35,263445
2018-07-19,1794.44,1808.45,1773.03,1784.84,210089
2018-07-20,1796.18,1813.75,1778.9,1792.81,209591
2018-07-23,1780.16,1811.33,1753.49,1778.59,165531
2018-07-24,1793.83,1801.31,1790.08,1797.46,178403
2018-07-25,1815.8,1826.0,1803.18,1812.93,162026
2018-07-26,1773.65,1786.44,1765.3,1775.35,186000
2018-07-27,1817.16,1840.29,1789.12,1811.9,229493
2018-07-30,1812.22,1839.42,1790.69,1811.89,155017
2018-07-31,1799.74,1809.05,1790.09,1797.17,272031
2018-08-01,1812.44,1838.07,1787.82,1810.48,134066
2018-08-02,1809.14,1815.19,1805.63,1811.0,223646
2018-08-03,1802.55,1829.33,1780.09,1801.1,169021
2018-08-06,1821.67,1839.23,1798.96,1812.72,241971
2018-08-07,1810.47,1829.39,1797.3,1811.31,109208
2018-08-08,1799.07,1829.91,1768.47,1797.42,158188
2018-08-09,1803.72,1819.58,1788.35,1800.17,232653
2018-08-10,1815.91,1836.14,1794.44,1813.02,123765
2018-08-13,1823.01,1840.56,1804.33,1818.58,127952
2018-08-14,1812.5,1841.09,1787.87,1814.51,221647
2018-08-15,1842.22,1856.88,1828.92,1842.02,220424
2018-08-16,1826.88,1834.38,1821.49,1827.09,207587
2018-08-17,1842.77,1848.49,1834.21,1839.35,242595
2018-08-20,1850.16,1867.35,1839.63,1853.66,304016
2018-08-21,1880.12,1905.83,1855.91,1878.14,218147
2018-08-22,1843.77,1876.35,1825.88,1851.66,198334
2018-08-23,1854.06,1883.36,1835.52,1857.31,130825
2018-08-24,1817.18,1836.6,1804.71,1823.26,177063
2018-08-27,1806.33,1815.34,1791.9,1799.32,162992
2018-08-28,1795.32,1825.08,1769.09,1795.03,200587
2018-08-29,1775.79,1781.56,1772.57,1777.59,192863
2018-08-30,1803.54,1819.86,1790.8,1804.54,235859
2018-08-31,1813.54,1819.56,1804.0,1809.15,212427
2018-09-03,1812.68,1841.44,1790.83,1815.63,173889
2018-09-04,1826.12,1844.5,1812.96,1828.44,194605
2018-09-05,1818.4,1833.38,1804.88,1816.84,174453
2018-09-06,1772.29,1776.37,1766.91,1770.54,152022
2018-09-07,1772.87,1783.59,1768.59,1778.81,241215
2018-09-10,1777.04,1798.83,1754.51,1774.56,213174
2018-09-11,1782.2,1807.25,1758.68,1778.5,177243
2018-09-12,1742.32,1758.82,1733.16,1747.28,226323
2018-09-13,1744.54,1762.7,1731.7,1745.84,175044
2018-09-14,1788.92,1812.22,1762.61,1783.76,165730
2018-09-17,1830.93,1866.36,1806.0,1833.74,193851
2018-09-18,1838.77,1855.26,1828.21,1841.11,196342
2018-09-19,1848.7,1867.25,1833.7,1851.71,242242
2018-09-20,1837.12,1856.63,1816.57,1831.07,309113
2018-09-21,1828.32,1843.03,1817.54,1828.92,239379
2018-09-24,1811.77,1822.38,1803.51,1811.09,209659
2018-09-25,1796.37,1833.6,1770.97,1802.64,170445
2018-09-26,1795.9,1825.35,1775.01,1800.99,163390
2018-09-27,1791.18,1803.88,1779.41,1790.78,154179
2018-09-28,1785.59,1821.1,1760.4,1790.71,224664
2018-10-01,1794.66,1813.62,1777.39,1794.09,246994
2018-10-02,1785.99,1805.11,1765.2,1781.46,216412
2018-10-03,1780.75,1811.65,1759.62,1785.51,188621
2018-10-04,1754.61,1776.55,1732.88,1753.77,180544
2018-10-05,1759.37,1776.93,1739.38,1755.81,192676
2018-10-08,1795.53,1804.14,1779.07,1786.23,225362
2018-10-09,1804.8,1815.14,1793.39,1802.75,153206
2018-10-10,1816.82,1823.75,1808.2,1814.2,184490
2018-10-11,1816.99,1835.14,1794.9,1808.34,210060
2018-10-12,1829.9,1864.13,1806.02,1831.79,202239
2018-10-15,1847.54,1866.62,1831.47,1846.64,165397
2018-10-16,1850.37,1873.09,1828.69,1850.55,304242
2018-10-17,1861.6,1892.05,1825.03,1854.52,123971
2018-10-18,1856.91,1883.97,1832.42,1854.34,130071
2018-10-19,1841.14,1873.85,1807.23,1835.35,156244
2018-10-22,1846.43,1862.73,1825.8,1840.14,245191
2018-10-23,1859.59,1870.58,1843.0,1852.93,261207
2018-10-24,1864.88,1898.02,1839.78,1866.6,165092
2018-10-25,1864.35,1868.77,1860.22,1863.58,343717
2018-10-26,1884.03,1898.51,1868.62,1881.08,231481
2018-10-29,1879.98,1910.62,1851.62,1880.28,191819
2018-10-30,1888.65,1901.2,1875.69,1886.88,219469
2018-10-31,1872.48,1881.16,1866.59,1874.05,137890
2018-11-01,1857.78,1888.58,1828.99,1855.2,235477
2018-11-02,1832.67,1853.28,1811.34,1827.42,219040
2018-11-05,1802.71,1819.37,1788.83,1802.02,225776
2018-11-06,1827.37,1851.55,1806.63,1829.93,207274
2018-11-07,1823.88,1835.8,1809.8,1818.89,197191
2018-11-08,1853.64,1864.35,1846.04,1854.32,154351
2018-11-09,1872.52,1907.37,1846.85,1874.01,286285
2018-11-12,1885.77,1919.44,1860.61,1885.84,218376
2018-11-13,1887.46,1903.34,1871.27,1886.95,209947
2018-11-14,1875.74,1906.75,1846.12,1875.44,151174
2018-11-15,1866.45,1872.74,1853.21,1859.16,172051
2018-11-16,1850.66,1863.93,1835.37,1848.58,212896
2018-11-19,1843.62,1876.48,1816.95,1849.36,184520
2018-11-20,1819.33,1854.58,1792.02,1823.78,177450
2018-11-21,1811.66,1816.97,1806.33,1811.09,131860
2018-11-22,1783.95,1822.75,1762.26,1792.02,212371
2018-11-23,1792.09,1802.77,1783.98,1792.37,186895
2018-11-26,1782.66,1795.13,1770.85,1780.52,253399
2018-11-27,1764.28,1802.4,1739.45,1772.23,238773
2018-11-28,1761.88,1777.85,1751.14,1765.81,147473
2018-11-29,1759.28,1776.92,1739.53,1756.91,144711
2018-11-30,1767.85,1798.39,1743.23,1769.38,204785
2018-12-03,1768.8,1784.33,1752.02,1766.29,172802
2018-12-04,1743.36,1768.19,1722.4,1743.88,152623
2018-12-05,1727.22,1760.84,1708.98,1741.93,190847
2018-12-06,1730.69,1751.19,1714.29,1732.64,220506
2018-12-07,1743.27,1764.08,1723.69,1741.69,181542
2018-12-10,1731.64,1749.02,1711.33,1724.65,187653
2018-12-11,1741.53,1760.85,1733.45,1750.73,157485
2018-12-12,1762.23,1799.19,1734.31,1769.18,154569
2018-12-13,1760.86,1774.08,1755.82,1767.34,170306
2018-12-14,1745.86,1772.39,1729.83,1754.1,194392
2018-12-17,1771.91,1803.1,1736.66,1767.5,157423
2018-12-18,1779.51,1784.27,1775.89,1779.84,205929
2018-12-19,1770.02,1784.21,1759.4,1773.07,259054
2018-12-20,1780.91,1785.47,1766.83,1770.51,188297
2018-12-21,1776.93,1799.87,1763.11,1782.74,130281
2018-12-24,1777.21,1799.52,1756.73,1774.04,228021
2018-12-25,1797.17,1814.04,1781.8,1797.39,231724
2018-12-26,1788.97,1812.25,1763.18,1785.96,143328
2018-12-27,1815.55,1823.86,1804.74,1811.94,205763
2018-12-28,1819.86,1846.46,1802.05,1822.7,146968
2018-12-31,1816.99,1829.73,1804.57,1814.58,225837
2019-01-01,1784.7,1818.89,1757.6,1789.46,187507
2019-01-02,1752.08,1774.65,1744.88,1764.82,232695
2019-01-03,1768.21,1796.71,1756.91,1783.56,228768
2019-01-04,1815.7,1837.13,1786.62,1807.12,177891
2019-01-07,1796.42,1801.68,1790.44,1795.36,191063
2019-01-08,1795.25,1804.01,1789.81,1798.0,190351
2019-01-09,1756.12,1804.57,1729.66,1776.21,237283
2019-01-10,1741.46,1762.52,1734.37,1754.59,216507
2019-01-11,1736.78,1758.52,1725.86,1744.68,238803
2019-01-14,1736.42,1752.33,1722.94,1735.47,205336
2019-01-15,1695.42,1712.97,1689.17,1706.48,237709
2019-01-16,1699.5,1719.38,1683.22,1700.31,237072
2019-01-17,1678.07,1690.5,1669.23,1681.58,351012
2019-01-18,1684.27,1726.89,1655.59,1696.4,222421
2019-01-21,1725.14,1733.32,1708.28,1715.34,205875
2019-01-22,1720.1,1747.24,1687.15,1710.7,221094
2019-01-23,1701.16,1720.2,1688.13,1705.27,279004
2019-01-24,1707.67,1718.51,1703.37,1714.09,201875
2019-01-25,1747.27,1752.11,1741.37,1746.17,135393
2019-01-28,1716.04,1738.23,1692.23,1708.19,231371
2019-01-29,1712.75,1738.64,1687.3,1705.59,304170
2019-01-30,1640.55,1646.77,1636.92,1643.07,224553
2019-01-31,1632.77,1651.54,1615.77,1630.1,263439
2019-02-01,1634.76,1649.26,1622.96,1636.67,288191
2019-02-04,1617.73,1641.33,1587.75,1609.98,202716
2019-02-05,1589.9,1602.31,1582.75,1593.86,177677
2019-02-06,1580.88,1592.41,1556.51,1566.93,254587
2019-02-07,1588.59,1612.38,1569.02,1591.46,175675
2019-02-08,1554.97,1576.56,1542.21,1561.47,172545
2019-02-11,1537.79,1569.22,1512.23,1542.86,232689
2019-02-12,1523.02,1533.69,1514.71,1522.86,162701
2019-02-13,1514.9,1536.87,1493.76,1514.43,204326
2019-02-14,1514.92,1533.87,1501.0,1516.87,165081
2019-02-15,1480.59,1494.73,1473.13,1484.29,175917
2019-02-18,1488.0,1494.48,1481.68,1487.94,235090
2019-02-19,1526.63,1552.56,1503.9,1527.9,192716
2019-02-20,1538.57,1564.59,1517.51,1538.52,249758
2019-02-21,1540.12,1556.94,1527.74,1543.99,253089
2019-02-22,1567.11,1571.1,1559.97,1563.2,169511
2019-02-25,1552.34,1574.94,1527.65,1544.81,246974
2019-02-26,1545.94,1551.02,1528.58,1532.69,290676
2019-02-27,1461.54,1478.63,1453.87,1469.02,234675
2019-02-28,1487.58,1508.53,1464.27,1482.83,168556
2019-03-01,1433.96,1467.23,1416.73,1446.67,189285
2019-03-04,1422.54,1427.69,1418.66,1423.81,309115
2019-03-05,1418.3,1444.36,1402.66,1422.77,176352
2019-03-06,1426.98,1453.5,1414.57,1439.39,173213
2019-03-07,1434.7,1449.45,1427.96,1440.58,309565
2019-03-08,1390.87,1413.46,1378.79,1397.08,274063
2019-03-11,1397.04,1422.44,1374.12,1398.7,197993
2019-03-12,1443.69,1452.77,1430.8,1438.63,242636
2019-03-13,1459.5,1469.33,1437.39,1445.8,203446
2019-03-14,1451.92,1469.31,1441.76,1456.15,202885
2019-03-15,1454.78,1458.68,1445.26,1448.09,246841
2019-03-18,1453.77,1464.62,1447.06,1455.44,239719
2019-03-19,1467.67,1486.0,1457.81,1471.92,167534
2019-03-20,1452.36,1458.3,1443.64,1449.41,190259
2019-03-21,1417.62,1431.0,1405.67,1418.84,232916
2019-03-22,1417.15,1441.42,1393.59,1416.57,204751
2019-03-25,1425.68,1447.66,1403.25,1419.71,321641
2019-03-26,1427.51,1433.22,1419.8,1424.88,231109
2019-03-27,1426.49,1448.21,1400.85,1421.25,132777
2019-03-28,1447.32,1472.53,1427.96,1451.03,187610
2019-03-29,1456.75,1480.42,1432.51,1454.1,248215
2019-04-01,1457.04,1477.7,1441.85,1462.33,200263
2019-04-02,1461.77,1469.54,1452.93,1460.52,182285
2019-04-03,1465.68,1471.45,1457.66,1462.28,224260
2019-04-04,1460.11,1470.64,1443.16,1453.04,165421
2019-04-05,1471.89,1487.76,1456.58,1470.26,148014
2019-04-08,1475.71,1500.6,1443.16,1464.53,218443
2019-04-09,1462.13,1480.4,1447.55,1462.93,238869
2019-04-10,1463.98,1491.27,1446.26,1470.24,139515
2019-04-11,1488.4,1501.3,1477.43,1489.3,269515
2019-04-12,1541.46,1545.35,1534.44,1538.26,284710
2019-04-15,1506.23,1524.1,1496.81,1511.68,240887
2019-04-16,1509.65,1529.97,1493.55,1509.39,166554
2019-04-17,1562.52,1577.18,1551.94,1564.5,188936
2019-04-18,1590.88,1609.01,1575.06,1591.03,208538
2019-04-19,1559.56,1584.04,1539.86,1562.49,202237
2019-04-22,1566.31,1583.39,1561.13,1576.68,206301
2019-04-23,1582.79,1610.46,1559.4,1583.99,249490
2019-04-24,1612.14,1649.59,1584.13,1620.93,222360
2019-04-25,1598.62,1614.01,1583.2,1598.59,237418
2019-04-26,1586.71,1604.65,1573.02,1587.79,224308
2019-04-29,1591.62,1603.16,1578.59,1589.21,230976
2019-04-30,1565.9,1605.24,1546.04,1583.67,230392
2019-05-01,1588.07,1616.78,1565.83,1592.3,254772
2019-05-02,1531.04,1551.85,1513.03,1533.16,261575
2019-05-03,1505.18,1532.12,1476.55,1502.7,175382
2019-05-06,1510.71,1526.97,1492.15,1508.35,268116
2019-05-07,1526.02,1539.55,1509.56,1520.76,306789
2019-05-08,1540.24,1550.65,1524.54,1532.95,148492
2019-05-09,1549.81,1568.19,1544.06,1562.36,244323
2019-05-10,1546.44,1558.62,1533.15,1542.18,158797
2019-05-13,1534.24,1538.84,1524.63,1528.91,330722
2019-05-14,1513.3,1537.6,1498.83,1521.58,237678
2019-05-15,1525.43,1531.26,1514.13,1518.29,199934
2019-05-16,1516.57,1535.11,1499.1,1513.55,234234
2019-05-17,1545.74,1560.56,1535.07,1546.5,224041
2019-05-20,1586.55,1603.45,1566.24,1581.9,276460
2019-05-21,1578.15,1585.12,1570.53,1576.47,246498
2019-05-22,1576.85,1610.76,1552.11,1584.05,181073
2019-05-23,1630.03,1645.81,1611.82,1627.17,225817
2019-05-24,1644.23,1653.37,1626.28,1633.69,171106
2019-05-27,1624.62,1640.38,1611.91,1625.12,235039
2019-05-28,1644.03,1661.87,1621.08,1634.91,262383
2019-05-29,1607.26,1611.44,1599.48,1603.28,256909
2019-05-30,1595.27,1604.66,1588.93,1596.48,224840
2019-05-31,1622.29,1629.12,1615.55,1621.18,118570
2019-06-03,1649.43,1665.03,1633.34,1645.38,188907
2019-06-04,1683.79,1703.44,1664.7,1681.69,234213
2019-06-05,1667.22,1674.05,1656.21,1662.79,243792
2019-06-06,1647.28,1674.87,1626.1,1645.8,165333
2019-06-07,1650.55,1666.18,1636.45,1647.46,241226
2019-06-10,1640.61,1672.86,1616.27,1647.44,274713
2019-06-11,1682.99,1697.62,1677.66,1692.18,208534
2019-06-12,1645.35,1679.87,1625.74,1653.06,219436
2019-06-13,1658.26,1697.95,1640.82,1677.9,235815
2019-06-14,1732.59,1751.28,1697.95,1711.97,254342
2019-06-17,1686.98,1707.51,1669.98,1689.01,232403
2019-06-18,1728.24,1754.82,1687.28,1713.26,317274
2019-06-19,1725.34,1753.75,1709.26,1733.0,263241
2019-06-20,1726.63,1743.04,1704.8,1720.75,243148
2019-06-21,1727.19,1748.88,1723.71,1744.6,207944
2019-06-24,1750.69,1774.34,1721.0,1743.24,185646
2019-06-25,1802.23,1822.25,1785.41,1800.28,198690
2019-06-26,1821.09,1848.73,1788.04,1812.73,202525
2019-06-27,1806.68,1813.54,1792.73,1798.67,163407
2019-06-28,1805.8,1835.18,1779.73,1805.13,298544
2019-07-01,1846.91,1856.81,1836.8,1843.9,294820
2019-07-02,1842.26,1876.47,1819.88,1845.43,350355
2019-07-03,1879.71,1900.31,1867.53,1884.35,228079
2019-07-04,1860.38,1874.38,1854.32,1867.22,206591
2019-07-05,1877.35,1892.81,1872.58,1887.78,249526
2019-07-08,1941.83,1970.78,1910.41,1934.16,157483
2019-07-09,1965.55,1991.13,1944.06,1963.69,327968
2019-07-10,1945.78,1964.15,1924.41,1939.31,234062
2019-07-11,1883.93,1904.24,1870.77,1886.6,249912
2019-07-12,1890.77,1901.37,1876.36,1885.13,233329
2019-07-15,1896.99,1911.63,1891.59,1905.36,214794
2019-07-16,1858.49,1863.6,1853.25,1857.02,158770
2019-07-17,1805.52,1813.43,1793.91,1799.8,161571
2019-07-18,1844.53,1865.04,1826.53,1841.57,265230
2019-07-19,1864.8,1903.73,1837.77,1870.55,231574
2019-07-22,1855.15,1886.18,1829.18,1859.73,174439
2019-07-23,1879.76,1889.68,1851.38,1859.63,171039
2019-07-24,1897.98,1931.19,1856.84,1887.38,331470
2019-07-25,1906.25,1925.02,1890.64,1905.92,195869
2019-07-26,1897.15,1927.24,1878.59,1903.23,294821
2019-07-29,1908.75,1931.45,1874.65,1897.06,274563
2019-07-30,1889.23,1930.94,1863.21,1899.55,177400
2019-07-31,1936.29,1952.29,1918.46,1930.52,202696
2019-08-01,1918.57,1948.69,1894.93,1918.6,211721
2019-08-02,1889.76,1920.37,1867.98,1897.47,258564
2019-08-05,1871.84,1885.54,1862.1,1874.71,196378
2019-08-06,1940.14,1968.3,1915.73,1938.13,300978
2019-08-07,1941.11,1969.2,1924.87,1949.82,152770
2019-08-08,1886.55,1903.6,1871.2,1883.48,237876
2019-08-09,1873.34,1908.16,1852.13,1878.36,212740
2019-08-12,1909.44,1927.88,1894.33,1911.3,202264
2019-08-13,1941.15,1962.14,1905.68,1924.05,209904
2019-08-14,1911.03,1946.23,1883.53,1913.47,197949
2019-08-15,1928.81,1940.02,1917.39,1925.97,117332
2019-08-16,1904.82,1945.54,1882.25,1915.76,253850
2019-08-19,1886.72,1913.8,1879.28,1906.1,189085
2019-08-20,1948.58,1957.5,1936.72,1943.2,211110
2019-08-21,1976.33,1985.95,1952.33,1959.95,175138
2019-08-22,1959.57,1987.44,1938.91,1961.18,271242
2019-08-23,1952.35,1982.96,1926.2,1953.58,217349
2019-08-26,1926.89,1931.67,1920.8,1924.66,231823
2019-08-27,1935.66,1972.45,1917.3,1953.19,244985
2019-08-28,1903.42,1937.06,1886.68,1913.06,228443
2019-08-29,1974.15,1979.06,1968.46,1972.96,254247
2019-08-30,1957.37,1970.46,1945.02,1954.78,313209
2019-09-02,1942.65,1962.0,1932.23,1951.23,201417
2019-09-03,1977.3,1997.54,1948.49,1968.34,193712
2019-09-04,1961.82,1973.41,1955.37,1964.46,249356
2019-09-05,1989.38,2011.54,1965.44,1983.87,224012
2019-09-06,2010.12,2031.12,2006.6,2026.57,192786
2019-09-09,1994.54,2012.46,1981.46,1997.84,254342
2019-09-10,1993.01,2012.91,1986.94,2005.09,223146
2019-09-11,1982.12,2006.67,1957.56,1981.24,171635
2019-09-12,2007.66,2029.4,1999.91,2020.13,230889
2019-09-13,2042.41,2075.44,2008.98,2039.55,141393
2019-09-16,2052.55,2072.55,2028.2,2044.0,197774
2019-09-17,2041.77,2072.02,2010.11,2034.3,178778
2019-09-18,2026.31,2038.07,2010.24,2020.42,206460
2019-09-19,1949.77,1975.09,1934.75,1958.98,266845
2019-09-20,1916.09,1944.14,1886.43,1910.11,185986
2019-09-23,1890.78,1906.77,1873.12,1887.8,202346
2019-09-24,1885.35,1904.6,1866.37,1884.7,221551
2019-09-25,1882.79,1910.38,1865.41,1892.74,140835
2019-09-26,1894.76,1901.61,1877.82,1883.23,158134
2019-09-27,1910.02,1933.23,1875.41,1893.68,242201
2019-09-30,1867.15,1896.19,1851.23,1876.56,273545
2019-10-01,1887.36,1911.7,1866.31,1888.75,242813
2019-10-02,1892.05,1936.16,1865.33,1905.6,174580
2019-10-03,1941.12,1970.91,1909.67,1938.43,147285
2019-10-04,1879.98,1900.47,1866.29,1885.6,266664
2019-10-07,1919.54,1932.08,1904.96,1914.47,263222
2019-10-08,1931.13,1945.13,1913.42,1926.96,184107
2019-10-09,1892.89,1935.98,1878.59,1916.64,199846
2019-10-10,1910.06,1945.41,1887.13,1918.99,351411
2019-10-11,1916.7,1931.76,1902.91,1913.72,309344
2019-10-14,1895.36,1917.93,1879.81,1900.87,272758
2019-10-15,1850.88,1873.4,1832.17,1854.15,225509
2019-10-16,1865.75,1883.13,1848.89,1864.51,258806
2019-10-17,1917.01,1933.02,1897.09,1911.19,274259
2019-10-18,1958.48,1965.42,1946.47,1951.33,206932
2019-10-21,1935.66,1963.65,1915.67,1939.13,199333
2019-10-22,1917.03,1925.63,1906.44,1912.85,196301
2019-10-23,1977.64,1989.22,1968.97,1978.41,195857
2019-10-24,1984.48,2015.69,1947.68,1976.94,237657
2019-10-25,1939.52,1954.04,1925.69,1939.57,181699
2019-10-28,1962.68,1986.98,1941.2,1963.43,177270
2019-10-29,1871.69,1919.2,1848.36,1890.25,225240
2019-10-30,1898.53,1905.35,1881.4,1886.79,244792
2019-10-31,1880.62,1904.72,1864.88,1883.45,229650
2019-11-01,1891.92,1909.68,1872.85,1890.21,205894
2019-11-04,1867.3,1886.47,1850.54,1869.17,286562
2019-11-05,1878.25,1887.71,1867.91,1875.35,244458
2019-11-06,1843.14,1863.9,1830.21,1846.85,319282
2019-11-07,1819.9,1846.23,1793.76,1818.76,165957
2019-11-08,1793.2,1805.83,1783.01,1793.2,167166
2019-11-11,1817.32,1829.86,1810.05,1821.62,213722
2019-11-12,1843.38,1874.63,1809.11,1833.24,368522
2019-11-13,1826.0,1858.77,1798.82,1824.46,271362
2019-11-14,1911.64,1928.68,1901.33,1914.26,250870
2019-11-15,1939.97,1971.96,1918.35,1946.42,269519
2019-11-18,1928.16,1952.11,1922.85,1944.84,296623
2019-11-19,1942.94,1979.45,1916.21,1944.51,190432
2019-11-20,1999.13,2009.07,1985.47,1995.36,180823
2019-11-21,1964.43,1983.62,1946.62,1961.06,167652
2019-11-22,1941.72,1963.11,1912.98,1933.9,156722
2019-11-25,1962.1,1984.09,1948.61,1968.98,254445
2019-11-26,1969.97,1983.13,1956.53,1967.56,287694
2019-11-27,2010.23,2032.88,2002.8,2024.08,213533
2019-11-28,2007.9,2028.42,1989.68,2008.03,211119
2019-11-29,1982.5,1995.85,1954.3,1964.28,220541
2019-12-02,1947.75,1964.33,1927.84,1942.21,199563
2019-12-03,1889.47,1896.02,1885.7,1891.33,205243
2019-12-04,1906.88,1936.8,1872.93,1895.01,165012
2019-12-05,1859.96,1886.49,1844.22,1867.92,272895
2019-12-06,1872.41,1889.74,1855.58,1867.86,214915
2019-12-09,1850.63,1882.01,1823.52,1849.48,205357
2019-12-10,1823.54,1850.74,1792.8,1815.34,140076
2019-12-11,1817.08,1829.72,1809.01,1821.42,256946
2019-12-12,1789.48,1806.1,1785.62,1800.94,180667
2019-12-13,1785.98,1809.87,1761.23,1780.88,212705
2019-12-16,1785.61,1823.17,1761.9,1796.07,250247
2019-12-17,1764.07,1804.23,1734.43,1773.45,233618
2019-12-18,1773.33,1803.8,1749.65,1772.71,369324
2019-12-19,1776.19,1812.62,1757.39,1791.01,324632
2019-12-20,1853.59,1876.57,1825.91,1844.79,209700
2019-12-23,1870.5,1898.93,1848.01,1874.22,247290
2019-12-24,1854.54,1869.22,1842.31,1855.79,223453
2019-12-25,1837.75,1848.13,1830.73,1839.02,222132
2019-12-26,1835.07,1843.07,1826.68,1832.44,357746
2019-12-27,1827.24,1843.08,1799.34,1815.02,157929
2019-12-30,1823.61,1854.62,1792.55,1819.38,180089
2019-12-31,1830.56,1840.15,1813.87,1823.06,263110
2020-01-01,1804.27,1820.13,1788.39,1800.16,259271
2020-01-02,1755.74,1787.2,1732.61,1762.48,185238
2020-01-03,1763.8,1787.1,1757.12,1778.87,211988
2020-01-06,1771.22,1806.38,1741.67,1776.34,227746
2020-01-07,1768.38,1778.64,1761.94,1770.17,135450
2020-01-08,1800.87,1811.8,1793.15,1803.14,227258
2020-01-09,1802.03,1813.92,1791.07,1799.45,198974
2020-01-10,1726.22,1739.25,1715.56,1727.32,241181
2020-01-13,1734.51,1772.26,1711.43,1746.15,206878
2020-01-14,1710.69,1755.33,1681.97,1725.7,219085
2020-01-15,1701.92,1712.3,1697.09,1706.94,283233
2020-01-16,1756.36,1779.64,1717.67,1738.12,177807
2020-01-17,1757.47,1772.49,1737.65,1750.16,260056
2020-01-20,1742.41,1767.87,1728.19,1751.28,223983
2020-01-21,1761.0,1779.67,1740.04,1757.18,242022
2020-01-22,1778.22,1802.93,1747.74,1768.95,259376
2020-01-23,1723.54,1730.67,1717.46,1724.44,118214
2020-01-24,1741.2,1751.18,1719.9,1729.68,225356
2020-01-27,1709.63,1735.74,1687.55,1711.77,153609
2020-01-28,1674.92,1693.52,1656.45,1673.76,236131
2020-01-29,1634.82,1642.27,1628.6,1634.46,133864
2020-01-30,1619.25,1643.99,1590.16,1614.16,138628
2020-01-31,1617.22,1641.75,1603.96,1622.79,179379
2020-02-03,1626.15,1641.66,1617.15,1632.25,282562
2020-02-04,1626.45,1635.16,1617.9,1626.12,158914
2020-02-05,1654.41,1675.08,1634.28,1652.41,248292
2020-02-06,1671.25,1691.42,1652.68,1671.67,219554
2020-02-07,1663.92,1670.15,1658.79,1663.37,178447
2020-02-10,1653.39,1687.99,1633.95,1661.73,449434
2020-02-11,1655.81,1683.44,1635.79,1656.14,208123
2020-02-12,1669.8,1690.68,1644.81,1663.12,233956
2020-02-13,1667.48,1674.22,1657.69,1663.96,203300
2020-02-14,1647.31,1651.55,1640.04,1643.73,213322
2020-02-17,1595.27,1612.44,1583.68,1597.88,199008
2020-02-18,1611.85,1618.49,1603.36,1608.52,171344
2020-02-19,1587.03,1610.4,1562.05,1583.8,180005
2020-02-20,1585.29,1608.51,1567.5,1586.13,304027
2020-02-21,1608.42,1631.77,1589.14,1610.11,207829
2020-02-24,1612.22,1620.79,1606.43,1614.65,191905
2020-02-25,1616.45,1645.48,1594.43,1618.73,258710
2020-02-26,1617.24,1632.45,1600.9,1615.59,352797
2020-02-27,1636.21,1644.4,1626.33,1634.07,243120
2020-02-28,1694.6,1724.61,1656.0,1684.84,316263
2020-03-02,1693.09,1711.63,1685.57,1700.87,178085
2020-03-03,1748.88,1768.25,1740.04,1756.99,243260
2020-03-04,1756.62,1782.84,1740.42,1765.58,193553
2020-03-05,1736.05,1780.63,1716.71,1757.46,178511
2020-03-06,1716.44,1738.8,1698.88,1720.29,272374
2020-03-09,1750.97,1772.16,1718.28,1736.65,294467
2020-03-10,1715.56,1759.18,1694.94,1734.14,226934
2020-03-11,1714.98,1731.48,1697.9,1713.67,188545
2020-03-12,1747.08,1759.38,1733.5,1742.64,261281
2020-03-13,1708.16,1737.63,1692.7,1717.61,235404
2020-03-16,1714.67,1736.58,1689.19,1708.48,203068
2020-03-17,1714.97,1743.3,1688.24,1709.12,200224
2020-03-18,1715.67,1731.43,1695.52,1711.11,272162
2020-03-19,1680.85,1692.36,1657.77,1666.18,190149
2020-03-20,1627.03,1648.4,1604.6,1622.91,174617
2020-03-23,1644.73,1666.61,1625.6,1643.43,298125
2020-03-24,1673.63,1697.58,1653.42,1674.34,279978
2020-03-25,1661.19,1672.41,1639.5,1650.22,288158
2020-03-26,1667.42,1685.64,1652.41,1665.18,215222
2020-03-27,1686.71,1703.86,1651.73,1666.37,258842
2020-03-30,1686.72,1716.62,1671.44,1696.23,253914
2020-03-31,1665.83,1694.21,1629.14,1653.77,280748
2020-04-01,1650.06,1656.73,1642.92,1648.91,179401
2020-04-02,1638.43,1652.75,1627.9,1640.33,275955
2020-04-03,1647.44,1672.03,1628.99,1651.69,212529
2020-04-06,1668.04,1689.72,1659.68,1680.26,212117
2020-04-07,1691.61,1706.71,1675.05,1687.79,237810
2020-04-08,1709.87,1727.17,1698.05,1715.3,145546
2020-04-09,1692.97,1720.86,1670.4,1695.46,200734
2020-04-10,1678.71,1714.0,1661.79,1695.95,215157
2020-04-13,1708.44,1718.86,1699.35,1709.77,250474
2020-04-14,1784.35,1796.98,1755.51,1766.16,163905
2020-04-15,1767.99,1776.37,1755.33,1763.14,201235
2020-04-16,1818.12,1836.69,1793.41,1808.4,164145
2020-04-17,1807.29,1837.19,1782.28,1811.24,222160
2020-04-20,1787.91,1823.62,1759.73,1792.57,183784
2020-04-21,1765.68,1788.52,1755.4,1777.31,324582
2020-04-22,1753.6,1760.1,1750.68,1756.02,243881
2020-04-23,1752.25,1776.79,1740.82,1763.85,246428
2020-04-24,1737.46,1765.23,1711.81,1734.75,208961
2020-04-27,1773.75,1789.64,1753.85,1769.65,246245
2020-04-28,1821.64,1842.33,1798.26,1814.93,188101
2020-04-29,1819.61,1838.45,1810.34,1827.45,211657
2020-04-30,1867.72,1887.11,1836.97,1854.02,193961
2020-05-01,1886.16,1916.77,1865.06,1889.41,201738
2020-05-04,1884.22,1904.58,1871.42,1887.44,224325
2020-05-05,1915.33,1931.25,1901.94,1916.04,215033
2020-05-06,1953.13,1969.54,1942.87,1957.66,180576
2020-05-07,1955.78,1971.1,1935.85,1949.61,225367
2020-05-08,1928.48,1944.05,1905.18,1920.32,197422
2020-05-11,1926.35,1941.6,1905.09,1918.64,138520
2020-05-12,1903.0,1938.95,1892.57,1924.45,237608
2020-05-13,1876.74,1910.03,1851.3,1876.54,146915
2020-05-14,1822.66,1841.82,1811.14,1829.26,253073
2020-05-15,1830.05,1876.42,1806.86,1844.43,260899
2020-05-18,1843.67,1882.3,1814.84,1850.17,186275
2020-05-19,1844.93,1850.14,1839.44,1844.55,238518
2020-05-20,1865.31,1889.87,1841.41,1862.11,223497
2020-05-21,1907.11,1930.87,1891.44,1908.77,171918
2020-05-22,1889.54,1900.77,1883.03,1892.83,280435
2020-05-25,1947.95,1955.0,1935.18,1941.86,228445
2020-05-26,1938.84,1962.01,1922.59,1939.9,188265
2020-05-27,1942.65,1947.63,1935.27,1939.47,208247
2020-05-28,1933.39,1949.42,1920.57,1934.02,191436
2020-05-29,1894.68,1931.82,1870.4,1902.55,243646
2020-06-01,1924.75,1944.56,1908.55,1924.53,280711
2020-06-02,1968.94,1994.63,1933.78,1954.56,213556
2020-06-03,1985.86,2020.05,1949.51,1983.37,196463
2020-06-04,1973.52,2007.52,1941.7,1975.29,278664
2020-06-05,1990.68,1996.52,1979.85,1985.64,143343
2020-06-08,1974.21,1995.66,1957.13,1976.69,242027
2020-06-09,2044.5,2071.36,2025.68,2044.99,197427
2020-06-10,2015.74,2028.41,2008.94,2021.3,208813
2020-06-11,1995.23,2031.02,1974.12,2005.28,187951
2020-06-12,2078.94,2116.35,2055.48,2083.5,276296
2020-06-15,2073.41,2100.99,2050.82,2072.21,201649
2020-06-16,2082.68,2119.37,2057.04,2086.28,248909
2020-06-17,2089.64,2124.58,2066.99,2092.87,174874
2020-06-18,2096.66,2108.08,2080.7,2088.71,271840
2020-06-19,2080.95,2092.52,2057.78,2067.59,286760
2020-06-22,2073.13,2103.14,2038.26,2063.81,214685
2020-06-23,2039.17,2057.8,2033.65,2050.52,201605
2020-06-24,2043.83,2052.01,2034.25,2040.88,173895
2020-06-25,2068.33,2093.57,2041.66,2060.95,172415
2020-06-26,2108.73,2119.43,2089.9,2098.23,279540
2020-06-29,2081.08,2096.16,2055.77,2068.23,156474
2020-06-30,2100.04,2135.49,2069.83,2098.24,199709
2020-07-01,2051.18,2077.21,2035.52,2060.03,188628
2020-07-02,2072.68,2097.84,2053.37,2075.58,169138
2020-07-03,2101.05,2111.47,2062.21,2072.22,274455
2020-07-06,2072.31,2083.92,2059.31,2069.06,236713
2020-07-07,2080.79,2097.61,2060.14,2076.8,201509
2020-07-08,2082.67,2113.31,2050.4,2074.96,162812
2020-07-09,2047.26,2082.14,2020.75,2046.05,273099
2020-07-10,2032.22,2053.03,2008.79,2028.03,228936
2020-07-13,2036.89,2068.84,2016.24,2041.12,283280
2020-07-14,2029.48,2049.57,1999.28,2018.77,178574
2020-07-15,2026.34,2073.79,1997.32,2039.57,162807
2020-07-16,2032.86,2066.87,1993.86,2027.69,137714
2020-07-17,2073.55,2088.93,2061.92,2073.29,190533
2020-07-20,2047.59,2065.46,2037.75,2053.52,345452
2020-07-21,2022.16,2056.7,1997.76,2027.41,260437
2020-07-22,2033.96,2055.14,1999.1,2016.08,202536
2020-07-23,2007.68,2017.51,1998.51,2007.34,208252
2020-07-24,1968.61,1981.13,1955.97,1968.11,228547
2020-07-27,2009.29,2021.11,1997.27,2007.88,337429
2020-07-28,1958.44,1976.71,1945.28,1961.77,295710
2020-07-29,1943.32,1967.86,1922.2,1940.96,302457
2020-07-30,1933.37,1944.92,1922.09,1932.82,209298
2020-07-31,1984.48,2006.34,1957.56,1972.95,173000
2020-08-03,1956.19,1987.2,1918.83,1945.11,220077
2020-08-04,1916.11,1934.48,1897.06,1910.42,353626
2020-08-05,1918.65,1942.47,1896.02,1917.74,184807
2020-08-06,1861.66,1889.21,1839.65,1865.79,179317
2020-08-07,1890.9,1905.15,1877.67,1889.17,271735
2020-08-10,1894.41,1910.7,1876.09,1888.8,277685
2020-08-11,1938.35,1970.77,1904.46,1928.16,187336
2020-08-12,1932.63,1945.19,1919.44,1930.0,215957
2020-08-13,1942.81,1974.13,1915.55,1941.55,237893
2020-08-14,1917.17,1931.7,1903.46,1914.8,201044
2020-08-17,1906.24,1922.75,1879.87,1894.91,205600
2020-08-18,1943.87,1950.26,1938.75,1944.09,284301
2020-08-19,1965.42,1986.66,1949.75,1970.44,234255
2020-08-20,1982.45,2017.64,1952.81,1979.02,210314
2020-08-21,1962.47,1984.15,1955.49,1976.53,183926
2020-08-24,1975.98,1985.35,1966.45,1974.17,310874
2020-08-25,1989.51,2016.91,1951.09,1975.85,289463
2020-08-26,1956.31,1967.92,1951.42,1961.17,261857
2020-08-27,2018.69,2037.99,2001.3,2019.48,252062
2020-08-28,1935.12,1973.02,1903.85,1940.6,255790
2020-08-31,1887.69,1920.9,1852.15,1884.05,214864
2020-09-01,1855.01,1880.98,1831.11,1855.17,156609
2020-09-02,1873.39,1898.85,1851.5,1876.35,178635
2020-09-03,1894.66,1930.57,1870.28,1896.6,219519
2020-09-04,1835.97,1884.1,1814.9,1861.24,261216
2020-09-07,1860.39,1873.55,1847.94,1859.2,247851
2020-09-08,1858.09,1874.71,1839.79,1852.74,322537
2020-09-09,1854.9,1864.87,1838.27,1847.95,234831
2020-09-10,1893.39,1911.1,1880.15,1894.46,154921
2020-09-11,1872.42,1902.5,1861.92,1889.95,301960
2020-09-14,1910.98,1932.3,1887.99,1908.68,135926
2020-09-15,1953.68,1978.11,1937.11,1957.15,211852
2020-09-16,1973.36,2009.89,1951.03,1979.47,296470
2020-09-17,1971.71,1991.19,1966.72,1985.03,175476
2020-09-18,1974.35,1980.99,1965.44,1971.74,195954
2020-09-21,1983.75,2013.12,1970.55,1994.69,269130
2020-09-22,2012.45,2032.18,2003.82,2021.18,170930
2020-09-23,1972.83,2006.39,1950.1,1974.26,248590
2020-09-24,1972.04,2006.07,1957.43,1987.49,203156
2020-09-25,2016.33,2034.22,1994.7,2011.87,242198
2020-09-28,2003.18,2037.94,1973.79,2008.43,217315
2020-09-29,2006.73,2028.14,1978.5,1997.48,261157
2020-09-30,1988.77,2022.99,1948.94,1980.44,233336
2020-10-01,1968.53,1998.26,1956.5,1984.77,231905
2020-10-02,1965.28,1977.79,1957.38,1969.15,163266
2020-10-05,1919.72,1952.56,1900.04,1928.56,328438
2020-10-06,1952.47,1976.87,1944.9,1968.24,304659
2020-10-07,1987.22,2015.26,1953.57,1979.05,268286
2020-10-08,2004.41,2021.59,1993.17,2006.62,155022
2020-10-09,2045.91,2070.46,2027.15,2048.83,229006
2020-10-12,2048.47,2072.02,2027.76,2045.53,167249
2020-10-13,2035.9,2063.42,2002.85,2026.31,201930
2020-10-14,1995.83,2010.38,1983.12,1995.2,355006
2020-10-15,1984.96,2017.35,1962.26,1992.73,197621
2020-10-16,1964.95,1992.38,1955.41,1982.14,232394
2020-10-19,1989.11,2019.95,1957.55,1988.06,292342
2020-10-20,2010.53,2017.99,1997.63,2004.83,147166
2020-10-21,2029.56,2046.59,2026.25,2042.26,225613
2020-10-22,2067.11,2089.08,2041.43,2061.54,252208
2020-10-23,2091.46,2103.51,2084.37,2095.51,323567
2020-10-26,2131.04,2163.63,2109.29,2139.11,227329
2020-10-27,2093.6,2109.04,2080.49,2091.34,185581
2020-10-28,2122.62,2148.99,2093.14,2117.93,245749
2020-10-29,2133.48,2160.24,2096.61,2120.31,206827
2020-10-30,2170.24,2177.91,2141.68,2147.81,156842
2020-11-02,2155.2,2179.05,2125.87,2147.08,173024
2020-11-03,2142.4,2163.89,2117.39,2138.49,240258
2020-11-04,2137.59,2160.91,2113.81,2131.59,217874
2020-11-05,2116.68,2152.93,2065.26,2097.92,255278
2020-11-06,2080.96,2099.07,2070.85,2087.95,242747
2020-11-09,2086.63,2099.66,2065.04,2077.45,329726
2020-11-10,2141.15,2177.98,2117.89,2154.06,224967
2020-11-11,2151.11,2188.79,2126.98,2164.08,184320
2020-11-12,2200.13,2226.77,2188.89,2211.6,370596
2020-11-13,2218.37,2235.35,2214.1,2229.73,204149
2020-11-16,2154.44,2161.94,2134.18,2141.17,206419
2020-11-17,2122.66,2131.73,2099.2,2106.02,182176
2020-11-18,2110.04,2143.69,2056.61,2089.12,250634
2020-11-19,2085.54,2090.65,2077.1,2082.1,228811
2020-11-20,2083.22,2113.8,2046.74,2071.69,263371
2020-11-23,2060.36,2079.69,2043.07,2057.24,241726
2020-11-24,2039.53,2071.96,2009.99,2033.96,174177
2020-11-25,2064.18,2079.44,2043.29,2058.0,225537
2020-11-26,2084.94,2097.81,2075.61,2086.49,299019
2020-11-27,2088.28,2101.53,2073.49,2085.92,191105
2020-11-30,2124.09,2134.29,2108.35,2116.55,234136
2020-12-01,2108.04,2155.72,2079.83,2121.4,447579
2020-12-02,2165.35,2200.73,2137.21,2169.34,201563
2020-12-03,2130.12,2138.32,2112.41,2119.83,262898
2020-12-04,2125.95,2136.4,2110.46,2119.53,192838
2020-12-07,2116.2,2151.34,2082.72,2116.32,294826
2020-12-08,2146.68,2179.62,2112.75,2140.6,248261
2020-12-09,2150.75,2176.38,2122.51,2141.54,270217
2020-12-10,2077.48,2102.11,2056.44,2074.51,216453
2020-12-11,2073.47,2101.16,2051.49,2075.69,343961
2020-12-14,2043.62,2079.08,2014.34,2039.27,145883
2020-12-15,2084.02,2097.28,2076.85,2087.38,214365
2020-12-16,2157.19,2176.51,2140.25,2155.81,247945
2020-12-17,2152.45,2167.43,2146.58,2159.04,188684
2020-12-18,2101.78,2119.05,2093.67,2110.01,279333
2020-12-21,2149.86,2193.75,2122.21,2162.81,238340
2020-12-22,2146.47,2184.75,2111.7,2139.44,271891
2020-12-23,2179.81,2201.43,2160.22,2180.7,302193
2020-12-24,2133.95,2152.6,2119.59,2133.88,210159
2020-12-25,2152.24,2164.44,2140.77,2151.99,193461
2020-12-28,2175.65,2230.01,2153.17,2201.83,197485
2020-12-29,2160.32,2208.31,2134.76,2174.8,255054
2020-12-30,2193.78,2207.22,2186.59,2197.81,245758
2020-12-31,2207.27,2239.53,2175.11,2201.91,300017
2021-01-01,2184.21,2200.77,2162.36,2178.88,241509
2021-01-04,2142.22,2166.04,2129.16,2148.48,144854
2021-01-05,2127.38,2160.97,2102.19,2128.52,229590
2021-01-06,2107.71,2114.73,2080.49,2087.28,214132
2021-01-07,2070.04,2077.56,2063.93,2070.6,211988
2021-01-08,2067.07,2103.44,2044.34,2071.57,334637
2021-01-11,2004.6,2050.38,1977.72,2016.53,220949
2021-01-12,1965.31,1997.68,1938.98,1967.49,232377
2021-01-13,2010.51,2046.31,1978.83,2004.83,306896
2021-01-14,2002.87,2036.69,1987.1,2017.2,220009
2021-01-15,2008.02,2035.02,1969.77,1995.8,227325
2021-01-18,2069.38,2082.74,2062.16,2075.31,229670
2021-01-19,2097.96,2130.37,2069.47,2093.51,410362
2021-01-20,2104.08,2117.41,2079.59,2090.4,246941
2021-01-21,2111.43,2133.76,2093.2,2111.62,271052
2021-01-22,2135.87,2159.86,2119.4,2136.99,196370
2021-01-25,2105.91,2135.74,2083.29,2109.78,168547
2021-01-26,2105.03,2137.39,2061.36,2092.0,325721
2021-01-27,2074.13,2098.57,2052.76,2072.43,222813
2021-01-28,2098.36,2104.99,2085.39,2091.11,264701
2021-01-29,2083.13,2113.86,2055.44,2086.07,272154
2021-02-01,2107.55,2133.48,2094.27,2119.04,199189
2021-02-02,2170.47,2202.21,2112.25,2142.37,304752
2021-02-03,2168.66,2179.43,2143.53,2151.54,211439
2021-02-04,2235.01,2249.41,2205.69,2218.68,217384
2021-02-05,2170.14,2206.15,2139.7,2175.31,245816
2021-02-08,2187.73,2224.14,2152.49,2187.96,164732
2021-02-09,2227.89,2240.24,2215.45,2225.45,163337
2021-02-10,2233.05,2240.51,2228.81,2235.71,233855
2021-02-11,2235.43,2263.91,2201.64,2223.12,162231
2021-02-12,2175.45,2189.02,2154.45,2167.65,183469
2021-02-15,2204.95,2222.16,2177.19,2190.98,239109
2021-02-16,2211.35,2234.06,2190.9,2208.04,253232
2021-02-17,2224.76,2231.88,2216.81,2222.32,230561
2021-02-18,2236.36,2251.17,2232.91,2246.33,225568
2021-02-19,2262.77,2317.92,2232.8,2280.8,322437
2021-02-22,2276.62,2310.81,2249.34,2273.7,228387
2021-02-23,2171.63,2216.66,2141.03,2180.02,274190
2021-02-24,2206.52,2234.54,2179.05,2200.15,312060
2021-02-25,2180.99,2209.6,2140.57,2165.51,213702
2021-02-26,2127.33,2160.53,2098.76,2125.31,203823
2021-03-01,2121.57,2132.92,2099.5,2109.0,202490
2021-03-02,2127.72,2149.55,2108.77,2126.8,217675
2021-03-03,2136.04,2145.34,2127.23,2136.41,241255
2021-03-04,2131.62,2160.06,2093.9,2115.84,311574
2021-03-05,2089.03,2123.27,2046.96,2071.42,337018
2021-03-08,2049.56,2089.14,2030.59,2065.22,232993
2021-03-09,2067.29,2102.69,2036.55,2071.73,227755
2021-03-10,2070.56,2090.12,2065.71,2085.13,212490
2021-03-11,2056.18,2082.84,2034.19,2060.64,184639
2021-03-12,2001.82,2010.83,1992.39,2000.7,229885
2021-03-15,2027.83,2058.41,2000.91,2026.06,215569
2021-03-16,2002.46,2034.42,1970.88,1995.34,181976
2021-03-17,1938.45,1956.93,1918.52,1933.42,240205
2021-03-18,1934.06,1952.54,1922.79,1939.2,306213
2021-03-19,1958.82,1970.78,1943.94,1953.4,188275
2021-03-22,1922.16,1971.43,1897.34,1936.95,194635
2021-03-23,1960.74,1975.22,1944.89,1957.52,259664
2021-03-24,1938.6,1965.38,1927.83,1950.26,225515
2021-03-25,1955.45,1989.26,1903.05,1935.62,201931
2021-03-26,1919.61,1937.11,1908.06,1921.4,360896
2021-03-29,1858.22,1896.92,1837.93,1874.11,304810
2021-03-30,1901.39,1905.59,1894.87,1899.07,227016
2021-03-31,1826.91,1842.62,1820.79,1835.61,157505
2021-04-01,1816.96,1849.62,1795.69,1827.94,256180
2021-04-02,1783.44,1808.31,1772.35,1796.0,220067
2021-04-05,1788.13,1825.78,1761.56,1797.71,213313
2021-04-06,1804.36,1813.74,1796.35,1804.29,352421
2021-04-07,1820.77,1855.04,1803.86,1837.65,199441
2021-04-08,1822.26,1852.64,1786.03,1816.23,244228
2021-04-09,1828.13,1859.46,1804.62,1827.86,158206
2021-04-12,1826.6,1850.95,1811.47,1834.92,270268
2021-04-13,1852.86,1883.32,1802.87,1830.06,195943
2021-04-14,1814.71,1830.46,1806.21,1819.3,248187
2021-04-15,1831.73,1850.05,1817.21,1834.9,212720
2021-04-16,1827.55,1846.32,1808.86,1822.99,221317
2021-04-19,1833.86,1853.72,1801.56,1818.55,214426
2021-04-20,1865.53,1882.67,1841.24,1854.4,262615
2021-04-21,1842.46,1863.79,1823.52,1840.59,350133
2021-04-22,1849.11,1857.15,1842.23,1849.98,272889
2021-04-23,1831.89,1836.79,1819.98,1824.27,166608
2021-04-26,1800.57,1833.65,1780.72,1807.77,293253
2021-04-27,1820.47,1835.05,1804.56,1817.62,262998
2021-04-28,1845.44,1881.27,1820.95,1851.07,222998
2021-04-29,1835.36,1851.4,1823.78,1835.46,177864
2021-04-30,1783.54,1806.0,1764.95,1782.14,236290
2021-05-03,1760.79,1790.32,1741.6,1770.85,163885
2021-05-04,1785.76,1813.28,1773.86,1798.63,322937
2021-05-05,1768.44,1775.76,1760.36,1766.65,234692
2021-05-06,1736.69,1753.92,1727.74,1741.4,212451
2021-05-07,1728.06,1763.05,1705.83,1738.85,186881
2021-05-10,1797.73,1816.41,1785.97,1799.61,198710
2021-05-11,1808.98,1829.43,1797.67,1814.86,328810
2021-05-12,1812.12,1855.31,1787.79,1823.25,190957
2021-05-13,1816.04,1821.22,1794.29,1798.75,189822
2021-05-14,1775.68,1812.41,1752.85,1781.44,243822
2021-05-17,1809.78,1821.94,1790.66,1800.75,248806
2021-05-18,1746.93,1775.58,1729.6,1751.78,183644
2021-05-19,1773.39,1793.24,1759.34,1776.32,238668
2021-05-20,1740.22,1762.18,1713.92,1734.25,217682
2021-05-21,1689.44,1718.73,1671.09,1693.26,286527
2021-05-24,1691.21,1705.91,1664.97,1678.71,182491
2021-05-25,1693.3,1705.74,1684.34,1694.32,316429
2021-05-26,1662.86,1674.23,1653.07,1664.26,243523
2021-05-27,1704.94,1726.82,1674.19,1693.79,261638
2021-05-28,1637.02,1660.38,1612.27,1634.92,144030
2021-05-31,1684.03,1700.29,1656.21,1669.29,262279
2021-06-01,1643.38,1654.82,1629.23,1637.29,218453
2021-06-02,1649.33,1680.32,1630.28,1659.78,350377
2021-06-03,1657.78,1673.05,1651.71,1664.48,279706
2021-06-04,1613.01,1640.6,1592.07,1612.53,279447
2021-06-07,1640.13,1656.63,1628.93,1642.3,247440
2021-06-08,1593.4,1602.84,1586.92,1594.82,238338
2021-06-09,1624.5,1639.91,1619.24,1634.45,284846
2021-06-10,1566.58,1587.8,1558.89,1578.07,166265
2021-06-11,1609.61,1620.68,1597.16,1607.49,184807
2021-06-14,1680.99,1703.94,1658.65,1681.4,148958
2021-06-15,1702.43,1710.36,1693.55,1700.51,245433
2021-06-16,1737.49,1764.1,1715.52,1734.45,230780
2021-06-17,1713.37,1736.44,1683.69,1706.01,257981
2021-06-18,1704.53,1720.72,1697.91,1711.73,274581
2021-06-21,1679.77,1685.19,1669.73,1674.33,326104
2021-06-22,1664.02,1676.77,1646.14,1658.33,239436
2021-06-23,1649.39,1666.9,1624.76,1638.29,209411
2021-06-24,1656.05,1663.47,1635.18,1641.51,209423
2021-06-25,1674.42,1685.93,1655.21,1664.34,161655
2021-06-28,1664.29,1681.08,1647.28,1663.26,227048
2021-06-29,1662.71,1685.41,1636.82,1658.39,164682
2021-06-30,1701.95,1723.45,1685.16,1701.35,299341
2021-07-01,1678.95,1711.17,1656.78,1681.31,182411
2021-07-02,1657.9,1671.37,1652.86,1664.74,322183
2021-07-05,1740.88,1769.48,1711.88,1735.95,203979
2021-07-06,1750.85,1762.7,1744.5,1755.47,242486
2021-07-07,1732.39,1748.05,1718.12,1730.09,218850
2021-07-08,1697.46,1724.54,1683.19,1707.86,195916
2021-07-09,1705.67,1723.96,1687.63,1704.41,291019
2021-07-12,1698.39,1713.92,1684.77,1699.33,276241
2021-07-13,1719.06,1749.57,1694.8,1722.68,200441
2021-07-14,1743.52,1765.45,1717.41,1737.48,211599
2021-07-15,1722.56,1754.72,1703.89,1732.75,282051
2021-07-16,1795.52,1809.17,1778.99,1788.85,187421
2021-07-19,1771.94,1787.89,1755.29,1767.83,213066
2021-07-20,1832.86,1863.01,1811.07,1833.99,284654
2021-07-21,1844.73,1860.39,1830.81,1841.94,254299
2021-07-22,1787.64,1834.14,1761.98,1802.43,329213
2021-07-23,1744.72,1775.66,1725.33,1750.13,332106
2021-07-26,1763.19,1773.2,1759.0,1767.27,186810
2021-07-27,1814.0,1844.12,1789.95,1816.73,189295
2021-07-28,1887.88,1920.63,1866.02,1889.45,188531
2021-07-29,1933.4,1966.3,1900.0,1929.81,284875
2021-07-30,1893.33,1911.0,1879.83,1895.96,264848
2021-08-02,1830.11,1866.8,1807.87,1843.46,312304
2021-08-03,1866.24,1885.74,1847.22,1863.07,366249
2021-08-04,1932.09,1944.44,1910.23,1921.4,161865
2021-08-05,1837.6,1860.65,1828.22,1850.07,119920
2021-08-06,1858.95,1878.78,1844.78,1862.31,309033
2021-08-09,1887.8,1903.38,1872.28,1887.39,247578
2021-08-10,1944.97,1977.88,1920.63,1947.52,237695
2021-08-11,1919.38,1945.63,1903.95,1927.13,235583
2021-08-12,1906.8,1934.12,1869.35,1893.56,230148
2021-08-13,1902.31,1907.21,1895.78,1899.33,352560
2021-08-16,1888.15,1913.1,1881.79,1905.66,213170
2021-08-17,1879.93,1900.4,1858.12,1876.96,149270
2021-08-18,1805.52,1836.02,1766.23,1793.2,246921
2021-08-19,1767.7,1779.89,1763.79,1775.16,275831
2021-08-20,1764.6,1779.39,1751.43,1764.64,195713
2021-08-23,1775.17,1785.05,1770.19,1779.12,159780
2021-08-24,1723.21,1760.85,1702.64,1735.62,263801
2021-08-25,1712.13,1728.65,1707.84,1724.33,199604
2021-08-26,1775.14,1780.89,1760.02,1765.54,207580
2021-08-27,1765.68,1794.65,1747.72,1772.73,437449
2021-08-30,1769.09,1783.86,1740.75,1754.05,195715
2021-08-31,1754.34,1777.06,1739.3,1758.23,222820
2021-09-01,1754.15,1766.64,1746.19,1756.14,313501
2021-09-02,1778.97,1794.8,1759.3,1771.75,320739
2021-09-03,1766.09,1796.86,1733.47,1760.39,419758
2021-09-06,1770.06,1780.92,1747.3,1757.05,269362
2021-09-07,1733.96,1767.85,1714.17,1739.82,329426
2021-09-08,1738.84,1762.39,1720.41,1739.21,224254
2021-09-09,1748.12,1753.82,1745.28,1750.0,241161
2021-09-10,1794.77,1818.54,1778.25,1798.36,255033
2021-09-13,1765.13,1796.27,1739.67,1762.26,279100
2021-09-14,1796.53,1827.61,1758.2,1788.97,240733
2021-09-15,1787.65,1813.82,1764.89,1783.62,283980
2021-09-16,1727.21,1754.23,1711.93,1733.96,233755
2021-09-17,1760.2,1798.01,1741.97,1779.05,211438
2021-09-20,1765.43,1796.49,1724.07,1754.43,210449
2021-09-21,1814.94,1838.09,1785.72,1805.21,246295
2021-09-22,1802.1,1817.51,1789.51,1804.19,241955
2021-09-23,1790.98,1796.73,1787.16,1791.91,144980
2021-09-24,1749.11,1775.14,1732.67,1753.36,308986
2021-09-27,1779.15,1792.59,1760.64,1773.78,275487
2021-09-28,1830.58,1859.04,1798.43,1820.41,242642
2021-09-29,1831.76,1862.19,1807.79,1829.35,208650
2021-09-30,1805.91,1822.41,1782.95,1797.21,249584
2021-10-01,1813.88,1836.06,1790.46,1811.13,272630
2021-10-04,1819.09,1823.49,1807.01,1810.83,263659
2021-10-05,1811.76,1843.57,1791.03,1820.52,179802
2021-10-06,1776.38,1806.14,1741.28,1770.36,257143
2021-10-07,1821.13,1830.42,1809.48,1817.56,295722
2021-10-08,1823.35,1834.15,1817.41,1825.8,210474
2021-10-11,1803.93,1822.93,1784.59,1800.56,329610
2021-10-12,1830.54,1851.85,1813.77,1830.53,199306
2021-10-13,1836.12,1874.77,1812.75,1843.58,210176
2021-10-14,1857.71,1872.68,1847.83,1861.99,260155
2021-10-15,1912.26,1942.73,1876.09,1905.06,226929
2021-10-18,1933.21,1946.22,1924.61,1934.42,254897
2021-10-19,1956.85,1977.38,1923.94,1939.92,208179
2021-10-20,1960.99,1985.42,1934.23,1951.9,355839
2021-10-21,1942.92,1984.23,1911.14,1950.84,324654
2021-10-22,1967.43,1974.07,1952.81,1957.45,229934
2021-10-25,1924.94,1954.44,1903.04,1924.97,218914
2021-10-26,1944.36,1948.69,1934.56,1938.51,136333
2021-10-27,1915.88,1920.44,1910.31,1914.36,168836
2021-10-28,1909.02,1931.71,1876.48,1898.37,282238
2021-10-29,1905.97,1913.41,1895.76,1901.79,404171
2021-11-01,1863.03,1883.78,1848.06,1866.45,217742
2021-11-02,1911.73,1940.07,1896.24,1924.22,222109
2021-11-03,1914.85,1958.48,1886.17,1929.24,256699
2021-11-04,1908.89,1928.68,1899.81,1917.26,302158
2021-11-05,1930.36,1963.86,1886.78,1917.62,334011
2021-11-08,1950.31,1967.72,1935.53,1950.56,192575
2021-11-09,1982.78,2007.05,1960.21,1978.74,254534
2021-11-10,1936.86,1955.2,1913.26,1926.69,255124
2021-11-11,1912.55,1927.99,1883.65,1898.07,179741
2021-11-12,1902.12,1907.12,1893.19,1897.42,274072
2021-11-15,1878.73,1906.83,1851.59,1878.57,217951
2021-11-16,1905.46,1913.54,1896.85,1902.59,234830
2021-11-17,1877.75,1906.06,1848.22,1874.57,192056
2021-11-18,1897.31,1929.3,1875.33,1898.63,277346
2021-11-19,1861.1,1883.64,1845.44,1867.52,218867
2021-11-22,1882.49,1907.75,1859.82,1883.53,303168
2021-11-23,1880.73,1911.55,1852.71,1875.04,316681
2021-11-24,1889.48,1922.95,1856.27,1888.29,238874
2021-11-25,1819.1,1826.03,1805.42,1810.34,295659
2021-11-26,1810.76,1840.8,1791.64,1814.9,244090
2021-11-29,1762.1,1777.52,1750.31,1761.35,281573
2021-11-30,1731.9,1747.94,1725.0,1740.92,346231
2021-12-01,1735.99,1751.29,1727.98,1739.87,138383
2021-12-02,1759.28,1778.15,1725.23,1743.5,236875
2021-12-03,1736.44,1754.51,1722.7,1739.32,200655
2021-12-06,1706.51,1733.01,1689.27,1714.91,291303
2021-12-07,1724.84,1752.47,1707.8,1734.61,189402
2021-12-08,1734.5,1758.52,1700.4,1721.05,247980
2021-12-09,1728.42,1753.45,1702.61,1721.89,182626
2021-12-10,1688.7,1716.68,1666.93,1692.61,319016
2021-12-13,1710.04,1736.99,1693.24,1717.5,234000
2021-12-14,1678.3,1705.06,1662.37,1687.57,256009
2021-12-15,1653.57,1679.67,1650.2,1676.1,347633
2021-12-16,1676.98,1713.83,1649.34,1683.91,287220
2021-12-17,1697.59,1704.94,1690.82,1696.44,241842
2021-12-20,1712.05,1728.66,1696.13,1709.1,240470
2021-12-21,1672.96,1679.77,1662.1,1667.24,308687
2021-12-22,1668.46,1673.83,1664.7,1669.62,188420
2021-12-23,1659.56,1680.43,1645.33,1664.48,291463
2021-12-24,1704.54,1716.9,1699.09,1710.32,207794
2021-12-27,1667.31,1684.48,1656.8,1670.36,171357
2021-12-28,1682.79,1727.25,1661.56,1697.87,206902
2021-12-29,1690.96,1716.61,1667.16,1687.14,278072
2021-12-30,1728.56,1751.97,1701.72,1723.37,183318
2021-12-31,1714.51,1728.99,1710.15,1723.41,276691
2022-01-03,1752.45,1767.59,1733.31,1747.65,288731
2022-01-04,1771.1,1782.36,1764.07,1774.19,229664
2022-01-05,1762.29,1775.18,1748.38,1760.7,247211
2022-01-06,1785.49,1800.36,1770.88,1785.17,343220
2022-01-07,1801.32,1807.32,1792.56,1798.46,242629
2022-01-10,1828.06,1846.23,1814.56,1828.22,215486
2022-01-11,1827.32,1841.69,1801.93,1813.87,172916
2022-01-12,1793.07,1805.14,1784.64,1794.04,180677
2022-01-13,1838.51,1850.94,1820.78,1831.95,221470
2022-01-14,1834.26,1861.84,1817.15,1837.7,415374
2022-01-17,1831.99,1863.42,1799.84,1828.99,161054
2022-01-18,1836.9,1845.16,1826.46,1834.25,166644
2022-01-19,1804.8,1819.46,1800.72,1814.93,163069
2022-01-20,1837.27,1857.22,1810.83,1825.04,262090
2022-01-21,1821.76,1836.37,1813.59,1827.19,314148
2022-01-24,1847.82,1854.47,1837.35,1843.27,194503
2022-01-25,1801.17,1817.33,1793.23,1808.68,234888
2022-01-26,1798.67,1827.25,1773.21,1799.84,169667
2022-01-27,1798.85,1835.76,1770.73,1804.44,266856
2022-01-28,1802.77,1833.47,1772.94,1798.21,220805
2022-01-31,1821.58,1837.58,1804.24,1817.55,250656
2022-02-01,1814.15,1834.97,1793.79,1814.01,203746
2022-02-02,1795.56,1816.01,1770.13,1789.19,201000
2022-02-03,1812.05,1820.68,1804.21,1810.84,225108
2022-02-04,1806.77,1827.28,1788.48,1807.32,262003
2022-02-07,1786.21,1796.78,1779.88,1789.1,180274
2022-02-08,1767.35,1799.06,1738.1,1762.29,204372
2022-02-09,1758.11,1763.87,1750.06,1754.8,237685
2022-02-10,1768.41,1790.92,1734.06,1756.08,237191
2022-02-11,1731.3,1739.43,1720.77,1726.67,168088
2022-02-14,1722.33,1736.11,1712.35,1723.43,219590
2022-02-15,1729.65,1756.51,1714.04,1735.98,332047
2022-02-16,1737.85,1771.31,1712.07,1743.54,216587
2022-02-17,1768.39,1801.78,1750.07,1776.61,268761
2022-02-18,1797.23,1827.46,1770.06,1798.63,235028
2022-02-21,1797.25,1807.92,1786.54,1795.96,287609
2022-02-22,1774.36,1814.06,1749.82,1785.49,249560
2022-02-23,1797.25,1812.39,1788.48,1800.21,267605
2022-02-24,1839.73,1862.72,1822.44,1840.27,249588
2022-02-25,1846.82,1867.99,1833.29,1852.58,207351
2022-02-28,1845.62,1878.68,1827.41,1852.61,242315
2022-03-01,1838.47,1872.04,1821.26,1847.35,231075
2022-03-02,1879.71,1913.85,1852.0,1880.8,264934
2022-03-03,1895.68,1925.69,1862.96,1887.28,188956
2022-03-04,1862.38,1889.42,1843.55,1868.51,203776
2022-03-07,1880.0,1883.83,1874.53,1878.33,191748
2022-03-08,1887.48,1911.44,1872.2,1892.45,167254
2022-03-09,1916.39,1922.99,1896.52,1901.62,185882
2022-03-10,1911.71,1916.59,1905.75,1909.45,329622
2022-03-11,1893.09,1925.03,1868.37,1892.3,203578
2022-03-14,1903.37,1908.11,1892.19,1896.17,309990
2022-03-15,1922.79,1949.73,1883.84,1908.73,212755
2022-03-16,1933.42,1965.9,1911.93,1938.4,225243
2022-03-17,1940.8,1948.9,1929.9,1935.87,286200
2022-03-18,1903.32,1926.46,1884.58,1906.62,213482
2022-03-21,1903.32,1915.1,1887.63,1896.08,197252
2022-03-22,1923.39,1938.91,1904.43,1916.72,250547
2022-03-23,1905.49,1938.81,1878.16,1905.45,155266
2022-03-24,1881.51,1901.83,1858.18,1877.24,192303
2022-03-25,1839.02,1866.22,1826.32,1848.93,177193
2022-03-28,1818.26,1854.09,1800.31,1828.71,249121
2022-03-29,1830.69,1843.2,1819.04,1829.29,249221
2022-03-30,1822.39,1856.39,1804.1,1833.26,180517
2022-03-31,1881.7,1887.83,1859.87,1864.66,198276
2022-04-01,1871.75,1891.59,1857.67,1872.45,241202
2022-04-04,1833.44,1840.25,1819.71,1825.85,223818
2022-04-05,1802.93,1821.9,1789.83,1804.22,239675
2022-04-06,1812.06,1822.48,1802.75,1810.51,200320
2022-04-07,1833.13,1855.95,1811.72,1828.61,231825
2022-04-08,1811.38,1837.52,1786.7,1812.68,180094
2022-04-11,1810.9,1838.76,1773.62,1796.88,243985
2022-04-12,1769.33,1783.79,1749.02,1762.2,236963
2022-04-13,1759.32,1789.22,1736.49,1758.91,328205
2022-04-14,1786.83,1814.58,1760.08,1782.05,138387
2022-04-15,1783.64,1809.31,1759.18,1779.22,148818
2022-04-18,1773.1,1801.05,1756.05,1777.29,351624
2022-04-19,1762.94,1780.48,1758.43,1774.58,258836
2022-04-20,1741.56,1771.83,1719.86,1746.68,271541
2022-04-21,1708.43,1727.18,1695.02,1712.9,288917
2022-04-22,1683.37,1690.37,1678.17,1684.12,222894
2022-04-25,1699.26,1715.55,1680.46,1692.76,240988
2022-04-26,1688.02,1696.16,1683.01,1690.54,156733
2022-04-27,1710.38,1729.18,1699.18,1713.75,300588
2022-04-28,1764.51,1782.17,1749.14,1763.91,222122
2022-04-29,1765.86,1769.8,1757.98,1761.43,174671
2022-05-02,1764.76,1789.75,1747.12,1768.46,206160
2022-05-03,1730.59,1742.64,1723.97,1733.43,326090
2022-05-04,1702.22,1721.98,1685.89,1701.34,131313
2022-05-05,1706.59,1726.38,1695.83,1713.25,175333
2022-05-06,1694.35,1723.46,1676.49,1700.82,224600
2022-05-09,1698.77,1703.23,1691.15,1694.82,155104
2022-05-10,1709.2,1725.51,1703.24,1717.23,190253
2022-05-11,1657.33,1685.39,1637.31,1657.93,329361
2022-05-12,1672.53,1693.5,1653.1,1670.51,159274
2022-05-13,1664.58,1692.7,1637.27,1665.14,186133
2022-05-16,1645.49,1664.96,1622.33,1640.97,254835
2022-05-17,1669.47,1692.35,1644.74,1665.11,174625
2022-05-18,1663.75,1678.74,1652.26,1665.83,150582
2022-05-19,1717.51,1726.38,1703.65,1711.53,125778
2022-05-20,1736.77,1755.0,1725.35,1738.82,305622
2022-05-23,1756.55,1774.05,1736.94,1753.89,153522
2022-05-24,1762.08,1779.88,1739.39,1756.46,232505
2022-05-25,1777.14,1808.19,1751.52,1777.84,243800
2022-05-26,1766.83,1792.64,1743.81,1763.41,321142
2022-05-27,1747.85,1777.49,1720.12,1744.66,162209
2022-05-30,1760.41,1769.89,1746.75,1755.16,222750
2022-05-31,1772.66,1788.14,1757.86,1771.06,193557
2022-06-01,1771.2,1801.08,1750.91,1772.93,276460
2022-06-02,1765.43,1792.42,1750.07,1774.12,197153
2022-06-03,1797.5,1809.96,1791.49,1801.59,223338
2022-06-06,1830.74,1847.46,1814.56,1826.93,202144
2022-06-07,1834.9,1878.99,1808.43,1847.92,192008
2022-06-08,1848.04,1876.29,1829.02,1853.62,229720
2022-06-09,1862.96,1886.36,1837.74,1858.15,282277
2022-06-10,1888.38,1919.17,1847.5,1873.29,263757
2022-06-13,1861.65,1891.93,1832.54,1858.64,335015
2022-06-14,1887.59,1897.12,1862.85,1872.13,157656
2022-06-15,1852.4,1888.67,1834.51,1863.8,188470
2022-06-16,1847.96,1884.0,1828.54,1859.78,270927
2022-06-17,1867.77,1873.82,1857.28,1861.51,168479
2022-06-20,1837.6,1864.83,1814.08,1835.47,216448
2022-06-21,1842.77,1848.45,1838.99,1843.85,186117
2022-06-22,1844.23,1856.61,1832.73,1844.85,263523
2022-06-23,1850.51,1856.71,1844.74,1850.2,173380
2022-06-24,1813.42,1831.07,1802.18,1815.15,170866
2022-06-27,1806.91,1828.04,1782.2,1802.21,179774
2022-06-28,1784.54,1796.86,1779.2,1790.12,230244
2022-06-29,1784.98,1815.2,1759.73,1785.8,172483
2022-06-30,1787.0,1794.67,1772.45,1779.06,178829
2022-07-01,1770.66,1784.57,1765.08,1777.34,200963
2022-07-04,1792.5,1814.65,1762.56,1780.86,213230
2022-07-05,1776.09,1808.24,1754.46,1782.79,210976
2022-07-06,1786.55,1807.24,1760.66,1776.97,248006
2022-07-07,1777.2,1789.46,1764.58,1773.36,153048
2022-07-08,1767.28,1790.36,1751.34,1770.56,234570
2022-07-11,1763.9,1772.3,1756.96,1763.07,174903
2022-07-12,1795.98,1803.95,1780.54,1788.35,127664
2022-07-13,1786.6,1809.94,1773.89,1792.51,209842
2022-07-14,1797.08,1828.91,1766.05,1796.69,323653
2022-07-15,1840.72,1859.72,1818.44,1832.08,160905
2022-07-18,1827.26,1861.23,1804.34,1829.0,195310
2022-07-19,1808.29,1821.77,1803.56,1816.6,349774
2022-07-20,1828.25,1853.47,1792.37,1815.01,192240
2022-07-21,1825.12,1854.47,1797.17,1823.11,208360
2022-07-22,1819.58,1833.49,1800.06,1811.82,219092
2022-07-25,1811.77,1851.24,1786.98,1819.88,248806
2022-07-26,1775.79,1789.24,1766.79,1777.13,229995
2022-07-27,1795.89,1829.69,1770.25,1802.29,285540
2022-07-28,1774.27,1795.28,1753.28,1771.84,152615
2022-07-29,1771.37,1779.98,1763.86,1771.39,236509
2022-08-01,1720.31,1727.28,1712.44,1719.23,239291
2022-08-02,1741.44,1768.59,1713.44,1736.92,162315
2022-08-03,1711.91,1728.94,1698.9,1714.74,221207
2022-08-04,1721.53,1734.21,1714.54,1725.32,228217
2022-08-05,1715.0,1725.37,1705.1,1713.28,135877
2022-08-08,1716.76,1735.39,1710.72,1728.83,239381
2022-08-09,1730.88,1758.71,1706.03,1729.14,236372
2022-08-10,1757.92,1786.38,1733.98,1756.64,226423
2022-08-11,1767.15,1780.05,1759.63,1771.66,204064
2022-08-12,1773.85,1791.0,1762.34,1776.89,219956
2022-08-15,1826.93,1841.09,1800.89,1813.71,254345
2022-08-16,1828.48,1859.81,1789.15,1820.12,177215
2022-08-17,1812.41,1847.28,1786.14,1820.49,219925
2022-08-18,1845.27,1861.4,1830.16,1842.33,254444
2022-08-19,1860.8,1895.36,1844.76,1874.54,222790
2022-08-22,1855.29,1876.02,1835.2,1855.81,225652
2022-08-23,1876.53,1902.24,1845.22,1869.74,202856
2022-08-24,1888.57,1927.19,1864.19,1893.75,213480
2022-08-25,1948.04,1958.98,1943.95,1954.45,201747
2022-08-26,1939.54,1944.89,1930.28,1934.2,214380
2022-08-29,1895.12,1927.39,1870.89,1902.47,226915
2022-08-30,1928.42,1951.16,1914.53,1931.46,211884
2022-08-31,1945.93,1968.51,1926.59,1945.22,305239
2022-09-01,1933.61,1952.27,1922.86,1938.01,221722
2022-09-02,1920.92,1932.92,1909.15,1917.64,181807
2022-09-05,1907.87,1946.88,1883.72,1917.75,215024
2022-09-06,1950.64,1983.34,1924.35,1949.17,192290
2022-09-07,1892.93,1913.04,1880.55,1899.12,262479
2022-09-08,1883.21,1892.1,1878.87,1886.32,269882
2022-09-09,1924.48,1952.72,1901.06,1926.81,293489
2022-09-12,1905.65,1931.39,1876.07,1899.04,319962
2022-09-13,1864.53,1895.06,1840.84,1866.17,161653
2022-09-14,1845.05,1861.99,1831.41,1848.12,228371
2022-09-15,1824.3,1840.36,1819.05,1834.74,269391
2022-09-16,1808.69,1812.71,1802.17,1806.13,214813
2022-09-19,1770.19,1794.64,1751.37,1771.31,217992
2022-09-20,1785.0,1802.33,1769.82,1782.66,171030
2022-09-21,1769.7,1787.66,1763.88,1780.41,243505
2022-09-22,1781.65,1808.11,1751.01,1771.44,229578
2022-09-23,1769.5,1793.93,1745.74,1769.47,276063
2022-09-26,1797.65,1822.81,1772.7,1797.38,296926
2022-09-27,1778.78,1795.04,1769.03,1782.33,278070
2022-09-28,1773.84,1801.82,1742.39,1765.93,194163
2022-09-29,1810.4,1832.39,1788.15,1807.81,336111
2022-09-30,1798.04,1810.4,1788.98,1800.65,222540
2022-10-03,1774.95,1799.22,1761.22,1782.46,149263
2022-10-04,1773.17,1784.63,1769.31,1779.64,257470
2022-10-05,1823.58,1843.59,1802.01,1819.29,278459
2022-10-06,1834.25,1847.79,1826.86,1838.93,165240
2022-10-07,1859.09,1871.02,1839.27,1848.91,236607
2022-10-10,1891.76,1917.68,1861.22,1881.57,178325
2022-10-11,1880.47,1908.94,1858.12,1879.43,234062
2022-10-12,1853.14,1865.01,1846.23,1856.04,219557
2022-10-13,1890.43,1898.95,1881.39,1887.38,264157
2022-10-14,1881.61,1911.38,1861.69,1886.53,316662
2022-10-17,1894.01,1926.71,1873.22,1901.31,273273
2022-10-18,1884.71,1895.44,1875.01,1884.8,174495
2022-10-19,1880.78,1898.87,1854.01,1869.24,294629
2022-10-20,1829.65,1838.64,1823.46,1830.79,149721
2022-10-21,1872.47,1901.69,1824.94,1853.48,371050
2022-10-24,1864.74,1875.18,1859.85,1869.22,226700
2022-10-25,1880.7,1909.82,1841.83,1869.17,279896
2022-10-26,1884.05,1915.23,1844.87,1874.87,193446
2022-10-27,1871.08,1893.29,1849.85,1870.86,167807
2022-10-28,1849.83,1877.21,1820.49,1843.83,238558
2022-10-31,1857.87,1864.7,1854.23,1860.78,268460
2022-11-01,1878.78,1885.54,1872.43,1878.42,204208
2022-11-02,1918.31,1950.36,1883.73,1911.81,208701
2022-11-03,1909.17,1946.74,1885.04,1914.15,144480
2022-11-04,1912.56,1938.52,1885.65,1905.59,256943
2022-11-07,1855.94,1870.65,1850.24,1863.44,268192
2022-11-08,1844.69,1874.62,1825.5,1847.83,280953
2022-11-09,1809.87,1832.05,1789.2,1807.24,250115
2022-11-10,1799.42,1816.46,1783.55,1797.24,302272
2022-11-11,1793.52,1820.46,1772.58,1793.09,201146
2022-11-14,1789.85,1817.08,1768.3,1788.89,323387
2022-11-15,1854.49,1882.47,1836.93,1857.91,201441
2022-11-16,1852.72,1873.4,1833.53,1851.1,174317
2022-11-17,1840.34,1858.53,1825.87,1840.38,165993
2022-11-18,1793.75,1812.15,1780.71,1798.15,210424
2022-11-21,1778.57,1790.79,1763.2,1772.73,331823
2022-11-22,1774.27,1804.67,1744.73,1771.5,310633
2022-11-23,1753.55,1764.37,1741.14,1750.49,208978
2022-11-24,1720.5,1743.9,1695.52,1715.87,220168
2022-11-25,1700.79,1723.29,1686.61,1707.55,213754
2022-11-28,1725.68,1756.54,1702.25,1727.3,204304
2022-11-29,1702.95,1738.74,1685.06,1717.16,279930
2022-11-30,1723.05,1738.02,1701.31,1713.08,194080
2022-12-01,1699.9,1727.35,1684.92,1707.95,177748
2022-12-02,1748.4,1771.52,1725.92,1742.13,207192
2022-12-05,1717.97,1747.91,1692.96,1718.52,241302
2022-12-06,1701.82,1714.99,1691.18,1702.11,156497
2022-12-07,1724.59,1735.34,1709.52,1717.81,183861
2022-12-08,1723.43,1729.76,1718.83,1724.72,265455
2022-12-09,1740.45,1761.75,1717.52,1738.2,233785
2022-12-12,1768.15,1798.85,1736.79,1765.76,245252
2022-12-13,1770.9,1796.01,1743.63,1767.43,264925
2022-12-14,1729.95,1739.04,1714.24,1721.01,247748
2022-12-15,1702.0,1729.57,1677.83,1701.77,251487
2022-12-16,1683.59,1695.37,1676.74,1687.6,273227
2022-12-19,1654.17,1662.78,1648.93,1657.35,200319
2022-12-20,1692.15,1708.87,1670.41,1687.06,293069
2022-12-21,1697.54,1712.27,1691.09,1705.12,225789
2022-12-22,1720.19,1743.09,1696.86,1714.88,247282
2022-12-23,1691.33,1713.05,1670.28,1687.47,179462
2022-12-26,1679.38,1686.79,1660.14,1665.34,212901
2022-12-27,1682.01,1694.18,1665.79,1676.59,143560
2022-12-28,1649.87,1662.11,1644.98,1656.01,177215
2022-12-29,1625.98,1662.46,1602.29,1636.43,244150
2022-12-30,1596.57,1622.36,1573.37,1594.5,191037
2023-01-02,1592.11,1610.57,1574.61,1590.74,203551
2023-01-03,1584.46,1610.09,1562.13,1585.37,250265
2023-01-04,1580.69,1605.0,1554.73,1573.26,295989
2023-01-05,1583.08,1606.29,1559.8,1576.93,218885
2023-01-06,1588.59,1616.62,1562.65,1585.27,227332
2023-01-09,1602.22,1626.65,1580.63,1603.79,332934
2023-01-10,1624.81,1644.57,1610.82,1626.09,249174
2023-01-11,1660.58,1671.61,1643.72,1653.77,240784
2023-01-12,1677.99,1690.79,1665.89,1678.26,202654
2023-01-13,1641.62,1666.01,1622.21,1645.11,195628
2023-01-16,1644.23,1675.32,1623.04,1646.39,271270
2023-01-17,1675.43,1692.47,1655.38,1670.42,162448
2023-01-18,1695.07,1721.34,1667.14,1686.91,347888
2023-01-19,1698.79,1724.06,1661.07,1685.4,233885
2023-01-20,1679.39,1694.03,1674.06,1687.22,167299
2023-01-23,1694.27,1702.68,1683.99,1690.77,194071
2023-01-24,1698.28,1728.56,1676.31,1702.49,209455
2023-01-25,1731.56,1758.87,1697.59,1724.45,438510
2023-01-26,1729.52,1747.05,1718.89,1736.3,272008
2023-01-27,1729.33,1741.14,1715.76,1726.83,228344
2023-01-30,1688.24,1701.69,1682.33,1693.77,248043
2023-01-31,1697.12,1704.77,1686.92,1693.82,275967
2023-02-01,1722.06,1744.01,1692.36,1712.74,201078
2023-02-02,1714.27,1743.32,1692.38,1713.35,240047
2023-02-03,1693.67,1729.6,1670.57,1701.7,164260
2023-02-06,1706.75,1710.85,1699.82,1702.99,235889
2023-02-07,1737.57,1744.39,1730.27,1735.65,330528
2023-02-08,1763.4,1782.89,1738.98,1756.22,211674
2023-02-09,1795.04,1802.26,1786.59,1792.91,217564
2023-02-10,1790.41,1815.19,1768.61,1789.53,317660
2023-02-13,1798.31,1807.39,1783.95,1792.51,264931
2023-02-14,1780.76,1793.62,1770.1,1780.44,204539
2023-02-15,1759.65,1768.26,1753.27,1761.69,339937
2023-02-16,1750.3,1774.96,1738.56,1763.09,279557
2023-02-17,1760.17,1773.19,1756.78,1768.95,203430
2023-02-20,1782.56,1798.36,1765.19,1780.41,280885
2023-02-21,1793.64,1805.99,1776.06,1787.68,219638
2023-02-22,1765.45,1786.17,1753.13,1770.93,243374
2023-02-23,1783.22,1791.84,1780.1,1787.89,330699
2023-02-24,1853.26,1877.54,1823.07,1840.22,197896
2023-02-27,1849.1,1880.59,1816.23,1842.94,267587
2023-02-28,1824.85,1854.54,1800.13,1825.43,238157
2023-03-01,1808.75,1819.9,1792.38,1801.54,238158
2023-03-02,1837.48,1860.24,1811.23,1828.06,166212
2023-03-03,1849.32,1874.58,1831.76,1851.86,298342
2023-03-06,1833.42,1872.98,1810.53,1842.03,262051
2023-03-07,1855.51,1860.33,1847.16,1850.85,303276
2023-03-08,1862.19,1873.49,1854.88,1863.97,201588
2023-03-09,1863.27,1890.52,1819.55,1845.43,200156
2023-03-10,1871.54,1897.73,1830.84,1856.71,175500
2023-03-13,1891.83,1906.63,1873.62,1884.31,219819
2023-03-14,1929.51,1956.77,1910.7,1934.51,215789
2023-03-15,1959.12,1992.77,1932.36,1961.16,221777
2023-03-16,1927.84,1935.28,1922.21,1928.65,192553
2023-03-17,1888.53,1922.94,1857.77,1889.68,277203
2023-03-20,1896.01,1922.28,1869.45,1891.98,290977
2023-03-21,1899.67,1914.44,1881.89,1894.57,267432
2023-03-22,1883.84,1893.91,1868.05,1876.72,240078
2023-03-23,1871.3,1903.51,1845.63,1873.1,217874
2023-03-24,1859.18,1874.86,1848.85,1862.16,329788
2023-03-27,1840.97,1852.56,1836.28,1846.03,198787
2023-03-28,1810.78,1838.7,1791.18,1816.9,281922
2023-03-29,1800.19,1824.42,1780.19,1804.04,173811
2023-03-30,1750.63,1778.27,1738.69,1763.69,181861
2023-03-31,1790.67,1797.25,1784.54,1791.08,200850
2023-04-03,1804.29,1817.58,1794.88,1807.71,231015
2023-04-04,1814.05,1821.1,1809.65,1815.92,215460
2023-04-05,1846.09,1867.77,1816.44,1837.3,286917
2023-04-06,1827.85,1857.3,1790.34,1817.41,181992
2023-04-07,1844.72,1875.97,1820.4,1844.71,246009
2023-04-10,1860.83,1866.94,1850.42,1856.37,150403
2023-04-11,1833.82,1842.37,1826.01,1834.02,233848
2023-04-12,1822.16,1839.08,1807.97,1821.52,158517
2023-04-13,1821.9,1833.43,1817.18,1827.86,168367
2023-04-14,1816.66,1834.54,1805.8,1819.25,310311
2023-04-17,1859.18,1871.45,1852.95,1863.99,298581
2023-04-18,1871.71,1890.9,1862.01,1880.07,194160
2023-04-19,1907.88,1918.69,1900.18,1910.25,265932
2023-04-20,1923.14,1944.95,1905.87,1922.35,232335
2023-04-21,1912.64,1930.42,1897.16,1910.37,192681
2023-04-24,1940.16,1955.88,1916.07,1929.42,263848
2023-04-25,1935.53,1953.97,1927.27,1942.97,218241
2023-04-26,1964.64,2001.27,1930.71,1966.65,255200
2023-04-27,1937.54,1977.3,1907.23,1946.18,183305
2023-04-28,1917.04,1942.52,1905.84,1928.3,276017
2023-05-01,1949.45,1957.13,1946.01,1952.48,226002
2023-05-02,1936.97,1957.47,1920.67,1939.53,206938
2023-05-03,2008.78,2021.82,1982.55,1993.35,210388
2023-05-04,2019.94,2026.03,2015.16,2020.93,254539
2023-05-05,2015.65,2037.81,1998.36,2015.8,172525
2023-05-08,2024.39,2058.1,1979.82,2010.66,281558
2023-05-09,2018.23,2034.32,2007.4,2019.97,126875
2023-05-10,2049.32,2058.58,2041.25,2049.09,200020
2023-05-11,2029.45,2057.54,2005.63,2028.82,301741
2023-05-12,2025.21,2066.17,1997.17,2033.32,165861
2023-05-15,2032.28,2078.78,2004.81,2047.98,219388
2023-05-16,2025.71,2045.17,2013.01,2030.31,274634
2023-05-17,2015.66,2035.11,2004.13,2018.67,310003
2023-05-18,2017.07,2052.67,1997.28,2026.78,286382
2023-05-19,2005.45,2043.28,1982.15,2010.0,326983
2023-05-22,2051.42,2076.09,2015.48,2038.3,383033
2023-05-23,2027.89,2055.69,1992.97,2016.63,202866
2023-05-24,2031.12,2056.99,2001.29,2023.89,168557
2023-05-25,2036.02,2062.65,2017.5,2042.83,292417
2023-05-26,2074.43,2088.49,2050.52,2061.92,278680
2023-05-29,2077.61,2082.29,2068.92,2072.28,268808
2023-05-30,2072.57,2097.64,2049.03,2072.16,209361
2023-05-31,2038.16,2062.47,2025.35,2044.51,213495
2023-06-01,2001.5,2023.69,1991.04,2009.21,215806
2023-06-02,2017.78,2028.95,2011.66,2020.99,236098
2023-06-05,2028.67,2062.9,1988.47,2022.47,256617
2023-06-06,2037.79,2064.72,2018.63,2038.15,282243
2023-06-07,2038.09,2058.83,2018.9,2037.1,246290
2023-06-08,2016.23,2045.04,1994.8,2021.06,211327
2023-06-09,2047.4,2063.92,2029.87,2042.21,278573
2023-06-12,2031.78,2040.32,2022.67,2030.9,151625
2023-06-13,2003.35,2033.1,1972.32,1997.97,244502
2023-06-14,2007.18,2019.5,1991.37,2003.58,362753
2023-06-15,1998.91,2022.41,1984.7,2007.39,197617
2023-06-16,2016.25,2039.87,1997.3,2017.64,375149
2023-06-19,2042.52,2087.47,2009.28,2051.88,260120
2023-06-20,2044.5,2052.05,2017.68,2024.74,155847
2023-06-21,2055.83,2083.03,2023.83,2050.58,333225
2023-06-22,2017.08,2030.35,2012.68,2025.55,175798
2023-06-23,1996.79,2018.94,1985.98,2006.96,213586
2023-06-26,1984.05,1992.93,1976.81,1985.19,168667
2023-06-27,2023.29,2040.35,1997.5,2014.15,226076
2023-06-28,1968.26,2000.19,1942.54,1969.41,164509
2023-06-29,1993.74,2005.26,1977.06,1988.38,191010
2023-06-30,1982.93,2012.94,1954.05,1981.44,132167
2023-07-03,2010.83,2036.39,1995.85,2015.66,226122
2023-07-04,2034.09,2055.3,2013.06,2030.9,208603
2023-07-05,2049.97,2066.87,2030.71,2045.02,214391
2023-07-06,2025.1,2056.96,1996.17,2021.17,223931
2023-07-07,2030.51,2051.39,2009.17,2023.75,206686
2023-07-10,2001.86,2031.18,1973.25,1995.78,274080
2023-07-11,1952.83,1978.95,1937.4,1960.32,242577
2023-07-12,1965.19,1986.25,1953.7,1970.03,287034
2023-07-13,1973.01,1988.59,1958.81,1970.92,142273
2023-07-14,1945.42,1975.32,1918.51,1941.85,249680
2023-07-17,1901.47,1928.63,1870.1,1896.56,212105
2023-07-18,1883.5,1917.55,1860.66,1891.66,212592
2023-07-19,1905.09,1923.93,1886.42,1903.94,212305
2023-07-20,1896.11,1911.37,1891.06,1905.74,218894
2023-07-21,1925.62,1949.32,1899.73,1923.35,221784
2023-07-24,1961.12,1994.41,1932.61,1957.04,218284
2023-07-25,1978.18,1983.87,1968.64,1973.03,210238
2023-07-26,1993.64,2022.97,1968.74,1995.39,210213
2023-07-27,1991.4,2000.45,1973.03,1981.36,240082
2023-07-28,1931.62,1944.91,1923.61,1936.65,272066
2023-07-31,1941.22,1964.99,1908.98,1932.34,176522
2023-08-01,1907.01,1942.8,1881.94,1911.62,312841
2023-08-02,1937.08,1951.4,1912.67,1923.41,261227
2023-08-03,1899.79,1904.16,1893.18,1897.23,150742
2023-08-04,1907.33,1937.75,1884.36,1912.57,237436
2023-08-07,1903.89,1938.34,1875.23,1907.22,239637
2023-08-08,1874.53,1910.16,1848.6,1880.18,163172
2023-08-09,1897.3,1919.01,1888.11,1908.17,291944
2023-08-10,1902.61,1909.04,1896.3,1902.44,274161
2023-08-11,1902.17,1910.97,1890.51,1897.76,305696
2023-08-14,1877.65,1906.28,1857.87,1882.24,152421
2023-08-15,1901.86,1931.1,1885.82,1910.53,275496
2023-08-16,1930.6,1939.36,1918.43,1927.1,234336
2023-08-17,1912.79,1950.27,1883.83,1920.32,279243
2023-08-18,1939.72,1966.41,1900.24,1925.38,290500
2023-08-21,1954.82,1967.81,1933.13,1942.93,159681
2023-08-22,1923.6,1941.78,1914.42,1930.41,203449
2023-08-23,1942.78,1950.24,1934.7,1940.31,241020
2023-08-24,1959.4,1969.87,1951.72,1960.34,275975
2023-08-25,1949.77,1968.99,1934.28,1950.94,328805
2023-08-28,1961.38,1990.59,1943.18,1969.44,220821
2023-08-29,2049.91,2076.29,2018.25,2043.2,252049
2023-08-30,2039.47,2070.46,2019.19,2045.69,333395
2023-08-31,2035.65,2064.22,2011.28,2039.4,249284
2023-09-01,2019.68,2047.06,2014.07,2039.56,248762
2023-09-04,2073.13,2103.41,2032.47,2058.11,187886
2023-09-05,2049.94,2079.76,2022.44,2047.89,313217
2023-09-06,2048.7,2080.68,2023.39,2052.45,170597
2023-09-07,2047.59,2081.93,2017.45,2048.46,189494
2023-09-08,2040.14,2051.59,2028.82,2037.37,315370
2023-09-11,2002.69,2013.7,1979.51,1989.99,394571
2023-09-12,1974.31,2020.36,1943.24,1987.33,183007
2023-09-13,1960.38,1984.14,1940.26,1960.83,315029
2023-09-14,1951.58,1978.43,1924.86,1949.62,273204
2023-09-15,1942.7,1970.01,1913.32,1933.93,298008
2023-09-18,1937.25,1962.28,1914.0,1938.74,258413
2023-09-19,1920.0,1926.67,1912.8,1917.71,234163
2023-09-20,1927.02,1942.19,1905.91,1919.25,215146
2023-09-21,1917.56,1951.25,1887.99,1916.31,184838
2023-09-22,1933.42,1937.79,1923.27,1927.45,183659
2023-09-25,1957.51,1988.96,1911.45,1941.0,234977
2023-09-26,1936.08,1948.83,1920.74,1930.31,191150
2023-09-27,1933.14,1944.14,1922.72,1933.67,236677
2023-09-28,1905.78,1933.24,1895.25,1918.11,291118
2023-09-29,1940.05,1964.85,1914.76,1934.16,199449
2023-10-02,1960.71,1991.99,1932.21,1955.31,214779
2023-10-03,1977.04,2006.2,1942.44,1969.66,130194
2023-10-04,1959.59,1991.58,1929.15,1957.61,220891
2023-10-05,1979.69,1994.23,1966.24,1978.88,159837
2023-10-06,1941.19,1962.11,1931.51,1949.63,198219
2023-10-09,1969.27,1982.87,1962.85,1976.25,309097
2023-10-10,1973.28,2010.27,1943.26,1977.43,169464
2023-10-11,1980.33,2019.14,1951.0,1984.35,304289
2023-10-12,2005.87,2023.45,1989.99,2007.46,230584
2023-10-13,2008.38,2023.74,1985.45,1998.08,297270
2023-10-16,2032.36,2052.9,2011.78,2026.99,225279
2023-10-17,1997.71,2042.33,1970.1,2006.76,233606
2023-10-18,2019.36,2043.93,1980.39,2002.38,185117
2023-10-19,1973.7,1992.46,1968.87,1985.97,281824
2023-10-20,1978.59,1996.78,1970.43,1987.07,184235
2023-10-23,1952.06,1970.88,1945.04,1963.36,256644
2023-10-24,1922.38,1953.01,1904.44,1929.11,214556
2023-10-25,1899.78,1926.46,1877.38,1901.75,200616
2023-10-26,1876.96,1887.69,1860.66,1870.05,346514
2023-10-27,1857.22,1895.43,1831.34,1862.17,241133
2023-10-30,1843.69,1855.45,1824.16,1834.39,172133
2023-10-31,1849.23,1871.26,1818.29,1838.53,236058
2023-11-01,1808.05,1834.62,1783.58,1809.04,160224
2023-11-02,1808.23,1824.13,1783.83,1799.36,289601
2023-11-03,1830.48,1837.59,1821.54,1828.61,333600
2023-11-06,1846.62,1865.96,1835.92,1850.77,308714
2023-11-07,1866.29,1875.65,1857.19,1866.11,201221
2023-11-08,1881.88,1896.71,1863.47,1876.79,198619
2023-11-09,1869.47,1880.07,1856.54,1865.2,272053
2023-11-10,1907.96,1933.14,1890.7,1909.8,296017
2023-11-13,1859.05,1885.58,1833.96,1853.99,195836
2023-11-14,1835.3,1863.77,1818.03,1839.97,158509
2023-11-15,1801.39,1808.16,1792.68,1798.13,185622
2023-11-16,1772.82,1778.03,1762.35,1766.31,299139
2023-11-17,1758.95,1786.24,1736.75,1761.78,217025
2023-11-20,1756.85,1761.97,1753.0,1757.58,238017
2023-11-21,1775.75,1787.14,1769.05,1780.42,174905
2023-11-22,1770.09,1801.04,1750.64,1776.78,218989
2023-11-23,1769.64,1797.79,1747.26,1770.71,209320
2023-11-24,1778.63,1810.45,1766.45,1795.32,230105
2023-11-27,1823.25,1831.73,1813.02,1820.47,263716
2023-11-28,1828.97,1863.36,1803.84,1834.87,248906
2023-11-29,1891.53,1910.56,1874.39,1889.23,262071
2023-11-30,1889.57,1910.1,1873.45,1892.03,169400
2023-12-01,1898.02,1912.35,1890.14,1904.13,309320
2023-12-04,1925.57,1955.83,1900.66,1924.35,166251
2023-12-05,1900.79,1922.96,1873.91,1891.3,206996
2023-12-06,1884.84,1900.49,1878.63,1892.71,204536
2023-12-07,1886.52,1915.4,1847.27,1874.14,251207
2023-12-08,1842.17,1870.67,1807.92,1836.15,239907
2023-12-11,1814.38,1829.72,1804.41,1815.87,175643
2023-12-12,1758.2,1777.81,1747.32,1765.19,204080
2023-12-13,1708.92,1712.57,1705.76,1708.72,233256
2023-12-14,1667.1,1685.04,1655.26,1669.91,308127
2023-12-15,1671.23,1690.2,1657.8,1671.72,354533
2023-12-18,1682.01,1702.07,1673.0,1690.67,216281
2023-12-19,1675.36,1690.87,1650.83,1662.46,221404
2023-12-20,1629.28,1641.68,1608.06,1620.04,235317
2023-12-21,1653.41,1667.11,1638.52,1649.85,209964
2023-12-22,1651.48,1679.96,1624.41,1651.67,208799
2023-12-25,1623.14,1634.48,1611.72,1622.44,263332
2023-12-26,1624.87,1636.94,1617.53,1629.52,201122
2023-12-27,1646.08,1655.35,1637.76,1644.67,196695
2023-12-28,1645.33,1667.99,1631.21,1653.49,190522
2023-12-29,1695.57,1716.96,1669.66,1689.53,285358
2024-01-01,1702.85,1727.46,1685.03,1703.55,173457
2024-01-02,1698.88,1726.55,1688.25,1711.94,248060
2024-01-03,1695.83,1720.95,1668.38,1692.14,261476
2024-01-04,1699.37,1721.39,1682.75,1703.28,242913
2024-01-05,1673.6,1702.44,1652.24,1674.1,212184
2024-01-08,1654.98,1671.99,1642.4,1656.62,209588
2024-01-09,1615.71,1634.23,1601.69,1616.14,163077
2024-01-10,1600.39,1627.83,1585.7,1610.61,260028
2024-01-11,1609.23,1623.1,1592.62,1606.0,238498
2024-01-12,1625.28,1648.7,1607.79,1630.09,251112
2024-01-15,1642.55,1665.67,1605.85,1627.32,241399
2024-01-16,1622.14,1628.9,1607.45,1613.2,274995
2024-01-17,1647.91,1660.87,1633.86,1643.18,248319
2024-01-18,1674.95,1694.57,1657.74,1673.56,213422
2024-01-19,1654.39,1673.7,1638.96,1654.18,310653
2024-01-22,1684.43,1698.24,1662.22,1675.0,218675
2024-01-23,1683.91,1701.58,1658.19,1672.58,242377
2024-01-24,1678.96,1707.43,1659.33,1679.73,195168
2024-01-25,1646.93,1654.71,1639.15,1646.14,202301
2024-01-26,1623.97,1636.36,1615.79,1627.55,219026
2024-01-29,1644.32,1651.74,1639.99,1645.58,181712
2024-01-30,1648.04,1671.31,1612.08,1630.2,191533
2024-01-31,1622.51,1648.34,1606.34,1628.33,275310
2024-02-01,1668.89,1695.03,1639.1,1662.78,243354
2024-02-02,1673.89,1704.41,1657.82,1681.72,227379
2024-02-05,1717.43,1725.23,1707.45,1714.63,248856
2024-02-06,1772.31,1782.97,1762.37,1772.18,264101
2024-02-07,1753.74,1784.26,1727.19,1753.07,211345
2024-02-08,1762.5,1782.95,1747.46,1765.8,193280
2024-02-09,1768.56,1802.61,1737.41,1771.39,248359
2024-02-12,1776.78,1783.83,1773.77,1780.18,206719
2024-02-13,1820.0,1834.92,1808.25,1819.48,289937
2024-02-14,1811.44,1817.38,1805.73,1810.62,178237
2024-02-15,1794.75,1804.07,1782.95,1790.53,177042
2024-02-16,1822.92,1855.39,1797.56,1824.1,185702
2024-02-19,1820.5,1862.55,1790.08,1830.33,216347
2024-02-20,1827.32,1834.47,1821.97,1828.65,228343
2024-02-21,1840.73,1867.8,1819.08,1841.4,246853
2024-02-22,1831.5,1845.18,1826.31,1839.37,181188
2024-02-23,1825.49,1840.25,1810.91,1822.84,164781
2024-02-26,1819.34,1852.75,1793.72,1821.06,191741
2024-02-27,1810.92,1834.69,1790.45,1810.62,273446
2024-02-28,1808.59,1839.05,1787.75,1810.41,177672
2024-02-29,1789.14,1817.62,1771.52,1794.61,232380
2024-03-01,1808.38,1818.64,1791.98,1801.39,204146
2024-03-04,1832.15,1863.86,1789.88,1816.05,130761
2024-03-05,1799.18,1826.98,1764.69,1791.52,217248
2024-03-06,1759.49,1799.44,1734.74,1769.43,183184
2024-03-07,1769.09,1799.35,1749.41,1776.09,293847
2024-03-08,1788.68,1830.57,1766.01,1799.37,314662
2024-03-11,1802.51,1821.84,1789.83,1805.72,243904
2024-03-12,1797.39,1811.72,1792.1,1804.14,359098
2024-03-13,1832.75,1860.17,1806.28,1829.8,151127
2024-03-14,1840.13,1863.71,1829.85,1849.27,209275
2024-03-15,1836.03,1848.79,1821.42,1833.97,254982
2024-03-18,1837.17,1867.65,1812.58,1836.28,232374
2024-03-19,1866.2,1895.93,1835.89,1864.99,254793
2024-03-20,1861.98,1872.09,1851.58,1859.73,238573
2024-03-21,1874.52,1890.27,1856.02,1871.23,125576
2024-03-22,1823.58,1843.17,1803.66,1818.63,234995
2024-03-25,1840.77,1855.59,1823.58,1836.54,220744
2024-03-26,1820.3,1852.01,1798.19,1821.95,247529
2024-03-27,1810.04,1833.77,1792.87,1813.16,232213
2024-03-28,1798.93,1806.2,1792.86,1798.73,176965
2024-03-29,1794.68,1802.7,1783.01,1789.13,211029
2024-04-01,1815.06,1827.3,1799.47,1810.83,210285
2024-04-02,1822.55,1830.26,1816.95,1824.31,259959
2024-04-03,1833.7,1864.28,1808.68,1831.05,199362
2024-04-04,1853.34,1890.3,1826.83,1862.0,159657
2024-04-05,1895.25,1909.08,1882.41,1895.81,261009
2024-04-08,1915.56,1938.93,1897.75,1919.27,252156
2024-04-09,1868.75,1911.53,1842.74,1882.2,356578
2024-04-10,1869.57,1902.98,1850.64,1876.97,257232
2024-04-11,1872.35,1882.64,1868.66,1877.76,213073
2024-04-12,1863.68,1867.67,1856.56,1860.32,156303
2024-04-15,1860.72,1888.38,1824.83,1851.66,258491
2024-04-16,1868.21,1876.48,1851.21,1859.07,276091
2024-04-17,1867.37,1898.01,1842.81,1871.35,287160
2024-04-18,1828.99,1865.75,1801.91,1836.68,209330
2024-04-19,1845.66,1864.74,1824.7,1841.35,222396
2024-04-22,1837.08,1841.85,1829.26,1832.65,166415
2024-04-23,1826.79,1844.7,1809.98,1826.04,246944
2024-04-24,1799.86,1834.32,1782.19,1810.07,326758
2024-04-25,1785.77,1794.19,1777.57,1783.88,191555
2024-04-26,1764.48,1785.44,1744.61,1762.81,346619
2024-04-29,1752.45,1767.5,1748.36,1761.66,260814
2024-04-30,1772.33,1802.13,1741.01,1762.7,230756
2024-05-01,1763.34,1776.16,1750.75,1762.73,320239
2024-05-02,1754.15,1775.4,1743.42,1764.06,260536
2024-05-03,1794.11,1804.82,1779.77,1787.25,211809
2024-05-06,1780.31,1793.29,1772.38,1784.63,345336
2024-05-07,1797.65,1825.72,1768.58,1793.17,198271
2024-05-08,1811.5,1825.65,1799.78,1813.4,222348
2024-05-09,1821.58,1838.82,1802.89,1816.41,343771
2024-05-10,1829.75,1859.47,1794.19,1822.71,274745
2024-05-13,1786.93,1800.7,1782.28,1794.24,307952
2024-05-14,1787.07,1801.59,1778.8,1793.03,276609
2024-05-15,1813.31,1839.35,1795.07,1820.9,281790
2024-05-16,1834.36,1856.58,1811.41,1832.27,355749
2024-05-17,1844.07,1864.85,1820.38,1840.55,306294
2024-05-20,1822.32,1831.19,1815.58,1823.41,210771
2024-05-21,1784.4,1815.8,1769.7,1799.45,173561
2024-05-22,1786.22,1797.14,1775.83,1786.13,186421
2024-05-23,1825.42,1857.88,1789.14,1816.09,203369
2024-05-24,1829.33,1836.16,1824.09,1829.42,254474
2024-05-27,1810.12,1821.63,1798.52,1807.78,398589
2024-05-28,1844.98,1862.91,1833.79,1850.74,231523
2024-05-29,1851.6,1868.08,1840.69,1854.38,426080
2024-05-30,1849.08,1854.9,1845.64,1850.66,274441
2024-05-31,1848.04,1864.67,1840.9,1855.59,246211
2024-06-03,1802.54,1838.16,1780.1,1815.18,290090
2024-06-04,1826.83,1859.0,1793.65,1820.86,243385
2024-06-05,1828.93,1849.6,1810.33,1830.69,208501
2024-06-06,1865.63,1889.7,1840.57,1863.15,177585
2024-06-07,1862.86,1882.8,1848.11,1867.33,165372
2024-06-10,1874.8,1895.28,1855.02,1875.29,203573
2024-06-11,1901.08,1912.07,1887.98,1898.85,225872
2024-06-12,1897.6,1912.47,1887.62,1901.93,202841
2024-06-13,1889.99,1907.27,1874.82,1890.71,330805
2024-06-14,1871.4,1878.06,1867.78,1873.7,175466
2024-06-17,1878.47,1895.43,1862.23,1878.71,160847
2024-06-18,1945.03,1969.47,1927.95,1950.58,202163
2024-06-19,1970.41,2001.73,1937.43,1960.34,149930
2024-06-20,1938.78,1963.18,1926.98,1946.87,211775
2024-06-21,1928.97,1933.6,1923.0,1926.74,366992
2024-06-24,1951.68,1978.79,1933.9,1957.51,186303
2024-06-25,1947.92,1958.69,1943.15,1952.98,207552
2024-06-26,1979.48,2010.67,1958.32,1982.94,178268
2024-06-27,1980.72,2003.58,1961.79,1984.58,213121
2024-06-28,1950.91,1990.03,1928.47,1959.48,229456
2024-07-01,1953.13,1996.14,1927.33,1963.88,274650
2024-07-02,1921.8,1937.29,1913.14,1926.28,254727
2024-07-03,1911.13,1932.47,1899.16,1917.55,243764
2024-07-04,1934.88,1953.12,1911.39,1925.48,236879
2024-07-05,1938.09,1958.94,1920.18,1936.84,205118
2024-07-08,1912.95,1919.57,1908.44,1914.7,199657
2024-07-09,1942.31,1971.33,1913.03,1939.7,271773
2024-07-10,1954.89,1977.8,1928.73,1949.66,217892
2024-07-11,1954.85,1987.76,1929.59,1961.06,163089
2024-07-12,1897.8,1933.57,1870.57,1906.03,221725
2024-07-15,1933.11,1962.01,1906.6,1930.94,188121
2024-07-16,1958.7,1986.74,1934.92,1960.43,288995
2024-07-17,1942.5,1966.0,1933.33,1956.43,231508
2024-07-18,1980.29,1993.56,1962.73,1972.88,176907
2024-07-19,1917.2,1933.54,1910.04,1926.19,148240
2024-07-22,1949.16,1963.43,1933.51,1945.59,214473
2024-07-23,1935.61,1946.02,1930.76,1939.59,270034
2024-07-24,1954.94,1981.44,1929.88,1949.66,190826
2024-07-25,1930.11,1957.4,1910.45,1931.65,221822
2024-07-26,1914.9,1928.36,1902.32,1912.68,227570
2024-07-29,1888.62,1894.84,1878.06,1883.05,249349
2024-07-30,1850.86,1862.89,1832.35,1844.0,189739
2024-07-31,1842.2,1871.48,1819.35,1846.99,268892
2024-08-01,1845.34,1861.99,1828.22,1843.8,212780
2024-08-02,1833.71,1853.57,1818.26,1832.18,303425
2024-08-05,1813.61,1822.12,1803.89,1810.06,230126
2024-08-06,1799.91,1823.98,1774.61,1793.56,201583
2024-08-07,1794.28,1799.6,1788.71,1792.76,272570
2024-08-08,1815.7,1837.54,1802.0,1820.64,137772
2024-08-09,1837.73,1869.34,1807.79,1835.83,425626
2024-08-12,1814.36,1843.41,1790.01,1815.43,327321
2024-08-13,1845.01,1860.7,1830.57,1842.25,268172
2024-08-14,1859.17,1891.51,1826.49,1857.6,143922
2024-08-15,1868.39,1882.06,1852.63,1864.23,249133
2024-08-16,1822.75,1838.54,1811.14,1825.88,244760
2024-08-19,1846.36,1856.34,1829.97,1837.21,361902
2024-08-20,1833.35,1858.33,1805.29,1829.95,226992
2024-08-21,1821.53,1830.47,1812.9,1820.62,245262
2024-08-22,1805.39,1829.65,1787.72,1809.03,182326
2024-08-23,1840.75,1859.57,1820.04,1834.87,260827
2024-08-26,1793.08,1822.98,1787.93,1817.06,246371
2024-08-27,1836.04,1856.93,1816.17,1832.92,235884
2024-08-28,1819.15,1831.35,1814.21,1825.56,298729
2024-08-29,1827.85,1837.05,1821.28,1829.22,314570
2024-08-30,1851.4,1856.03,1844.74,1849.07,278344
2024-09-02,1839.37,1864.74,1817.91,1837.7,272554
2024-09-03,1818.84,1844.36,1786.35,1806.21,233676
2024-09-04,1784.98,1795.5,1773.89,1783.38,284420
2024-09-05,1803.29,1833.28,1775.46,1801.69,317162
2024-09-06,1773.4,1794.53,1761.16,1777.39,302050
2024-09-09,1783.1,1801.42,1774.61,1791.39,277227
2024-09-10,1792.5,1820.89,1770.93,1792.63,233854
2024-09-11,1816.62,1840.31,1803.87,1823.46,186302
2024-09-12,1807.97,1826.91,1799.1,1816.11,167151
2024-09-13,1824.87,1847.18,1787.33,1806.95,156418
2024-09-16,1813.7,1820.78,1802.36,1808.42,234091
2024-09-17,1821.84,1839.18,1803.25,1817.91,310116
2024-09-18,1804.09,1812.73,1791.21,1799.47,245159
2024-09-19,1795.21,1818.16,1770.87,1793.09,260572
2024-09-20,1807.44,1843.37,1790.27,1819.21,291995
2024-09-23,1875.86,1900.44,1863.23,1885.44,270197
2024-09-24,1859.14,1879.17,1835.11,1854.48,168274
2024-09-25,1815.53,1851.23,1793.23,1820.46,249529
2024-09-26,1820.63,1842.92,1794.55,1813.82,228306
2024-09-27,1801.43,1810.92,1791.89,1800.93,225881
2024-09-30,1809.27,1813.81,1802.95,1806.51,185761
2024-10-01,1810.88,1827.81,1793.34,1807.09,205018
2024-10-02,1817.63,1839.19,1802.42,1818.19,286746
2024-10-03,1804.76,1828.91,1776.76,1796.55,291329
2024-10-04,1755.98,1766.79,1747.12,1757.11,240051
2024-10-07,1775.67,1782.62,1760.95,1767.14,160014
2024-10-08,1744.76,1757.08,1740.12,1752.07,252630
2024-10-09,1723.87,1728.05,1720.08,1723.84,183183
2024-10-10,1766.73,1796.83,1734.98,1764.67,308430
2024-10-11,1758.9,1774.2,1744.52,1756.51,176071
2024-10-14,1750.92,1770.14,1731.12,1748.37,168443
2024-10-15,1762.1,1771.96,1753.2,1760.63,282039
2024-10-16,1753.88,1781.02,1729.41,1753.71,282460
2024-10-17,1769.91,1798.93,1745.24,1766.27,257165
2024-10-18,1793.88,1826.06,1764.38,1794.28,211365
2024-10-21,1766.73,1799.35,1747.53,1773.53,244203
2024-10-22,1787.35,1814.23,1768.06,1790.42,308224
2024-10-23,1784.06,1819.02,1758.43,1792.07,304093
2024-10-24,1812.22,1835.76,1793.83,1813.46,252455
2024-10-25,1801.53,1835.15,1779.84,1810.6,266153
2024-10-28,1836.99,1861.14,1817.92,1835.64,280281
2024-10-29,1810.8,1837.26,1793.15,1813.92,212131
2024-10-30,1833.19,1851.22,1803.68,1819.39,374969
2024-10-31,1821.74,1851.5,1790.25,1815.56,187183
2024-11-01,1818.82,1835.72,1803.98,1816.78,240355
2024-11-04,1801.58,1820.66,1787.51,1804.14,202138
2024-11-05,1776.33,1783.31,1767.34,1773.75,224196
2024-11-06,1755.51,1778.38,1741.74,1761.29,270596
2024-11-07,1799.34,1804.18,1794.12,1797.81,296337
2024-11-08,1795.85,1817.89,1772.62,1789.69,136026
2024-11-11,1758.97,1780.33,1742.26,1760.56,232317
2024-11-12,1746.35,1778.55,1728.37,1754.17,282848
2024-11-13,1770.33,1789.23,1755.94,1773.07,315602
2024-11-14,1704.3,1712.83,1698.6,1705.7,246503
2024-11-15,1701.22,1723.16,1677.94,1696.72,203827
2024-11-18,1678.63,1682.3,1674.11,1676.95,353830
2024-11-19,1677.08,1700.93,1654.03,1670.68,201626
2024-11-20,1650.44,1672.96,1642.43,1661.51,240930
2024-11-21,1642.36,1652.66,1623.12,1630.93,280232
2024-11-22,1609.91,1628.83,1593.85,1612.72,194303
2024-11-25,1616.69,1646.58,1596.28,1624.5,174834
2024-11-26,1621.23,1644.25,1608.21,1630.92,168321
2024-11-27,1644.12,1650.43,1631.88,1636.48,172697
2024-11-28,1656.85,1681.12,1634.17,1651.56,182919
2024-11-29,1649.35,1667.69,1639.43,1656.01,211035
2024-12-02,1646.16,1658.82,1630.29,1641.12,227960
2024-12-03,1627.25,1647.24,1599.9,1619.59,232746
2024-12-04,1652.41,1678.86,1624.31,1646.09,187796
2024-12-05,1642.53,1659.32,1626.34,1638.11,189179
2024-12-06,1671.74,1690.4,1642.08,1660.32,312860
2024-12-09,1641.66,1666.07,1620.93,1644.07,205844
2024-12-10,1615.43,1628.8,1605.69,1615.57,173807
2024-12-11,1568.99,1589.74,1553.82,1571.69,310912
2024-12-12,1551.27,1564.16,1536.54,1546.69,194673
2024-12-13,1566.26,1595.19,1541.63,1568.32,301677
2024-12-16,1568.76,1589.14,1544.33,1559.59,278757
2024-12-17,1571.66,1601.23,1550.34,1574.06,373624
2024-12-18,1546.59,1566.88,1521.41,1540.91,274956
2024-12-19,1563.72,1590.49,1534.65,1557.93,186013
2024-12-20,1559.51,1589.68,1537.6,1565.25,229451
2024-12-23,1568.53,1594.38,1546.38,1566.11,283389
2024-12-24,1541.75,1569.86,1519.71,1546.83,184823
2024-12-25,1532.52,1564.22,1511.69,1537.27,196357
2024-12-26,1494.24,1510.37,1485.26,1498.09,228675
2024-12-27,1522.99,1544.04,1497.93,1518.11,190412
2024-12-30,1526.61,1546.27,1510.22,1528.71,285823
2024-12-31,1501.21,1528.18,1478.55,1505.23,188938
2025-01-01,1508.35,1512.93,1501.81,1505.52,183914
2025-01-02,1539.53,1545.44,1523.81,1528.14,207800
2025-01-03,1539.4,1565.15,1508.29,1529.69,185513
2025-01-06,1542.65,1556.92,1518.05,1530.9,354461
2025-01-07,1513.05,1536.12,1496.06,1515.97,245613
2025-01-08,1531.69,1545.48,1523.33,1534.17,322813
2025-01-09,1534.24,1571.17,1517.94,1547.82,272883
2025-01-10,1556.73,1580.82,1533.22,1551.68,223579
2025-01-13,1549.64,1574.0,1536.2,1554.76,233366
2025-01-14,1539.41,1566.08,1509.55,1535.4,190331
2025-01-15,1509.33,1522.83,1503.88,1515.21,376542
2025-01-16,1486.8,1509.42,1459.27,1481.39,215557
2025-01-17,1491.53,1513.56,1473.07,1491.89,378645
2025-01-20,1500.21,1519.95,1475.74,1494.96,288458
2025-01-21,1479.22,1504.41,1468.59,1490.73,228065
2025-01-22,1491.48,1495.93,1481.78,1485.86,188883
2025-01-23,1462.75,1472.57,1450.58,1457.8,218109
2025-01-24,1432.49,1462.29,1422.7,1452.06,207953
2025-01-27,1493.27,1515.12,1469.12,1488.25,222924
2025-01-28,1469.12,1481.91,1457.97,1467.63,326039
2025-01-29,1466.12,1482.67,1451.4,1467.07,282644
2025-01-30,1469.4,1474.02,1464.5,1468.38,190784
2025-01-31,1420.43,1442.46,1406.84,1426.11,239537
2025-02-03,1428.58,1442.61,1416.69,1429.84,211264
2025-02-04,1397.28,1422.13,1368.13,1391.81,305335
2025-02-05,1386.03,1414.11,1365.5,1393.21,327094
2025-02-06,1399.06,1409.88,1381.7,1390.83,261999
2025-02-07,1388.45,1405.75,1365.46,1380.03,249021
2025-02-10,1370.8,1391.93,1356.93,1377.69,201962
2025-02-11,1369.22,1395.28,1351.44,1375.58,328836
2025-02-12,1374.8,1398.8,1350.44,1369.13,358528
2025-02-13,1364.19,1372.41,1350.03,1355.88,379653
2025-02-14,1390.43,1404.1,1374.17,1386.4,316314
2025-02-17,1398.21,1413.44,1378.72,1392.38,228724
2025-02-18,1402.38,1421.92,1384.07,1400.15,214930
2025-02-19,1397.42,1408.18,1390.53,1399.47,358339
2025-02-20,1404.05,1421.27,1396.35,1411.49,269227
2025-02-21,1410.85,1424.83,1392.01,1403.74,270485
2025-02-24,1422.95,1429.57,1412.48,1418.29,239141
2025-02-25,1428.24,1439.37,1421.21,1431.52,223659
2025-02-26,1428.44,1444.44,1410.6,1424.48,216298
2025-02-27,1430.35,1435.73,1426.67,1431.93,228508
2025-02-28,1443.88,1467.17,1414.39,1436.62,255341
2025-03-03,1448.05,1464.85,1441.67,1456.55,275434
2025-03-04,1420.55,1441.59,1407.74,1425.9,170310
2025-03-05,1403.02,1426.86,1378.27,1400.85,236555
2025-03-06,1409.21,1414.78,1401.02,1405.49,277734
2025-03-07,1390.39,1406.17,1379.66,1391.81,218083
2025-03-10,1399.1,1406.76,1381.91,1387.31,272004
2025-03-11,1402.02,1405.38,1396.65,1399.06,262148
2025-03-12,1414.84,1430.35,1399.6,1410.8,301786
2025-03-13,1345.81,1356.4,1342.17,1352.09,199791
2025-03-14,1376.87,1396.3,1344.73,1359.84,132198
2025-03-17,1344.09,1365.87,1326.47,1344.48,271637
2025-03-18,1359.01,1381.78,1348.3,1370.35,443791
2025-03-19,1341.03,1347.59,1337.89,1343.44,274086
2025-03-20,1312.42,1337.42,1295.34,1314.9,290629
2025-03-21,1294.71,1303.93,1291.28,1300.24,539961
2025-03-24,1299.93,1322.59,1287.23,1308.16,232901
2025-03-25,1304.02,1323.98,1291.65,1308.01,354039
2025-03-26,1286.38,1305.53,1273.78,1291.49,303202
2025-03-27,1290.43,1306.33,1271.93,1285.76,294738
2025-03-28,1282.94,1298.99,1267.0,1281.23,362821
2025-03-31,1259.59,1268.6,1251.52,1260.11,341165
2025-04-01,1234.48,1245.43,1229.08,1239.86,296634
2025-04-02,1232.92,1252.41,1209.44,1225.76,200518
2025-04-03,1233.62,1260.32,1219.88,1241.01,324376
2025-04-04,1236.91,1240.61,1232.88,1236.22,263396
2025-04-07,1229.28,1250.47,1215.35,1234.12,201238
2025-04-08,1193.5,1213.81,1178.24,1197.45,289466
2025-04-09,1210.0,1220.1,1199.25,1208.61,232781
2025-04-10,1223.19,1226.65,1216.98,1220.35,440220
2025-04-11,1231.33,1242.28,1223.39,1232.88,267599
2025-04-14,1247.27,1267.19,1235.42,1251.09,357509
2025-04-15,1269.3,1289.59,1243.69,1263.69,302037
2025-04-16,1275.32,1293.07,1256.22,1269.86,299333
2025-04-17,1230.26,1260.75,1214.5,1238.87,166230
2025-04-18,1246.74,1250.42,1238.33,1241.8,254948
2025-04-21,1259.75,1273.26,1246.2,1258.72,229063
2025-04-22,1255.12,1272.57,1236.3,1248.46,208869
2025-04-23,1222.49,1229.29,1217.11,1222.16,202505
2025-04-24,1209.17,1223.6,1193.85,1204.68,332554
2025-04-25,1208.15,1219.54,1198.63,1209.69,317086
2025-04-28,1224.41,1245.12,1205.39,1222.27,259550
2025-04-29,1204.86,1227.56,1197.29,1217.44,260147
2025-04-30,1196.68,1214.53,1181.93,1199.72,306223
2025-05-01,1188.89,1200.65,1181.15,1190.49,314183
2025-05-02,1163.92,1174.03,1158.74,1166.96,451657
2025-05-05,1172.59,1195.59,1156.83,1178.38,267036
2025-05-06,1205.45,1223.39,1186.52,1199.71,166419
2025-05-07,1209.31,1226.06,1191.9,1204.83,378339
2025-05-08,1188.52,1209.78,1173.65,1190.93,180360
2025-05-09,1227.71,1240.46,1221.51,1231.86,222388
2025-05-12,1209.28,1222.51,1200.56,1213.53,349082
2025-05-13,1199.79,1221.47,1190.48,1209.23,269809
2025-05-14,1197.35,1208.34,1187.72,1198.51,229910
2025-05-15,1212.13,1234.78,1195.94,1213.64,188899
2025-05-16,1240.08,1253.21,1231.7,1243.43,189882
2025-05-19,1214.23,1224.43,1200.72,1210.61,211535
2025-05-20,1173.93,1181.92,1164.47,1171.03,337199
2025-05-21,1164.07,1169.42,1153.09,1158.31,197247
2025-05-22,1168.33,1182.59,1149.96,1161.5,255577
2025-05-23,1168.7,1172.38,1165.0,1167.57,268897
2025-05-26,1177.31,1188.47,1166.57,1176.18,278167
2025-05-27,1189.65,1213.69,1174.89,1193.6,288257
2025-05-28,1204.53,1220.3,1190.43,1202.83,253223
2025-05-29,1208.82,1232.05,1193.85,1213.66,320892
2025-05-30,1240.18,1261.74,1218.85,1239.72,296259
2025-06-02,1237.35,1248.75,1223.27,1234.36,110230
2025-06-03,1228.17,1231.35,1217.99,1220.58,201730
2025-06-04,1206.43,1214.7,1201.99,1209.61,250952
2025-06-05,1212.89,1230.04,1204.91,1221.98,212645
2025-06-06,1245.23,1271.84,1228.81,1249.99,298473
2025-06-09,1251.5,1274.38,1242.8,1262.88,345624
2025-06-10,1216.89,1238.05,1207.29,1225.49,355139
2025-06-11,1246.23,1262.2,1233.82,1245.25,223989
2025-06-12,1264.84,1292.64,1247.55,1269.93,199234
2025-06-13,1259.52,1281.1,1243.5,1264.86,324726
2025-06-16,1281.93,1302.35,1256.39,1276.02,363162
2025-06-17,1285.23,1299.82,1273.02,1286.93,309183
2025-06-18,1265.73,1289.92,1248.78,1269.81,248849
2025-06-19,1301.04,1306.36,1288.81,1293.58,317689
2025-06-20,1307.12,1319.76,1296.98,1308.23,263314
2025-06-23,1301.78,1313.65,1289.12,1297.65,319705
2025-06-24,1345.71,1367.4,1329.39,1350.56,306095
2025-06-25,1334.67,1353.07,1316.55,1332.44,266620
2025-06-26,1330.46,1341.75,1315.28,1324.31,251148
2025-06-27,1320.37,1333.46,1312.86,1324.26,282408
2025-06-30,1307.43,1330.82,1294.63,1317.69,194283
2025-07-01,1309.79,1325.48,1291.53,1303.62,385032
2025-07-02,1303.5,1321.03,1297.34,1313.22,284912
2025-07-03,1342.06,1356.12,1329.23,1340.73,212042
2025-07-04,1314.6,1332.42,1309.99,1326.96,243681
2025-07-07,1310.19,1317.44,1306.85,1313.72,227016
2025-07-08,1326.3,1336.15,1323.02,1331.64,264171
2025-07-09,1309.43,1339.86,1292.2,1320.07,319942
2025-07-10,1338.81,1362.02,1320.47,1337.61,243030
2025-07-11,1341.83,1362.06,1326.68,1342.39,243703
2025-07-14,1395.53,1410.87,1386.1,1399.38,266733
2025-07-15,1388.08,1412.42,1371.17,1392.87,204332
2025-07-16,1413.49,1427.21,1396.97,1408.84,414065
2025-07-17,1403.32,1424.08,1379.05,1398.61,321070
2025-07-18,1405.79,1420.32,1391.37,1404.11,293762
2025-07-21,1453.3,1465.02,1440.78,1449.98,306165
2025-07-22,1458.76,1473.55,1446.27,1460.55,286238
2025-07-23,1473.09,1484.79,1468.91,1479.83,283299
2025-07-24,1518.64,1544.36,1494.34,1512.47,192424
2025-07-25,1510.15,1514.36,1501.12,1504.95,273127
2025-07-28,1529.29,1556.64,1506.97,1528.58,271400
2025-07-29,1476.85,1486.02,1472.72,1481.39,291988
2025-07-30,1481.2,1485.1,1469.96,1472.99,276517
2025-07-31,1503.41,1517.69,1490.36,1502.26,282117
2025-08-01,1481.11,1505.65,1466.6,1487.42,191925
2025-08-04,1512.85,1516.8,1493.3,1496.81,304794
2025-08-05,1455.88,1483.74,1430.39,1458.14,205806
2025-08-06,1469.46,1491.05,1449.83,1466.9,326494
2025-08-07,1447.53,1479.98,1429.17,1454.14,368137
2025-08-08,1502.33,1522.79,1485.59,1502.55,287221
2025-08-11,1458.03,1462.55,1451.94,1455.29,320809
2025-08-12,1455.11,1478.2,1441.02,1458.37,310004
2025-08-13,1464.56,1482.08,1440.52,1453.32,367224
2025-08-14,1433.73,1446.26,1425.11,1436.96,255599
2025-08-15,1452.14,1468.24,1449.13,1464.73,390926
2025-08-18,1448.52,1470.64,1424.26,1442.14,259661
2025-08-19,1441.99,1462.51,1426.75,1443.43,330950
2025-08-20,1475.57,1494.36,1448.81,1466.67,281682
2025-08-21,1461.34,1475.01,1448.79,1461.62,181613
2025-08-22,1492.96,1496.43,1483.17,1486.2,403431
2025-08-25,1451.97,1470.64,1437.22,1455.59,258898
2025-08-26,1455.99,1471.95,1435.84,1449.84,338505
2025-08-27,1458.59,1463.83,1454.77,1459.86,299934
2025-08-28,1464.6,1479.74,1450.32,1464.27,272316
2025-08-29,1476.51,1492.31,1458.6,1471.1,279356
2025-09-01,1452.55,1470.08,1440.75,1454.43,372524
2025-09-02,1454.05,1475.06,1435.85,1456.0,281236
2025-09-03,1432.57,1447.71,1411.44,1424.16,333860
2025-09-04,1424.72,1448.55,1399.27,1421.9,266694
2025-09-05,1412.08,1442.66,1389.35,1419.19,245274
2025-09-08,1458.96,1481.12,1435.45,1454.25,302547
2025-09-09,1407.62,1425.66,1387.91,1403.33,177110
2025-09-10,1407.89,1427.99,1384.81,1404.13,154522
2025-09-11,1400.63,1416.31,1381.35,1393.63,235481
2025-09-12,1390.5,1394.91,1386.5,1390.13,244352
2025-09-15,1387.58,1418.36,1370.42,1395.75,238663
2025-09-16,1404.09,1407.39,1400.37,1403.05,393805
2025-09-17,1410.9,1421.73,1392.57,1402.21,279427
2025-09-18,1406.34,1419.14,1398.03,1408.07,223609
2025-09-19,1408.41,1422.61,1397.47,1409.58,213594
2025-09-22,1376.92,1390.06,1368.05,1379.62,252237
2025-09-23,1415.56,1431.72,1405.2,1420.09,209375
2025-09-24,1426.5,1443.94,1420.74,1437.26,189107
2025-09-25,1450.9,1458.15,1437.38,1443.68,285688
2025-09-26,1474.07,1487.82,1449.42,1460.98,222746
2025-09-29,1494.46,1499.31,1483.19,1486.87,189440
2025-09-30,1458.8,1463.38,1452.3,1456.15,391756
2025-10-01,1444.77,1454.62,1436.74,1444.09,222516
2025-10-02,1462.02,1479.6,1445.64,1461.15,226177
2025-10-03,1458.84,1467.81,1448.81,1457.45,270888
2025-10-06,1440.39,1465.87,1428.59,1453.03,321534
2025-10-07,1489.65,1526.1,1470.64,1499.71,309346
2025-10-08,1513.17,1538.38,1485.92,1509.58,250130
2025-10-09,1480.8,1494.5,1465.54,1476.63,298111
2025-10-10,1478.87,1489.49,1472.42,1481.72,224884
2025-10-13,1461.96,1480.56,1448.63,1464.73,226917
2025-10-14,1445.4,1458.8,1436.43,1446.55,277908
2025-10-15,1451.53,1456.69,1439.37,1444.02,236902
2025-10-16,1426.13,1453.57,1414.15,1440.09,168528
2025-10-17,1423.01,1441.63,1401.84,1420.31,202344
2025-10-20,1420.21,1423.46,1410.27,1412.88,231579
2025-10-21,1402.19,1414.52,1394.63,1404.69,256783
2025-10-22,1454.42,1475.18,1440.57,1456.47,265072
2025-10-23,1464.82,1499.03,1445.71,1473.5,280438
2025-10-24,1488.84,1507.79,1474.39,1489.77,293510
2025-10-27,1494.58,1512.53,1480.93,1496.27,231786
2025-10-28,1526.27,1536.59,1512.23,1521.41,245364
2025-10-29,1468.97,1496.89,1453.17,1474.36,196714
2025-10-30,1448.5,1453.83,1438.87,1443.77,256047
2025-10-31,1483.18,1500.34,1474.2,1487.83,213164
2025-11-03,1483.23,1508.9,1461.83,1483.92,160467
2025-11-04,1477.02,1493.83,1457.7,1473.6,233467
2025-11-05,1460.55,1478.99,1441.48,1456.99,327408
2025-11-06,1418.34,1444.77,1404.18,1429.19,243610
2025-11-07,1420.3,1434.13,1407.13,1418.54,249785
2025-11-10,1387.83,1402.2,1378.59,1390.38,254974
2025-11-11,1388.38,1408.99,1368.25,1384.69,320093
2025-11-12,1393.14,1422.6,1371.96,1398.05,228271
2025-11-13,1412.0,1414.91,1409.0,1411.13,220448
2025-11-14,1396.11,1415.41,1383.71,1402.24,305537
2025-11-17,1418.68,1430.61,1407.54,1417.92,328776
2025-11-18,1367.55,1402.53,1350.71,1380.83,232711
2025-11-19,1400.52,1424.45,1378.38,1401.76,282733
2025-11-20,1392.49,1405.64,1382.95,1393.18,387914
2025-11-21,1411.52,1418.81,1404.41,1411.0,220182
2025-11-24,1435.58,1443.87,1424.17,1431.32,324992
2025-11-25,1473.15,1488.71,1448.51,1459.53,251558
2025-11-26,1426.17,1442.45,1419.22,1435.21,250704
2025-11-27,1421.56,1434.9,1400.46,1413.51,247832
2025-11-28,1415.99,1439.6,1397.54,1417.29,289878
2025-12-01,1401.45,1415.58,1384.92,1396.49,256160
2025-12-02,1396.1,1407.08,1389.12,1398.81,222972
2025-12-03,1413.93,1433.66,1403.5,1422.05,365689
2025-12-04,1451.72,1476.38,1420.24,1444.53,306765
2025-12-05,1465.88,1492.26,1448.8,1468.1,265295
2025-12-08,1466.43,1493.33,1445.23,1470.53,356694
2025-12-09,1475.39,1500.48,1455.6,1476.79,237900
2025-12-10,1506.61,1520.07,1486.18,1499.54,208050
2025-12-11,1500.35,1514.04,1490.5,1500.63,305581
2025-12-12,1455.42,1481.43,1427.27,1448.25,295018
2025-12-15,1436.39,1460.36,1403.85,1426.91,298920
2025-12-16,1427.25,1443.34,1404.53,1420.33,274341
2025-12-17,1395.57,1410.28,1390.1,1404.46,312676
2025-12-18,1398.68,1406.86,1391.03,1398.13,312183
2025-12-19,1383.63,1394.38,1376.03,1385.68,380294
2025-12-22,1414.38,1439.23,1393.49,1412.92,303043
2025-12-23,1418.25,1441.19,1389.38,1410.45,289689
2025-12-24,1395.71,1401.57,1387.01,1391.82,308709
2025-12-25,1406.32,1423.33,1395.1,1408.12,351002
2025-12-26,1455.02,1480.65,1424.56,1449.97,201602
2025-12-29,1447.72,1474.2,1436.71,1458.76,227177
2025-12-30,1484.45,1500.62,1462.07,1474.78,190116
2025-12-31,1498.64,1512.54,1490.62,1501.3,212560
2026-01-01,1507.83,1537.14,1484.89,1511.15,291090
2026-01-02,1457.05,1473.34,1443.97,1459.95,439040
2026-01-05,1462.02,1488.07,1432.7,1456.16,253040
2026-01-06,1466.54,1478.92,1459.19,1468.65,310002
2026-01-07,1464.8,1486.08,1447.62,1465.13,264468
2026-01-08,1478.78,1484.15,1470.6,1474.91,326382
2026-01-09,1495.31,1507.2,1482.35,1494.09,318085
2026-01-12,1454.47,1473.86,1448.69,1466.17,231775
2026-01-13,1487.12,1516.17,1468.88,1492.03,357696
2026-01-14,1515.7,1525.56,1504.95,1513.0,225021
2026-01-15,1531.26,1551.61,1510.33,1529.63,327250
2026-01-16,1559.25,1566.77,1543.06,1548.76,266695
2026-01-19,1508.75,1514.11,1505.98,1510.92,305021
2026-01-20,1584.89,1598.55,1564.04,1574.93,148300
2026-01-21,1556.12,1591.12,1532.77,1563.8,289247
2026-01-22,1539.17,1551.39,1536.3,1547.91,233403
2026-01-23,1539.81,1567.22,1513.66,1539.73,233993
2026-01-26,1536.72,1567.23,1513.41,1541.22,311879
2026-01-27,1534.15,1540.69,1524.59,1530.59,282315
2026-01-28,1599.21,1621.13,1567.65,1587.89,222083
2026-01-29,1594.61,1608.94,1578.4,1591.03,171301
2026-01-30,1548.62,1569.48,1534.26,1554.8,374952
2026-02-02,1506.65,1542.73,1490.59,1520.27,212999
2026-02-03,1500.66,1515.26,1494.91,1507.5,358407
2026-02-04,1550.88,1558.44,1532.65,1538.97,320997
2026-02-05,1529.68,1536.64,1526.65,1533.18,228794
2026-02-06,1512.79,1534.66,1491.75,1512.18,203580
2026-02-09,1514.8,1520.63,1509.47,1514.19,239275
2026-02-10,1501.27,1515.5,1488.61,1501.64,280856
2026-02-11,1534.51,1548.14,1523.65,1536.06,335277
2026-02-12,1528.75,1566.05,1505.85,1542.01,203986
2026-02-13,1537.85,1565.0,1525.54,1550.69,255755
2026-02-16,1559.53,1585.91,1535.84,1555.14,313942
2026-02-17,1548.33,1558.12,1543.53,1551.44,208388
2026-02-18,1545.88,1559.6,1540.28,1552.12,217699
2026-02-19,1575.21,1603.5,1550.84,1576.98,291539
2026-02-20,1569.08,1582.98,1547.28,1558.39,357538
2026-02-23,1547.82,1556.74,1544.9,1553.14,252161
2026-02-24,1573.68,1580.08,1557.72,1562.67,317833
2026-02-25,1557.35,1573.41,1536.97,1552.41,230281
2026-02-26,1573.97,1595.75,1558.13,1574.38,203190
2026-02-27,1585.53,1606.82,1572.04,1591.96,221919
2026-03-02,1576.33,1582.56,1567.77,1573.86,208846
2026-03-03,1586.09,1608.4,1552.59,1572.62,353863
2026-03-04,1592.14,1607.37,1578.29,1589.56,243222
2026-03-05,1573.66,1610.31,1555.14,1583.96,283148
2026-03-06,1560.69,1583.81,1546.62,1565.99,261757
2026-03-09,1552.06,1577.02,1521.1,1541.34,207174
2026-03-10,1585.36,1615.33,1558.06,1587.43,304373
2026-03-11,1573.58,1601.12,1540.72,1564.48,238043
2026-03-12,1585.05,1594.22,1577.84,1585.41,245789
2026-03-13,1579.61,1589.41,1568.79,1578.24,206904
2026-03-16,1567.16,1577.81,1554.91,1562.93,192890
2026-03-17,1547.66,1576.4,1522.23,1549.96,306645
2026-03-18,1524.89,1529.89,1516.44,1520.99,244588
2026-03-19,1550.84,1578.11,1527.62,1551.91,268478
2026-03-20,1552.8,1560.7,1543.39,1549.01,230174
2026-03-23,1548.39,1567.71,1523.11,1541.73,289424
2026-03-24,1548.54,1578.66,1529.76,1553.31,280971
2026-03-25,1570.63,1595.97,1548.46,1570.54,231722
2026-03-26,1540.85,1548.19,1531.72,1538.81,197919
2026-03-27,1536.44,1556.77,1516.34,1533.86,251747
2026-03-30,1480.42,1510.75,1459.21,1488.03,318400
2026-03-31,1473.34,1490.83,1456.71,1471.15,240872
2026-04-01,1493.21,1497.13,1489.66,1492.44,332061
2026-04-02,1516.33,1530.15,1507.98,1521.01,252164
2026-04-03,1514.99,1528.83,1497.35,1508.52,313483
2026-04-06,1516.8,1537.11,1503.6,1521.09,175997
2026-04-07,1535.21,1563.37,1511.62,1538.27,289099
2026-04-08,1547.36,1563.12,1535.89,1549.53,267613
2026-04-09,1568.5,1603.06,1550.79,1579.04,246138
2026-04-10,1582.45,1595.31,1566.78,1577.62,428835
2026-04-13,1590.89,1595.94,1584.6,1588.4,216187
2026-04-14,1597.0,1601.43,1580.19,1583.99,249140
2026-04-15,1591.25,1608.21,1578.9,1591.19,201864
2026-04-16,1577.9,1589.54,1554.74,1565.27,161030
2026-04-17,1523.89,1546.07,1505.07,1522.32,233652
2026-04-20,1533.48,1556.39,1504.02,1526.54,320734
2026-04-21,1515.22,1534.56,1507.54,1523.7,294863
2026-04-22,1511.87,1526.67,1504.52,1516.99,265068
2026-04-23,1497.34,1509.74,1483.78,1492.77,239267
2026-04-24,1478.1,1495.45,1455.9,1472.44,299320
2026-04-27,1499.64,1509.74,1486.32,1493.47,229881
2026-04-28,1507.08,1528.18,1481.51,1500.33,226416
2026-04-29,1521.04,1551.2,1499.06,1524.69,324002
2026-04-30,1503.81,1527.86,1490.54,1509.36,234705
2026-05-01,1460.33,1490.37,1445.43,1472.12,303550
2026-05-04,1439.29,1448.63,1428.68,1436.78,312848
2026-05-05,1468.86,1489.31,1456.82,1472.4,200890
2026-05-06,1441.01,1470.3,1428.68,1452.9,141673
2026-05-07,1439.77,1480.6,1417.64,1455.84,325569
2026-05-08,1429.19,1446.2,1420.14,1433.97,247956
2026-05-11,1443.9,1447.19,1429.51,1432.65,239861
2026-05-12,1418.48,1431.33,1411.01,1421.48,275518
2026-05-13,1430.65,1444.59,1417.72,1428.74,272270
2026-05-14,1432.7,1444.31,1415.85,1425.37,202074
2026-05-15,1408.66,1430.72,1393.23,1410.58,285299
2026-05-18,1410.01,1424.63,1397.49,1407.88,292576
2026-05-19,1411.02,1418.23,1403.9,1409.01,306036
2026-05-20,1376.25,1401.41,1366.65,1390.63,379827
2026-05-21,1396.83,1404.35,1393.57,1399.99,328187
2026-05-22,1411.62,1434.45,1391.86,1413.28,215972
2026-05-25,1415.14,1430.24,1398.23,1412.89,232598
2026-05-26,1384.23,1403.72,1366.5,1383.25,190661
2026-05-27,1345.07,1356.81,1334.38,1344.67,342178
2026-05-28,1310.63,1315.02,1305.46,1309.45,337412
2026-05-29,1333.17,1359.23,1317.23,1336.89,189874
2026-06-01,1364.55,1388.71,1338.98,1358.49,194307
2026-06-02,1393.88,1408.02,1386.04,1398.54,339030
2026-06-03,1403.66,1420.18,1386.61,1400.41,327041
2026-06-04,1363.56,1372.6,1360.76,1369.3,243695
2026-06-05,1367.52,1380.35,1352.99,1365.5,217743
2026-06-08,1401.18,1423.44,1386.76,1404.13,384427
2026-06-09,1408.08,1434.4,1387.07,1411.97,285655
2026-06-10,1405.17,1423.22,1393.88,1410.28,232330
2026-06-11,1408.92,1432.2,1395.92,1417.32,216000
2026-06-12,1433.67,1448.76,1423.95,1436.32,308491
2026-06-15,1398.26,1405.52,1395.09,1401.77,251118
2026-06-16,1396.65,1413.36,1383.39,1398.38,282434
2026-06-17,1370.84,1397.87,1355.46,1382.1,275418
2026-06-18,1380.51,1383.38,1368.2,1370.9,268569
2026-06-19,1416.48,1430.71,1389.27,1402.73,307275
2026-06-22,1406.39,1433.66,1384.56,1410.71,361160
2026-06-23,1390.7,1409.59,1373.67,1391.73,306870
2026-06-24,1387.4,1392.61,1382.86,1387.05,185104
2026-06-25,1391.31,1396.28,1378.29,1382.4,328423
2026-06-26,1382.26,1403.73,1360.45,1378.71,235019
2026-06-29,1349.35,1368.18,1339.07,1353.8,201841
2026-06-30,1377.4,1394.13,1358.54,1374.02,274358
2026-07-01,1350.57,1360.27,1344.08,1352.95,203480
2026-07-02,1331.83,1340.78,1327.79,1336.51,212949
2026-07-03,1363.81,1385.69,1345.46,1362.49,271353
2026-07-06,1360.83,1363.55,1357.72,1359.65,301573
2026-07-07,1324.17,1340.22,1314.05,1327.79,341281
2026-07-08,1333.22,1360.44,1313.89,1338.28,224802
2026-07-09,1317.5,1322.72,1315.19,1319.43,280613
2026-07-10,1312.5,1326.97,1302.17,1316.48,300966
2026-07-13,1331.58,1348.24,1322.12,1337.25,284345
2026-07-14,1340.87,1351.19,1331.27,1339.79,374579
2026-07-15,1362.06,1394.92,1347.14,1379.55,303867
2026-07-16,1369.04,1374.65,1361.58,1365.68,259289
2026-07-17,1378.92,1403.99,1364.7,1389.24,363144
2026-07-20,1388.04,1404.23,1379.38,1395.26,291428
2026-07-21,1417.41,1427.93,1399.19,1408.67,220664
2026-07-22,1400.3,1423.82,1387.53,1405.97,249260
2026-07-23,1393.31,1411.19,1375.4,1391.96,327661
2026-07-24,1387.8,1398.58,1384.14,1394.22,245984
2026-07-27,1396.26,1414.62,1372.0,1389.1,337139
2026-07-28,1398.09,1409.99,1371.81,1381.91,213383
2026-07-29,1344.55,1364.54,1333.28,1350.25,208699
2026-07-30,1356.79,1380.51,1338.35,1355.16,265675
2026-07-31,1307.26,1324.88,1297.87,1313.54,294303
2026-08-03,1362.78,1374.07,1350.95,1359.81,220464
2026-08-04,1364.85,1374.61,1350.97,1360.17,209334
2026-08-05,1331.83,1355.68,1310.97,1331.31,170819
2026-08-06,1326.54,1348.39,1314.19,1335.45,235250
2026-08-07,1340.86,1347.96,1327.87,1334.87,232539
2026-08-10,1349.88,1358.19,1340.55,1347.18,444076
2026-08-11,1322.25,1347.82,1305.73,1325.64,191525
2026-08-12,1314.98,1324.34,1303.01,1311.46,275223
2026-08-13,1357.59,1367.78,1346.85,1356.68,197087
2026-08-14,1344.26,1360.32,1337.66,1353.01,154360
2026-08-17,1365.58,1385.45,1350.28,1365.37,283102
2026-08-18,1351.17,1373.23,1324.13,1343.32,230328
2026-08-19,1378.03,1400.82,1356.7,1378.85,300394
2026-08-20,1355.41,1371.93,1341.25,1354.32,255566
2026-08-21,1306.23,1327.6,1280.52,1299.33,341012
2026-08-24,1301.18,1320.22,1270.19,1287.86,192088
2026-08-25,1272.22,1278.74,1268.3,1274.78,321712
2026-08-26,1258.6,1273.65,1243.35,1256.21,362989
2026-08-27,1260.17,1272.22,1250.92,1262.27,396594
2026-08-28,1236.78,1245.54,1221.88,1228.89,275973
2026-08-31,1243.08,1260.27,1222.49,1237.72,215289
2026-09-01,1255.12,1266.03,1237.19,1246.05,181395
2026-09-02,1254.3,1273.17,1236.01,1252.84,276604
2026-09-03,1249.55,1258.07,1238.96,1247.39,385202
2026-09-04,1289.42,1305.27,1282.6,1296.3,442381
2026-09-07,1292.42,1303.01,1278.42,1287.06,303335
2026-09-08,1279.83,1293.73,1271.78,1283.5,285283
2026-09-09,1275.93,1296.2,1261.2,1276.72,233914
2026-09-10,1250.38,1271.34,1243.97,1263.22,208098
2026-09-11,1232.02,1253.09,1213.85,1234.08,244639
2026-09-14,1236.87,1254.49,1225.28,1240.67,328719
2026-09-15,1240.64,1251.26,1229.72,1237.32,259828
2026-09-16,1261.07,1290.93,1243.73,1268.6,346197
2026-09-17,1280.51,1295.72,1268.1,1281.3,280462
2026-09-18,1260.6,1286.66,1247.11,1267.88,255618
