Date,Open,High,Low,Close,Volume
2011-01-03,350.00,350.86,348.46,350.00,3001200
2011-01-04,352.02,352.19,349.16,350.36,2973400
2011-01-05,350.26,355.47,348.17,353.20,2556400
2011-01-06,354.72,355.95,352.44,352.71,2133200
2011-01-07,350.11,354.82,349.10,352.34,2909300
2011-01-10,353.51,359.37,353.24,355.11,1639900
2011-01-11,354.89,358.91,350.11,357.93,3000800
2011-01-12,357.23,360.98,354.77,359.87,3405300
2011-01-13,360.74,361.02,351.12,352.35,3239200
2011-01-14,354.30,357.66,343.70,349.46,1963300
2011-01-17,347.18,348.52,346.08,347.97,1949800
2011-01-18,347.00,355.58,345.51,351.97,2570300
2011-01-19,352.55,355.37,349.98,352.32,1907500
2011-01-20,351.58,354.16,350.00,350.35,2406300
2011-01-21,349.98,353.02,349.24,352.45,2089000
2011-01-24,351.79,356.64,351.30,354.29,2669200
2011-01-25,355.20,356.11,346.80,348.37,2890700
2011-01-26,345.92,354.91,342.28,351.34,2667500
2011-01-27,349.87,352.86,348.45,349.22,2831400
2011-01-28,347.42,351.76,346.27,350.46,3238700
2011-01-31,350.49,353.33,348.60,353.01,2599700
2011-02-01,353.55,357.66,347.17,348.08,2870600
2011-02-02,349.41,355.97,348.16,354.57,3551100
2011-02-03,355.01,355.75,349.32,349.34,2262500
2011-02-04,346.56,355.02,344.89,354.00,3910200
2011-02-07,353.37,358.91,351.48,357.54,3396900
2011-02-08,355.14,361.08,353.15,356.70,2235400
2011-02-09,356.22,366.60,354.05,363.39,2952300
2011-02-10,365.69,365.69,356.69,360.12,2270300
2011-02-11,357.53,359.03,351.47,352.91,2406500
2011-02-14,352.29,353.73,351.62,353.15,2106300
2011-02-15,350.86,352.09,347.83,348.34,2431400
2011-02-16,349.22,351.01,345.25,348.09,3113000
2011-02-17,347.69,351.84,346.39,349.63,2317100
2011-02-18,350.27,361.56,346.83,357.84,2327400
2011-02-21,357.86,359.48,355.34,356.71,2601800
2011-02-22,356.45,358.68,355.01,357.37,2847700
2011-02-23,354.02,363.09,353.98,361.02,3241400
2011-02-24,361.65,366.45,360.86,365.44,2757300
2011-02-25,366.57,368.15,364.26,364.89,2858700
2011-02-28,361.72,370.62,360.71,369.96,2400100
2011-03-01,371.78,372.66,362.49,364.51,2431500
2011-03-02,365.70,368.68,360.66,361.73,2382600
2011-03-03,361.82,362.27,356.33,358.11,2065100
2011-03-04,356.33,359.56,356.06,356.51,2799700
2011-03-07,354.62,361.48,352.96,359.85,1578700
2011-03-08,362.01,366.37,357.69,360.05,2578100
2011-03-09,359.88,366.67,358.76,365.34,2163100
2011-03-10,365.13,368.46,356.98,358.08,2920900
2011-03-11,357.64,360.32,354.73,355.14,1941800
2011-03-14,353.48,360.86,348.21,359.27,2694900
2011-03-15,358.30,358.74,357.57,358.63,2856000
2011-03-16,357.98,358.36,356.23,356.76,2979100
2011-03-17,357.83,360.18,346.14,346.71,1643900
2011-03-18,345.28,351.96,342.96,350.14,1603300
2011-03-21,350.70,350.83,342.64,344.62,1689800
2011-03-22,344.57,348.76,343.90,346.94,2706300
2011-03-23,346.27,347.51,341.71,341.77,2987200
2011-03-24,341.84,342.02,338.19,339.19,2323500
2011-03-25,338.20,351.08,336.09,347.08,2865700
2011-03-28,349.56,350.80,341.76,342.01,2433200
2011-03-29,342.86,346.93,331.88,337.51,2119900
2011-03-30,339.05,339.23,335.32,336.61,2207700
2011-03-31,337.60,339.77,327.46,327.76,2562100
2011-04-01,329.72,331.35,327.04,327.93,1779900
2011-04-04,327.80,330.41,327.10,328.28,2619300
2011-04-05,328.09,329.95,326.36,327.04,2131300
2011-04-06,326.38,328.49,321.97,323.16,2033100
2011-04-07,322.68,323.14,318.72,322.91,3443700
2011-04-08,322.94,327.21,316.61,319.90,2792200
2011-04-11,321.86,322.20,315.76,318.46,2949200
2011-04-12,319.12,319.32,314.71,314.79,3051800
2011-04-13,316.26,318.45,315.88,317.72,2618900
2011-04-14,317.58,317.64,315.67,316.01,2256400
2011-04-15,315.09,321.89,310.78,320.68,2354600
2011-04-18,321.88,323.52,315.41,316.78,1538600
2011-04-19,317.57,319.98,313.57,315.63,1639900
2011-04-20,313.68,313.82,312.49,312.56,3063000
2011-04-21,312.71,316.80,312.71,314.82,2176100
2011-04-22,312.27,320.38,310.67,320.33,2830800
2011-04-25,319.91,326.48,318.41,324.13,2600000
2011-04-26,322.83,335.40,320.91,332.09,1316000
2011-04-27,332.07,337.07,327.56,334.84,2718100
2011-04-28,334.66,334.80,321.55,327.34,600000
2011-04-29,325.43,329.76,324.98,328.47,2008000
2011-05-02,331.09,334.73,330.70,333.69,2500300
2011-05-03,334.79,338.86,333.50,337.28,1987600
2011-05-04,337.54,337.86,336.16,337.85,2387500
2011-05-05,336.99,339.79,335.34,338.76,1905000
2011-05-06,338.58,342.49,336.42,339.54,2083200
2011-05-09,340.58,343.98,330.64,330.87,2980800
2011-05-10,330.82,331.46,326.95,326.99,3141200
2011-05-11,325.97,330.89,325.94,329.80,2315700
2011-05-12,328.58,338.07,327.56,335.75,2661800
2011-05-13,334.69,334.86,329.10,331.98,2809400
2011-05-16,334.05,338.01,328.29,329.35,2415500
2011-05-17,326.65,331.55,325.91,331.42,2816200
2011-05-18,330.31,338.12,325.59,333.56,2745400
2011-05-19,334.50,336.41,330.34,332.68,2053500
2011-05-20,332.42,333.67,327.64,328.86,2956800
2011-05-23,330.34,334.20,325.86,332.74,2891900
2011-05-24,331.44,339.59,329.76,337.37,2869400
2011-05-25,334.70,335.62,329.17,330.54,1699000
2011-05-26,330.15,331.14,322.77,323.51,2377500
2011-05-27,322.26,326.67,321.79,326.22,2876900
2011-05-30,326.43,332.54,326.21,327.14,3380500
2011-05-31,326.92,329.37,322.31,322.89,2430700
2011-06-01,320.16,322.07,317.92,321.72,1602800
2011-06-02,324.47,325.79,320.32,322.48,2878500
2011-06-03,322.20,328.93,322.20,327.68,2867200
2011-06-06,327.81,331.30,327.28,330.55,3280600
2011-06-07,329.63,335.91,329.48,333.68,2249200
2011-06-08,331.26,337.38,330.37,337.15,2637600
2011-06-09,336.75,338.36,336.40,337.98,1955400
2011-06-10,338.53,339.29,336.58,338.28,2348300
2011-06-13,340.92,343.68,336.08,337.91,1628000
2011-06-14,339.40,343.75,338.11,341.48,2548600
2011-06-15,340.74,340.76,338.79,339.03,2390600
2011-06-16,336.29,337.64,332.12,332.45,2597500
2011-06-17,331.05,338.27,327.70,337.49,2070500
2011-06-20,337.49,343.07,336.75,340.91,2669600
2011-06-21,339.99,354.25,339.49,353.21,3116500
2011-06-22,353.87,362.21,353.86,357.78,2037800
2011-06-23,356.64,357.04,354.95,356.29,3103100
2011-06-24,354.55,355.85,350.58,353.80,2521200
2011-06-27,354.92,367.10,352.12,363.96,1697700
2011-06-28,367.39,370.68,366.86,368.55,3116500
2011-06-29,366.77,370.36,358.09,360.62,3118100
2011-06-30,361.10,362.41,354.69,357.56,2971800
2011-07-01,358.45,360.06,354.17,357.29,2772000
2011-07-04,359.28,363.32,356.29,363.23,3267300
2011-07-05,363.44,364.69,359.32,360.18,1781500
2011-07-06,362.17,362.56,346.91,348.56,2745100
2011-07-07,349.88,354.01,347.73,351.93,2210400
2011-07-08,352.91,352.99,342.40,344.54,1627300
2011-07-11,343.55,344.79,342.25,343.06,1996100
2011-07-12,343.32,343.39,332.14,334.44,3384500
2011-07-13,333.53,336.05,329.56,332.01,3099400
2011-07-14,331.08,333.39,329.82,332.02,3023200
2011-07-15,331.86,332.45,319.09,323.11,2403000
2011-07-18,322.47,322.87,316.34,318.34,2251000
2011-07-19,315.46,322.71,314.93,320.07,2741600
2011-07-20,321.62,322.65,315.19,317.89,2042800
2011-07-21,317.60,324.17,314.89,321.61,2575600
2011-07-22,321.97,322.19,318.63,318.84,2725500
2011-07-25,317.36,319.44,312.92,313.59,3147000
2011-07-26,312.92,313.31,307.11,308.51,3199300
2011-07-27,309.83,312.43,308.57,311.22,1998400
2011-07-28,312.17,317.76,311.47,316.02,2623700
2011-07-29,316.22,318.31,314.61,317.14,2882600
2011-08-01,315.24,322.18,313.79,321.18,1984900
2011-08-02,320.44,327.68,320.17,325.32,1666900
2011-08-03,324.57,329.09,318.96,319.07,1896200
2011-08-04,320.86,321.55,314.89,315.04,2739900
2011-08-05,316.29,318.91,312.81,314.81,2616400
2011-08-08,316.64,316.65,315.80,315.92,2818700
2011-08-09,312.64,317.45,311.69,316.95,2316300
2011-08-10,316.04,318.03,313.85,316.73,2007600
2011-08-11,317.58,317.71,312.98,314.23,2560500
2011-08-12,312.73,317.63,312.23,315.00,2085100
2011-08-15,313.64,315.98,312.13,315.77,2570600
2011-08-16,314.85,317.57,314.39,314.76,3407400
2011-08-17,312.89,318.57,308.75,317.87,2288600
2011-08-18,318.87,320.69,316.10,316.87,2334400
2011-08-19,317.42,317.43,315.73,316.70,2018700
2011-08-22,318.44,319.08,314.54,318.25,2010400
2011-08-23,316.66,321.77,314.19,315.67,2694100
2011-08-24,313.99,326.57,311.74,323.16,2682300
2011-08-25,323.65,324.15,318.32,318.92,2050900
2011-08-26,318.24,321.48,317.71,321.46,3021800
2011-08-29,320.43,323.58,313.78,315.10,3095800
2011-08-30,314.71,316.13,313.66,314.62,2630000
2011-08-31,314.75,316.87,310.09,310.60,3283400
2011-09-01,311.67,313.42,305.15,308.40,3182600
2011-09-02,308.71,317.87,306.72,316.49,3006600
2011-09-05,317.19,319.68,313.19,314.95,1954500
2011-09-06,315.66,319.50,314.79,316.33,2141200
2011-09-07,316.25,316.58,312.82,313.94,2218200
2011-09-08,313.72,322.39,313.07,321.85,2244400
2011-09-09,321.76,337.01,321.03,335.59,2151100
2011-09-12,334.70,338.61,328.84,330.59,2031000
2011-09-13,330.59,332.95,322.93,323.18,2454500
2011-09-14,325.11,326.17,317.28,319.29,1356100
2011-09-15,321.09,330.01,320.32,325.20,2008900
2011-09-16,324.92,327.94,319.86,324.94,1405100
2011-09-19,325.28,328.62,315.09,315.10,1933100
2011-09-20,316.00,317.06,306.79,309.45,2281000
2011-09-21,309.77,313.32,308.29,310.75,2445900
2011-09-22,308.78,313.23,308.10,310.35,2121200
2011-09-23,309.87,320.13,306.75,317.21,2191000
2011-09-26,318.78,323.29,317.04,318.25,1170000
2011-09-27,318.26,319.03,314.64,316.78,2775300
2011-09-28,317.76,317.85,312.64,314.30,2707300
2011-09-29,313.56,313.88,310.46,311.13,2554200
2011-09-30,311.16,317.11,305.46,306.39,2007700
2011-10-03,305.99,306.33,303.69,305.63,3075800
2011-10-04,303.76,310.27,303.62,309.71,2938600
2011-10-05,309.74,310.09,304.37,306.66,2701500
2011-10-06,307.06,307.19,304.60,305.39,3208900
2011-10-07,305.83,306.70,305.52,306.58,3236900
2011-10-10,306.93,314.21,303.48,312.70,2532500
2011-10-11,311.13,314.10,309.26,313.74,3050400
2011-10-12,314.57,315.44,310.74,314.79,1954400
2011-10-13,313.95,318.47,309.94,318.30,2697500
2011-10-14,318.33,321.37,317.96,319.30,2196300
2011-10-17,318.11,321.35,316.33,320.39,2946700
2011-10-18,319.30,319.93,317.96,318.97,1902900
2011-10-19,319.74,329.02,319.16,325.41,2431200
2011-10-20,324.42,327.21,322.44,326.78,2277800
2011-10-21,327.67,330.92,322.98,323.85,2051600
2011-10-24,322.91,327.82,320.73,326.78,1747500
2011-10-25,327.19,330.37,322.44,327.70,2272300
2011-10-26,329.36,329.46,320.37,320.58,3442600
2011-10-27,319.84,322.76,319.36,322.05,2188400
2011-10-28,321.37,321.99,319.08,319.12,2164300
2011-10-31,317.31,318.85,316.99,318.01,1964900
2011-11-01,318.86,322.78,318.14,321.77,2369500
2011-11-02,318.51,327.90,315.69,326.44,2597100
2011-11-03,325.37,331.82,324.71,329.93,1527000
2011-11-04,329.76,332.79,328.92,331.33,1424900
2011-11-07,329.94,342.78,327.42,338.03,2111300
2011-11-08,338.74,339.72,332.22,333.03,1975600
2011-11-09,332.50,342.02,329.80,340.92,1975000
2011-11-10,338.63,350.13,337.42,345.57,2115300
2011-11-11,347.51,348.45,342.07,342.65,2033000
2011-11-14,341.29,341.45,334.75,334.99,2918300
2011-11-15,332.42,336.59,329.75,335.78,2159900
2011-11-16,335.83,336.75,333.27,335.78,2246600
2011-11-17,334.94,336.05,327.76,331.73,2113800
2011-11-18,330.88,332.25,326.96,328.52,2390500
2011-11-21,330.72,336.23,329.93,331.47,3732500
2011-11-22,329.73,337.84,329.37,334.34,2272200
2011-11-23,334.08,334.70,332.67,333.95,3699100
2011-11-24,334.40,338.70,329.02,336.58,3111800
2011-11-25,336.54,338.86,334.60,336.74,2464300
2011-11-28,337.74,338.48,326.94,330.11,3139100
2011-11-29,331.01,331.79,323.45,325.43,3112700
2011-11-30,328.37,331.20,324.15,326.80,2218300
2011-12-01,328.57,330.74,324.99,325.80,1871900
2011-12-02,327.03,330.12,326.14,327.15,2829500
2011-12-05,326.09,332.50,325.48,330.98,2802300
2011-12-06,330.64,331.61,325.16,326.23,2182400
2011-12-07,327.62,328.32,319.21,320.15,2190800
2011-12-08,320.43,323.30,318.43,322.30,2415400
2011-12-09,322.84,324.26,320.98,322.50,3351700
2011-12-12,321.89,324.94,321.31,323.88,1930400
2011-12-13,323.06,327.07,322.16,325.69,2883300
2011-12-14,328.75,343.89,328.13,342.63,3424600
2011-12-15,342.66,345.12,338.22,343.35,2592100
2011-12-16,343.26,345.88,342.27,344.65,2620000
2011-12-19,345.20,348.11,343.18,343.55,2176400
2011-12-20,344.14,344.29,338.79,340.84,1193300
2011-12-21,341.20,342.56,337.11,337.56,2860100
2011-12-22,337.55,344.37,334.60,343.67,2312800
2011-12-23,343.34,352.21,342.52,348.49,2744000
2011-12-26,349.15,353.24,342.78,342.89,2185400
2011-12-27,339.28,339.97,333.29,333.50,3051500
2011-12-28,333.34,339.46,328.83,338.41,2561800
2011-12-29,338.82,348.68,337.09,343.81,2653200
2011-12-30,345.79,347.80,341.06,342.64,2654700
2012-01-02,343.92,346.26,342.53,343.46,1860500
2012-01-03,345.21,345.62,340.06,344.33,3526100
2012-01-04,343.88,344.75,339.99,341.01,2042900
2012-01-05,340.15,340.48,329.72,335.87,3794500
2012-01-06,333.07,341.13,332.11,338.05,2176700
2012-01-09,338.23,343.39,334.79,343.21,2929100
2012-01-10,345.24,346.37,342.58,344.34,2529100
2012-01-11,345.61,351.89,343.51,350.88,2543000
2012-01-12,349.43,353.64,344.93,352.24,2114100
2012-01-13,351.06,353.92,347.24,348.46,2114100
2012-01-16,348.49,355.44,346.70,351.55,2939500
2012-01-17,352.87,353.52,350.10,350.40,2644200
2012-01-18,350.10,351.75,344.17,346.68,1776100
2012-01-19,345.80,351.44,344.13,350.83,2673400
2012-01-20,351.45,355.07,345.88,354.38,2878800
2012-01-23,352.82,354.93,344.57,350.39,2230200
2012-01-24,348.91,350.30,345.86,348.13,1913700
2012-01-25,349.46,351.00,347.63,348.07,2785900
2012-01-26,348.22,350.54,339.28,340.07,1743100
2012-01-27,340.60,340.92,336.96,338.85,1863600
2012-01-30,339.00,339.19,333.44,333.79,3042500
2012-01-31,333.09,334.00,330.43,333.28,2251300
2012-02-01,335.33,337.40,327.66,329.20,2067300
2012-02-02,328.85,333.49,326.96,332.00,3264700
2012-02-03,331.08,331.56,319.48,322.50,1563600
2012-02-06,321.49,335.03,320.99,332.51,2423500
2012-02-07,332.03,334.45,320.53,322.81,2522000
2012-02-08,322.45,332.13,322.06,331.18,2688100
2012-02-09,331.71,334.75,330.68,331.51,2715000
2012-02-10,334.19,336.23,326.46,328.47,2884800
2012-02-13,330.57,342.55,330.16,342.35,1777400
2012-02-14,342.06,343.25,339.16,341.27,3168300
2012-02-15,341.09,343.25,337.72,342.47,2173200
2012-02-16,344.43,346.77,336.26,336.26,1938000
2012-02-17,338.24,342.11,331.49,333.82,2529300
2012-02-20,333.22,333.33,329.23,331.56,2623000
2012-02-21,331.43,337.73,330.87,334.69,2759100
2012-02-22,332.17,339.97,330.07,337.39,2680800
2012-02-23,338.46,348.74,335.33,344.36,3170200
2012-02-24,343.79,344.71,341.95,343.86,3132300
2012-02-27,343.37,344.12,340.66,343.22,2695300
2012-02-28,344.25,345.25,333.38,333.97,3342700
2012-02-29,330.89,339.57,328.50,339.04,3022400
2012-03-01,339.96,343.84,334.53,334.80,2302100
2012-03-02,337.18,337.90,328.97,329.20,2734000
2012-03-05,331.27,340.23,330.96,338.20,3193200
2012-03-06,337.19,340.13,332.35,334.96,2332300
2012-03-07,335.51,339.49,328.22,328.56,2964300
2012-03-08,328.39,328.71,323.99,325.09,2805200
2012-03-09,325.70,326.81,321.20,322.47,1821400
2012-03-12,321.98,325.09,317.18,319.42,3076100
2012-03-13,320.30,324.20,319.87,322.62,2371500
2012-03-14,320.71,323.40,319.57,322.57,2204300
2012-03-15,320.96,330.42,320.60,329.66,2883600
2012-03-16,330.00,334.44,329.65,331.96,2237100
2012-03-19,332.46,336.43,331.71,335.83,2915700
2012-03-20,336.62,336.67,326.61,326.84,3138700
2012-03-21,328.33,329.67,322.36,323.06,2334200
2012-03-22,322.97,325.67,322.17,324.52,2153600
2012-03-23,323.10,323.98,320.72,322.70,1862100
2012-03-26,322.12,323.26,317.83,322.02,3145200
2012-03-27,319.74,323.70,318.36,321.83,1925000
2012-03-28,320.44,325.36,318.90,325.08,1098300
2012-03-29,322.92,325.43,317.80,324.72,2237300
2012-03-30,324.84,328.05,323.04,323.15,2431300
2012-04-02,322.08,322.78,317.00,319.62,2192000
2012-04-03,319.07,322.98,318.50,322.06,2008600
2012-04-04,322.24,326.24,321.61,325.77,2375600
2012-04-05,325.97,327.57,320.59,326.85,2335700
2012-04-06,327.01,328.94,322.49,324.48,2800800
2012-04-09,325.64,326.82,322.37,322.61,1979600
2012-04-10,324.09,330.49,323.98,329.38,2775200
2012-04-11,328.23,332.03,328.09,331.74,2669500
2012-04-12,331.15,331.48,327.62,331.44,2714700
2012-04-13,330.04,332.49,329.71,332.32,2935800
2012-04-16,332.09,335.90,329.68,333.85,2674100
2012-04-17,333.72,338.64,333.18,337.10,2601800
2012-04-18,337.27,341.87,335.90,340.44,2291000
2012-04-19,340.27,344.17,329.17,330.13,1938700
2012-04-20,330.58,331.34,322.10,326.60,1933600
2012-04-23,324.98,331.10,323.90,328.22,2317600
2012-04-24,327.86,331.01,323.69,329.50,2499800
2012-04-25,330.48,330.82,324.28,326.79,1920400
2012-04-26,328.21,330.71,326.39,329.86,2927200
2012-04-27,330.13,332.03,327.45,329.87,2735500
2012-04-30,326.73,332.69,325.21,330.37,2913100
2012-05-01,329.49,332.21,321.92,326.04,2462100
2012-05-02,327.50,331.51,324.58,331.19,2586500
2012-05-03,332.72,338.97,330.49,338.46,2577900
2012-05-04,338.45,341.27,337.10,338.73,1976500
2012-05-07,337.32,344.32,336.75,342.75,2477000
2012-05-08,342.27,342.97,337.62,339.68,2279500
2012-05-09,340.02,340.87,336.39,338.48,1965000
2012-05-10,337.71,339.69,330.51,331.66,2730500
2012-05-11,331.85,334.48,324.63,327.71,2741000
2012-05-14,328.22,330.42,326.26,328.82,2590200
2012-05-15,327.67,328.14,322.66,322.90,2257200
2012-05-16,321.73,330.41,321.39,328.59,2598600
2012-05-17,330.23,334.63,327.83,334.05,2582200
2012-05-18,334.56,338.42,333.33,334.04,2405500
2012-05-21,331.86,340.53,331.28,339.21,2083700
2012-05-22,337.44,339.30,333.46,336.09,2964300
2012-05-23,337.52,338.98,331.10,332.10,3061900
2012-05-24,332.62,334.35,324.09,324.94,1601400
2012-05-25,323.75,327.14,323.64,327.08,2655100
2012-05-28,325.65,328.71,324.83,325.92,2718300
2012-05-29,325.24,337.31,324.13,336.01,2293900
2012-05-30,337.18,343.69,336.21,343.12,2552700
2012-05-31,342.50,348.25,341.50,344.59,2705900
2012-06-01,344.54,346.90,343.39,345.00,3531200
2012-06-04,346.12,348.52,344.62,347.70,2161000
2012-06-05,347.96,348.77,339.61,341.25,1864600
2012-06-06,340.52,344.03,340.38,343.08,1696800
2012-06-07,343.05,353.95,341.60,352.75,1606700
2012-06-08,350.99,354.30,348.95,352.13,2851900
2012-06-11,351.86,354.29,348.41,348.61,2920500
2012-06-12,348.66,352.34,346.83,352.24,3118000
2012-06-13,353.11,353.60,349.48,350.58,2244800
2012-06-14,351.23,353.39,351.03,351.99,1885700
2012-06-15,351.45,353.77,349.66,352.46,2709500
2012-06-18,353.29,355.61,350.09,351.18,2212300
2012-06-19,349.80,355.22,348.40,352.33,2279500
2012-06-20,352.80,352.96,349.94,351.52,2211000
2012-06-21,349.85,361.84,348.75,358.11,1793200
2012-06-22,356.46,358.19,350.66,352.31,1689400
2012-06-25,353.11,362.59,351.52,361.83,1999200
2012-06-26,360.68,362.06,359.31,361.57,2358600
2012-06-27,360.95,374.81,358.58,374.77,2909000
2012-06-28,375.12,377.72,374.87,376.50,2203300
2012-06-29,377.40,378.01,375.71,377.42,1853400
2012-07-02,378.59,389.33,375.45,385.83,2911700
2012-07-03,387.92,388.71,382.02,382.69,2524100
2012-07-04,382.47,382.54,371.90,374.72,2837700
2012-07-05,375.13,376.24,367.30,368.30,2768300
2012-07-06,366.50,372.99,359.78,371.25,1912800
2012-07-09,371.56,371.90,368.03,371.01,3284100
2012-07-10,370.15,379.80,367.35,379.10,2250700
2012-07-11,379.48,379.57,377.50,378.67,2627700
2012-07-12,378.04,378.56,373.51,376.47,2256400
2012-07-13,378.52,392.54,377.96,392.02,2404200
2012-07-16,392.85,403.32,387.79,397.53,2146300
2012-07-17,397.69,399.38,390.84,391.15,2325300
2012-07-18,390.42,399.29,385.67,396.61,2041500
2012-07-19,399.49,401.79,393.32,394.86,2278300
2012-07-20,392.66,402.90,389.58,399.81,2902300
2012-07-23,400.80,409.60,397.53,407.95,2011600
2012-07-24,406.10,408.73,403.22,407.46,3316600
2012-07-25,409.49,411.83,392.51,395.44,2985000
2012-07-26,393.27,400.85,392.89,398.81,3033600
2012-07-27,398.84,404.81,397.51,402.92,2681500
2012-07-30,402.52,404.03,398.58,400.28,2865800
2012-07-31,401.93,403.37,392.35,393.62,2246900
2012-08-01,392.90,395.58,387.23,388.36,2582300
2012-08-02,387.07,387.12,378.98,380.38,2823400
2012-08-03,379.79,384.04,372.13,375.32,1661700
2012-08-06,377.06,378.57,372.76,373.08,2463800
2012-08-07,373.95,379.19,370.84,375.72,1508900
2012-08-08,373.08,379.38,364.78,376.51,2332200
2012-08-09,376.18,377.70,373.37,375.45,2611500
2012-08-10,377.72,378.34,372.30,374.57,3333700
2012-08-13,377.08,379.08,372.57,374.80,2193900
2012-08-14,374.73,379.73,371.58,379.35,3421000
2012-08-15,379.79,385.87,377.27,383.88,2730700
2012-08-16,384.65,384.66,383.09,383.13,2645000
2012-08-17,384.69,387.30,380.92,382.32,2371400
2012-08-20,381.25,384.66,381.06,382.30,1839900
2012-08-21,384.30,387.19,372.48,377.80,2032600
2012-08-22,376.08,379.23,361.28,363.37,2479500
2012-08-23,363.02,376.27,360.55,373.18,2468000
2012-08-24,372.96,383.10,370.70,379.17,2756200
2012-08-27,379.27,383.15,376.15,382.23,2573900
2012-08-28,383.69,388.70,382.91,387.10,2723500
2012-08-29,386.62,389.89,384.61,389.02,2246000
2012-08-30,390.10,396.46,389.51,394.04,1945400
2012-08-31,393.63,395.55,392.63,395.02,3025600
2012-09-03,397.94,398.92,383.03,385.77,2509500
2012-09-04,383.18,384.16,380.94,381.27,2106100
2012-09-05,381.32,388.45,376.36,384.92,2839500
2012-09-06,385.58,395.93,384.99,393.80,3286100
2012-09-07,392.34,398.22,384.37,389.29,2639900
2012-09-10,391.54,402.43,388.77,397.51,2377900
2012-09-11,398.46,401.62,391.25,397.99,2761200
2012-09-12,398.90,400.87,387.13,390.02,2341500
2012-09-13,388.53,397.14,382.73,391.28,2882400
2012-09-14,391.20,392.58,386.72,389.38,1595700
2012-09-17,391.22,401.88,388.64,401.33,3385500
2012-09-18,402.87,405.80,400.62,403.59,2247900
2012-09-19,402.63,407.99,402.38,405.89,2431500
2012-09-20,405.88,417.12,405.82,415.34,2913600
2012-09-21,414.08,425.53,411.83,424.27,2690900
2012-09-24,427.05,427.81,419.59,423.33,2194300
2012-09-25,422.80,424.53,418.37,420.08,2312300
2012-09-26,421.58,423.87,419.07,420.67,3419400
2012-09-27,423.02,427.24,422.99,425.76,2490200
2012-09-28,427.39,430.70,423.47,425.66,2291700
2012-10-01,427.59,429.52,423.50,426.33,2686500
2012-10-02,427.20,434.99,427.16,434.14,2604400
2012-10-03,431.38,446.56,429.56,444.06,2294000
2012-10-04,444.35,444.69,442.32,443.36,2013900
2012-10-05,442.79,443.06,435.45,438.64,2213100
2012-10-08,439.17,440.39,432.04,435.35,3527500
2012-10-09,438.03,438.53,431.17,432.59,3258400
2012-10-10,428.38,437.91,425.10,437.26,2699500
2012-10-11,437.37,439.31,434.18,436.98,2521000
2012-10-12,438.36,441.32,431.83,433.68,2154000
2012-10-15,438.35,440.50,437.57,438.75,2818700
2012-10-16,437.13,447.49,435.39,444.91,3822500
2012-10-17,443.59,443.83,434.25,438.14,1976700
2012-10-18,435.65,446.88,433.98,446.33,3193700
2012-10-19,446.97,452.76,445.23,450.73,2485300
2012-10-22,451.04,452.12,447.34,447.97,2652300
2012-10-23,449.80,451.39,443.04,445.77,1597700
2012-10-24,448.14,453.06,444.05,446.33,3058800
2012-10-25,443.90,453.48,442.78,449.26,2844700
2012-10-26,449.77,453.80,447.72,452.26,2643000
2012-10-29,452.97,456.25,445.86,450.53,1956100
2012-10-30,449.52,458.00,447.74,454.12,1890800
2012-10-31,455.46,459.87,445.12,447.53,2502400
2012-11-01,447.20,449.77,433.57,437.44,1954600
2012-11-02,438.50,449.49,438.30,449.46,2089200
2012-11-05,448.78,450.58,445.87,446.97,2541200
2012-11-06,447.44,448.23,442.49,443.03,2497600
2012-11-07,444.22,451.57,443.99,447.22,2830600
2012-11-08,448.41,448.60,437.25,439.17,2513100
2012-11-09,440.31,446.02,439.25,444.64,2167600
2012-11-12,446.51,447.00,438.59,442.66,2631400
2012-11-13,441.53,444.31,436.69,438.41,2148100
2012-11-14,437.19,437.41,430.78,431.79,3097100
2012-11-15,429.67,429.78,426.12,426.89,2008100
2012-11-16,428.81,432.03,415.55,415.60,2499100
2012-11-19,415.31,422.05,412.30,419.75,2530000
2012-11-20,417.61,422.46,414.54,422.33,2355400
2012-11-21,424.80,425.72,424.57,425.69,2653100
2012-11-22,426.00,432.31,420.82,428.26,3000300
2012-11-23,427.08,434.76,424.92,430.64,3378900
2012-11-26,430.64,437.28,427.75,436.71,2729700
2012-11-27,438.06,441.78,431.63,432.46,2447600
2012-11-28,433.96,444.53,428.83,441.65,2259700
2012-11-29,438.59,443.99,438.24,442.79,2564800
2012-11-30,443.48,446.34,437.90,443.44,3107500
2012-12-03,445.20,448.65,437.91,440.33,3646100
2012-12-04,440.46,440.72,426.85,431.23,2161300
2012-12-05,432.14,433.96,429.10,433.51,2168300
2012-12-06,432.33,435.00,431.66,434.18,2868800
2012-12-07,434.68,436.52,429.63,433.66,2285700
2012-12-10,434.64,435.33,429.19,429.96,3100000
2012-12-11,428.44,429.77,416.92,417.28,3094700
2012-12-12,422.64,424.34,413.16,414.80,2207200
2012-12-13,417.23,418.06,411.57,413.63,2560800
2012-12-14,413.46,418.86,412.68,416.37,1846600
2012-12-17,416.78,425.05,416.32,423.31,2747700
2012-12-18,421.38,421.48,415.64,417.28,1774900
2012-12-19,416.24,418.64,404.97,406.93,3032300
2012-12-20,408.29,413.49,404.96,413.34,2139600
2012-12-21,410.86,421.08,410.79,418.28,2623800
2012-12-24,419.17,419.19,410.92,416.13,2159400
2012-12-25,414.27,416.71,412.90,416.53,1785400
2012-12-26,418.09,419.99,405.58,410.31,2066900
2012-12-27,407.49,415.04,405.95,411.98,1835400
2012-12-28,414.28,421.97,412.51,421.52,1803900
2012-12-31,422.75,424.93,420.12,421.92,2703200
2013-01-01,420.28,422.53,408.19,413.07,3578600
2013-01-02,412.57,414.92,405.99,414.30,2132900
2013-01-03,415.35,421.23,413.99,418.04,1771300
2013-01-04,418.48,435.17,416.79,433.75,2493500
2013-01-07,432.84,442.67,430.75,441.08,2313700
2013-01-08,441.27,447.30,438.01,442.56,2473200
2013-01-09,443.89,453.02,442.47,446.42,2859300
2013-01-10,449.51,450.74,436.63,437.49,2289100
2013-01-11,435.06,439.80,434.53,438.89,2247000
2013-01-14,439.23,441.01,431.59,434.25,2593900
2013-01-15,433.05,438.08,431.22,433.71,1276200
2013-01-16,432.05,440.85,431.46,435.01,3040800
2013-01-17,437.82,444.07,437.10,443.27,2265500
2013-01-18,443.65,443.94,424.23,427.47,1920100
2013-01-21,428.42,435.93,423.53,432.02,3109900
2013-01-22,431.04,439.84,426.24,438.25,2214000
2013-01-23,436.53,440.61,428.73,432.34,2178100
2013-01-24,433.81,440.24,433.02,433.69,2527100
2013-01-25,435.51,437.47,426.47,426.66,2896800
2013-01-28,427.29,443.63,425.52,440.45,3119000
2013-01-29,439.34,444.54,437.93,441.01,2240600
2013-01-30,441.01,457.25,437.95,451.91,3171700
2013-01-31,451.96,466.32,448.13,462.84,2851300
2013-02-01,462.50,464.95,451.31,452.17,2244400
2013-02-04,454.35,454.48,444.66,448.87,3294600
2013-02-05,446.04,447.28,436.67,442.11,2155700
2013-02-06,441.10,445.44,433.05,440.03,2035500
2013-02-07,441.93,442.63,441.22,441.97,2320800
2013-02-08,439.41,451.58,435.92,447.70,2317300
2013-02-11,452.06,453.65,446.11,447.37,1907200
2013-02-12,444.07,451.52,442.00,449.42,2087200
2013-02-13,449.99,450.57,446.21,447.02,2063700
2013-02-14,449.16,449.17,447.03,447.30,3079000
2013-02-15,447.18,448.11,436.82,440.31,2031000
2013-02-18,441.48,450.37,439.20,445.18,2559800
2013-02-19,442.45,457.54,441.03,455.17,2095400
2013-02-20,458.51,461.40,447.97,450.49,2752400
2013-02-21,451.90,452.06,440.81,446.02,2266300
2013-02-22,449.54,453.93,432.28,438.10,2713900
2013-02-25,436.94,441.41,434.42,439.29,1902600
2013-02-26,437.99,439.84,419.99,424.70,3368400
2013-02-27,421.21,424.57,418.67,421.27,2744300
2013-02-28,420.31,422.40,414.57,417.40,2074300
2013-03-01,417.59,427.69,416.53,425.28,2872900
2013-03-04,426.50,443.61,424.78,439.97,2943200
2013-03-05,436.25,448.03,435.08,444.80,3169100
2013-03-06,442.53,446.95,440.75,444.87,2917200
2013-03-07,442.68,453.79,440.85,452.00,2377800
2013-03-08,454.07,457.64,451.34,456.46,2888300
2013-03-11,456.36,459.16,454.94,456.36,2550500
2013-03-12,455.30,460.66,450.31,459.59,2721600
2013-03-13,459.63,467.07,455.48,465.70,2039900
2013-03-14,466.78,468.69,459.12,459.70,3767200
2013-03-15,459.57,463.71,458.89,461.17,2073200
2013-03-18,459.91,464.60,457.57,464.04,2983400
2013-03-19,465.74,474.99,463.42,473.38,2267200
2013-03-20,474.17,476.48,465.82,468.68,2803200
2013-03-21,466.76,471.09,463.25,468.96,1979500
2013-03-22,472.17,473.98,466.32,467.72,3020100
2013-03-25,470.36,472.86,469.22,469.40,2363300
2013-03-26,469.87,474.80,463.77,471.66,1910700
2013-03-27,472.10,490.56,469.16,488.34,2468900
2013-03-28,486.82,496.38,486.50,496.37,2078500
2013-03-29,498.28,502.00,490.03,492.66,2032500
2013-04-01,490.50,498.20,488.06,496.41,2973100
2013-04-02,494.26,501.53,494.23,498.25,2584100
2013-04-03,496.11,499.59,495.79,499.31,3226200
2013-04-04,498.21,518.37,494.77,516.56,2377100
2013-04-05,518.12,519.77,516.90,517.36,2716300
2013-04-08,516.72,530.96,515.63,529.76,2326100
2013-04-09,533.92,537.55,508.92,516.88,2655000
2013-04-10,515.56,517.36,513.45,516.67,2635700
2013-04-11,512.18,514.66,497.67,502.60,3254600
2013-04-12,505.53,515.82,504.02,514.59,2141700
2013-04-15,517.70,530.82,517.58,528.87,2160900
2013-04-16,529.19,533.00,518.91,520.04,2868000
2013-04-17,522.15,531.45,520.85,529.94,2630500
2013-04-18,527.77,541.64,522.38,539.40,2815400
2013-04-19,536.47,537.51,528.75,529.17,2638800
2013-04-22,527.47,541.47,522.75,538.12,3038300
2013-04-23,539.45,542.54,536.64,538.62,1433100
2013-04-24,539.98,540.03,528.02,534.61,2318100
2013-04-25,531.59,531.94,528.20,529.88,2433100
2013-04-26,533.25,538.08,522.27,526.30,2235800
2013-04-29,522.33,525.62,508.66,514.86,1993100
2013-04-30,517.13,517.48,514.24,516.67,2827100
2013-05-01,514.77,514.96,505.61,508.26,2050200
2013-05-02,505.60,520.46,502.31,517.24,2260500
2013-05-03,515.80,520.41,510.10,519.98,2712300
2013-05-06,519.18,520.93,502.57,503.09,2277400
2013-05-07,501.53,503.61,491.73,494.05,3073800
2013-05-08,492.18,499.82,489.26,493.15,2184000
2013-05-09,493.43,501.14,488.50,497.32,2017600
2013-05-10,497.66,502.51,496.22,498.80,3164800
2013-05-13,497.50,502.37,495.74,498.36,2492200
2013-05-14,498.94,511.13,496.28,509.61,2719300
2013-05-15,510.86,516.27,510.08,515.15,2335800
2013-05-16,514.87,519.50,514.57,518.28,2496900
2013-05-17,522.69,523.18,515.00,521.96,3322400
2013-05-20,521.01,538.56,519.04,531.73,2920000
2013-05-21,532.84,541.80,529.04,540.05,2934600
2013-05-22,537.00,543.98,534.23,542.53,3570700
2013-05-23,543.21,545.03,534.58,539.39,2372300
2013-05-24,537.08,554.17,534.54,550.39,2746500
2013-05-27,547.89,572.16,545.12,567.09,3093600
2013-05-28,568.20,569.78,555.36,563.92,2561900
2013-05-29,560.52,567.11,558.98,565.91,2806900
2013-05-30,570.74,576.47,570.39,575.17,2043100
2013-05-31,579.00,585.82,575.97,577.27,3086300
2013-06-03,579.53,585.90,570.21,584.72,2016400
2013-06-04,583.19,604.24,582.34,597.36,2507500
2013-06-05,599.66,608.44,585.94,588.46,2639300
2013-06-06,591.00,591.02,581.81,581.91,2805800
2013-06-07,580.79,581.51,563.22,568.36,1677200
2013-06-10,566.93,575.86,563.69,575.08,1727800
2013-06-11,575.97,576.07,574.74,575.54,1931400
2013-06-12,569.14,569.61,560.10,563.33,2630400
2013-06-13,563.99,587.81,563.44,578.64,2440700
2013-06-14,581.88,587.53,577.66,586.01,3190600
2013-06-17,589.01,590.79,566.50,567.59,2472300
2013-06-18,569.67,573.31,560.74,564.29,2866500
2013-06-19,564.57,569.10,559.28,567.93,2085500
2013-06-20,567.84,579.16,565.16,578.80,3262700
2013-06-21,579.49,582.36,576.56,579.61,1554300
2013-06-24,579.78,584.02,573.69,575.31,1652400
2013-06-25,573.13,589.76,567.91,587.02,2370700
2013-06-26,583.55,586.20,570.84,575.13,1896800
2013-06-27,574.94,583.86,566.26,569.55,2485000
2013-06-28,566.51,566.66,559.71,560.30,2205600
2013-07-01,564.12,564.65,547.29,550.33,2301600
2013-07-02,550.91,551.98,538.93,542.69,2177300
2013-07-03,542.94,545.00,539.81,540.03,2288500
2013-07-04,540.49,545.29,536.27,542.74,2660400
2013-07-05,543.80,549.93,533.28,533.32,3437200
2013-07-08,535.68,536.46,529.78,534.67,3190600
2013-07-09,535.45,546.54,533.94,544.53,2758400
2013-07-10,544.06,545.05,541.60,544.15,2800500
2013-07-11,545.90,552.92,543.96,550.84,2152700
2013-07-12,550.57,563.15,545.83,560.34,2345100
2013-07-15,555.50,561.06,553.19,559.75,2098700
2013-07-16,562.40,564.00,550.77,552.64,1619000
2013-07-17,555.62,560.27,552.45,556.28,2864800
2013-07-18,557.10,567.51,553.00,555.57,2163800
2013-07-19,558.20,559.58,543.45,547.77,2700500
2013-07-22,551.39,558.89,546.61,555.86,2847800
2013-07-23,559.63,564.29,549.51,550.46,1561400
2013-07-24,550.18,555.60,547.65,552.90,2605800
2013-07-25,555.38,564.11,555.34,563.56,2567400
2013-07-26,561.12,566.65,558.66,561.86,2385600
2013-07-29,561.61,564.37,556.54,559.77,3015900
2013-07-30,559.57,565.01,558.59,561.16,2680000
2013-07-31,563.26,565.18,560.33,562.76,2316700
2013-08-01,560.55,565.92,558.47,558.92,2421600
2013-08-02,558.96,562.25,549.66,551.52,2046800
2013-08-05,557.01,563.98,531.82,537.46,2834400
2013-08-06,538.10,547.14,537.74,544.22,2016600
2013-08-07,545.74,551.87,543.79,547.32,3523100
2013-08-08,550.00,553.22,540.00,542.68,2257200
2013-08-09,541.05,543.78,527.74,529.95,2129100
2013-08-12,530.18,537.42,523.79,535.83,2517400
2013-08-13,536.02,536.20,533.74,535.43,2548100
2013-08-14,532.60,536.11,527.23,532.46,2801700
2013-08-15,531.44,547.94,526.12,542.90,2708400
2013-08-16,539.04,540.59,538.21,540.29,2448900
2013-08-19,542.64,550.62,540.37,546.88,2489900
2013-08-20,549.42,549.50,543.36,543.39,2320000
2013-08-21,546.79,554.19,545.78,549.62,2277300
2013-08-22,545.78,553.12,544.44,548.75,1625600
2013-08-23,550.73,555.95,537.99,541.76,2851200
2013-08-26,541.26,549.15,539.59,547.81,1932700
2013-08-27,548.68,555.20,544.63,550.76,1404400
2013-08-28,548.07,558.59,546.29,554.44,3918000
2013-08-29,553.11,561.38,552.04,559.06,2176500
2013-08-30,562.08,567.06,560.59,564.07,2679800
2013-09-02,567.06,569.51,560.14,561.52,2204500
2013-09-03,565.48,570.81,554.54,558.75,2907300
2013-09-04,556.65,563.89,554.26,561.11,2682800
2013-09-05,560.83,561.39,552.68,554.87,2187900
2013-09-06,558.16,559.72,547.05,553.57,3128900
2013-09-09,549.54,562.93,549.00,558.53,2164200
2013-09-10,556.78,559.29,543.58,544.38,2425500
2013-09-11,545.49,548.52,537.40,540.08,1737000
2013-09-12,538.35,540.88,531.31,532.74,3476800
2013-09-13,530.88,532.68,514.21,517.75,1980000
2013-09-16,516.02,521.23,514.70,518.67,3125500
2013-09-17,519.63,521.51,516.11,518.81,2398200
2013-09-18,520.78,528.35,519.00,526.09,2456400
2013-09-19,528.80,529.96,510.28,510.81,1729900
2013-09-20,512.77,513.79,504.29,505.31,3088700
2013-09-23,503.67,506.79,501.70,504.70,2711100
2013-09-24,504.07,509.81,503.29,507.66,2883000
2013-09-25,512.93,519.38,511.04,517.17,2651500
2013-09-26,515.57,517.66,503.47,504.48,3015800
2013-09-27,505.03,507.45,502.45,507.14,2262700
2013-09-30,507.09,518.28,506.31,513.19,2601100
2013-10-01,510.67,516.29,508.44,510.07,2174800
2013-10-02,513.56,514.64,505.82,507.41,1289900
2013-10-03,509.49,510.42,503.13,504.87,2492700
2013-10-04,502.82,502.95,496.51,497.84,3094000
2013-10-07,499.44,500.51,485.34,491.22,2353900
2013-10-08,489.38,496.88,488.21,491.28,3021000
2013-10-09,488.37,504.33,480.95,502.56,4071200
2013-10-10,497.28,499.64,491.72,497.42,2854300
2013-10-11,499.15,501.16,494.46,500.63,2544700
2013-10-14,497.69,505.14,493.71,503.44,1670200
2013-10-15,505.42,506.39,496.98,497.52,2846600
2013-10-16,497.59,501.23,496.59,497.46,1944900
2013-10-17,494.87,502.33,490.86,493.32,2658400
2013-10-18,492.65,502.22,489.50,501.97,2876100
2013-10-21,501.23,509.23,497.53,506.07,2156300
2013-10-22,506.96,508.44,493.09,497.96,2076500
2013-10-23,499.62,511.69,496.88,509.43,2900400
2013-10-24,509.14,512.07,499.85,501.22,2613600
2013-10-25,502.67,502.98,492.96,493.08,2424900
2013-10-28,497.22,499.97,491.54,494.93,1818300
2013-10-29,495.78,498.09,480.32,482.18,2613100
2013-10-30,482.57,483.40,458.10,462.61,2848800
2013-10-31,462.65,474.35,459.60,470.45,2038900
2013-11-01,469.52,471.58,467.80,471.02,2738000
2013-11-04,470.00,472.33,459.92,465.12,2354900
2013-11-05,462.08,473.61,459.79,471.77,2144900
2013-11-06,472.80,474.68,457.58,461.07,1846400
2013-11-07,461.37,465.47,461.02,465.46,2782300
2013-11-08,464.29,475.38,462.17,470.50,3243800
2013-11-11,468.28,469.61,467.49,467.71,2425000
2013-11-12,468.97,473.29,466.65,467.98,1916800
2013-11-13,471.07,472.15,454.87,457.90,2458800
2013-11-14,457.57,460.21,456.57,459.93,2812300
2013-11-15,460.80,462.98,454.01,454.74,2080300
2013-11-18,456.07,459.08,448.31,448.44,2215500
2013-11-19,447.58,449.08,446.72,447.65,2079000
2013-11-20,447.97,453.19,442.03,452.29,3420000
2013-11-21,451.86,452.54,448.67,452.30,2546400
2013-11-22,452.70,461.44,451.15,459.40,2823200
2013-11-25,458.06,464.85,455.19,461.90,2216000
2013-11-26,462.01,477.61,459.73,469.96,3450200
2013-11-27,468.62,482.34,468.04,479.96,2789400
2013-11-28,479.92,489.40,477.63,488.69,2758800
2013-11-29,482.31,484.31,477.81,480.64,2275000
2013-12-02,477.06,494.46,473.72,491.94,1758500
2013-12-03,493.84,495.82,486.77,487.32,2094000
2013-12-04,486.91,492.33,475.13,478.17,2350100
2013-12-05,475.19,477.32,466.51,469.06,2817100
2013-12-06,470.45,482.19,468.37,480.06,2297300
2013-12-09,476.81,484.37,476.72,477.25,2089200
2013-12-10,475.42,480.82,462.99,464.30,2524200
2013-12-11,462.99,473.41,462.85,469.80,2708400
2013-12-12,470.73,480.04,468.64,477.88,2355400
2013-12-13,480.98,481.22,471.46,474.02,3078200
2013-12-16,473.69,475.60,465.13,469.58,2596300
2013-12-17,469.41,475.05,469.33,471.86,3063400
2013-12-18,475.34,476.15,467.96,467.97,2312200
2013-12-19,466.66,471.80,466.24,471.23,2319100
2013-12-20,470.41,473.04,468.42,469.42,2651600
2013-12-23,469.10,482.31,466.43,479.99,2336600
2013-12-24,474.75,492.42,472.76,486.85,2486600
2013-12-25,488.02,489.93,486.46,487.42,2740900
2013-12-26,486.55,489.43,475.45,479.40,3257700
2013-12-27,476.82,480.24,474.31,479.65,1544500
2013-12-30,481.61,485.00,481.07,483.14,2346000
2013-12-31,485.83,490.58,478.94,483.28,3856400
2014-01-01,481.03,484.12,475.97,481.44,2650800
2014-01-02,479.06,487.16,476.41,486.57,3582100
2014-01-03,484.35,489.14,478.63,480.56,2181900
2014-01-06,479.62,482.95,472.89,473.91,1867100
2014-01-07,474.28,475.16,469.23,473.85,2260200
2014-01-08,475.61,475.78,458.76,462.14,2440900
2014-01-09,459.84,468.62,457.63,465.19,1548800
2014-01-10,465.30,467.92,456.34,457.23,2681500
2014-01-13,459.37,459.78,454.91,455.63,2742600
2014-01-14,455.19,455.65,451.31,453.78,1810200
2014-01-15,456.43,460.52,438.43,439.87,1522900
2014-01-16,441.31,441.77,432.49,435.40,2510100
2014-01-17,436.70,440.53,435.89,440.33,1868100
2014-01-20,441.77,444.58,432.21,433.47,3110300
2014-01-21,432.32,441.73,430.05,439.63,3159900
2014-01-22,439.33,439.95,434.80,436.01,2074400
2014-01-23,437.32,438.46,435.57,438.27,2277000
2014-01-24,436.41,444.85,435.20,444.80,2309500
2014-01-27,444.32,447.64,435.86,439.80,3232900
2014-01-28,437.18,437.79,417.84,422.80,3418400
2014-01-29,422.08,427.88,420.19,425.22,2944000
2014-01-30,426.89,442.09,426.88,440.74,2483800
2014-01-31,440.90,452.65,439.64,448.68,2094800
2014-02-03,448.72,451.55,441.10,445.68,1625900
2014-02-04,444.99,448.43,443.69,448.00,1357100
2014-02-05,447.71,455.17,447.36,454.61,2546200
2014-02-06,452.14,455.46,450.66,455.25,1841500
2014-02-07,456.36,458.25,451.99,455.30,2203000
2014-02-10,451.02,462.72,445.96,460.18,2302600
2014-02-11,462.02,462.15,452.48,455.57,2518900
2014-02-12,455.82,459.75,448.41,453.94,1967700
2014-02-13,454.11,457.56,446.69,448.93,3016700
2014-02-14,450.27,452.10,445.87,445.97,2484300
2014-02-17,448.66,448.94,441.59,444.21,3179800
2014-02-18,441.15,448.19,439.76,448.12,2401200
2014-02-19,446.52,465.61,442.45,464.50,2006200
2014-02-20,462.38,464.11,454.24,458.45,1649000
2014-02-21,455.10,456.87,454.74,456.58,2007900
2014-02-24,456.53,470.68,453.66,469.24,2676000
2014-02-25,469.45,479.11,468.10,476.70,2497400
2014-02-26,474.69,475.90,458.87,459.00,2199400
2014-02-27,457.64,461.07,452.46,455.80,2758700
2014-02-28,456.18,459.23,454.72,458.61,2703700
2014-03-03,462.08,466.22,459.13,465.16,2542700
2014-03-04,465.78,468.50,457.66,459.99,2298200
2014-03-05,461.64,464.44,454.69,456.05,3503200
2014-03-06,455.04,457.35,452.95,456.75,2819200
2014-03-07,454.99,465.32,451.99,463.74,2871900
2014-03-10,462.04,479.89,458.48,478.21,2566100
2014-03-11,479.66,480.85,471.07,472.99,2613100
2014-03-12,472.43,473.99,466.57,467.01,3254900
2014-03-13,467.39,478.61,466.75,478.54,1969300
2014-03-14,477.99,481.95,474.65,477.77,2819000
2014-03-17,475.92,495.36,471.91,493.48,2179200
2014-03-18,496.08,497.86,482.61,487.48,3566800
2014-03-19,489.42,490.18,474.83,475.67,2786200
2014-03-20,475.92,491.30,472.74,490.18,2840100
2014-03-21,492.09,493.84,478.17,479.86,2619400
2014-03-24,474.96,488.48,473.80,484.17,3047900
2014-03-25,484.44,489.10,483.30,487.34,2186600
2014-03-26,489.74,494.02,487.99,492.93,3239500
2014-03-27,493.76,493.77,478.83,483.71,3087800
2014-03-28,484.01,484.47,477.42,478.90,2760300
2014-03-31,477.65,480.23,470.52,474.08,2363100
2014-04-01,474.75,487.38,474.11,486.00,2056900
2014-04-02,484.01,488.04,482.56,487.34,2960100
2014-04-03,489.35,491.60,479.32,481.90,2258300
2014-04-04,481.75,482.18,474.32,475.02,3175300
2014-04-07,477.42,479.93,474.91,475.04,1803800
2014-04-08,475.52,478.48,458.37,458.46,2878300
2014-04-09,459.52,459.83,453.37,454.08,2716200
2014-04-10,454.19,467.33,450.58,462.70,2507900
2014-04-11,463.18,469.89,461.68,462.81,2107500
2014-04-14,463.13,467.84,460.05,460.70,2513500
2014-04-15,463.21,464.58,451.81,458.83,2316300
2014-04-16,462.29,464.11,452.95,455.94,2553800
2014-04-17,454.08,461.33,452.05,459.58,2680700
2014-04-18,459.16,467.00,447.71,450.10,2487900
2014-04-21,449.85,450.56,441.31,446.44,2807900
2014-04-22,448.35,449.46,437.39,440.31,2729500
2014-04-23,439.76,443.43,429.26,432.17,2746900
2014-04-24,430.16,436.23,428.29,433.49,2467300
2014-04-25,435.37,437.40,433.45,435.70,2340200
2014-04-28,436.32,436.36,435.38,435.49,2013700
2014-04-29,435.40,443.06,434.00,439.25,2244600
2014-04-30,440.13,456.89,438.78,450.12,1416200
2014-05-01,449.32,451.90,446.54,447.66,2543200
2014-05-02,447.87,450.43,446.18,446.40,2063500
2014-05-05,443.86,450.42,443.81,448.20,2620700
2014-05-06,447.76,450.22,442.08,444.09,3199500
2014-05-07,442.54,454.75,441.12,452.04,1950300
2014-05-08,451.44,451.64,442.77,444.96,2480900
2014-05-09,447.24,450.76,441.03,449.16,3030400
2014-05-12,455.27,456.08,441.58,446.37,2938800
2014-05-13,445.10,450.10,444.11,446.89,2124500
2014-05-14,444.04,450.32,440.65,440.83,3100200
2014-05-15,439.18,450.37,436.74,450.23,2171100
2014-05-16,449.60,450.44,446.52,447.06,2119700
2014-05-19,446.37,450.80,444.65,447.97,2040400
2014-05-20,447.31,452.60,445.67,450.68,2417700
2014-05-21,451.31,453.51,448.58,450.80,2720900
2014-05-22,449.44,458.86,444.83,458.18,2887300
2014-05-23,457.74,459.55,456.89,457.01,2788200
2014-05-26,457.40,468.48,450.37,467.58,2357600
2014-05-27,468.60,478.52,466.14,478.04,1685700
2014-05-28,476.72,483.49,472.31,482.14,2514000
2014-05-29,481.54,485.30,462.46,464.75,2450300
2014-05-30,465.39,468.86,461.14,462.71,2695300
2014-06-02,460.79,464.64,456.41,459.84,1198400
2014-06-03,459.48,470.58,457.68,465.95,2001400
2014-06-04,464.86,470.24,454.48,457.35,1951600
2014-06-05,458.83,460.06,452.00,453.91,3059100
2014-06-06,451.12,459.11,444.34,457.56,2796300
2014-06-09,455.76,457.03,453.88,454.49,2317300
2014-06-10,453.86,456.09,449.11,454.42,2136600
2014-06-11,452.94,473.74,450.42,473.40,1740200
2014-06-12,474.31,477.04,463.96,469.11,3002800
2014-06-13,466.70,474.79,459.72,464.78,2142300
2014-06-16,465.14,470.58,461.06,468.02,2339400
2014-06-17,467.80,468.59,466.52,466.54,2427700
2014-06-18,466.62,467.77,458.18,459.31,2013400
2014-06-19,463.32,475.47,460.89,471.90,2554000
2014-06-20,471.42,477.85,471.39,474.79,2876000
2014-06-23,475.23,476.88,471.37,475.21,2106700
2014-06-24,478.44,479.43,474.58,477.53,1886500
2014-06-25,480.59,481.11,477.80,479.41,2372200
2014-06-26,478.28,493.73,477.51,491.08,2081300
2014-06-27,492.95,503.81,491.36,502.73,2256800
2014-06-30,501.92,507.70,500.18,505.47,2548500
2014-07-01,505.81,506.43,499.49,505.19,2740200
2014-07-02,504.87,509.09,501.56,505.89,2270400
2014-07-03,504.91,523.58,504.71,519.46,2469000
2014-07-04,521.22,522.90,519.22,521.15,2529400
2014-07-07,519.32,528.98,516.42,528.93,1895700
2014-07-08,529.10,534.41,526.20,531.16,3109100
2014-07-09,530.80,532.50,518.12,521.56,3125400
2014-07-10,519.40,519.83,518.73,519.57,1983300
2014-07-11,519.02,520.81,516.18,518.77,1980000
2014-07-14,518.89,534.17,517.13,532.55,2874500
2014-07-15,531.71,549.75,526.89,547.27,2050800
2014-07-16,549.39,551.97,544.80,545.52,1873900
2014-07-17,545.69,559.03,540.03,554.84,3373100
2014-07-18,554.27,556.70,548.01,551.16,1791600
2014-07-21,550.91,562.34,547.43,558.85,1979700
2014-07-22,554.95,560.41,554.45,559.39,2414100
2014-07-23,557.53,587.84,556.71,584.47,2397600
2014-07-24,584.20,588.51,571.52,572.65,2684900
2014-07-25,573.36,576.08,565.74,569.03,2742100
2014-07-28,568.46,574.12,565.94,571.73,2262500
2014-07-29,571.51,571.53,567.48,571.35,2427100
2014-07-30,570.50,571.45,554.81,555.87,1758800
2014-07-31,558.51,561.66,555.27,555.65,2197500
2014-08-01,556.16,558.55,547.99,552.69,2281300
2014-08-04,551.74,562.05,550.26,559.42,2989400
2014-08-05,563.59,563.79,548.14,553.85,1639200
2014-08-06,555.57,559.80,551.41,555.04,3413600
2014-08-07,555.96,556.14,544.49,547.40,2746500
2014-08-08,547.30,554.35,543.14,553.92,3310800
2014-08-11,553.66,554.82,542.84,552.33,2381300
2014-08-12,555.42,555.50,548.34,554.65,2733900
2014-08-13,552.52,560.92,551.42,557.69,2767400
2014-08-14,559.33,569.40,558.77,563.73,2315500
2014-08-15,565.06,566.61,549.87,558.77,2377200
2014-08-18,555.16,569.24,554.11,569.19,1481100
2014-08-19,572.16,576.19,557.72,559.09,3316900
2014-08-20,560.62,562.17,557.82,559.92,3017200
2014-08-21,556.91,571.96,550.41,570.51,2758700
2014-08-22,571.56,581.76,565.87,574.43,2105200
2014-08-25,577.02,579.59,564.36,568.20,2537000
2014-08-26,567.70,570.74,560.74,563.06,2771400
2014-08-27,563.99,564.35,563.37,564.25,2090400
2014-08-28,563.17,565.70,558.52,560.25,2500100
2014-08-29,555.82,571.63,553.88,567.80,2179200
2014-09-01,567.66,567.94,554.53,556.04,2539600
2014-09-02,559.27,564.11,558.26,563.68,2594300
2014-09-03,562.27,570.67,562.13,569.45,3788000
2014-09-04,574.19,575.27,555.93,563.61,1150500
2014-09-05,560.61,575.89,560.17,573.26,3050700
2014-09-08,572.54,583.29,570.33,581.56,1645100
2014-09-09,583.35,584.69,568.80,573.55,2114600
2014-09-10,572.93,579.64,572.65,576.29,2636700
2014-09-11,578.32,587.20,576.00,583.39,3084200
2014-09-12,582.65,583.85,573.60,576.01,2860000
2014-09-15,573.50,581.40,568.79,579.97,1504300
2014-09-16,581.08,582.25,569.05,576.99,2917800
2014-09-17,579.30,581.03,574.05,577.55,2927100
2014-09-18,574.33,575.33,572.17,573.77,1537200
2014-09-19,571.85,575.14,566.47,569.57,1996100
2014-09-22,572.78,576.55,567.97,567.99,2514100
2014-09-23,571.35,572.01,560.16,564.38,3031600
2014-09-24,562.64,566.43,557.24,560.78,3997500
2014-09-25,564.05,566.05,560.52,562.35,2321000
2014-09-26,565.12,567.89,556.88,559.92,2131600
2014-09-29,557.93,563.23,553.41,562.63,1859000
2014-09-30,564.52,568.18,560.73,565.97,2614100
2014-10-01,569.29,569.60,558.78,560.90,4179200
2014-10-02,561.94,569.67,559.85,565.72,2189200
2014-10-03,564.95,565.01,551.40,556.89,3438400
2014-10-06,560.10,564.39,544.15,546.29,1915300
2014-10-07,546.27,552.79,522.04,523.92,2239200
2014-10-08,524.52,540.54,522.50,538.26,2399400
2014-10-09,537.60,541.84,534.30,538.54,2313600
2014-10-10,540.16,541.60,512.99,515.46,2677000
2014-10-13,515.65,516.26,500.65,502.81,2261300
2014-10-14,499.39,519.57,498.16,518.48,1506400
2014-10-15,519.00,534.79,517.33,533.96,2779200
2014-10-16,535.09,539.84,518.17,524.06,2007000
2014-10-17,523.64,531.07,521.55,529.38,2669200
2014-10-20,526.51,541.91,524.12,538.45,3323500
2014-10-21,537.06,546.74,533.47,544.60,2168200
2014-10-22,544.81,552.94,541.56,548.91,2769900
2014-10-23,547.12,547.77,536.93,543.23,2708300
2014-10-24,544.63,544.82,535.55,539.11,3526700
2014-10-27,542.17,549.14,531.04,532.73,2261000
2014-10-28,532.71,537.30,520.40,520.74,1585800
2014-10-29,525.04,527.80,517.62,519.75,2351100
2014-10-30,521.47,531.66,521.13,530.34,2788900
2014-10-31,532.92,538.43,524.53,527.32,3061200
2014-11-03,528.87,535.02,528.83,533.99,2226100
2014-11-04,534.87,546.76,531.08,538.92,2019200
2014-11-05,541.42,552.03,539.83,551.30,2036500
2014-11-06,549.34,552.10,548.70,551.88,2004000
2014-11-07,554.93,555.18,547.69,549.23,2385600
2014-11-10,547.47,561.59,544.73,555.67,2469700
2014-11-11,555.25,574.17,553.84,573.02,2623300
2014-11-12,573.44,575.62,561.20,565.26,2464900
2014-11-13,565.54,573.23,565.43,572.27,1734700
2014-11-14,573.73,585.32,573.65,581.65,3449800
2014-11-17,580.87,584.54,576.67,578.75,2740600
2014-11-18,577.91,593.39,576.94,592.54,1714900
2014-11-19,588.76,591.78,583.01,591.08,1902000
2014-11-20,592.06,599.82,585.97,599.81,2808300
2014-11-21,597.35,597.44,587.93,593.68,2751600
2014-11-24,591.34,593.64,588.63,592.97,1993700
2014-11-25,594.16,598.49,591.67,598.27,2954300
2014-11-26,599.21,613.38,596.68,605.75,1955700
2014-11-27,607.41,609.21,595.37,597.92,1503600
2014-11-28,597.18,600.83,585.22,588.02,3015500
2014-12-01,588.86,601.60,586.65,598.08,3184500
2014-12-02,597.78,604.00,589.94,592.95,3095400
2014-12-03,591.47,598.22,591.18,594.91,2996100
2014-12-04,599.44,600.54,587.80,592.30,2679900
2014-12-05,593.42,596.67,585.36,586.89,2923000
2014-12-08,586.71,592.20,583.62,589.96,2743800
2014-12-09,588.62,591.15,586.70,590.08,2845600
2014-12-10,593.01,604.54,590.14,602.82,1900000
2014-12-11,602.84,603.56,593.33,598.93,2771800
2014-12-12,597.80,603.46,596.62,597.43,2590300
2014-12-15,597.69,599.01,582.56,588.00,2140900
2014-12-16,588.65,589.50,574.81,583.10,2491000
2014-12-17,579.67,591.51,578.85,585.27,2008000
2014-12-18,587.27,590.39,586.51,588.83,2327300
2014-12-19,590.87,610.45,587.49,605.39,2282100
2014-12-22,606.39,610.68,602.58,603.35,2540400
2014-12-23,601.55,619.93,601.11,617.93,2752200
2014-12-24,617.11,622.89,612.60,613.88,3117900
2014-12-25,617.57,619.24,617.56,618.32,3166600
2014-12-26,620.84,628.23,613.33,614.94,2424200
2014-12-29,613.71,620.09,608.14,608.24,3858500
2014-12-30,610.77,612.96,605.52,608.78,3482700
2014-12-31,609.84,612.03,604.38,608.61,3098900
2015-01-01,606.88,608.38,601.64,603.63,2574200
2015-01-02,601.69,603.75,597.58,600.04,2714700
2015-01-05,600.69,601.88,599.18,599.63,2708800
2015-01-06,598.44,607.31,598.09,604.06,2912500
2015-01-07,604.06,609.12,586.95,589.27,2184900
2015-01-08,590.30,592.30,583.93,584.01,3171700
2015-01-09,580.85,599.55,574.27,597.43,3535600
2015-01-12,600.26,604.18,587.58,588.64,2953600
2015-01-13,584.97,588.89,572.19,575.21,2059300
2015-01-14,578.24,581.31,562.80,574.00,2995200
2015-01-15,573.63,579.38,572.95,577.99,1574800
2015-01-16,581.96,585.69,570.59,571.19,2593500
2015-01-19,573.93,577.71,559.35,564.94,2300600
2015-01-20,565.15,565.79,561.90,564.35,2976600
2015-01-21,564.55,582.32,560.67,574.36,2279300
2015-01-22,573.33,588.12,569.77,587.83,2269500
2015-01-23,586.96,587.06,570.65,576.58,2418800
2015-01-26,577.93,578.84,570.09,571.83,2271600
2015-01-27,570.35,577.79,565.31,572.29,3239500
2015-01-28,573.23,582.83,568.87,578.02,2295200
2015-01-29,579.78,582.26,576.63,580.74,2239200
2015-01-30,578.43,603.01,569.87,600.69,2382900
2015-02-02,601.14,610.63,598.52,608.74,2540200
2015-02-03,610.35,614.52,609.06,613.09,1992600
2015-02-04,613.78,616.51,612.92,615.00,3250100
2015-02-05,616.85,621.05,602.37,604.32,2467800
2015-02-06,602.10,602.57,584.31,585.37,2808300
2015-02-09,589.03,589.76,568.51,570.20,3275000
2015-02-10,570.89,585.75,570.33,583.63,1843200
2015-02-11,585.38,586.03,580.19,581.18,2500400
2015-02-12,580.97,582.65,571.49,577.23,2860700
2015-02-13,574.96,584.27,572.57,582.13,2633500
2015-02-16,583.13,586.96,571.28,572.42,2636800
2015-02-17,571.03,574.75,567.85,568.21,2896300
2015-02-18,565.84,569.17,564.66,569.13,2358800
2015-02-19,566.69,566.83,560.26,564.83,3668400
2015-02-20,563.29,570.27,560.75,564.63,1724500
2015-02-23,566.52,568.82,548.92,555.71,3221100
2015-02-24,551.60,553.19,540.36,550.76,2222000
2015-02-25,550.40,562.16,549.89,558.16,2517000
2015-02-26,560.17,565.08,553.97,557.60,2716300
2015-02-27,556.75,560.16,543.76,550.79,3009400
2015-03-02,547.08,554.50,538.81,540.75,2901400
2015-03-03,542.52,543.76,531.96,534.32,2447100
2015-03-04,532.14,534.49,524.87,525.79,2459800
2015-03-05,522.51,523.49,517.31,519.33,1825000
2015-03-06,518.21,521.94,513.76,514.61,2500300
2015-03-09,510.76,522.86,510.49,520.70,2050000
2015-03-10,522.10,525.35,518.05,521.80,3071600
2015-03-11,521.18,525.63,513.04,517.49,2569000
2015-03-12,515.72,516.78,497.46,500.29,1965900
2015-03-13,497.96,501.53,495.64,500.32,3075800
2015-03-16,500.69,523.32,499.62,517.95,3479200
2015-03-17,516.40,517.63,513.75,515.31,2524900
2015-03-18,515.49,536.46,513.16,535.17,1983300
2015-03-19,533.86,533.98,523.56,530.78,3149000
2015-03-20,528.03,539.72,523.89,538.93,2546500
2015-03-23,536.82,537.41,529.89,531.91,2483700
2015-03-24,532.17,537.32,522.63,528.92,1503800
2015-03-25,532.40,542.75,531.77,536.83,1979200
2015-03-26,535.76,541.09,531.59,539.19,1141100
2015-03-27,537.18,540.72,532.66,535.53,2583600
2015-03-30,536.37,543.92,535.10,539.13,1779300
2015-03-31,540.08,542.87,527.71,529.95,2496100
2015-04-01,532.37,535.60,511.78,515.26,1803300
2015-04-02,513.38,521.06,510.41,511.07,3038100
2015-04-03,513.34,513.74,499.63,501.68,2763400
2015-04-06,502.02,505.04,497.81,504.87,3003500
2015-04-07,503.82,505.15,499.68,501.45,1323600
2015-04-08,499.44,502.96,497.59,498.68,1202500
2015-04-09,499.23,504.94,497.79,504.34,2666400
2015-04-10,502.91,504.51,496.29,500.37,2122900
2015-04-13,499.53,503.23,491.97,500.23,2254100
2015-04-14,501.94,504.91,500.81,502.72,2181900
2015-04-15,501.15,503.00,489.79,490.44,2575300
2015-04-16,489.19,489.83,482.55,483.65,3228400
2015-04-17,482.81,489.36,478.98,487.36,2711400
2015-04-20,488.05,488.63,487.03,488.27,2321700
2015-04-21,487.42,502.21,485.46,500.43,3042800
2015-04-22,498.21,519.02,495.42,514.51,2695100
2015-04-23,512.92,522.63,507.45,517.16,3125900
2015-04-24,518.28,519.65,502.98,505.62,2280400
2015-04-27,506.71,511.54,503.81,505.68,2839800
2015-04-28,511.44,512.87,499.01,501.22,2889500
2015-04-29,498.12,499.84,489.03,493.60,1784300
2015-04-30,494.53,507.51,493.85,506.04,3266200
2015-05-01,509.59,515.65,506.69,507.64,2619900
2015-05-04,505.82,509.06,499.42,499.65,2856500
2015-05-05,503.37,505.91,497.83,502.56,2501900
2015-05-06,501.20,520.90,495.94,517.49,2734500
2015-05-07,517.81,531.22,517.78,527.02,2409000
2015-05-08,525.05,528.85,524.10,525.91,2888900
2015-05-11,528.24,534.39,526.39,532.77,2271700
2015-05-12,532.37,536.81,528.17,530.34,1949700
2015-05-13,528.60,541.32,525.70,539.88,2186500
2015-05-14,540.90,541.54,528.83,530.88,3536400
2015-05-15,529.00,533.91,520.83,532.93,3157500
2015-05-18,533.20,549.92,522.51,548.35,2101300
2015-05-19,546.02,552.66,541.90,550.08,2258200
2015-05-20,550.73,554.60,545.75,547.75,2330300
2015-05-21,548.32,555.04,545.94,553.83,3282500
2015-05-22,554.34,557.78,536.33,537.48,3052600
2015-05-25,541.05,546.84,532.16,532.21,1929200
2015-05-26,533.99,535.52,524.53,529.60,2788900
2015-05-27,527.73,541.09,526.46,535.65,3737100
2015-05-28,537.65,541.08,533.08,534.05,2309700
2015-05-29,533.04,539.54,525.26,538.96,2374600
2015-06-01,540.71,544.54,531.73,534.50,2791600
2015-06-02,535.41,537.27,529.67,530.04,2726400
2015-06-03,534.37,538.12,517.93,524.36,2171000
2015-06-04,527.17,531.98,522.57,531.51,2699300
2015-06-05,533.21,534.76,514.82,516.40,3631700
2015-06-08,516.57,519.94,513.24,519.32,2718100
2015-06-09,521.07,525.89,520.55,522.65,2269500
2015-06-10,522.26,522.29,513.80,515.31,1960500
2015-06-11,517.85,527.66,515.72,526.14,1815500
2015-06-12,526.74,531.84,522.57,530.26,2471500
2015-06-15,526.35,529.01,521.68,524.09,2734700
2015-06-16,525.62,545.74,521.64,542.53,2389600
2015-06-17,540.89,558.20,536.81,555.18,3085000
2015-06-18,555.11,556.13,551.08,552.62,2689400
2015-06-19,554.51,560.79,533.16,537.88,2348100
2015-06-22,540.63,543.27,529.84,531.68,1725000
2015-06-23,531.50,533.90,530.40,532.17,2164100
2015-06-24,532.51,533.06,517.04,520.82,2200700
2015-06-25,519.31,520.81,514.73,519.39,2298100
2015-06-26,518.82,541.06,518.44,540.16,2841100
2015-06-29,541.65,542.01,527.43,533.16,3178600
2015-06-30,536.78,538.39,525.20,529.06,2689100
2015-07-01,530.28,536.08,528.26,536.01,2538100
2015-07-02,539.43,546.12,534.34,537.99,2477400
2015-07-03,542.04,543.67,531.38,531.49,2198200
2015-07-06,529.39,535.66,513.18,519.01,2755200
2015-07-07,520.15,533.29,517.07,532.51,2075800
2015-07-08,533.51,542.80,532.89,538.69,2790600
2015-07-09,539.78,559.85,537.41,555.80,2394700
2015-07-10,556.43,562.30,552.72,560.52,2670500
2015-07-13,558.97,567.12,558.29,562.57,2437600
2015-07-14,562.80,564.63,561.38,562.91,2305100
2015-07-15,560.00,578.28,558.07,577.71,2392400
2015-07-16,577.54,587.44,577.01,584.60,3206900
2015-07-17,582.13,582.85,569.26,574.48,2281900
2015-07-20,573.80,582.52,570.59,578.73,2915000
2015-07-21,573.62,584.21,567.47,575.80,1931900
2015-07-22,578.76,581.31,567.39,569.40,3272000
2015-07-23,573.07,579.28,568.91,571.83,2674500
2015-07-24,574.75,578.36,569.55,572.11,2495800
2015-07-27,573.01,587.92,572.94,585.36,2553600
2015-07-28,584.99,592.96,581.10,581.71,3305500
2015-07-29,582.68,583.52,580.22,583.33,2837000
2015-07-30,583.87,589.01,575.42,580.86,2321900
2015-07-31,581.86,591.97,579.87,586.66,2404900
2015-08-03,587.91,592.45,576.84,577.83,1996200
2015-08-04,582.18,585.71,572.30,575.75,2246300
2015-08-05,575.20,581.75,572.10,581.39,2574100
2015-08-06,588.17,595.90,577.90,581.73,2523800
2015-08-07,583.09,591.94,582.73,591.22,2239100
2015-08-10,593.37,601.97,589.23,598.50,2567300
2015-08-11,600.29,612.59,595.20,610.34,1625100
2015-08-12,611.54,612.46,593.68,594.99,3408400
2015-08-13,596.48,604.11,592.95,603.47,2203600
2015-08-14,606.95,612.84,591.17,591.74,3296900
2015-08-17,591.64,606.05,587.48,602.00,2299000
2015-08-18,600.71,601.24,594.06,594.66,3241300
2015-08-19,593.24,595.03,576.19,580.84,2911700
2015-08-20,581.08,581.68,577.95,579.02,2987400
2015-08-21,578.18,579.99,573.57,575.68,2172400
2015-08-24,576.83,582.48,575.22,582.00,2386400
2015-08-25,582.18,587.66,582.00,587.05,2325300
2015-08-26,587.57,590.67,569.10,570.29,2240900
2015-08-27,570.18,578.48,565.83,576.60,3186200
2015-08-28,576.61,581.08,573.59,581.08,2390500
2015-08-31,579.91,585.33,579.72,581.56,2279500
2015-09-01,581.80,587.10,580.23,582.65,3643700
2015-09-02,584.29,586.75,582.27,583.42,2731700
2015-09-03,585.83,587.14,580.62,582.73,2106600
2015-09-04,587.28,591.92,571.86,578.50,2639600
2015-09-07,578.67,596.18,573.13,591.94,2031300
2015-09-08,591.09,593.83,589.26,593.22,2946500
2015-09-09,593.34,607.21,591.00,606.20,2580400
2015-09-10,609.12,613.13,604.74,611.65,2538900
2015-09-11,615.26,615.46,604.59,605.83,3640700
2015-09-14,607.44,607.74,585.37,595.69,2705900
2015-09-15,594.34,595.30,587.70,593.63,3744900
2015-09-16,589.47,596.35,586.21,596.10,2917100
2015-09-17,599.90,600.95,581.97,585.81,2369000
2015-09-18,581.65,586.02,581.30,584.61,2097500
2015-09-21,583.17,584.68,570.66,573.91,2404400
2015-09-22,572.93,579.48,561.61,563.88,2085700
2015-09-23,562.56,570.38,560.32,566.48,2438000
2015-09-24,566.18,567.60,550.22,553.39,2545600
2015-09-25,550.54,553.57,548.73,553.31,2261700
2015-09-28,549.31,558.35,544.76,556.27,2729400
2015-09-29,555.62,566.57,551.76,563.71,2362800
2015-09-30,562.26,583.25,561.85,582.15,2509200
2015-10-01,581.92,587.76,580.46,583.86,1959900
2015-10-02,587.97,592.78,587.60,590.94,2844500
2015-10-05,592.37,598.46,588.57,591.87,2858600
2015-10-06,590.02,598.99,586.72,588.88,2750000
2015-10-07,588.98,591.37,581.28,582.75,2099600
2015-10-08,579.96,600.89,578.06,599.91,2429100
2015-10-09,601.41,601.89,600.42,601.67,2530700
2015-10-12,602.10,609.80,597.80,603.40,1991900
2015-10-13,601.96,610.18,601.94,604.50,3269400
2015-10-14,604.36,614.01,603.85,607.55,3407900
2015-10-15,604.64,621.70,604.53,618.84,2579000
2015-10-16,621.16,624.65,593.09,596.44,2307600
2015-10-19,593.09,595.96,590.90,594.83,1891300
2015-10-20,591.63,592.05,586.11,588.06,2568600
2015-10-21,588.49,589.00,578.74,584.92,1877700
2015-10-22,585.40,585.52,577.44,580.48,2010600
2015-10-23,580.33,583.70,573.67,573.71,3171300
2015-10-26,571.67,575.98,557.50,561.74,2673200
2015-10-27,558.99,560.15,555.09,555.26,3100100
2015-10-28,556.16,565.34,550.52,563.21,2759000
2015-10-29,562.63,572.75,556.75,560.94,2920400
2015-10-30,562.09,563.98,554.11,557.12,3360200
2015-11-02,557.02,563.74,547.97,549.34,3210700
2015-11-03,550.30,551.10,548.72,549.16,1578800
2015-11-04,549.31,553.10,544.09,545.98,2741600
2015-11-05,545.03,549.75,541.88,547.23,2706700
2015-11-06,548.61,555.31,546.62,554.67,3563100
2015-11-09,556.67,562.24,552.07,558.09,2006500
2015-11-10,557.74,564.23,556.27,560.89,3042100
2015-11-11,558.17,572.45,557.15,568.34,1849000
2015-11-12,572.09,576.68,564.46,569.04,2688700
2015-11-13,568.83,569.33,559.12,559.74,2827300
2015-11-16,562.70,564.07,549.89,555.09,2330800
2015-11-17,554.76,559.29,550.81,553.43,3029100
2015-11-18,556.68,563.56,546.31,548.54,3288500
2015-11-19,543.15,557.20,539.23,554.92,2790300
2015-11-20,551.11,557.33,550.47,552.13,3423300
2015-11-23,552.25,558.68,545.60,547.45,1407900
2015-11-24,545.63,549.09,543.74,548.05,1851400
2015-11-25,546.46,550.63,541.64,542.31,2496200
2015-11-26,546.37,552.63,534.52,536.83,2593600
2015-11-27,537.65,542.25,525.40,526.62,2921200
2015-11-30,528.74,534.05,522.50,525.33,2777300
2015-12-01,523.74,529.76,519.32,522.53,2898800
2015-12-02,523.40,533.70,518.25,531.30,2623400
2015-12-03,529.73,540.60,525.24,534.51,2549800
2015-12-04,538.57,541.81,526.70,526.78,2686600
2015-12-07,528.25,531.17,524.67,524.95,2115100
2015-12-08,528.72,530.13,523.89,526.13,2688300
2015-12-09,524.47,525.73,518.57,518.68,2730400
2015-12-10,518.47,522.81,517.34,518.80,1682900
2015-12-11,515.21,516.92,512.00,515.17,2234700
2015-12-14,517.88,519.34,512.04,514.05,2137900
2015-12-15,512.03,517.58,510.98,516.17,1832200
2015-12-16,519.45,528.97,518.82,525.26,2265100
2015-12-17,525.21,526.12,518.67,519.12,2890300
2015-12-18,517.14,520.93,513.79,518.47,1469200
2015-12-21,518.54,522.19,515.03,515.42,2809200
2015-12-22,510.40,522.17,506.35,516.59,2918300
2015-12-23,519.19,523.68,519.15,520.03,2567700
2015-12-24,520.28,522.78,513.78,515.06,2341100
2015-12-25,518.05,519.07,503.89,506.07,2906700
2015-12-28,506.01,513.33,502.14,513.29,3257700
2015-12-29,514.70,516.40,511.69,514.27,2891800
2015-12-30,513.19,519.16,512.71,518.06,2623500
2015-12-31,519.03,519.58,504.61,508.95,2129600
2016-01-01,509.78,511.22,496.22,503.84,2325000
2016-01-04,506.63,517.16,502.71,512.72,3155300
2016-01-05,510.59,518.30,508.15,513.87,3304600
2016-01-06,512.33,517.18,505.07,509.31,2279800
2016-01-07,510.45,511.83,497.69,504.47,1960700
2016-01-08,506.03,509.67,498.81,503.34,2214500
2016-01-11,501.26,507.46,496.82,497.36,1805500
2016-01-12,498.95,501.90,498.39,499.76,2911900
2016-01-13,501.90,519.20,499.96,518.91,2180600
2016-01-14,522.93,526.50,522.13,525.89,2125500
2016-01-15,524.98,529.28,524.93,525.41,2610800
2016-01-18,526.17,528.14,513.32,513.53,2681000
2016-01-19,514.85,515.00,497.88,504.19,2434500
2016-01-20,503.50,515.04,498.19,513.46,2523600
2016-01-21,514.94,516.68,510.71,514.81,3132700
2016-01-22,512.71,513.53,509.42,510.87,2863000
2016-01-25,510.33,525.42,508.65,522.70,2259500
2016-01-26,520.75,524.82,520.45,524.36,2498600
2016-01-27,525.31,533.94,522.10,533.43,2918400
2016-01-28,530.85,539.60,528.46,539.46,2889200
2016-01-29,536.39,537.11,530.44,536.96,2880900
2016-02-01,532.59,535.31,526.44,527.62,1645500
2016-02-02,526.49,528.47,519.83,522.91,2699600
2016-02-03,522.87,523.17,513.11,513.61,2412300
2016-02-04,513.72,514.94,506.13,510.27,2616100
2016-02-05,510.47,529.89,507.28,527.69,2322900
2016-02-08,532.66,534.29,528.55,530.18,3017900
2016-02-09,532.40,538.48,530.71,536.83,2904800
2016-02-10,538.71,540.57,527.64,528.04,2157100
2016-02-11,526.75,531.97,525.06,530.47,2422800
2016-02-12,532.36,534.18,526.34,528.75,2866700
2016-02-15,523.91,528.48,523.58,525.16,2481800
2016-02-16,524.77,525.14,520.85,521.06,2827200
2016-02-17,518.88,520.65,507.80,513.26,3157300
2016-02-18,512.75,515.36,509.05,509.23,1982500
2016-02-19,506.19,528.29,506.09,527.55,2575700
2016-02-22,530.50,534.45,527.90,532.58,2111600
2016-02-23,531.03,534.25,526.04,531.58,2970800
2016-02-24,530.35,534.47,526.02,532.42,2247900
2016-02-25,534.23,536.14,532.66,532.85,3249200
2016-02-26,531.98,532.96,526.86,531.04,2216900
2016-02-29,526.06,529.29,520.41,527.97,1870600
2016-03-01,523.68,541.74,517.12,537.16,3221900
2016-03-02,536.71,547.35,533.43,544.11,2429300
2016-03-03,544.44,544.62,538.29,543.00,1835700
2016-03-04,544.72,548.95,544.66,544.97,2304000
2016-03-07,542.58,545.61,529.55,530.55,3318500
2016-03-08,534.93,537.69,518.69,518.73,1661600
2016-03-09,517.75,525.80,516.29,524.97,2185300
2016-03-10,526.98,527.62,519.99,522.37,1969600
2016-03-11,518.25,532.47,515.21,530.15,2514800
2016-03-14,530.73,532.05,507.98,512.61,2305500
2016-03-15,511.89,519.25,507.80,517.64,2521500
2016-03-16,515.82,516.52,506.39,510.52,2709200
2016-03-17,511.45,519.57,510.35,518.71,2666800
2016-03-18,519.48,522.70,517.96,521.22,1753200
2016-03-21,519.46,521.65,517.88,519.31,2701400
2016-03-22,516.55,533.16,515.74,531.81,1720000
2016-03-23,529.65,538.20,529.19,535.60,2953400
2016-03-24,535.05,543.21,532.69,541.67,2546700
2016-03-25,541.75,559.11,533.01,557.83,2145700
2016-03-28,555.95,558.89,546.88,554.61,2114600
2016-03-29,552.54,560.69,552.41,558.57,3312800
2016-03-30,562.27,569.55,554.29,555.57,2959900
2016-03-31,556.09,556.16,552.61,555.71,2476500
2016-04-01,553.27,555.09,548.69,550.51,3173300
2016-04-04,549.38,556.53,547.44,555.83,3167100
2016-04-05,554.00,555.85,545.53,549.17,2057800
2016-04-06,550.19,552.38,545.73,551.89,2182900
2016-04-07,555.24,556.40,545.66,550.60,3836300
2016-04-08,547.44,552.10,547.15,548.95,2383300
2016-04-11,548.95,554.17,546.03,551.52,3844300
2016-04-12,549.26,550.76,548.81,549.98,2526600
2016-04-13,548.24,550.81,546.64,546.90,2862800
2016-04-14,547.33,554.88,542.07,548.87,2332100
2016-04-15,549.97,559.12,548.79,552.25,2706400
2016-04-18,548.26,551.43,547.95,548.52,3224900
2016-04-19,545.22,557.04,543.31,553.29,2946000
2016-04-20,555.38,572.30,551.09,570.42,2393900
2016-04-21,568.69,571.60,562.74,563.76,1967000
2016-04-22,563.93,563.96,558.11,560.37,1467500
2016-04-25,558.85,568.21,554.82,562.78,2881100
2016-04-26,565.57,581.88,565.14,580.18,1998400
2016-04-27,577.73,584.14,572.91,582.76,2193400
2016-04-28,585.62,586.83,577.01,584.34,2337300
2016-04-29,585.03,589.39,578.50,579.95,2959600
2016-05-02,581.78,592.66,578.54,591.83,2230800
2016-05-03,591.18,597.85,581.04,584.24,2691800
2016-05-04,585.72,586.18,581.22,582.78,2568000
2016-05-05,586.47,595.03,583.20,591.84,2011200
2016-05-06,591.29,602.95,590.64,599.68,2986600
2016-05-09,598.21,617.21,597.67,609.10,2311500
2016-05-10,607.29,622.99,603.35,616.83,2285800
2016-05-11,615.57,618.66,606.77,607.83,3062200
2016-05-12,608.55,613.75,606.42,610.95,2481200
2016-05-13,614.91,615.31,606.78,609.08,2668400
2016-05-16,606.10,610.19,603.02,606.15,2683800
2016-05-17,606.02,608.72,599.70,601.28,2853000
2016-05-18,596.91,619.58,596.16,614.61,2147800
2016-05-19,613.51,614.88,610.76,614.46,3357200
2016-05-20,613.75,622.64,609.62,620.97,2945700
2016-05-23,617.90,623.43,616.74,623.28,800300
2016-05-24,627.57,629.42,612.49,613.22,2457700
2016-05-25,613.47,631.71,611.67,629.22,2653400
2016-05-26,626.75,638.37,623.13,633.66,3372800
2016-05-27,632.80,634.88,631.99,633.39,2485700
2016-05-30,632.16,640.40,630.27,637.90,2601000
2016-05-31,636.72,636.93,619.51,623.59,1664400
2016-06-01,621.47,623.83,611.49,614.19,2932300
2016-06-02,615.75,616.81,611.55,616.34,3346100
2016-06-03,622.53,624.91,608.00,613.21,2352000
2016-06-06,611.65,626.08,606.93,622.19,2469800
2016-06-07,623.94,631.84,623.73,630.96,2297100
2016-06-08,632.13,632.47,625.88,628.97,2528800
2016-06-09,628.41,629.25,623.43,625.13,2162700
2016-06-10,624.30,628.74,602.07,606.54,2469800
2016-06-13,605.00,612.34,601.28,610.64,2441900
2016-06-14,611.65,622.97,608.08,622.62,2496900
2016-06-15,617.86,627.76,616.78,622.11,2618300
2016-06-16,621.75,622.25,614.75,621.39,1467900
2016-06-17,619.95,627.55,608.67,614.23,2325100
2016-06-20,615.61,617.60,611.73,616.13,3058200
2016-06-21,618.25,624.33,612.81,619.44,2890500
2016-06-22,619.47,621.45,601.99,605.86,2436000
2016-06-23,607.96,619.48,607.75,615.89,2640400
2016-06-24,613.41,616.63,604.75,605.77,2377800
2016-06-27,605.16,617.32,599.73,613.31,2707800
2016-06-28,611.61,613.22,607.97,608.23,1934800
2016-06-29,609.54,615.26,605.91,609.00,2676600
2016-06-30,606.21,628.37,596.75,624.29,2629100
2016-07-01,625.97,628.88,621.68,624.35,2905100
2016-07-04,627.22,632.41,624.73,628.13,2310000
2016-07-05,630.04,631.99,615.10,617.94,2821000
2016-07-06,620.59,632.55,617.29,627.13,2431700
2016-07-07,630.54,630.69,599.14,600.53,2637100
2016-07-08,597.32,604.03,593.74,602.61,2205400
2016-07-11,603.81,604.80,602.16,602.37,3036100
2016-07-12,602.04,603.90,597.02,598.33,2526500
2016-07-13,600.61,607.62,599.40,602.12,1874200
2016-07-14,600.54,608.38,583.39,587.65,2467700
2016-07-15,588.45,596.42,585.44,593.75,1942500
2016-07-18,593.38,619.80,587.43,612.87,3023000
2016-07-19,612.89,627.30,610.27,619.55,2639900
2016-07-20,621.93,624.45,608.95,612.15,2235800
2016-07-21,612.05,613.32,602.83,604.04,3006000
2016-07-22,602.07,602.37,597.09,600.09,2130900
2016-07-25,599.99,606.03,599.25,605.80,2887900
2016-07-26,605.06,606.84,599.62,600.45,2177400
2016-07-27,601.37,603.04,598.87,601.15,2728600
2016-07-28,595.76,614.66,593.29,612.92,2778500
2016-07-29,611.52,618.01,610.08,617.68,1986100
2016-08-01,616.05,638.99,614.55,633.29,2223800
2016-08-02,629.76,633.38,620.27,621.09,2719800
2016-08-03,620.38,629.37,619.85,625.12,2032300
2016-08-04,627.50,641.89,624.74,640.96,2414900
2016-08-05,640.04,643.94,635.16,635.87,2303000
2016-08-08,634.84,648.53,626.78,641.87,3025600
2016-08-09,644.21,648.27,638.31,647.00,2403100
2016-08-10,649.03,651.95,632.95,636.68,2663100
2016-08-11,638.96,643.13,628.89,631.68,1506900
2016-08-12,629.20,655.41,627.91,648.97,3121300
2016-08-15,645.78,653.41,642.92,648.90,2439800
2016-08-16,648.86,658.93,646.97,656.52,3037500
2016-08-17,659.12,662.74,656.17,662.33,2051200
2016-08-18,657.03,659.86,650.40,655.48,1553300
2016-08-19,652.91,673.81,643.58,673.47,1768700
2016-08-22,672.67,683.01,671.91,676.15,2302700
2016-08-23,676.96,692.25,671.59,689.62,2177300
2016-08-24,687.92,692.85,686.48,692.65,2401600
2016-08-25,695.21,697.03,693.07,693.35,2129500
2016-08-26,693.58,707.50,684.05,698.04,2464300
2016-08-29,700.06,710.46,685.06,694.85,2604500
2016-08-30,695.95,696.63,687.32,691.18,2909600
2016-08-31,691.30,699.70,689.43,693.16,2496100
2016-09-01,690.45,699.72,685.50,695.55,3678200
2016-09-02,691.72,702.53,691.11,702.11,2152300
2016-09-05,701.98,707.75,700.67,706.28,3060500
2016-09-06,703.67,705.91,688.93,693.35,2076000
2016-09-07,696.22,715.39,693.45,715.19,2920600
2016-09-08,715.26,718.65,713.55,714.80,3627000
2016-09-09,709.08,713.95,707.84,708.50,2229100
2016-09-12,706.82,707.97,687.60,697.87,2771200
2016-09-13,698.70,703.15,674.53,684.34,2008700
2016-09-14,685.17,701.29,681.70,700.50,2978600
2016-09-15,702.86,710.26,687.30,694.73,2485100
2016-09-16,694.22,696.35,689.21,692.81,2002300
2016-09-19,691.51,703.83,680.83,687.34,1916100
2016-09-20,686.22,695.57,685.88,692.12,1990000
2016-09-21,692.23,697.13,684.47,687.87,2310000
2016-09-22,690.47,704.25,686.85,698.10,2835300
2016-09-23,697.74,702.00,696.22,699.76,1675600
2016-09-26,699.66,699.72,692.39,696.24,1678800
2016-09-27,695.17,700.75,689.76,697.74,1951600
2016-09-28,696.19,712.05,694.83,711.75,2679700
2016-09-29,711.43,711.73,704.94,706.98,2648900
2016-09-30,705.25,707.54,702.29,703.30,2091500
2016-10-03,706.12,707.15,692.76,698.92,2389100
2016-10-04,704.42,712.42,697.55,701.24,1686600
2016-10-05,702.47,703.15,694.32,696.88,2434600
2016-10-06,696.18,702.45,690.64,700.28,3528800
2016-10-07,698.90,706.22,693.06,703.97,2771100
2016-10-10,703.06,717.28,699.39,713.58,2656600
2016-10-11,717.26,719.14,702.89,703.92,3190000
2016-10-12,705.08,710.80,704.60,707.75,2345500
2016-10-13,707.61,715.64,699.89,705.78,2154400
2016-10-14,702.19,704.98,697.57,699.16,2237100
2016-10-17,697.71,704.78,696.19,703.11,3191200
2016-10-18,698.82,701.58,689.12,693.24,2475500
2016-10-19,696.74,698.41,683.27,687.13,2624700
2016-10-20,684.59,709.83,682.93,709.16,3363800
2016-10-21,705.35,707.57,693.39,696.91,2145200
2016-10-24,697.65,699.98,695.11,699.95,3317600
2016-10-25,697.32,728.59,693.94,720.47,3080200
2016-10-26,723.85,731.22,713.18,718.35,2426800
2016-10-27,717.88,720.41,715.04,717.98,2576500
2016-10-28,720.27,723.47,700.53,706.89,2415300
2016-10-31,709.69,715.20,709.25,714.77,2464800
2016-11-01,715.10,720.47,712.69,715.85,2326100
2016-11-02,713.68,721.59,708.32,718.21,3449700
2016-11-03,719.98,730.06,719.20,727.32,2510300
2016-11-04,732.80,748.61,732.50,744.85,3309200
2016-11-07,745.30,755.58,743.14,754.68,2944800
2016-11-08,752.73,756.53,738.94,739.51,2571700
2016-11-09,744.09,750.50,732.96,734.96,1576000
2016-11-10,740.49,744.68,734.32,734.88,2169700
2016-11-11,734.22,759.29,728.81,752.61,2586200
2016-11-14,754.17,754.56,744.20,747.63,2732900
2016-11-15,744.28,750.94,725.91,728.45,3593300
2016-11-16,725.45,744.35,718.99,738.62,2122000
2016-11-17,739.39,744.07,735.81,742.01,2063300
2016-11-18,743.34,746.90,735.37,738.59,2488500
2016-11-21,740.83,740.99,739.02,739.63,2396600
2016-11-22,742.33,748.73,731.98,732.14,2039000
2016-11-23,727.34,728.36,726.49,727.10,2159200
2016-11-24,730.59,734.56,719.85,725.40,1926700
2016-11-25,727.72,746.30,727.01,743.13,1912100
2016-11-28,745.92,762.35,739.25,757.78,2657600
2016-11-29,762.16,777.30,758.14,769.18,2892600
2016-11-30,772.96,773.63,758.18,758.18,2652900
2016-12-01,757.03,758.54,737.82,741.33,2857400
2016-12-02,741.96,761.51,734.28,754.62,2152600
2016-12-05,753.76,756.49,731.30,737.77,1856000
2016-12-06,739.46,744.27,731.06,738.23,2463200
2016-12-07,736.45,741.74,725.70,726.54,2287200
2016-12-08,727.27,729.75,714.63,716.12,2329000
2016-12-09,711.58,714.97,702.57,702.85,2804500
2016-12-12,701.70,711.84,699.30,710.35,2244400
2016-12-13,705.01,707.68,699.65,703.50,2299900
2016-12-14,704.52,712.33,700.94,706.15,4048400
2016-12-15,707.03,712.70,704.33,709.65,2449200
2016-12-16,716.02,720.53,703.07,704.33,1875400
2016-12-19,702.27,705.08,697.41,703.76,1778800
2016-12-20,705.43,708.97,696.64,700.12,2601100
2016-12-21,697.91,706.15,695.62,703.73,2584200
2016-12-22,708.15,730.64,705.45,729.30,2604700
2016-12-23,725.74,747.11,718.16,743.07,2729400
2016-12-26,743.12,748.39,722.49,727.05,3303400
2016-12-27,725.82,729.55,724.84,728.19,2604300
2016-12-28,727.01,735.12,720.50,724.97,2723500
2016-12-29,720.90,723.05,698.01,703.01,1711800
2016-12-30,707.14,707.61,702.44,702.59,2624500
2017-01-02,697.58,704.39,694.69,697.95,2170500
2017-01-03,701.55,718.05,694.56,715.35,2745400
2017-01-04,713.30,715.12,692.25,697.81,2437300
2017-01-05,702.01,720.07,698.19,709.77,2770900
2017-01-06,704.15,708.61,701.25,707.81,2023400
2017-01-09,710.67,717.21,709.73,714.92,2424000
2017-01-10,716.57,719.59,700.03,703.88,3104800
2017-01-11,700.82,710.22,700.77,706.85,2003100
2017-01-12,704.12,712.08,703.21,709.64,2122000
2017-01-13,713.54,726.53,708.79,712.78,2643300
2017-01-16,715.53,716.11,694.71,697.39,1780400
2017-01-17,699.03,708.55,688.89,694.46,2788500
2017-01-18,694.99,698.21,672.93,676.64,2687200
2017-01-19,676.87,685.23,674.07,682.91,2722100
2017-01-20,688.25,706.06,682.73,698.90,3072700
2017-01-23,698.38,707.99,698.32,704.04,2460100
2017-01-24,702.16,716.44,702.07,712.34,2617600
2017-01-25,719.11,722.86,717.47,720.61,2843800
2017-01-26,716.08,734.91,715.05,730.22,2190700
2017-01-27,729.53,732.09,725.46,731.01,3644900
2017-01-30,729.22,732.00,723.84,725.61,2150700
2017-01-31,724.98,737.06,723.50,735.80,2531900
2017-02-01,739.99,743.00,732.41,734.67,2135000
2017-02-02,731.10,737.62,725.01,727.07,2883300
2017-02-03,725.81,726.65,721.91,723.95,3374800
2017-02-06,731.67,732.80,716.97,721.92,1368900
2017-02-07,724.74,735.66,724.55,727.91,2944600
2017-02-08,729.98,738.76,720.35,738.50,2832900
2017-02-09,738.14,739.07,723.40,727.53,3013100
2017-02-10,729.01,731.95,719.20,726.59,1812200
2017-02-13,726.19,733.75,710.63,710.80,1829700
2017-02-14,706.99,710.20,690.66,693.00,2723300
2017-02-15,690.54,691.35,680.42,685.63,2707800
2017-02-16,684.82,694.65,684.44,692.83,3151300
2017-02-17,694.55,698.01,672.98,675.48,2831800
2017-02-20,675.12,675.94,656.76,661.31,1544200
2017-02-21,661.21,666.35,648.41,655.23,3008100
2017-02-22,653.60,671.60,652.06,667.25,3469600
2017-02-23,670.34,670.91,669.75,670.37,1980100
2017-02-24,669.51,675.02,639.48,645.71,3049600
2017-02-27,641.60,652.52,640.65,644.79,3562100
2017-02-28,638.76,639.71,630.20,630.86,2315700
2017-03-01,627.67,630.47,611.13,615.89,2219700
2017-03-02,615.25,617.68,613.30,617.01,3247100
2017-03-03,615.01,619.37,611.27,617.97,2902400
2017-03-06,614.75,617.79,604.99,606.37,2172400
2017-03-07,605.86,632.53,601.70,624.61,2781500
2017-03-08,625.14,641.86,616.79,635.21,2466800
2017-03-09,636.56,654.66,634.33,648.30,1943000
2017-03-10,651.76,655.66,634.05,640.55,3248200
2017-03-13,638.31,646.61,633.35,644.37,2496200
2017-03-14,645.87,661.29,639.87,658.26,1711400
2017-03-15,657.27,662.08,646.73,647.25,2740200
2017-03-16,650.09,663.77,646.85,663.30,2992600
2017-03-17,660.80,673.49,658.48,671.70,1794300
2017-03-20,673.38,675.19,650.01,651.75,2787700
2017-03-21,653.49,659.35,635.31,636.46,1991600
2017-03-22,639.98,645.52,634.71,644.71,2380200
2017-03-23,644.92,650.08,643.95,649.69,2930800
2017-03-24,648.77,671.14,646.56,666.81,2583400
2017-03-27,663.92,664.32,659.42,662.73,2189800
2017-03-28,659.71,672.80,652.79,670.96,2502400
2017-03-29,672.57,673.66,666.10,666.49,2196500
2017-03-30,668.77,671.37,650.29,653.95,2461200
2017-03-31,655.38,660.65,650.41,659.42,1669900
2017-04-03,661.08,680.80,660.28,679.28,2731200
2017-04-04,683.09,683.25,659.51,660.52,2027500
2017-04-05,658.77,659.57,654.00,655.70,1989400
2017-04-06,655.04,683.65,653.11,679.97,2450800
2017-04-07,681.92,692.21,680.71,691.71,2180200
2017-04-10,684.86,720.80,683.50,717.00,2665800
2017-04-11,720.41,725.87,705.12,709.14,2652200
2017-04-12,707.77,711.94,707.01,707.43,3152700
2017-04-13,708.53,721.36,690.09,690.47,2292700
2017-04-14,687.94,701.80,681.89,692.71,2110500
2017-04-17,687.13,700.63,686.73,697.02,2393400
2017-04-18,697.99,706.95,688.16,705.09,2536200
2017-04-19,703.52,706.74,686.50,690.49,2227600
2017-04-20,690.97,707.73,684.37,697.28,2131400
2017-04-21,696.11,701.36,693.06,699.98,3553400
2017-04-24,699.56,701.68,694.34,695.01,2277200
2017-04-25,696.48,705.31,693.90,697.74,3008500
2017-04-26,693.51,709.55,688.86,707.12,1987500
2017-04-27,709.66,715.73,705.62,708.97,2859100
2017-04-28,706.87,712.36,705.03,707.81,3199900
2017-05-01,704.58,706.67,702.22,704.61,2535200
2017-05-02,703.81,708.12,687.45,693.18,2638200
2017-05-03,694.85,699.44,682.68,687.86,2371200
2017-05-04,690.97,695.64,681.39,685.99,2855300
2017-05-05,685.17,698.00,681.60,696.02,1732700
2017-05-08,696.22,703.04,680.00,681.09,2528500
2017-05-09,680.89,696.38,679.40,696.29,1939200
2017-05-10,695.81,699.62,684.69,687.31,2158900
2017-05-11,690.87,695.28,658.78,659.43,2383000
2017-05-12,657.40,690.42,647.48,683.71,2227800
2017-05-15,684.98,685.23,662.12,662.99,2763600
2017-05-16,661.09,671.88,657.56,671.64,3712900
2017-05-17,670.35,679.39,668.10,675.34,2422100
2017-05-18,675.12,687.13,675.07,684.70,2770000
2017-05-19,685.05,685.76,680.01,680.18,3842500
2017-05-22,676.00,698.17,671.90,696.92,1548700
2017-05-23,695.97,702.55,693.67,702.29,2293600
2017-05-24,704.93,709.26,700.51,700.99,1498500
2017-05-25,700.10,706.98,697.30,698.44,3051100
2017-05-26,700.28,702.51,698.77,702.31,2548100
2017-05-29,701.74,702.90,687.24,688.78,3512600
2017-05-30,692.03,696.84,691.07,694.36,2230900
2017-05-31,697.83,699.33,693.94,695.17,1568500
2017-06-01,694.19,712.77,690.77,712.46,3298800
2017-06-02,714.31,719.00,712.71,716.70,2585500
2017-06-05,716.70,725.38,712.99,723.11,2191500
2017-06-06,717.92,752.91,716.28,747.33,3415900
2017-06-07,747.54,757.14,743.73,754.11,2008000
2017-06-08,752.09,762.26,751.27,758.50,1682300
2017-06-09,756.84,760.45,739.31,749.51,3038500
2017-06-12,753.18,754.15,728.50,736.32,2247500
2017-06-13,737.25,739.38,722.87,726.15,2721900
2017-06-14,729.88,731.75,716.29,717.91,2788300
2017-06-15,715.37,735.51,707.36,734.60,3167000
2017-06-16,731.03,734.31,725.32,729.91,2834000
2017-06-19,730.09,730.76,726.66,728.92,2940600
2017-06-20,735.14,739.05,708.37,710.21,1727800
2017-06-21,714.75,717.67,709.04,709.65,2072000
2017-06-22,709.52,734.24,707.92,732.77,3720900
2017-06-23,735.30,768.80,727.69,768.31,1893700
2017-06-26,772.98,784.22,771.38,782.26,2427400
2017-06-27,775.79,807.02,774.56,803.70,2494500
2017-06-28,806.33,809.62,788.35,791.00,2800900
2017-06-29,793.87,804.04,792.92,795.04,3056100
2017-06-30,789.79,812.23,786.24,800.18,3061100
2017-07-03,800.93,803.40,781.35,783.14,2561500
2017-07-04,783.69,787.19,775.02,775.73,2843800
2017-07-05,778.37,781.27,754.16,756.12,1855900
2017-07-06,760.14,770.44,741.41,751.53,3033200
2017-07-07,756.31,757.80,748.64,751.02,3026900
2017-07-10,750.67,753.84,724.82,729.10,2393100
2017-07-11,731.20,740.50,724.57,726.44,2567400
2017-07-12,727.02,732.91,713.67,719.15,2178500
2017-07-13,717.63,738.21,712.46,725.09,2968500
2017-07-14,727.51,738.54,710.24,714.54,1760700
2017-07-17,712.04,713.60,711.41,712.64,2516800
2017-07-18,710.59,714.17,702.37,714.08,2998700
2017-07-19,714.37,717.58,710.27,717.26,2300200
2017-07-20,718.98,720.63,712.93,717.20,2413300
2017-07-21,716.14,737.18,713.48,727.22,3485700
2017-07-24,726.96,728.18,714.62,716.95,2079800
2017-07-25,718.59,726.54,717.52,721.94,2930900
2017-07-26,720.38,732.58,719.79,728.32,2702400
2017-07-27,724.01,726.59,720.26,724.22,2623800
2017-07-28,721.71,727.17,720.44,721.55,1712000
2017-07-31,715.35,722.70,712.74,714.58,2167600
2017-08-01,711.32,726.02,709.31,720.36,3122700
2017-08-02,714.72,733.15,714.27,724.86,2126700
2017-08-03,727.10,732.20,711.67,712.20,2961200
2017-08-04,708.86,713.14,703.89,705.49,2203400
2017-08-07,702.53,703.13,699.79,701.71,1904600
2017-08-08,706.08,710.20,704.33,707.73,2935400
2017-08-09,702.21,734.08,693.24,728.08,2315800
2017-08-10,724.99,730.72,724.53,726.42,2633500
2017-08-11,729.03,731.63,722.90,727.07,2899800
2017-08-14,721.76,724.74,717.33,719.48,2136300
2017-08-15,718.88,722.61,707.73,710.93,2609400
2017-08-16,709.42,709.51,696.37,697.02,2703100
2017-08-17,701.25,705.92,688.85,694.58,3051000
2017-08-18,700.52,704.50,692.35,693.19,2395100
2017-08-21,696.77,696.88,691.16,693.30,2379400
2017-08-22,693.53,701.77,689.60,696.09,2144800
2017-08-23,694.54,705.85,692.47,700.44,1975200
2017-08-24,703.14,709.31,693.84,699.83,3462700
2017-08-25,697.54,707.36,690.85,706.12,2687600
2017-08-28,704.20,729.82,702.10,728.58,1997000
2017-08-29,724.97,746.51,718.59,740.87,2555100
2017-08-30,738.58,743.37,731.06,737.32,2609800
2017-08-31,741.86,748.73,741.67,748.51,2681900
2017-09-01,752.16,758.12,744.67,753.76,3060900
2017-09-04,749.55,751.52,743.97,746.90,3373000
2017-09-05,745.24,765.21,728.99,762.56,1859800
2017-09-06,761.43,781.53,756.50,779.37,2202500
2017-09-07,782.51,786.35,771.02,771.79,2972500
2017-09-08,767.97,782.28,765.57,781.96,3009400
2017-09-11,780.07,786.72,776.66,776.91,2680600
2017-09-12,779.77,780.93,762.93,774.37,2308000
2017-09-13,778.21,784.14,768.79,770.66,1663700
2017-09-14,771.19,802.41,767.68,790.83,2683400
2017-09-15,791.92,792.19,769.84,776.51,2229500
2017-09-18,778.51,789.73,774.10,780.16,2694000
2017-09-19,782.84,783.24,772.77,773.31,2372800
2017-09-20,780.27,783.55,754.58,759.30,2019400
2017-09-21,762.70,765.43,727.63,731.62,1991600
2017-09-22,731.80,733.48,723.19,726.65,1455700
2017-09-25,733.19,733.57,723.44,726.26,1984900
2017-09-26,726.60,736.63,722.26,732.97,1479700
2017-09-27,727.81,735.52,717.01,724.85,1910900
2017-09-28,721.15,721.93,718.52,721.53,2387700
2017-09-29,721.93,731.81,717.98,723.51,2653800
2017-10-02,723.00,730.50,718.87,719.30,2430500
2017-10-03,727.47,732.54,719.19,730.24,2228500
2017-10-04,730.42,745.83,729.98,743.23,2538900
2017-10-05,741.96,759.62,737.38,757.70,1689900
2017-10-06,752.48,764.69,745.51,762.46,2969300
2017-10-09,761.03,777.11,759.79,774.32,2873600
2017-10-10,774.49,778.91,769.53,777.73,2693400
2017-10-11,774.80,803.40,773.57,794.76,2735400
2017-10-12,794.23,798.28,793.85,796.04,1840800
2017-10-13,795.31,801.81,765.99,766.68,2506000
2017-10-16,765.90,781.41,756.67,780.19,1824300
2017-10-17,780.20,788.57,771.91,775.88,2605400
2017-10-18,772.58,782.18,770.71,775.67,2807600
2017-10-19,775.23,784.15,772.56,774.30,2383900
2017-10-20,776.17,782.42,763.90,767.90,2662600
2017-10-23,774.65,777.71,762.23,762.91,2084600
2017-10-24,763.04,768.20,757.43,765.62,2660900
2017-10-25,770.32,776.29,758.44,760.58,2122500
2017-10-26,763.78,782.50,763.02,781.09,1702900
2017-10-27,784.30,794.73,783.22,791.10,2805400
2017-10-30,792.62,796.16,791.95,792.21,2385700
2017-10-31,792.05,797.28,789.85,792.09,2938100
2017-11-01,791.27,793.72,783.18,783.84,2877300
2017-11-02,787.34,797.82,780.40,796.12,2812300
2017-11-03,795.40,811.43,794.51,809.95,2549800
2017-11-06,811.91,812.11,790.59,794.66,1988300
2017-11-07,794.48,800.26,781.33,786.65,2830400
2017-11-08,781.16,789.35,779.14,787.85,1702700
2017-11-09,787.76,794.05,786.53,791.45,3200700
2017-11-10,792.64,794.24,785.88,791.96,2426300
2017-11-13,795.23,796.81,792.17,795.23,2902400
2017-11-14,791.82,799.95,785.42,788.74,2279400
2017-11-15,787.76,794.45,785.05,791.49,2591200
2017-11-16,785.72,797.76,781.75,791.34,1779700
2017-11-17,785.37,801.21,776.72,797.97,3330100
2017-11-20,803.39,805.42,787.29,797.46,2596200
2017-11-21,799.92,803.26,793.63,797.63,1798900
2017-11-22,795.14,798.76,790.91,797.68,2436900
2017-11-23,796.78,797.14,782.95,784.20,2323000
2017-11-24,783.02,790.55,778.17,778.52,2802000
2017-11-27,780.15,781.50,776.45,777.41,2476200
2017-11-28,780.26,789.89,777.54,789.06,2104700
2017-11-29,794.67,801.15,764.56,771.26,2189000
2017-11-30,777.05,785.06,758.02,760.34,2687700
2017-12-01,759.26,760.90,755.89,757.02,2677000
2017-12-04,754.51,759.77,751.18,758.24,1793300
2017-12-05,759.33,764.50,753.98,758.50,2690500
2017-12-06,764.44,764.79,758.54,759.28,3771700
2017-12-07,755.41,762.66,742.43,743.09,2838800
2017-12-08,742.48,745.50,716.41,719.20,2547700
2017-12-11,719.84,722.46,699.77,709.50,2931300
2017-12-12,707.98,726.42,703.23,723.47,2102200
2017-12-13,724.13,735.87,720.55,734.73,2860900
2017-12-14,737.33,757.56,733.36,749.76,2398900
2017-12-15,754.44,754.86,740.45,742.83,2395500
2017-12-18,743.33,743.58,730.70,731.00,2096600
2017-12-19,724.79,736.63,720.52,734.68,2215800
2017-12-20,735.49,737.04,734.05,734.10,2418800
2017-12-21,732.82,734.66,725.78,726.93,2309500
2017-12-22,725.04,731.05,701.43,703.20,2504600
2017-12-25,704.05,708.47,678.20,686.90,3597800
2017-12-26,683.59,690.87,669.79,678.01,2451900
2017-12-27,674.04,700.41,658.74,692.61,2187100
2017-12-28,693.43,702.32,673.59,677.47,2577300
2017-12-29,678.20,687.96,675.07,681.48,2579900
2018-01-01,683.15,685.36,673.12,682.76,3199400
2018-01-02,683.35,684.12,669.53,670.30,2320800
2018-01-03,669.81,685.51,663.92,684.48,1446000
2018-01-04,687.01,688.93,682.89,687.38,2429200
2018-01-05,691.91,710.31,687.01,710.14,2720700
2018-01-08,708.00,718.60,706.58,716.57,2893800
2018-01-09,717.79,728.77,712.56,724.38,2620300
2018-01-10,722.35,745.61,722.24,741.34,2686300
2018-01-11,735.67,757.94,734.27,750.50,1741400
2018-01-12,752.67,755.71,737.27,746.67,3230600
2018-01-15,745.61,775.86,745.49,770.60,2779600
2018-01-16,774.15,777.33,767.07,771.44,2599300
2018-01-17,765.36,776.52,760.58,766.58,2768600
2018-01-18,764.70,766.83,758.15,759.47,2263500
2018-01-19,759.19,763.55,752.35,754.08,2507800
2018-01-22,753.68,763.64,743.51,745.82,2923800
2018-01-23,744.32,754.69,741.76,746.26,2348300
2018-01-24,744.51,749.25,735.58,738.68,1626400
2018-01-25,734.84,758.85,734.31,756.01,2142800
2018-01-26,755.87,774.92,751.39,767.00,2352300
2018-01-29,763.84,765.68,750.00,754.97,2535000
2018-01-30,756.62,763.68,746.38,750.52,2442300
2018-01-31,753.87,754.41,737.51,744.25,3451200
2018-02-01,737.80,762.83,735.63,762.01,2584400
2018-02-02,761.54,781.23,759.23,781.00,2775800
2018-02-05,778.67,781.56,761.14,772.90,2282100
2018-02-06,768.04,780.06,763.25,772.48,2568800
2018-02-07,771.88,784.98,768.20,777.94,2290000
2018-02-08,782.28,784.64,775.21,777.80,2864700
2018-02-09,773.27,777.94,766.50,769.94,2900000
2018-02-12,771.89,774.15,766.33,772.05,2514900
2018-02-13,769.36,800.49,767.84,797.40,2446400
2018-02-14,790.56,794.77,776.65,776.94,2013400
2018-02-15,775.62,779.70,769.01,774.17,2808700
2018-02-16,774.60,776.07,749.78,754.25,2288800
2018-02-19,747.58,783.36,747.20,775.30,2777100
2018-02-20,777.10,790.03,775.62,783.87,2693900
2018-02-21,789.17,792.85,775.65,784.17,1831600
2018-02-22,775.97,801.55,775.67,791.00,2685100
2018-02-23,788.50,788.91,773.35,776.27,2952800
2018-02-26,779.34,786.80,770.04,786.31,2100200
2018-02-27,786.03,799.10,774.44,776.96,1974500
2018-02-28,782.41,795.94,778.99,790.36,2174100
2018-03-01,792.79,796.70,784.29,786.27,2883700
2018-03-02,783.97,786.71,773.32,778.44,1806000
2018-03-05,777.70,785.81,771.78,782.17,2678900
2018-03-06,780.19,788.46,777.82,788.42,2756000
2018-03-07,780.41,799.14,773.16,798.50,2754000
2018-03-08,793.95,799.55,786.39,794.15,2363500
2018-03-09,792.33,821.64,791.28,815.80,2618500
2018-03-12,818.30,818.90,799.92,804.31,2616500
2018-03-13,802.85,812.17,795.12,807.84,2889000
2018-03-14,802.54,819.03,797.47,818.84,2640800
2018-03-15,812.67,827.60,810.34,825.35,1823100
2018-03-16,823.55,836.27,823.07,834.58,2914200
2018-03-19,831.19,855.44,827.06,852.53,3768600
2018-03-20,857.46,862.42,852.60,855.34,2074200
2018-03-21,857.35,867.26,843.46,844.71,2547200
2018-03-22,848.79,852.29,833.74,841.93,2623900
2018-03-23,842.03,846.76,838.62,843.58,2694400
2018-03-26,836.29,846.55,826.76,845.47,2336600
2018-03-27,845.31,853.65,838.69,852.54,1928300
2018-03-28,853.58,874.17,849.01,864.52,3221400
2018-03-29,866.93,875.83,856.91,857.90,2819000
2018-03-30,859.43,868.95,852.19,860.88,3535900
2018-04-02,860.17,863.70,836.57,848.82,3345400
2018-04-03,850.76,852.93,838.23,841.73,2903000
2018-04-04,842.80,846.94,830.83,830.85,2905900
2018-04-05,833.62,837.07,823.46,835.51,2135000
2018-04-06,834.22,838.25,832.34,836.03,1733100
2018-04-09,836.38,839.77,831.47,834.07,3150400
2018-04-10,838.66,847.27,835.88,836.73,3026000
2018-04-11,837.92,841.29,828.31,831.13,2812000
2018-04-12,833.84,839.24,805.06,807.72,3365700
2018-04-13,811.22,817.42,801.24,803.11,2890600
2018-04-16,798.77,823.52,798.27,822.63,2253900
2018-04-17,827.48,831.11,813.00,815.76,2341000
2018-04-18,815.66,825.22,815.40,819.88,2973600
2018-04-19,815.75,833.17,811.40,823.47,2419400
2018-04-20,824.57,825.45,800.69,807.04,2138900
2018-04-23,806.21,813.36,778.95,783.84,2544800
2018-04-24,788.33,801.19,785.49,794.24,2869900
2018-04-25,791.65,803.16,788.78,799.49,2187800
2018-04-26,800.65,806.26,784.08,791.47,2028300
2018-04-27,794.52,816.37,793.83,811.97,2480800
2018-04-30,811.12,826.65,805.91,826.05,1868300
2018-05-01,832.73,862.29,826.85,860.86,1643000
2018-05-02,857.43,895.82,857.21,884.39,2751100
2018-05-03,883.76,902.74,875.43,892.33,2010100
2018-05-04,893.74,898.67,868.67,873.11,2659000
2018-05-07,874.54,874.61,868.12,870.33,2380300
2018-05-08,871.90,875.23,861.78,867.29,2747200
2018-05-09,864.64,882.08,864.19,879.41,3223400
2018-05-10,878.26,881.34,870.10,877.52,2806100
2018-05-11,878.15,880.57,861.01,871.69,2539700
2018-05-14,874.76,893.74,874.50,890.81,2257600
2018-05-15,886.71,897.46,882.06,894.67,2610800
2018-05-16,887.26,902.10,882.71,897.78,2212200
2018-05-17,903.29,905.45,899.26,902.56,2138000
2018-05-18,898.95,907.61,896.50,902.77,2119900
2018-05-21,899.56,921.01,894.26,915.06,2734600
2018-05-22,912.98,928.94,899.78,920.05,3140700
2018-05-23,923.35,947.66,920.69,938.04,1324600
2018-05-24,942.23,943.54,931.03,936.90,2124400
2018-05-25,936.15,949.04,932.42,945.96,3256800
2018-05-28,941.84,947.32,931.65,940.13,2465700
2018-05-29,946.44,948.67,923.11,928.78,3123200
2018-05-30,925.50,959.00,925.29,947.41,3058800
2018-05-31,955.01,966.49,954.22,959.47,2377000
2018-06-01,964.04,974.60,961.27,969.14,3237200
2018-06-04,968.03,987.93,965.83,985.13,3305600
2018-06-05,984.27,993.89,981.88,982.40,1761500
2018-06-06,984.00,1000.44,980.90,992.79,2729100
2018-06-07,996.97,1002.47,965.80,968.87,2552000
2018-06-08,972.62,973.19,964.02,966.07,2564100
2018-06-11,961.49,983.23,958.37,979.98,3056100
2018-06-12,985.37,995.40,978.03,989.65,3016200
2018-06-13,988.00,1000.76,976.75,999.52,1908100
2018-06-14,1001.52,1002.06,996.65,998.81,2841100
2018-06-15,992.68,1003.40,985.18,1001.12,1953800
2018-06-18,1000.34,1021.36,993.09,1018.82,2732600
2018-06-19,1014.35,1019.26,979.95,986.27,2158100
2018-06-20,981.27,1009.18,969.41,1005.37,2395700
2018-06-21,1003.96,1019.41,995.07,1014.19,3031000
2018-06-22,1016.05,1024.87,1001.00,1006.49,2161400
2018-06-25,1012.37,1024.96,1008.46,1018.96,1891900
2018-06-26,1019.57,1044.40,1014.52,1040.08,2419100
2018-06-27,1034.63,1038.54,1011.22,1017.58,1826600
2018-06-28,1015.30,1017.11,997.79,1004.93,2633000
2018-06-29,998.83,1005.89,990.31,990.61,1937400
2018-07-02,990.67,999.77,981.78,988.71,2665400
2018-07-03,984.73,994.27,978.55,991.76,2469400
2018-07-04,988.06,989.13,985.53,985.90,2357500
2018-07-05,991.27,993.01,979.82,980.80,2199600
2018-07-06,980.60,1017.08,970.28,1006.38,3387000
2018-07-09,1011.77,1017.35,1005.92,1013.97,1325900
2018-07-10,1011.68,1012.54,1003.09,1004.98,2799400
2018-07-11,1002.36,1006.10,995.13,995.63,1348100
2018-07-12,992.48,996.73,985.33,985.65,2184300
2018-07-13,982.61,1006.86,975.65,1001.96,2651700
2018-07-16,1005.60,1023.53,1005.59,1017.52,3180700
2018-07-17,1018.49,1021.93,1007.85,1012.54,1688200
2018-07-18,1007.03,1022.72,1006.69,1009.24,2721600
2018-07-19,1013.21,1047.27,1009.93,1039.51,3731400
2018-07-20,1042.48,1046.89,1039.63,1045.71,2085700
2018-07-23,1057.88,1076.09,1055.44,1058.91,2931800
2018-07-24,1060.95,1064.37,1037.47,1040.60,3479600
2018-07-25,1039.98,1042.93,1031.33,1042.66,2909000
2018-07-26,1040.53,1056.93,1039.45,1056.31,1572300
2018-07-27,1057.05,1057.62,1046.27,1054.65,2088100
2018-07-30,1060.30,1068.03,1050.13,1050.37,2468800
2018-07-31,1045.09,1045.90,1027.88,1029.28,2833900
2018-08-01,1030.20,1064.98,1024.26,1044.74,2035700
2018-08-02,1045.54,1052.89,1038.43,1052.51,3085600
2018-08-03,1050.17,1054.42,1041.53,1042.77,2801300
2018-08-06,1046.61,1059.81,1032.85,1038.58,2437800
2018-08-07,1037.21,1040.12,1031.01,1032.01,2086500
2018-08-08,1025.34,1060.12,1021.20,1059.57,2677700
2018-08-09,1060.86,1069.33,1048.53,1052.58,2055100
2018-08-10,1050.90,1063.62,1050.74,1052.75,2986900
2018-08-13,1056.29,1073.57,1054.89,1063.28,2605000
2018-08-14,1071.67,1076.25,1067.82,1067.92,2097600
2018-08-15,1063.82,1094.35,1055.93,1084.54,2641600
2018-08-16,1090.01,1094.02,1078.87,1080.63,2622700
2018-08-17,1081.09,1087.60,1079.90,1083.06,2536100
2018-08-20,1077.15,1080.43,1070.02,1074.09,2804500
2018-08-21,1077.74,1097.96,1077.61,1089.90,2432600
2018-08-22,1092.04,1098.35,1088.65,1095.37,2816600
2018-08-23,1100.99,1106.30,1084.63,1088.61,2692000
2018-08-24,1091.68,1123.10,1088.91,1114.22,3365400
2018-08-27,1121.73,1148.19,1120.79,1140.01,3116900
2018-08-28,1136.05,1145.97,1135.69,1139.69,2247200
2018-08-29,1137.94,1160.76,1121.98,1156.56,2850200
2018-08-30,1154.26,1158.77,1148.09,1151.43,2872900
2018-08-31,1149.09,1149.71,1108.42,1113.24,1896700
2018-09-03,1112.05,1112.15,1098.48,1103.80,2522300
2018-09-04,1106.81,1114.35,1105.61,1112.88,2542800
2018-09-05,1116.38,1116.40,1099.07,1109.99,1731800
2018-09-06,1114.88,1123.86,1112.21,1119.53,1688700
2018-09-07,1117.57,1123.32,1097.83,1104.46,3230000
2018-09-10,1102.98,1118.35,1098.34,1115.49,2761000
2018-09-11,1117.38,1144.00,1116.60,1131.87,2956700
2018-09-12,1137.20,1180.05,1131.30,1167.75,2454200
2018-09-13,1163.18,1178.55,1161.99,1174.42,2310600
2018-09-14,1174.02,1185.85,1170.47,1177.85,2746700
2018-09-17,1183.61,1183.84,1164.07,1171.58,2205400
2018-09-18,1173.44,1181.52,1160.21,1176.70,1688100
2018-09-19,1183.44,1198.88,1178.55,1196.06,2519100
2018-09-20,1195.14,1198.94,1188.08,1190.60,2042900
2018-09-21,1192.26,1195.70,1168.62,1174.49,2321400
2018-09-24,1176.59,1183.67,1144.31,1155.24,2316100
2018-09-25,1147.03,1160.31,1133.39,1139.82,2777000
2018-09-26,1139.46,1142.57,1121.89,1128.77,2404900
2018-09-27,1133.58,1147.23,1133.16,1140.49,1643000
2018-09-28,1147.55,1155.67,1112.04,1115.88,2065300
2018-10-01,1114.16,1119.14,1109.93,1117.16,2624800
2018-10-02,1117.46,1158.22,1109.69,1149.91,2044700
2018-10-03,1152.09,1192.67,1149.67,1176.29,2795700
2018-10-04,1184.73,1190.89,1182.06,1182.19,2802300
2018-10-05,1186.24,1186.79,1162.34,1163.75,2506400
2018-10-08,1164.47,1190.22,1153.76,1177.39,2519500
2018-10-09,1169.03,1187.73,1165.51,1183.09,2398000
2018-10-10,1188.21,1189.11,1166.61,1167.37,2562600
2018-10-11,1162.67,1165.31,1157.79,1164.80,3078700
2018-10-12,1162.36,1169.53,1161.60,1163.22,2467000
2018-10-15,1148.94,1159.34,1148.55,1154.60,2204700
2018-10-16,1152.62,1167.46,1144.83,1162.14,2319400
2018-10-17,1170.17,1186.40,1169.13,1178.35,1697400
2018-10-18,1182.78,1189.97,1181.50,1183.83,3103100
2018-10-19,1187.08,1207.50,1160.43,1203.03,2060900
2018-10-22,1199.90,1212.01,1186.42,1189.47,2416000
2018-10-23,1191.76,1200.27,1183.67,1185.88,2927900
2018-10-24,1183.58,1236.29,1181.37,1221.38,2007200
2018-10-25,1221.79,1230.85,1204.66,1208.76,3172800
2018-10-26,1209.48,1216.63,1192.10,1202.38,2319100
2018-10-29,1203.82,1206.17,1183.92,1197.54,2357100
2018-10-30,1194.60,1196.00,1183.69,1184.53,2304400
2018-10-31,1185.23,1191.28,1172.27,1178.15,1834800
2018-11-01,1183.88,1188.12,1146.02,1147.82,3293700
2018-11-02,1154.50,1164.10,1131.44,1137.15,1557400
2018-11-05,1147.83,1157.24,1145.56,1157.01,1793700
2018-11-06,1160.00,1167.88,1130.06,1132.48,2300500
2018-11-07,1130.80,1180.06,1129.19,1173.17,2904400
2018-11-08,1172.10,1185.22,1157.57,1174.36,2251300
2018-11-09,1176.52,1192.44,1162.81,1169.42,2758700
2018-11-12,1172.68,1182.58,1171.97,1174.16,2879800
2018-11-13,1178.37,1180.47,1159.78,1168.82,1839200
2018-11-14,1171.82,1178.82,1154.14,1168.00,1624700
2018-11-15,1167.23,1168.56,1128.89,1135.37,2209500
2018-11-16,1132.88,1132.91,1129.58,1129.80,2575000
2018-11-19,1133.67,1136.68,1102.87,1112.87,2458700
2018-11-20,1110.50,1122.24,1106.43,1118.28,2656200
2018-11-21,1112.96,1144.95,1108.49,1142.68,3444200
2018-11-22,1140.30,1141.95,1118.42,1120.01,1673100
2018-11-23,1121.45,1125.77,1112.75,1118.47,1923500
2018-11-26,1119.79,1121.19,1112.72,1112.76,2612400
2018-11-27,1103.35,1150.33,1102.21,1141.25,3083200
2018-11-28,1137.79,1142.15,1127.09,1138.35,1939500
2018-11-29,1135.15,1157.10,1127.74,1156.53,2717200
2018-11-30,1160.83,1176.05,1151.14,1164.41,2218000
2018-12-03,1167.66,1169.03,1141.54,1148.00,2747800
2018-12-04,1147.89,1165.83,1137.95,1163.31,2844800
2018-12-05,1163.62,1168.68,1160.71,1164.40,2659100
2018-12-06,1163.18,1187.08,1160.83,1183.46,2084300
2018-12-07,1186.65,1192.64,1176.95,1183.65,2655200
2018-12-10,1184.98,1195.63,1159.19,1164.54,2439000
2018-12-11,1163.05,1165.85,1131.76,1141.41,2708400
2018-12-12,1139.98,1147.21,1115.76,1117.48,2648900
2018-12-13,1113.69,1114.25,1107.81,1107.90,2048600
2018-12-14,1109.68,1130.10,1106.71,1117.23,2338900
2018-12-17,1112.76,1116.97,1090.94,1093.71,2032900
2018-12-18,1090.23,1109.81,1088.51,1106.93,1426900
2018-12-19,1107.05,1112.30,1083.02,1093.70,3130400
2018-12-20,1090.76,1099.90,1083.43,1084.60,2237000
2018-12-21,1091.40,1095.56,1086.23,1090.80,1624200
2018-12-24,1089.18,1092.07,1063.23,1074.25,2225600
2018-12-25,1078.92,1086.11,1064.74,1076.92,2472200
2018-12-26,1070.08,1088.42,1067.67,1084.72,3737300
2018-12-27,1087.87,1088.29,1060.13,1063.07,2174800
2018-12-28,1054.70,1060.22,1030.50,1038.82,2365200
2018-12-31,1034.57,1036.27,1022.76,1029.93,3190800
2019-01-01,1028.73,1039.41,1023.22,1037.05,2788300
2019-01-02,1036.44,1070.49,1032.13,1063.41,2900800
2019-01-03,1062.90,1062.96,1028.50,1034.30,3110800
2019-01-04,1028.35,1029.80,1007.64,1017.63,3071800
2019-01-07,1018.67,1023.60,1017.99,1020.51,3909000
2019-01-08,1020.78,1046.28,1019.59,1042.07,2597400
2019-01-09,1039.18,1064.15,1036.40,1058.13,3015300
2019-01-10,1052.87,1085.45,1050.37,1080.27,2955800
2019-01-11,1085.69,1095.22,1055.32,1059.88,2440100
2019-01-14,1062.61,1074.94,1058.04,1066.18,2246800
2019-01-15,1067.25,1071.29,1035.16,1048.96,2393900
2019-01-16,1051.72,1062.26,1025.68,1034.66,2221100
2019-01-17,1036.01,1039.88,1033.45,1037.94,1621600
2019-01-18,1042.66,1052.88,1034.82,1052.16,2782700
2019-01-21,1054.27,1055.44,1028.21,1034.96,3288100
2019-01-22,1032.46,1044.78,1022.48,1041.66,2724500
2019-01-23,1045.96,1046.22,1007.69,1012.65,2028200
2019-01-24,1011.91,1012.77,985.79,999.75,2403600
2019-01-25,1002.06,1010.74,989.64,1001.02,2019600
2019-01-28,995.22,1001.30,975.88,984.70,2416200
2019-01-29,984.01,1005.31,983.59,1003.96,3005300
2019-01-30,1006.49,1012.49,984.32,995.28,2703000
2019-01-31,993.85,1010.40,988.85,1009.28,2085700
2019-02-01,1005.04,1015.42,1004.50,1012.94,2165300
2019-02-04,1012.69,1013.27,998.36,1005.00,3454800
2019-02-05,1009.23,1015.31,985.02,987.50,3147900
2019-02-06,990.10,998.52,969.96,973.01,2379400
2019-02-07,974.36,975.17,954.75,966.61,2665800
2019-02-08,970.10,983.83,967.13,971.16,2738100
2019-02-11,972.80,972.95,938.22,939.61,2609500
2019-02-12,935.64,965.39,931.56,964.79,3151300
2019-02-13,960.64,960.79,951.86,955.03,2587100
2019-02-14,955.36,960.21,954.66,956.71,2473100
2019-02-15,959.83,981.49,955.62,972.93,2666900
2019-02-18,971.54,977.62,968.78,970.49,3103200
2019-02-19,973.59,1000.62,969.48,995.55,1751900
2019-02-20,1000.36,1001.42,994.94,995.94,2429600
2019-02-21,994.84,1001.11,992.81,1000.64,3797100
2019-02-22,1004.13,1041.11,1000.79,1022.83,1845800
2019-02-25,1022.69,1049.28,1020.30,1044.78,2864100
2019-02-26,1044.03,1044.63,1018.52,1028.06,2918800
2019-02-27,1032.02,1044.39,987.85,993.91,1218100
2019-02-28,996.34,1006.28,976.82,988.34,1938400
2019-03-01,985.27,997.65,977.29,996.20,3348200
2019-03-04,995.01,1004.99,980.69,992.30,2335700
2019-03-05,988.13,994.21,982.66,991.80,2637800
2019-03-06,995.15,998.23,987.21,990.10,2358500
2019-03-07,987.45,991.10,944.40,950.12,2135600
2019-03-08,944.79,960.95,942.79,956.16,2498800
2019-03-11,957.71,971.56,950.41,965.52,2707700
2019-03-12,973.95,974.40,949.20,956.73,3260800
2019-03-13,952.42,969.46,940.94,969.02,3040200
2019-03-14,962.76,973.20,956.79,971.91,2754700
2019-03-15,979.59,984.07,957.06,972.36,3427700
2019-03-18,972.04,994.06,970.69,985.20,3147700
2019-03-19,987.98,1004.79,979.76,992.88,3094900
2019-03-20,1000.89,1032.88,995.99,1028.95,2039500
2019-03-21,1030.26,1060.32,1021.22,1056.21,3117700
2019-03-22,1056.97,1073.09,1019.62,1025.54,4103900
2019-03-25,1023.86,1044.16,1019.27,1039.62,2151400
2019-03-26,1041.06,1049.54,1025.64,1046.14,2718800
2019-03-27,1048.67,1067.98,1041.67,1064.63,1850700
2019-03-28,1078.29,1084.73,1062.10,1068.37,1981300
2019-03-29,1081.54,1089.83,1060.89,1073.58,2780800
2019-04-01,1070.70,1113.96,1069.60,1111.35,2972100
2019-04-02,1112.87,1113.49,1075.72,1080.48,2735200
2019-04-03,1077.16,1097.73,1070.24,1084.46,2303300
2019-04-04,1090.22,1105.39,1039.54,1047.72,1917900
2019-04-05,1046.43,1046.73,1029.72,1036.84,2144700
2019-04-08,1042.46,1053.52,1038.98,1041.47,3694300
2019-04-09,1048.03,1052.17,1019.96,1020.78,3116400
2019-04-10,1022.92,1032.23,1004.79,1012.25,2674800
2019-04-11,1011.66,1021.45,1009.73,1018.86,2482700
2019-04-12,1010.88,1011.92,1006.06,1011.30,2298200
2019-04-15,1012.25,1029.18,1009.28,1020.22,3356000
2019-04-16,1019.45,1023.81,996.38,998.97,2132500
2019-04-17,996.28,1015.68,985.48,1012.74,2789400
2019-04-18,1018.21,1039.36,1012.94,1039.13,2675900
2019-04-19,1043.06,1045.56,1015.57,1016.28,2893300
2019-04-22,1014.86,1031.00,997.15,1006.31,2099200
2019-04-23,1007.28,1010.99,985.25,986.96,2824800
2019-04-24,988.48,995.04,973.17,973.73,3390200
2019-04-25,973.33,990.51,972.13,983.55,3373400
2019-04-26,985.47,992.88,980.42,991.76,3005400
2019-04-29,992.59,998.97,992.04,994.01,2125700
2019-04-30,996.55,999.64,971.27,983.87,3394300
2019-05-01,977.53,997.66,972.04,987.55,2598500
2019-05-02,987.48,988.54,968.73,974.71,3315400
2019-05-03,974.15,981.65,963.80,970.67,2745400
2019-05-06,969.92,994.57,969.18,990.37,2119800
2019-05-07,987.99,1019.94,979.15,1011.33,2630900
2019-05-08,1011.75,1023.15,1010.88,1018.13,2649300
2019-05-09,1024.54,1030.93,1016.43,1029.66,2348900
2019-05-10,1029.44,1038.40,1015.63,1020.57,3213000
2019-05-13,1018.00,1044.24,1017.44,1038.72,2710800
2019-05-14,1038.36,1039.19,1015.08,1017.66,3379500
2019-05-15,1019.74,1026.24,994.34,999.91,2298700
2019-05-16,993.33,1005.70,985.39,1004.52,2497500
2019-05-17,1004.94,1024.21,1000.40,1003.29,2795400
2019-05-20,1013.12,1015.66,983.57,986.71,1859200
2019-05-21,986.14,1001.00,986.02,993.80,2619100
2019-05-22,997.69,1020.27,996.04,1018.97,2675400
2019-05-23,1017.63,1029.34,1017.42,1028.27,3109200
2019-05-24,1030.03,1045.38,1003.28,1011.17,3262900
2019-05-27,1015.24,1025.05,993.34,999.60,2397900
2019-05-28,1000.69,1008.99,995.81,1002.39,3014600
2019-05-29,1004.50,1010.05,1001.88,1009.78,2072100
2019-05-30,1007.90,1016.46,995.21,1000.50,1981600
2019-05-31,999.46,1010.51,986.70,1010.01,2632700
2019-06-03,1014.39,1031.21,1004.42,1029.00,2961500
2019-06-04,1033.49,1045.75,1019.33,1019.91,2701000
2019-06-05,1023.34,1026.21,1019.62,1025.27,2982600
2019-06-06,1025.09,1025.55,1012.96,1016.07,2524700
2019-06-07,1018.06,1023.40,993.25,996.95,3146600
2019-06-10,1008.98,1020.30,996.92,1019.04,2306000
2019-06-11,1022.34,1037.71,1020.03,1025.40,2526600
2019-06-12,1024.75,1030.65,1016.94,1018.72,2473900
2019-06-13,1024.54,1026.99,1018.87,1019.89,2185600
2019-06-14,1012.85,1039.13,1012.08,1036.45,2335700
2019-06-17,1041.28,1063.00,1038.55,1057.23,3013600
2019-06-18,1054.37,1058.55,1035.00,1049.51,2088500
2019-06-19,1052.14,1085.87,1039.68,1083.03,2525000
2019-06-20,1072.81,1118.20,1058.93,1116.79,2054300
2019-06-21,1125.70,1132.20,1119.68,1129.32,2317600
2019-06-24,1133.48,1134.00,1120.80,1128.75,1984700
2019-06-25,1131.35,1144.73,1129.59,1141.50,3120400
2019-06-26,1142.10,1174.15,1140.59,1168.02,2264100
2019-06-27,1165.41,1188.73,1159.24,1185.01,3039900
2019-06-28,1191.98,1207.08,1185.43,1200.33,2242900
2019-07-01,1201.48,1211.74,1178.70,1186.10,2696300
2019-07-02,1189.28,1195.75,1172.85,1181.64,1050800
2019-07-03,1179.84,1207.07,1170.59,1196.77,1404500
2019-07-04,1204.86,1212.18,1175.31,1178.54,1858700
2019-07-05,1171.21,1223.17,1159.81,1216.37,2263400
2019-07-08,1202.36,1202.50,1199.29,1200.37,1967300
2019-07-09,1206.16,1208.53,1180.25,1186.70,2373600
2019-07-10,1185.84,1195.76,1151.91,1157.16,2514400
2019-07-11,1150.36,1168.41,1137.72,1165.22,3486000
2019-07-12,1170.05,1173.53,1135.99,1144.67,3016800
2019-07-15,1150.87,1154.69,1141.41,1144.12,2200500
2019-07-16,1142.41,1151.80,1140.13,1150.86,2376200
2019-07-17,1155.43,1169.56,1153.92,1160.38,2716700
2019-07-18,1157.21,1193.43,1151.06,1186.64,2878400
2019-07-19,1187.49,1187.50,1168.98,1179.92,2544000
2019-07-22,1175.40,1177.33,1161.28,1164.22,2275300
2019-07-23,1164.78,1180.13,1146.32,1155.71,2854800
2019-07-24,1156.32,1175.26,1145.74,1166.00,2848300
2019-07-25,1162.35,1175.47,1147.88,1152.90,2860900
2019-07-26,1153.87,1160.83,1153.18,1153.44,2794000
2019-07-29,1150.87,1156.94,1128.15,1129.75,2856800
2019-07-30,1135.79,1152.03,1127.25,1148.76,2968800
2019-07-31,1157.74,1175.98,1152.44,1167.69,2435800
2019-08-01,1163.50,1202.09,1155.22,1197.20,2287200
2019-08-02,1194.89,1201.29,1192.48,1197.33,2423800
2019-08-05,1197.14,1198.97,1183.29,1191.89,2754900
2019-08-06,1194.78,1218.46,1191.19,1205.48,1510500
2019-08-07,1211.72,1213.50,1193.70,1202.89,2134400
2019-08-08,1204.00,1222.45,1159.39,1165.56,2286600
2019-08-09,1164.42,1173.04,1143.87,1146.72,2986700
2019-08-12,1143.65,1153.61,1141.56,1151.46,2058500
2019-08-13,1144.45,1144.49,1112.65,1126.00,1914400
2019-08-14,1121.49,1130.51,1109.41,1116.90,2867800
2019-08-15,1113.31,1118.70,1095.77,1105.24,2406900
2019-08-16,1108.11,1109.48,1078.22,1093.96,2254100
2019-08-19,1090.31,1100.16,1083.31,1091.77,2841300
2019-08-20,1094.61,1107.38,1090.62,1105.05,2353000
2019-08-21,1105.26,1122.91,1102.87,1120.43,2823600
2019-08-22,1119.62,1152.54,1112.53,1142.01,2656800
2019-08-23,1138.07,1140.37,1103.02,1108.61,3515800
2019-08-26,1117.19,1128.07,1111.10,1115.08,2701900
2019-08-27,1109.54,1110.64,1090.68,1099.29,2918600
2019-08-28,1102.25,1109.69,1081.69,1089.51,2746500
2019-08-29,1081.48,1106.99,1081.17,1100.05,2333300
2019-08-30,1100.28,1105.24,1068.02,1076.35,2638100
2019-09-02,1080.15,1091.13,1053.66,1055.41,3115300
2019-09-03,1054.94,1060.51,1045.96,1051.61,2632600
2019-09-04,1047.91,1077.35,1047.68,1071.86,2045400
2019-09-05,1071.19,1073.64,1035.20,1042.59,3006500
2019-09-06,1039.52,1045.93,1039.21,1042.76,2030300
2019-09-09,1040.68,1080.74,1037.20,1077.01,2732900
2019-09-10,1080.15,1085.67,1074.16,1078.36,2439900
2019-09-11,1068.82,1077.32,1056.16,1067.54,2286100
2019-09-12,1069.26,1072.18,1067.99,1069.38,2360300
2019-09-13,1070.37,1077.60,1044.99,1048.20,2123700
2019-09-16,1054.23,1066.71,1021.88,1034.01,2912000
2019-09-17,1035.67,1062.15,1032.45,1061.87,2242600
2019-09-18,1062.17,1069.68,1059.99,1069.52,2153900
2019-09-19,1067.61,1073.42,1062.93,1064.71,1790900
2019-09-20,1065.90,1083.76,1064.38,1074.77,2554100
2019-09-23,1073.73,1096.34,1068.70,1095.55,2469300
2019-09-24,1095.55,1133.03,1091.84,1130.06,1540400
2019-09-25,1134.51,1138.23,1117.52,1122.60,2537100
2019-09-26,1124.06,1159.53,1118.15,1155.56,1993200
2019-09-27,1158.63,1183.44,1156.39,1174.78,2078400
2019-09-30,1170.89,1174.90,1149.46,1151.51,2864900
2019-10-01,1146.17,1183.54,1141.55,1177.48,3075000
2019-10-02,1178.50,1212.53,1174.12,1202.61,2380000
2019-10-03,1198.23,1221.67,1186.69,1219.25,2782300
2019-10-04,1207.04,1226.05,1206.58,1215.88,2167000
2019-10-07,1218.51,1230.72,1204.95,1207.72,2948600
2019-10-08,1205.98,1211.71,1199.95,1205.69,1986000
2019-10-09,1205.65,1215.22,1146.64,1166.17,2884500
2019-10-10,1166.03,1172.97,1144.72,1152.68,2355500
2019-10-11,1155.50,1160.12,1147.20,1151.47,2258200
2019-10-14,1157.13,1182.14,1155.23,1168.98,2813300
2019-10-15,1162.77,1171.70,1143.43,1155.12,2253900
2019-10-16,1159.91,1178.41,1158.09,1172.49,2875400
2019-10-17,1173.58,1191.67,1172.76,1186.03,2524900
2019-10-18,1187.97,1201.63,1176.91,1192.79,2578800
2019-10-21,1189.19,1198.83,1186.62,1193.05,2878900
2019-10-22,1194.72,1198.01,1194.40,1196.33,2298100
2019-10-23,1196.16,1200.80,1178.65,1183.18,3284100
2019-10-24,1186.28,1188.44,1183.16,1184.89,2525500
2019-10-25,1186.83,1200.82,1182.86,1197.26,2763800
2019-10-28,1197.04,1210.28,1194.01,1207.72,2756500
2019-10-29,1205.13,1206.16,1198.33,1198.65,2551200
2019-10-30,1203.03,1206.63,1201.29,1203.83,2176600
2019-10-31,1209.08,1212.96,1198.31,1198.32,1899500
2019-11-01,1197.39,1198.99,1180.35,1188.38,1852500
2019-11-04,1189.53,1192.75,1170.54,1174.28,1765000
2019-11-05,1173.90,1189.56,1172.35,1183.10,2561600
2019-11-06,1184.19,1186.49,1173.27,1184.21,2193900
2019-11-07,1187.68,1243.56,1186.82,1233.56,1986000
2019-11-08,1221.98,1228.18,1221.10,1226.29,2793800
2019-11-11,1225.02,1265.47,1223.24,1253.24,1561700
2019-11-12,1257.54,1272.99,1253.16,1263.91,2632700
2019-11-13,1264.78,1277.61,1253.91,1271.30,2720800
2019-11-14,1278.88,1299.26,1274.14,1295.40,1935900
2019-11-15,1296.78,1303.94,1274.55,1288.99,3139800
2019-11-18,1298.80,1303.51,1297.43,1303.36,2616200
2019-11-19,1303.39,1313.04,1295.82,1303.21,2837000
2019-11-20,1308.43,1316.70,1263.67,1273.05,2463800
2019-11-21,1275.56,1278.16,1261.69,1271.31,2092300
2019-11-22,1270.87,1276.09,1249.05,1258.71,2744900
2019-11-25,1261.95,1265.58,1207.78,1219.30,2022800
2019-11-26,1225.22,1260.05,1215.40,1251.86,2202400
2019-11-27,1248.58,1273.29,1242.10,1267.03,3214800
2019-11-28,1273.87,1285.60,1258.55,1271.96,1925500
2019-11-29,1272.11,1274.43,1249.26,1256.80,3082900
2019-12-02,1249.16,1268.07,1245.70,1262.07,3220600
2019-12-03,1276.98,1290.60,1248.66,1250.12,2035100
2019-12-04,1245.00,1248.12,1229.68,1239.11,1613100
2019-12-05,1239.41,1250.01,1233.79,1238.10,2338900
2019-12-06,1249.17,1255.23,1246.70,1249.36,2578400
2019-12-09,1249.93,1263.50,1205.69,1213.97,1089400
2019-12-10,1217.12,1223.15,1197.76,1206.67,2235400
2019-12-11,1220.58,1221.36,1207.79,1209.39,2243900
2019-12-12,1203.19,1219.16,1200.07,1210.79,2812200
2019-12-13,1219.36,1221.29,1193.67,1196.58,1115700
2019-12-16,1195.25,1197.54,1191.15,1192.52,1027500
2019-12-17,1186.67,1224.23,1184.64,1219.10,2441300
2019-12-18,1210.57,1222.53,1201.91,1221.78,1811000
2019-12-19,1236.29,1237.48,1208.87,1210.81,3054000
2019-12-20,1211.38,1246.95,1203.44,1237.16,2772600
2019-12-23,1240.25,1246.83,1213.14,1216.63,1881000
2019-12-24,1221.79,1230.54,1211.91,1219.44,3057400
2019-12-25,1219.63,1221.88,1183.22,1187.79,2647000
2019-12-26,1186.28,1194.42,1174.41,1182.41,2756000
2019-12-27,1176.42,1181.05,1154.04,1164.32,2128000
2019-12-30,1160.24,1165.61,1155.23,1164.28,2611600
2019-12-31,1167.66,1176.35,1164.72,1173.07,2665800
2020-01-01,1166.57,1192.07,1153.55,1189.95,1914200
2020-01-02,1184.42,1188.01,1170.71,1171.96,2342100
2020-01-03,1166.18,1178.13,1165.48,1174.58,2492000
2020-01-06,1178.90,1197.21,1178.05,1188.05,2824400
2020-01-07,1188.47,1214.93,1178.81,1209.74,2397700
2020-01-08,1210.46,1213.58,1188.85,1189.90,2803200
2020-01-09,1184.63,1185.09,1173.47,1179.12,2385200
2020-01-10,1179.71,1183.46,1167.41,1169.45,1925100
2020-01-13,1175.41,1187.68,1165.61,1170.69,2317500
2020-01-14,1169.72,1189.19,1157.52,1184.60,2004600
2020-01-15,1185.57,1193.16,1179.96,1181.15,2865100
2020-01-16,1178.52,1183.14,1167.07,1176.75,3336100
2020-01-17,1179.16,1202.22,1174.79,1194.46,2782600
2020-01-20,1194.68,1212.85,1186.81,1211.18,2097300
2020-01-21,1223.23,1227.43,1210.14,1216.34,2422200
2020-01-22,1211.42,1234.06,1204.25,1228.19,3106300
2020-01-23,1228.98,1232.57,1219.48,1231.36,2081300
2020-01-24,1227.67,1247.20,1222.65,1236.66,3070200
2020-01-27,1236.35,1242.70,1218.09,1231.01,2572700
2020-01-28,1227.84,1271.34,1219.35,1258.53,2819000
2020-01-29,1252.74,1270.70,1249.21,1268.30,2871400
2020-01-30,1267.61,1272.16,1226.41,1231.85,2058300
2020-01-31,1234.30,1244.06,1232.80,1237.20,3137700
2020-02-03,1234.53,1254.61,1231.73,1248.64,3581100
2020-02-04,1245.27,1269.01,1241.32,1264.34,3066400
2020-02-05,1263.07,1269.46,1242.07,1257.22,2411800
2020-02-06,1254.91,1269.58,1227.84,1231.35,2594200
2020-02-07,1240.43,1247.08,1235.07,1241.74,2681200
2020-02-10,1234.75,1261.13,1232.75,1238.98,2459000
2020-02-11,1236.36,1244.25,1221.18,1243.85,2982300
2020-02-12,1250.35,1265.10,1249.20,1260.33,2996200
2020-02-13,1263.08,1270.34,1240.01,1252.26,3190400
2020-02-14,1254.53,1262.70,1220.90,1236.08,3261100
2020-02-17,1237.95,1244.87,1216.78,1229.96,1603400
2020-02-18,1230.57,1234.93,1217.51,1222.88,2680600
2020-02-19,1217.62,1224.10,1211.75,1222.12,3051300
2020-02-20,1220.43,1234.52,1210.80,1211.16,2585500
2020-02-21,1221.20,1225.56,1151.35,1157.19,2882900
2020-02-24,1160.73,1173.20,1136.89,1144.42,1681300
2020-02-25,1143.83,1157.21,1097.65,1110.27,2341500
2020-02-26,1109.58,1122.73,1103.94,1108.97,2929700
2020-02-27,1108.18,1112.56,1099.99,1110.20,1874900
2020-02-28,1109.76,1124.68,1103.53,1116.46,2830600
2020-03-02,1117.05,1133.24,1112.66,1128.13,2950100
2020-03-03,1133.42,1137.90,1115.46,1118.57,2820400
2020-03-04,1118.69,1153.72,1117.81,1145.82,3788800
2020-03-05,1148.06,1152.99,1133.21,1136.72,2292400
2020-03-06,1132.50,1137.85,1111.42,1116.80,2520100
2020-03-09,1111.40,1111.48,1104.20,1105.06,3485300
2020-03-10,1109.88,1131.38,1106.07,1125.71,2316900
2020-03-11,1123.83,1145.63,1116.99,1136.70,2050200
2020-03-12,1136.79,1174.52,1135.34,1165.71,2776100
2020-03-13,1168.83,1172.99,1134.84,1145.49,2950700
2020-03-16,1142.12,1145.10,1134.35,1137.64,1836600
2020-03-17,1133.83,1137.76,1114.85,1118.89,1686100
2020-03-18,1116.95,1142.43,1111.92,1138.13,2201700
2020-03-19,1141.32,1153.35,1135.77,1148.17,2457600
2020-03-20,1145.18,1167.87,1141.18,1163.38,3009200
2020-03-23,1172.92,1195.25,1169.23,1181.41,2161500
2020-03-24,1184.45,1195.34,1180.74,1185.56,2566400
2020-03-25,1185.66,1188.09,1164.87,1177.45,2321400
2020-03-26,1179.38,1187.93,1179.23,1187.12,2822500
2020-03-27,1186.60,1214.06,1179.51,1204.99,2665700
2020-03-30,1198.22,1201.51,1185.48,1190.37,2218900
2020-03-31,1193.15,1209.23,1191.67,1197.68,2166900
2020-04-01,1197.39,1223.91,1190.60,1217.76,2404700
2020-04-02,1212.79,1224.81,1195.34,1221.92,3098600
2020-04-03,1219.47,1232.33,1212.70,1227.54,2567000
2020-04-06,1226.64,1256.74,1209.53,1237.74,2188600
2020-04-07,1235.72,1276.42,1225.61,1267.75,3419100
2020-04-08,1267.42,1269.92,1262.39,1263.53,3172100
2020-04-09,1264.38,1292.12,1255.76,1285.90,2871600
2020-04-10,1284.85,1290.10,1265.22,1275.91,2650600
2020-04-13,1282.64,1292.65,1276.32,1276.48,3084800
2020-04-14,1280.29,1281.14,1270.21,1270.96,3114700
2020-04-15,1269.24,1274.01,1240.72,1252.86,2953900
2020-04-16,1248.21,1256.21,1237.80,1242.50,2665900
2020-04-17,1234.05,1273.81,1230.37,1270.39,2006400
2020-04-20,1265.08,1270.26,1249.06,1268.75,1576300
2020-04-21,1270.12,1326.86,1268.17,1317.80,3101300
2020-04-22,1329.87,1331.82,1285.51,1293.21,2679600
2020-04-23,1294.17,1319.47,1282.70,1312.45,2646400
2020-04-24,1312.03,1319.38,1298.97,1302.20,2315200
2020-04-27,1303.86,1318.08,1300.73,1312.53,2221500
2020-04-28,1316.00,1319.11,1314.40,1314.73,2154600
2020-04-29,1314.57,1320.74,1278.28,1296.59,3186400
2020-04-30,1302.49,1303.66,1290.51,1291.81,2478600
2020-05-01,1287.53,1322.81,1270.11,1316.85,3417100
2020-05-04,1322.95,1339.12,1296.30,1310.29,2515100
2020-05-05,1298.80,1305.69,1280.37,1294.63,2206300
2020-05-06,1289.27,1306.17,1286.05,1294.59,3138000
2020-05-07,1288.30,1306.49,1267.88,1278.11,1164600
2020-05-08,1267.71,1292.19,1265.10,1291.96,2280100
2020-05-11,1296.94,1301.48,1283.17,1286.62,1337200
2020-05-12,1278.80,1285.94,1255.47,1266.86,3283100
2020-05-13,1268.85,1280.45,1268.82,1269.63,1924500
2020-05-14,1271.19,1292.84,1262.44,1280.21,2333500
2020-05-15,1281.28,1282.44,1257.97,1262.66,3215300
2020-05-18,1258.85,1266.44,1251.12,1256.83,2791200
2020-05-19,1260.56,1289.94,1242.95,1288.41,1753600
2020-05-20,1295.80,1306.57,1284.38,1306.48,2232600
2020-05-21,1307.50,1313.28,1303.88,1312.95,2285500
2020-05-22,1318.50,1333.33,1310.98,1316.08,2166500
2020-05-25,1311.27,1340.26,1305.04,1333.58,2800500
2020-05-26,1329.16,1343.89,1321.83,1339.95,2767700
2020-05-27,1341.79,1353.55,1335.89,1352.88,2933600
2020-05-28,1357.74,1361.46,1344.21,1345.01,2912800
2020-05-29,1340.24,1342.03,1323.08,1324.88,988000
2020-06-01,1332.76,1345.49,1314.61,1316.27,2147000
2020-06-02,1308.32,1338.99,1308.18,1327.98,3406500
2020-06-03,1328.29,1329.85,1294.33,1307.65,3213400
2020-06-04,1303.49,1363.02,1293.46,1353.05,2429200
2020-06-05,1349.21,1356.03,1325.68,1326.84,2080800
2020-06-08,1328.12,1348.12,1315.18,1330.90,1952100
2020-06-09,1323.77,1397.04,1310.11,1396.35,2162500
2020-06-10,1398.14,1407.41,1370.66,1375.58,1815500
2020-06-11,1385.89,1411.31,1378.55,1406.97,2630100
2020-06-12,1410.81,1466.10,1406.02,1465.07,2207900
2020-06-15,1463.27,1468.53,1449.52,1449.84,2904600
2020-06-16,1468.34,1469.23,1445.96,1455.66,2131600
2020-06-17,1454.99,1456.46,1439.63,1451.15,2671500
2020-06-18,1442.09,1457.96,1439.70,1447.40,2140900
2020-06-19,1444.84,1457.73,1443.15,1457.36,2417600
2020-06-22,1458.77,1460.21,1424.68,1430.33,1843900
2020-06-23,1433.65,1455.62,1419.30,1446.95,2820100
2020-06-24,1447.88,1450.78,1430.62,1443.43,1991800
2020-06-25,1439.17,1448.68,1407.19,1411.88,2590900
2020-06-26,1410.91,1427.94,1406.60,1416.47,2625900
2020-06-29,1410.07,1417.36,1402.67,1409.62,2235900
2020-06-30,1408.95,1426.15,1399.63,1413.04,2043400
2020-07-01,1404.47,1419.39,1400.57,1401.49,1770300
2020-07-02,1405.63,1406.11,1397.09,1397.53,1495100
2020-07-03,1407.46,1427.58,1407.25,1423.74,2501200
2020-07-06,1420.27,1427.16,1376.14,1387.96,2954900
2020-07-07,1391.93,1399.09,1379.76,1384.48,1879900
2020-07-08,1385.32,1393.69,1368.25,1383.60,2655200
2020-07-09,1380.98,1384.60,1348.99,1349.49,2453100
2020-07-10,1352.03,1369.87,1337.56,1363.13,2693000
2020-07-13,1357.93,1363.76,1345.28,1347.67,1936400
2020-07-14,1347.36,1366.84,1339.36,1360.73,1079100
2020-07-15,1361.70,1374.40,1343.34,1369.08,2404100
2020-07-16,1366.07,1386.81,1355.38,1367.22,2225600
2020-07-17,1372.16,1377.97,1362.66,1372.12,2172100
2020-07-20,1376.28,1384.06,1358.43,1361.13,2251600
2020-07-21,1365.06,1372.46,1363.35,1363.76,2467600
2020-07-22,1362.73,1369.11,1345.32,1353.06,2904700
2020-07-23,1357.09,1362.89,1340.55,1348.23,2925900
2020-07-24,1347.87,1352.65,1312.66,1324.83,2717200
2020-07-27,1319.43,1336.72,1310.28,1326.80,2412400
2020-07-28,1325.69,1340.08,1318.06,1332.04,3025300
2020-07-29,1321.40,1331.60,1308.10,1324.74,2214000
2020-07-30,1332.83,1336.01,1328.80,1330.91,2406400
2020-07-31,1332.02,1336.86,1294.50,1302.22,2785600
2020-08-03,1297.99,1324.22,1288.94,1317.03,3220300
2020-08-04,1321.04,1324.80,1315.81,1316.31,2230300
2020-08-05,1319.47,1323.55,1263.65,1277.88,2333400
2020-08-06,1268.19,1277.49,1256.44,1257.22,3219600
2020-08-07,1247.32,1248.39,1216.21,1229.02,1912500
2020-08-10,1228.74,1230.26,1218.65,1226.00,1871800
2020-08-11,1223.57,1234.65,1222.05,1234.13,1502500
2020-08-12,1235.37,1241.99,1205.35,1221.40,1411800
2020-08-13,1227.83,1232.42,1223.24,1231.29,2564000
2020-08-14,1227.23,1233.73,1218.11,1224.12,1847200
2020-08-17,1221.45,1236.84,1206.80,1217.52,1484600
2020-08-18,1225.24,1226.45,1216.96,1224.14,2715000
2020-08-19,1224.37,1250.01,1221.84,1234.91,2533400
2020-08-20,1236.29,1266.31,1234.69,1254.01,3209000
2020-08-21,1247.75,1269.90,1247.43,1267.62,3070300
2020-08-24,1264.71,1275.14,1263.39,1267.68,3101400
2020-08-25,1271.74,1284.71,1251.47,1259.08,3021700
2020-08-26,1260.86,1301.02,1242.10,1283.10,1995800
2020-08-27,1278.79,1289.73,1268.85,1287.02,2788300
2020-08-28,1286.80,1307.05,1277.35,1302.91,3960100
2020-08-31,1303.79,1322.84,1301.01,1319.56,3180600
2020-09-01,1314.51,1347.46,1305.72,1344.59,3344300
2020-09-02,1352.03,1353.80,1322.61,1328.15,2000300
2020-09-03,1328.51,1340.34,1321.73,1325.05,2265400
2020-09-04,1325.57,1337.37,1325.51,1331.87,1497900
2020-09-07,1324.77,1340.87,1319.18,1333.82,2858700
2020-09-08,1334.34,1338.27,1310.94,1312.85,3002800
2020-09-09,1320.62,1330.15,1314.19,1318.13,1876000
2020-09-10,1323.96,1329.45,1293.65,1300.24,2669300
2020-09-11,1293.61,1357.45,1293.09,1352.32,2601600
2020-09-14,1364.63,1374.23,1358.25,1364.98,2624800
2020-09-15,1366.16,1376.22,1334.64,1346.79,999200
2020-09-16,1346.93,1354.96,1306.34,1313.90,2684400
2020-09-17,1311.93,1319.13,1294.33,1298.07,3035200
2020-09-18,1305.24,1333.66,1295.48,1315.73,2783100
2020-09-21,1311.85,1326.46,1293.91,1304.08,2977600
2020-09-22,1311.73,1316.65,1289.38,1291.48,2411700
2020-09-23,1287.24,1304.60,1269.54,1304.09,2504400
2020-09-24,1315.75,1335.41,1306.26,1306.59,2277900
2020-09-25,1305.46,1308.74,1301.32,1306.54,2509700
2020-09-28,1315.72,1319.04,1297.85,1305.57,2528000
2020-09-29,1310.51,1331.67,1308.31,1327.41,2444400
2020-09-30,1329.44,1330.21,1322.89,1329.26,2641900
2020-10-01,1321.58,1345.97,1320.39,1338.77,1463200
2020-10-02,1342.94,1357.58,1306.06,1317.02,2528300
2020-10-05,1312.46,1329.68,1287.78,1323.06,2454600
2020-10-06,1323.43,1332.22,1314.80,1322.23,2205600
2020-10-07,1318.78,1335.68,1300.42,1301.26,3057800
2020-10-08,1312.81,1321.83,1307.52,1313.37,2602500
2020-10-09,1319.81,1357.51,1314.25,1357.13,3162900
2020-10-12,1360.79,1385.49,1353.77,1379.26,2852500
2020-10-13,1362.14,1371.47,1361.30,1368.83,3405100
2020-10-14,1365.51,1393.50,1362.11,1391.07,1601200
2020-10-15,1396.07,1411.10,1395.23,1406.27,2901800
2020-10-16,1397.80,1407.76,1386.19,1397.46,2737600
2020-10-19,1395.50,1404.72,1366.95,1368.59,2828800
2020-10-20,1361.45,1378.71,1356.33,1368.05,2125200
2020-10-21,1359.40,1363.32,1342.61,1352.59,2054000
2020-10-22,1357.36,1371.08,1339.04,1342.08,3659300
2020-10-23,1332.37,1386.42,1331.82,1377.22,3104000
2020-10-26,1381.36,1391.04,1371.01,1378.50,3433100
2020-10-27,1388.61,1398.58,1368.25,1391.21,2460700
2020-10-28,1403.40,1407.63,1347.19,1349.38,1909200
2020-10-29,1343.04,1359.44,1341.39,1351.75,1587300
2020-10-30,1353.02,1353.38,1329.69,1332.52,2058100
2020-11-02,1333.35,1354.71,1332.11,1337.70,2465100
2020-11-03,1338.10,1338.54,1307.03,1307.59,1954400
2020-11-04,1298.41,1318.43,1290.83,1309.40,2012500
2020-11-05,1304.78,1320.30,1299.85,1304.73,2738400
2020-11-06,1312.38,1321.01,1292.44,1294.97,2680300
2020-11-09,1299.70,1315.06,1283.66,1314.06,3086300
2020-11-10,1308.77,1309.43,1295.57,1296.76,1849800
2020-11-11,1292.33,1305.64,1280.84,1297.89,2470700
2020-11-12,1302.91,1303.63,1279.00,1282.89,1927800
2020-11-13,1283.85,1290.69,1263.58,1286.96,1552200
2020-11-16,1281.33,1300.99,1270.34,1291.63,2177000
2020-11-17,1295.21,1316.57,1293.62,1305.82,1889500
2020-11-18,1315.29,1329.69,1307.03,1308.85,2803800
2020-11-19,1304.69,1316.50,1270.79,1271.83,1688100
2020-11-20,1276.34,1290.71,1262.27,1273.63,2206200
2020-11-23,1270.32,1282.09,1266.04,1274.25,2784300
2020-11-24,1276.09,1310.43,1270.86,1300.16,2923300
2020-11-25,1293.24,1299.33,1287.87,1297.03,2741400
2020-11-26,1298.12,1308.68,1290.52,1304.78,2105600
2020-11-27,1299.85,1335.72,1293.47,1332.37,1912800
2020-11-30,1337.65,1353.45,1314.46,1319.18,2445100
2020-12-01,1318.44,1324.00,1299.22,1303.08,2851400
2020-12-02,1303.52,1329.92,1299.38,1329.19,2556900
2020-12-03,1327.42,1340.47,1309.62,1314.24,1196300
2020-12-04,1318.84,1348.27,1312.22,1324.33,3099800
2020-12-07,1332.95,1388.89,1326.55,1366.81,1680400
2020-12-08,1366.33,1367.43,1353.81,1360.44,2172700
2020-12-09,1357.45,1363.80,1347.28,1358.86,2224300
2020-12-10,1353.72,1397.13,1348.78,1396.45,3081000
2020-12-11,1379.57,1420.14,1378.16,1397.49,2110700
2020-12-14,1394.29,1418.15,1382.99,1387.44,2162100
2020-12-15,1381.07,1400.19,1380.86,1395.43,2098100
2020-12-16,1388.11,1390.56,1385.65,1389.25,2282300
2020-12-17,1393.05,1406.94,1361.62,1373.14,2119900
2020-12-18,1362.67,1366.18,1336.05,1337.24,1730800
2020-12-21,1331.97,1357.24,1327.68,1353.22,2617100
2020-12-22,1359.98,1361.51,1333.85,1335.50,2705100
2020-12-23,1335.68,1353.05,1309.37,1312.59,1852500
2020-12-24,1315.34,1379.54,1306.66,1370.11,2889300
2020-12-25,1361.95,1379.79,1358.15,1371.87,1550500
2020-12-28,1368.12,1389.38,1364.91,1379.81,2744000
2020-12-29,1385.86,1396.69,1369.95,1372.06,2314600
2020-12-30,1372.62,1393.09,1370.14,1383.88,2954500
2020-12-31,1385.51,1407.14,1371.15,1376.44,3207400
2021-01-01,1370.28,1374.82,1341.59,1351.01,3472200
2021-01-04,1350.45,1397.81,1343.11,1394.33,1903700
2021-01-05,1395.67,1406.52,1392.88,1402.44,2664000
2021-01-06,1401.15,1416.33,1377.02,1381.52,1957000
2021-01-07,1375.90,1379.46,1355.20,1367.56,2781200
2021-01-08,1367.42,1376.62,1364.23,1371.66,1797000
2021-01-11,1370.79,1386.18,1359.12,1374.92,2555500
2021-01-12,1366.02,1369.22,1347.50,1353.18,2471700
2021-01-13,1344.82,1376.42,1342.31,1369.89,2489200
2021-01-14,1372.18,1390.51,1354.26,1384.26,2483000
2021-01-15,1375.87,1387.05,1374.55,1384.47,2425400
2021-01-18,1386.04,1386.29,1381.94,1384.92,3088200
2021-01-19,1376.54,1390.21,1376.39,1388.08,2240100
2021-01-20,1388.30,1414.58,1383.63,1411.19,2414200
2021-01-21,1418.98,1433.15,1416.98,1418.88,2230500
2021-01-22,1412.29,1413.62,1395.15,1395.95,2456600
2021-01-25,1387.68,1407.42,1378.50,1402.28,2285000
2021-01-26,1399.97,1411.02,1396.37,1396.56,3263800
2021-01-27,1401.35,1404.91,1379.15,1392.79,2347200
2021-01-28,1391.21,1396.69,1366.16,1371.15,3473100
2021-01-29,1363.65,1374.72,1353.18,1365.96,2048800
2021-02-01,1362.77,1366.99,1345.15,1359.20,2770900
2021-02-02,1359.70,1391.38,1351.99,1389.61,3240400
2021-02-03,1379.90,1410.69,1376.98,1393.35,2067800
2021-02-04,1387.64,1401.57,1378.38,1396.15,2422000
2021-02-05,1387.77,1403.66,1374.64,1375.18,1994200
2021-02-08,1379.70,1392.12,1356.85,1365.60,1802600
2021-02-09,1368.43,1409.29,1358.85,1406.84,2279900
2021-02-10,1394.94,1400.69,1380.36,1385.50,2917200
2021-02-11,1388.81,1395.77,1351.99,1353.92,3392800
2021-02-12,1356.60,1376.53,1351.92,1375.10,2584500
2021-02-15,1372.82,1387.55,1366.29,1385.87,1540400
2021-02-16,1390.33,1392.25,1374.02,1384.95,2055400
2021-02-17,1390.29,1394.50,1375.02,1380.43,3024200
2021-02-18,1383.57,1389.80,1378.24,1387.27,2039600
2021-02-19,1390.65,1390.99,1351.70,1366.70,2757700
2021-02-22,1365.69,1371.61,1362.68,1363.64,1567600
2021-02-23,1353.38,1379.69,1342.17,1370.07,1604900
2021-02-24,1374.82,1386.54,1350.75,1357.27,2666000
2021-02-25,1356.06,1397.41,1346.17,1382.39,3670900
2021-02-26,1377.60,1404.21,1368.61,1391.22,2415000
2021-03-01,1393.76,1403.86,1378.97,1381.51,2922000
2021-03-02,1382.06,1392.74,1377.48,1390.91,2305800
2021-03-03,1392.74,1396.44,1389.93,1396.16,1653600
2021-03-04,1395.46,1443.57,1384.73,1441.33,2925800
2021-03-05,1444.87,1454.24,1436.45,1446.16,3030200
2021-03-08,1446.56,1478.85,1442.33,1468.61,1943000
2021-03-09,1472.33,1487.77,1461.81,1478.38,2481800
2021-03-10,1484.15,1490.68,1417.29,1431.81,2833600
2021-03-11,1429.41,1457.92,1419.79,1444.14,2503300
2021-03-12,1448.36,1453.19,1435.95,1446.11,1630600
2021-03-15,1447.84,1488.29,1438.46,1473.02,1372200
2021-03-16,1479.16,1482.59,1463.69,1464.07,2734400
2021-03-17,1465.42,1517.03,1463.51,1511.44,1722100
2021-03-18,1506.72,1531.05,1503.40,1515.18,1995000
2021-03-19,1510.26,1519.50,1503.61,1506.53,2684500
2021-03-22,1507.13,1517.92,1484.02,1492.41,2109100
2021-03-23,1498.80,1531.05,1490.33,1509.16,2347400
2021-03-24,1508.04,1530.64,1495.43,1521.06,2098200
2021-03-25,1512.81,1553.45,1498.10,1542.22,3816900
2021-03-26,1533.15,1564.95,1521.18,1558.17,2431100
2021-03-29,1561.04,1566.08,1548.72,1553.72,2103400
2021-03-30,1547.01,1554.06,1545.76,1553.03,2197200
2021-03-31,1561.63,1576.00,1542.79,1575.30,2318500
2021-04-01,1578.12,1580.53,1548.36,1554.46,2741900
2021-04-02,1550.50,1550.51,1543.72,1547.94,3086500
2021-04-05,1553.87,1560.75,1518.57,1526.48,3272300
2021-04-06,1528.04,1544.72,1505.49,1520.49,2136400
2021-04-07,1507.69,1521.48,1504.55,1519.73,2403000
2021-04-08,1519.23,1524.65,1516.48,1517.33,2734300
2021-04-09,1519.49,1527.47,1509.17,1524.62,2614000
2021-04-12,1526.53,1536.35,1486.52,1500.65,2888000
2021-04-13,1495.08,1497.97,1483.91,1496.32,1593200
2021-04-14,1497.30,1502.43,1479.73,1481.30,2200700
2021-04-15,1473.76,1530.22,1468.16,1527.16,3250500
2021-04-16,1524.23,1539.92,1492.51,1509.34,2265700
2021-04-19,1507.06,1518.17,1501.80,1509.10,2411900
2021-04-20,1509.94,1510.90,1466.92,1473.66,2086400
2021-04-21,1469.17,1492.90,1438.92,1461.64,2432100
2021-04-22,1470.79,1478.33,1454.85,1477.68,1988400
2021-04-23,1469.52,1510.10,1451.35,1496.96,2659400
2021-04-26,1504.97,1512.48,1479.34,1490.42,2347600
2021-04-27,1497.63,1517.86,1477.34,1512.93,1919600
2021-04-28,1514.40,1520.44,1450.90,1463.05,2068400
2021-04-29,1465.11,1472.77,1440.32,1450.69,1939400
2021-04-30,1452.55,1473.04,1424.86,1426.27,2649400
2021-05-03,1426.62,1429.63,1415.25,1419.20,2663400
2021-05-04,1421.31,1429.03,1417.79,1428.56,3281600
2021-05-05,1414.98,1434.70,1408.68,1428.39,3069500
2021-05-06,1436.28,1473.91,1423.11,1460.68,2711400
2021-05-07,1462.56,1477.51,1461.40,1475.40,2630600
2021-05-10,1471.24,1475.42,1462.96,1464.67,2594400
2021-05-11,1455.83,1462.61,1434.99,1442.20,2940100
2021-05-12,1456.49,1466.25,1443.79,1465.20,2115500
2021-05-13,1472.64,1475.79,1433.11,1433.27,2293700
2021-05-14,1432.90,1433.65,1364.82,1381.35,1783500
2021-05-17,1377.07,1381.96,1373.16,1378.67,2155900
2021-05-18,1385.87,1392.61,1366.66,1381.34,1695900
2021-05-19,1375.48,1380.97,1355.14,1356.26,2495400
2021-05-20,1350.51,1405.97,1346.72,1397.00,2435400
2021-05-21,1396.02,1405.89,1369.96,1380.96,2009200
2021-05-24,1374.10,1412.70,1373.85,1394.61,2919300
2021-05-25,1393.15,1413.54,1385.15,1400.01,1895000
2021-05-26,1411.85,1423.18,1406.50,1415.17,2322800
2021-05-27,1410.87,1441.55,1410.14,1438.36,2155800
2021-05-28,1454.36,1467.73,1450.13,1450.98,2898600
2021-05-31,1441.06,1450.16,1428.21,1431.12,3007600
2021-06-01,1421.98,1433.39,1402.23,1407.04,1803000
2021-06-02,1409.90,1431.73,1399.80,1422.84,2609400
2021-06-03,1421.50,1421.78,1390.99,1394.57,2984300
2021-06-04,1385.35,1430.40,1374.94,1418.24,1790900
2021-06-07,1420.65,1421.49,1383.37,1395.17,1395000
2021-06-08,1404.85,1412.51,1402.16,1404.97,2049700
2021-06-09,1411.82,1416.06,1400.30,1412.95,2364200
2021-06-10,1416.95,1425.07,1404.17,1405.14,2924700
2021-06-11,1414.65,1416.97,1403.65,1407.11,2421600
2021-06-14,1401.68,1409.17,1388.42,1392.83,2046400
2021-06-15,1387.01,1405.72,1372.34,1392.69,3228400
2021-06-16,1390.45,1406.75,1367.74,1373.20,1577200
2021-06-17,1363.06,1433.36,1359.83,1420.92,2340400
2021-06-18,1431.44,1457.40,1427.19,1445.46,3073300
2021-06-21,1445.03,1448.17,1415.20,1423.90,3089300
2021-06-22,1427.58,1433.23,1405.87,1419.40,1965200
2021-06-23,1417.28,1429.07,1386.17,1392.92,2528400
2021-06-24,1394.65,1400.89,1354.22,1360.86,2434100
2021-06-25,1359.61,1370.67,1342.24,1347.11,3911300
2021-06-28,1342.97,1390.99,1338.38,1382.50,1696700
2021-06-29,1385.15,1402.63,1381.06,1401.85,2162300
2021-06-30,1405.36,1412.91,1372.40,1373.68,2873800
2021-07-01,1370.01,1382.98,1357.22,1361.97,2544900
2021-07-02,1362.41,1387.68,1357.44,1377.36,2586600
2021-07-05,1387.35,1398.74,1347.45,1354.90,2367000
2021-07-06,1353.78,1374.89,1352.78,1373.85,2678500
2021-07-07,1374.09,1387.41,1369.12,1371.73,2675500
2021-07-08,1385.53,1389.98,1380.73,1389.54,3024700
2021-07-09,1397.08,1418.40,1390.06,1402.64,1374700
2021-07-12,1405.30,1412.11,1383.42,1384.19,2186000
2021-07-13,1383.25,1388.78,1344.15,1361.97,2385900
2021-07-14,1356.83,1395.75,1347.60,1389.11,2793900
2021-07-15,1391.35,1408.83,1358.84,1369.88,2505600
2021-07-16,1380.35,1386.03,1355.81,1365.68,1979100
2021-07-19,1372.11,1373.34,1317.87,1328.24,2730300
2021-07-20,1335.01,1356.20,1334.04,1349.67,2343100
2021-07-21,1353.99,1371.54,1341.72,1368.22,1948000
2021-07-22,1377.55,1389.03,1303.18,1314.19,3147500
2021-07-23,1308.36,1317.34,1300.50,1306.72,2672300
2021-07-26,1306.91,1322.92,1305.51,1320.24,2312600
2021-07-27,1311.77,1339.18,1311.59,1336.49,1952400
2021-07-28,1336.72,1356.85,1327.72,1355.20,2909700
2021-07-29,1348.77,1363.03,1320.73,1331.59,2366200
2021-07-30,1328.21,1371.33,1312.78,1360.13,2072700
2021-08-02,1361.51,1382.32,1357.51,1382.21,1894100
2021-08-03,1387.34,1390.62,1363.79,1370.24,2928600
2021-08-04,1370.66,1381.19,1360.14,1360.41,2038700
2021-08-05,1359.04,1363.85,1340.18,1351.18,1500400
2021-08-06,1352.95,1374.54,1337.52,1367.24,2551900
2021-08-09,1364.46,1368.04,1338.71,1342.61,3093700
2021-08-10,1341.49,1377.09,1337.66,1371.78,1993100
2021-08-11,1374.28,1407.07,1373.75,1405.31,1225600
2021-08-12,1404.09,1425.55,1388.46,1417.03,2179600
2021-08-13,1424.24,1462.48,1412.92,1452.62,2623700
2021-08-16,1452.86,1465.57,1446.96,1453.38,2215000
2021-08-17,1460.60,1460.80,1443.66,1445.76,2141700
2021-08-18,1436.93,1449.55,1428.12,1431.45,2827700
2021-08-19,1425.88,1458.47,1418.89,1456.68,1463000
2021-08-20,1459.33,1460.56,1423.30,1428.50,2167500
2021-08-23,1416.23,1428.91,1412.16,1427.06,1991600
2021-08-24,1424.42,1445.10,1423.07,1441.62,3035100
2021-08-25,1445.58,1460.95,1443.04,1456.70,3317600
2021-08-26,1464.30,1470.81,1461.28,1463.12,2661000
2021-08-27,1471.13,1488.18,1429.03,1440.13,2678300
2021-08-30,1444.39,1456.03,1439.18,1443.15,2522600
2021-08-31,1437.38,1442.49,1433.63,1438.77,3479400
2021-09-01,1443.77,1448.08,1406.92,1421.69,2889800
2021-09-02,1427.72,1432.85,1397.16,1403.15,2932000
2021-09-03,1403.22,1411.72,1387.34,1399.01,1051100
2021-09-06,1401.81,1409.57,1374.44,1376.67,2867500
2021-09-07,1377.72,1378.24,1330.68,1340.99,2667600
2021-09-08,1343.63,1366.33,1336.73,1361.05,3069400
2021-09-09,1368.12,1383.00,1364.61,1368.24,2395200
2021-09-10,1363.41,1400.48,1359.26,1393.37,2296800
2021-09-13,1386.50,1430.19,1381.21,1409.51,2056700
2021-09-14,1414.94,1417.59,1407.98,1416.71,2964600
2021-09-15,1419.99,1428.00,1415.42,1416.23,2367600
2021-09-16,1413.73,1427.46,1383.89,1410.77,2689400
2021-09-17,1411.15,1413.99,1399.88,1408.87,1885600
2021-09-20,1399.73,1420.64,1390.36,1410.73,3016600
2021-09-21,1413.68,1421.36,1405.31,1414.87,2368700
2021-09-22,1410.28,1426.09,1393.32,1394.52,2733800
2021-09-23,1396.91,1400.81,1380.39,1387.77,2250500
2021-09-24,1388.95,1393.03,1369.80,1372.68,2220800
2021-09-27,1377.96,1391.03,1371.58,1378.07,3222400
2021-09-28,1377.98,1391.84,1350.57,1357.50,1569600
2021-09-29,1363.81,1365.46,1328.37,1339.38,2565700
2021-09-30,1340.32,1352.15,1320.64,1325.29,1819100
2021-10-01,1319.95,1321.52,1274.34,1282.12,2504600
2021-10-04,1287.47,1289.03,1266.74,1269.96,2745900
2021-10-05,1263.74,1270.02,1257.49,1268.35,1600800
2021-10-06,1268.23,1290.23,1265.64,1285.81,2106100
2021-10-07,1290.36,1299.38,1257.52,1265.89,2792500
2021-10-08,1261.69,1291.85,1241.16,1284.00,2866200
2021-10-11,1288.75,1291.64,1261.20,1276.01,2574800
2021-10-12,1280.51,1290.22,1252.95,1265.54,2567600
2021-10-13,1262.04,1265.38,1246.21,1252.90,1959900
2021-10-14,1243.41,1256.60,1237.56,1249.80,2490900
2021-10-15,1253.29,1260.57,1241.19,1249.40,2797700
2021-10-18,1252.18,1274.40,1246.71,1267.49,2310000
2021-10-19,1265.02,1274.42,1244.56,1259.77,2294600
2021-10-20,1263.18,1264.59,1252.97,1258.20,1770500
2021-10-21,1258.26,1287.87,1250.68,1285.77,3490900
2021-10-22,1292.42,1298.22,1273.06,1280.23,2272700
2021-10-25,1274.57,1277.93,1262.81,1263.50,2216700
2021-10-26,1259.88,1271.07,1250.03,1269.42,2170300
2021-10-27,1264.63,1323.33,1263.58,1314.18,3281300
2021-10-28,1321.96,1325.82,1309.31,1325.73,2530800
2021-10-29,1322.43,1330.23,1316.59,1321.35,2051400
2021-11-01,1323.68,1330.19,1296.22,1305.60,2056900
2021-11-02,1308.94,1319.89,1283.54,1293.22,2764600
2021-11-03,1283.90,1331.38,1283.46,1330.47,2533900
2021-11-04,1333.99,1343.83,1319.14,1323.92,2216400
2021-11-05,1328.77,1329.12,1298.03,1304.00,2754500
2021-11-08,1301.13,1310.16,1289.91,1297.41,2139400
2021-11-09,1288.42,1290.61,1274.28,1285.99,3309200
2021-11-10,1285.52,1292.67,1273.96,1276.51,2635800
2021-11-11,1284.28,1302.39,1241.31,1249.97,1853600
2021-11-12,1256.85,1261.07,1238.87,1245.36,2398400
2021-11-15,1254.61,1256.53,1221.51,1224.02,2084400
2021-11-16,1223.39,1287.34,1213.91,1277.57,2368500
2021-11-17,1278.96,1281.33,1249.70,1256.25,2071200
2021-11-18,1258.74,1270.01,1241.41,1244.38,2296700
2021-11-19,1242.68,1262.02,1239.14,1259.58,2028300
2021-11-22,1260.72,1265.09,1240.59,1243.43,2475100
2021-11-23,1240.62,1263.31,1238.64,1262.17,1698500
2021-11-24,1261.91,1273.49,1257.57,1265.57,1891800
2021-11-25,1276.41,1292.19,1233.06,1236.83,2601100
2021-11-26,1235.52,1244.88,1234.35,1237.22,2051400
2021-11-29,1238.00,1255.90,1230.34,1243.65,3313400
2021-11-30,1242.64,1274.08,1237.71,1272.54,1915700
2021-12-01,1276.69,1296.87,1268.07,1294.41,3187600
2021-12-02,1294.66,1308.01,1288.08,1306.41,2644500
2021-12-03,1304.30,1310.02,1300.30,1308.40,2197300
2021-12-06,1302.06,1344.38,1294.21,1337.82,3031000
2021-12-07,1334.03,1366.45,1327.59,1363.80,2296600
2021-12-08,1362.06,1379.28,1359.49,1373.04,2816700
2021-12-09,1381.86,1384.33,1348.49,1357.32,2672800
2021-12-10,1349.84,1354.24,1325.06,1332.50,2361600
2021-12-13,1338.47,1349.88,1331.30,1344.77,2425900
2021-12-14,1334.19,1370.05,1327.66,1366.01,2127300
2021-12-15,1369.67,1379.81,1331.83,1332.28,2155800
2021-12-16,1333.27,1335.53,1318.17,1321.00,2329300
2021-12-17,1328.93,1358.74,1314.36,1348.50,1983600
2021-12-20,1355.36,1376.14,1352.54,1365.08,2669600
2021-12-21,1361.20,1371.74,1355.10,1369.24,2940100
2021-12-22,1365.65,1369.15,1362.29,1366.76,2745800
2021-12-23,1363.98,1397.82,1361.30,1388.70,2680300
2021-12-24,1388.26,1404.02,1354.48,1373.61,2588300
2021-12-27,1372.91,1381.74,1364.89,1367.76,2589100
2021-12-28,1373.83,1379.87,1358.64,1363.44,1886000
2021-12-29,1372.24,1379.93,1370.24,1374.99,2714700
2021-12-30,1377.55,1407.68,1377.06,1395.96,1295100
2021-12-31,1398.52,1401.18,1385.80,1400.92,1399400
2022-01-03,1410.36,1412.78,1389.56,1389.80,2745600
2022-01-04,1393.38,1424.60,1391.10,1422.75,2942900
2022-01-05,1426.84,1461.72,1406.86,1458.35,2539400
2022-01-06,1444.74,1488.41,1438.98,1477.59,1886300
2022-01-07,1466.55,1492.24,1450.41,1489.90,2678800
2022-01-10,1488.56,1496.65,1461.38,1470.12,2556100
2022-01-11,1466.48,1478.81,1458.81,1478.40,2267400
2022-01-12,1486.17,1502.96,1484.76,1492.34,1886100
2022-01-13,1493.98,1500.66,1465.06,1474.00,2852200
2022-01-14,1476.86,1477.67,1463.32,1471.59,2789600
2022-01-17,1476.44,1479.66,1455.06,1455.83,2894400
2022-01-18,1454.46,1464.69,1416.03,1426.57,2172100
2022-01-19,1422.59,1449.28,1411.74,1443.09,1876600
2022-01-20,1431.91,1453.98,1424.68,1448.24,2122800
2022-01-21,1455.63,1475.00,1441.23,1468.10,2288700
2022-01-24,1459.67,1506.44,1442.97,1496.99,2174100
2022-01-25,1508.51,1509.04,1465.94,1483.97,2489600
2022-01-26,1493.57,1526.50,1480.74,1513.74,2201200
2022-01-27,1512.01,1519.42,1495.34,1500.40,2312700
2022-01-28,1501.62,1512.39,1501.37,1508.07,2515400
2022-01-31,1503.74,1524.63,1494.18,1494.57,1724500
2022-02-01,1495.25,1515.59,1486.85,1508.90,2959100
2022-02-02,1516.51,1524.95,1497.32,1508.98,2494300
2022-02-03,1499.37,1534.46,1495.63,1524.88,2491100
2022-02-04,1533.83,1536.11,1523.00,1526.79,2588100
2022-02-07,1526.95,1530.07,1496.91,1511.51,2360100
2022-02-08,1503.87,1516.43,1477.81,1482.57,3265700
2022-02-09,1482.60,1488.09,1456.04,1473.57,2537100
2022-02-10,1466.10,1467.60,1463.77,1464.86,2604100
2022-02-11,1455.37,1482.55,1444.12,1478.74,2182800
2022-02-14,1476.16,1497.62,1426.72,1452.57,2348000
2022-02-15,1448.31,1488.27,1436.44,1467.91,2327100
2022-02-16,1467.79,1473.88,1417.06,1428.38,2244100
2022-02-17,1429.31,1447.32,1423.84,1440.92,3082100
2022-02-18,1430.28,1452.84,1422.14,1449.34,2783000
2022-02-21,1440.93,1480.62,1435.51,1467.19,3136400
2022-02-22,1467.19,1470.84,1437.81,1447.05,2250300
2022-02-23,1441.49,1452.32,1427.58,1446.00,2897600
2022-02-24,1458.44,1460.31,1415.70,1424.83,1942300
2022-02-25,1427.17,1498.62,1406.17,1492.71,3357300
2022-02-28,1496.92,1532.36,1480.47,1532.35,3736600
2022-03-01,1526.14,1541.88,1523.02,1540.13,1285500
2022-03-02,1553.07,1565.37,1537.49,1558.71,2646600
2022-03-03,1559.82,1567.02,1557.38,1561.53,2832700
2022-03-04,1553.61,1583.83,1540.33,1574.19,2364800
2022-03-07,1575.85,1587.69,1528.25,1536.92,2695800
2022-03-08,1529.17,1532.75,1528.50,1532.42,1844000
2022-03-09,1525.18,1562.93,1525.03,1561.23,3061300
2022-03-10,1565.00,1604.15,1559.29,1593.16,3016500
2022-03-11,1584.88,1601.75,1571.92,1576.32,3258000
2022-03-14,1575.64,1613.45,1563.39,1606.62,2338700
2022-03-15,1592.47,1599.55,1582.81,1595.34,2553000
2022-03-16,1599.97,1612.43,1593.68,1596.54,2297200
2022-03-17,1599.29,1600.53,1567.78,1586.15,1668800
2022-03-18,1588.70,1608.45,1557.89,1568.00,2132900
2022-03-21,1566.36,1590.05,1550.20,1582.78,2370000
2022-03-22,1583.04,1601.86,1571.20,1600.43,2864300
2022-03-23,1607.45,1618.91,1599.47,1604.63,2132200
2022-03-24,1605.06,1619.59,1598.82,1619.46,2330100
2022-03-25,1633.97,1639.27,1620.32,1627.17,3202600
2022-03-28,1624.44,1652.95,1610.92,1639.81,3183500
2022-03-29,1632.96,1635.31,1614.54,1620.80,2233500
2022-03-30,1614.84,1641.05,1608.53,1618.72,1936000
2022-03-31,1616.22,1630.56,1601.25,1630.50,2122900
2022-04-01,1647.11,1654.21,1597.80,1600.82,2121000
2022-04-04,1593.64,1595.74,1564.79,1581.02,2369000
2022-04-05,1573.45,1578.76,1566.57,1572.22,3111800
2022-04-06,1584.40,1594.63,1574.25,1592.71,2209900
2022-04-07,1602.54,1604.69,1575.80,1577.31,2785500
2022-04-08,1565.15,1575.17,1555.11,1556.56,1974900
2022-04-11,1547.95,1588.41,1540.18,1586.23,1770200
2022-04-12,1589.75,1613.37,1563.85,1608.87,2489000
2022-04-13,1604.19,1653.73,1603.88,1650.81,2581700
2022-04-14,1646.26,1655.08,1634.89,1645.79,3206900
2022-04-15,1637.95,1646.84,1629.59,1638.20,1937900
2022-04-18,1630.46,1654.16,1627.28,1652.49,2550300
2022-04-19,1652.98,1660.17,1612.46,1625.72,1413300
2022-04-20,1634.64,1650.43,1586.77,1594.36,3867000
2022-04-21,1597.51,1603.05,1588.52,1600.49,2734500
2022-04-22,1608.10,1613.98,1561.13,1583.39,3246700
2022-04-25,1581.06,1599.20,1579.75,1596.86,2177700
2022-04-26,1602.97,1607.67,1560.43,1568.53,3093100
2022-04-27,1571.44,1584.70,1556.52,1582.18,2613900
2022-04-28,1585.19,1601.04,1582.74,1600.31,2512500
2022-04-29,1599.96,1600.75,1577.80,1596.57,2313000
2022-05-02,1597.96,1601.44,1560.37,1571.50,2485700
2022-05-03,1583.02,1590.26,1574.06,1578.21,2520500
2022-05-04,1579.04,1603.30,1570.29,1602.16,2476100
2022-05-05,1606.08,1615.11,1570.19,1587.12,2464800
2022-05-06,1581.45,1601.88,1574.45,1594.80,1835200
2022-05-09,1606.22,1611.44,1592.30,1603.11,2126900
2022-05-10,1608.65,1609.22,1603.30,1609.12,3263600
2022-05-11,1599.33,1601.78,1588.79,1591.46,2561500
2022-05-12,1589.25,1610.55,1563.52,1572.07,2153700
2022-05-13,1574.50,1576.55,1546.05,1556.27,2082300
2022-05-16,1546.41,1564.36,1535.48,1564.26,3043800
2022-05-17,1563.27,1601.92,1553.12,1579.15,2897300
2022-05-18,1579.13,1618.62,1570.93,1613.64,2540100
2022-05-19,1627.70,1640.54,1620.46,1624.59,2947400
2022-05-20,1623.41,1625.54,1609.40,1609.98,2489700
2022-05-23,1604.31,1611.31,1598.00,1606.49,2451500
2022-05-24,1615.27,1627.24,1612.83,1625.79,2971300
2022-05-25,1618.18,1659.97,1608.07,1654.43,2406300
2022-05-26,1654.69,1660.45,1615.27,1632.74,1999400
2022-05-27,1631.25,1644.76,1616.15,1635.62,2207200
2022-05-30,1640.07,1653.70,1612.99,1627.67,2616800
2022-05-31,1628.21,1640.25,1626.23,1631.46,2101100
2022-06-01,1634.19,1637.57,1627.57,1627.78,2533000
2022-06-02,1628.27,1654.29,1624.17,1644.89,2017300
2022-06-03,1638.43,1666.22,1633.58,1662.04,2892000
2022-06-06,1677.25,1698.53,1643.77,1654.88,2415900
2022-06-07,1658.22,1670.72,1623.53,1627.39,2327100
2022-06-08,1624.23,1628.63,1595.14,1598.01,2599400
2022-06-09,1581.17,1608.66,1574.82,1604.67,2215900
2022-06-10,1611.72,1680.70,1592.97,1677.68,2419600
2022-06-13,1675.42,1705.85,1666.03,1693.15,2665400
2022-06-14,1679.79,1722.09,1669.10,1718.11,3072200
2022-06-15,1720.04,1747.72,1700.41,1711.62,2803700
2022-06-16,1725.39,1735.83,1642.75,1646.75,2486100
2022-06-17,1649.47,1654.99,1631.97,1632.61,1907000
2022-06-20,1624.49,1692.50,1620.79,1665.85,1596300
2022-06-21,1658.19,1678.26,1650.36,1652.84,2245500
2022-06-22,1649.01,1674.38,1638.44,1665.60,2112900
2022-06-23,1670.94,1674.10,1628.42,1629.88,2054300
2022-06-24,1621.40,1632.35,1609.64,1625.58,2270400
2022-06-27,1634.53,1667.20,1632.78,1663.26,3098700
2022-06-28,1657.65,1664.23,1648.25,1658.80,3360100
2022-06-29,1673.15,1688.26,1651.44,1654.32,2841400
2022-06-30,1651.27,1655.12,1602.42,1615.99,1882600
2022-07-01,1608.48,1639.69,1602.95,1628.77,2396000
2022-07-04,1620.07,1669.20,1604.72,1661.17,2929000
2022-07-05,1662.31,1714.20,1651.37,1686.31,2345400
2022-07-06,1693.32,1713.42,1690.47,1710.52,1993500
2022-07-07,1711.18,1716.39,1698.37,1705.94,2223900
2022-07-08,1705.16,1722.16,1702.93,1719.87,3268700
2022-07-11,1735.87,1738.77,1721.92,1736.80,2247400
2022-07-12,1738.28,1739.00,1715.62,1719.27,3508300
2022-07-13,1721.06,1731.75,1702.76,1714.66,2524900
2022-07-14,1715.44,1732.13,1692.90,1707.33,3676100
2022-07-15,1693.92,1697.58,1660.97,1668.94,2303100
2022-07-18,1661.37,1675.36,1645.03,1655.08,2703300
2022-07-19,1659.10,1677.76,1656.15,1675.86,1849000
2022-07-20,1694.17,1698.67,1658.70,1664.77,2386100
2022-07-21,1672.80,1698.05,1601.82,1622.71,1810100
2022-07-22,1607.37,1614.01,1600.04,1613.33,2332700
2022-07-25,1610.08,1625.73,1601.31,1617.73,2503800
2022-07-26,1620.03,1633.99,1617.21,1630.59,2986900
2022-07-27,1628.12,1685.75,1616.17,1680.87,2219300
2022-07-28,1685.42,1698.67,1653.67,1664.98,1971400
2022-07-29,1667.98,1670.34,1642.50,1646.95,2354700
2022-08-01,1640.81,1640.93,1626.49,1630.43,1651200
2022-08-02,1633.49,1633.85,1606.04,1633.04,2705200
2022-08-03,1623.46,1631.24,1621.06,1626.91,3322100
2022-08-04,1628.42,1687.13,1628.40,1675.51,3803000
2022-08-05,1682.04,1686.34,1638.37,1656.03,3385700
2022-08-08,1659.26,1667.27,1610.86,1631.35,2284200
2022-08-09,1625.87,1639.01,1603.01,1623.64,1998100
2022-08-10,1619.22,1637.42,1581.39,1588.23,2402300
2022-08-11,1593.22,1599.44,1587.44,1588.96,2634200
2022-08-12,1587.31,1622.21,1582.62,1611.12,2250600
2022-08-15,1605.92,1631.23,1589.33,1615.96,2278300
2022-08-16,1608.88,1620.97,1601.20,1608.97,3356400
2022-08-17,1613.65,1623.40,1601.65,1618.27,2210200
2022-08-18,1615.97,1622.41,1615.82,1618.18,2786500
2022-08-19,1623.40,1651.57,1619.82,1647.70,2801500
2022-08-22,1638.44,1650.58,1603.80,1625.17,2369300
2022-08-23,1633.55,1634.17,1597.71,1599.80,2445700
2022-08-24,1599.87,1601.18,1578.53,1587.01,2925000
2022-08-25,1590.23,1645.31,1579.72,1645.02,2103400
2022-08-26,1656.45,1670.73,1628.28,1638.42,2386200
2022-08-29,1622.72,1628.58,1605.34,1617.79,1263400
2022-08-30,1623.68,1640.76,1617.77,1640.36,2466300
2022-08-31,1639.38,1669.95,1628.27,1665.43,1830600
2022-09-01,1664.58,1690.34,1663.32,1682.18,2341600
2022-09-02,1685.52,1686.39,1627.01,1631.54,2171500
2022-09-05,1633.78,1661.42,1625.58,1661.36,2095400
2022-09-06,1653.04,1678.37,1618.31,1639.00,1882400
2022-09-07,1641.02,1651.27,1630.94,1638.91,1848200
2022-09-08,1640.40,1645.24,1625.70,1634.04,3053000
2022-09-09,1629.68,1672.69,1618.72,1656.98,1891400
2022-09-12,1660.83,1663.12,1626.62,1636.22,3633900
2022-09-13,1633.27,1647.21,1631.02,1638.49,1886900
2022-09-14,1636.37,1653.48,1635.44,1650.86,2413600
2022-09-15,1643.61,1646.56,1610.37,1631.01,2675100
2022-09-16,1628.87,1628.97,1598.21,1600.19,2587500
2022-09-19,1596.76,1634.17,1595.05,1611.27,2462000
2022-09-20,1605.44,1632.69,1588.91,1617.61,2568300
2022-09-21,1611.16,1647.28,1609.05,1635.92,3021200
2022-09-22,1640.10,1647.71,1635.60,1647.25,2909100
2022-09-23,1635.37,1669.41,1631.62,1662.87,2073900
2022-09-26,1664.08,1666.60,1614.02,1621.77,2332200
2022-09-27,1627.35,1640.28,1600.20,1606.34,2570200
2022-09-28,1614.10,1637.31,1604.02,1631.20,2730100
2022-09-29,1630.33,1639.10,1623.32,1623.78,2499000
2022-09-30,1625.15,1647.40,1607.16,1641.65,2443200
2022-10-03,1647.08,1673.40,1628.53,1671.22,2881200
2022-10-04,1666.36,1670.42,1658.30,1669.66,2545500
2022-10-05,1658.22,1697.79,1649.33,1682.80,1916700
2022-10-06,1677.46,1689.30,1630.45,1644.08,2571200
2022-10-07,1645.83,1657.22,1642.72,1651.76,2202800
2022-10-10,1653.57,1669.12,1652.85,1668.05,2605200
2022-10-11,1670.58,1672.72,1647.01,1655.74,2951200
2022-10-12,1652.48,1683.93,1648.05,1681.95,2395400
2022-10-13,1670.74,1671.54,1662.68,1664.19,2393700
2022-10-14,1666.50,1667.54,1644.16,1660.72,2730400
2022-10-17,1654.92,1666.01,1603.64,1628.26,3020100
2022-10-18,1630.35,1652.15,1623.88,1638.32,2243400
2022-10-19,1635.01,1639.00,1604.13,1610.04,2809600
2022-10-20,1608.62,1612.31,1596.93,1603.79,3329500
2022-10-21,1596.47,1598.42,1535.66,1544.33,1381100
2022-10-24,1543.31,1552.61,1514.24,1520.10,1823800
2022-10-25,1520.88,1529.72,1508.21,1514.86,3286000
2022-10-26,1514.07,1518.66,1510.62,1518.02,2536900
2022-10-27,1514.81,1539.91,1508.24,1537.95,2147700
2022-10-28,1540.84,1550.75,1514.89,1526.20,2615100
2022-10-31,1526.65,1550.44,1517.00,1547.52,2595900
2022-11-01,1557.14,1567.07,1538.19,1544.91,2326100
2022-11-02,1543.48,1560.61,1533.61,1555.02,3067600
2022-11-03,1561.82,1574.57,1541.86,1546.41,1913800
2022-11-04,1552.82,1556.16,1524.80,1542.99,2469800
2022-11-07,1540.82,1577.13,1533.41,1571.22,1937200
2022-11-08,1559.28,1610.24,1557.50,1600.99,2779200
2022-11-09,1607.20,1609.63,1588.95,1598.76,1733400
2022-11-10,1599.20,1602.09,1552.69,1563.04,3165300
2022-11-11,1565.53,1573.34,1544.82,1555.74,3303000
2022-11-14,1557.90,1580.72,1553.95,1576.25,2476400
2022-11-15,1567.88,1576.81,1559.44,1573.41,1682800
2022-11-16,1579.11,1609.31,1562.38,1594.11,2889000
2022-11-17,1589.56,1595.72,1541.78,1542.66,2578400
2022-11-18,1538.80,1546.47,1532.66,1545.06,2884900
2022-11-21,1556.84,1568.00,1544.55,1547.07,1872300
2022-11-22,1548.15,1554.79,1518.12,1523.95,3227400
2022-11-23,1523.82,1538.61,1506.04,1536.77,2578500
2022-11-24,1539.62,1539.82,1513.78,1525.00,1638900
2022-11-25,1526.31,1542.28,1498.56,1518.67,2886200
2022-11-28,1513.34,1524.20,1496.43,1501.85,1900300
2022-11-29,1507.93,1512.05,1476.15,1494.32,2148600
2022-11-30,1493.87,1495.12,1468.78,1469.53,2050500
2022-12-01,1462.54,1495.98,1451.50,1494.80,2992700
2022-12-02,1496.46,1545.41,1481.67,1534.93,3159800
2022-12-05,1540.64,1543.40,1507.73,1508.16,2414600
2022-12-06,1503.64,1506.19,1482.50,1485.80,2723400
2022-12-07,1478.32,1505.87,1466.69,1498.55,1538800
2022-12-08,1499.85,1507.13,1473.27,1485.22,2334000
2022-12-09,1483.85,1489.57,1456.78,1465.74,1914800
2022-12-12,1464.32,1483.90,1461.92,1476.33,1854700
2022-12-13,1464.18,1508.97,1455.23,1497.10,1928200
2022-12-14,1506.23,1514.39,1471.54,1473.80,3829600
2022-12-15,1486.41,1497.41,1426.20,1436.76,2527100
2022-12-16,1433.22,1448.63,1431.43,1441.18,2085600
2022-12-19,1446.51,1446.66,1420.76,1422.55,2266600
2022-12-20,1427.70,1466.55,1421.06,1458.06,2669800
2022-12-21,1451.77,1473.95,1445.12,1467.67,2921600
2022-12-22,1461.25,1471.01,1448.75,1456.71,2579200
2022-12-23,1450.21,1461.75,1430.20,1448.24,1754300
2022-12-26,1437.09,1489.99,1430.06,1482.90,2280500
2022-12-27,1487.36,1496.79,1461.48,1463.45,2957300
2022-12-28,1457.46,1515.54,1437.04,1503.47,2991700
2022-12-29,1505.39,1575.35,1503.88,1559.96,2967500
2022-12-30,1557.57,1564.54,1543.54,1543.63,3234100
2023-01-02,1543.48,1547.46,1539.21,1543.08,2277200
2023-01-03,1538.56,1538.79,1498.91,1509.86,2509800
2023-01-04,1507.60,1531.19,1503.28,1528.77,2211300
2023-01-05,1533.93,1544.87,1505.76,1517.74,2373800
2023-01-06,1514.27,1516.22,1490.16,1501.80,1772400
2023-01-09,1512.52,1531.87,1497.62,1527.74,2202700
2023-01-10,1534.49,1538.86,1500.17,1519.57,3193700
2023-01-11,1531.50,1536.12,1513.03,1517.44,1673400
2023-01-12,1524.99,1565.98,1515.55,1552.70,2869400
2023-01-13,1555.80,1577.43,1538.39,1563.25,2533700
2023-01-16,1558.98,1571.11,1541.66,1552.00,3174100
2023-01-17,1558.37,1565.30,1527.87,1539.30,2230900
2023-01-18,1535.32,1539.51,1525.26,1527.98,2833400
2023-01-19,1523.08,1553.73,1519.97,1534.69,3125000
2023-01-20,1531.28,1542.31,1523.06,1530.92,2620700
2023-01-23,1533.76,1537.63,1514.85,1515.76,2581300
2023-01-24,1511.52,1544.12,1501.15,1540.76,2346000
2023-01-25,1554.38,1559.08,1519.91,1529.19,2781600
2023-01-26,1531.72,1541.63,1501.59,1505.09,3123500
2023-01-27,1509.98,1517.98,1498.70,1500.51,2109100
2023-01-30,1509.57,1512.18,1479.39,1492.36,2823000
2023-01-31,1487.74,1489.08,1458.95,1479.47,2365000
2023-02-01,1476.99,1504.51,1472.72,1504.20,2785600
2023-02-02,1500.05,1513.34,1491.02,1512.33,1577900
2023-02-03,1522.70,1527.82,1502.97,1509.17,2371100
2023-02-06,1506.32,1534.86,1504.71,1524.72,2761400
2023-02-07,1527.27,1574.76,1526.91,1567.78,2411300
2023-02-08,1564.30,1617.36,1562.30,1597.36,2766300
2023-02-09,1600.58,1627.89,1600.30,1624.78,2624300
2023-02-10,1618.19,1621.41,1613.83,1615.57,1027100
2023-02-13,1620.95,1623.98,1607.45,1611.36,2149200
2023-02-14,1604.44,1650.30,1603.81,1632.67,2285300
2023-02-15,1621.46,1644.54,1617.99,1637.49,2304700
2023-02-16,1637.73,1655.93,1637.30,1653.98,1593900
2023-02-17,1666.08,1666.98,1648.00,1649.10,2303800
2023-02-20,1662.80,1666.62,1615.74,1635.90,2178600
2023-02-21,1625.86,1633.84,1618.86,1633.72,2448900
2023-02-22,1639.55,1643.45,1570.96,1588.84,2339700
2023-02-23,1582.13,1588.90,1563.43,1576.19,2982600
2023-02-24,1567.76,1608.83,1563.44,1595.41,2125500
2023-02-27,1608.89,1614.86,1605.39,1609.46,2478700
2023-02-28,1609.88,1634.39,1597.00,1630.72,2632900
2023-03-01,1646.55,1660.84,1620.72,1632.54,2413900
2023-03-02,1637.66,1642.77,1619.80,1622.37,2594300
2023-03-03,1620.01,1648.74,1612.15,1632.84,2440400
2023-03-06,1636.40,1651.40,1633.63,1643.93,3334200
2023-03-07,1641.24,1660.90,1626.96,1658.10,2462700
2023-03-08,1647.93,1648.68,1639.13,1642.28,3101000
2023-03-09,1644.61,1647.18,1605.87,1608.35,2370500
2023-03-10,1605.22,1606.79,1577.10,1583.49,2824600
2023-03-13,1580.23,1597.61,1569.86,1586.69,2406200
2023-03-14,1577.66,1584.09,1561.54,1575.50,2330100
2023-03-15,1578.62,1599.75,1551.15,1557.27,2190900
2023-03-16,1556.53,1557.78,1542.03,1545.55,2594200
2023-03-17,1547.97,1558.28,1520.76,1523.82,1718700
2023-03-20,1530.54,1564.69,1524.75,1557.52,1887800
2023-03-21,1553.19,1561.34,1547.68,1553.88,2378700
2023-03-22,1551.57,1602.99,1549.99,1581.45,1551500
2023-03-23,1589.75,1602.54,1578.12,1599.72,2622600
2023-03-24,1606.90,1621.71,1603.17,1608.76,3290200
2023-03-27,1608.27,1618.15,1593.20,1612.26,2826700
2023-03-28,1610.58,1611.64,1597.25,1601.62,3258800
2023-03-29,1604.87,1624.25,1604.20,1623.88,3571800
2023-03-30,1615.66,1631.28,1611.18,1615.56,2185500
2023-03-31,1619.85,1630.15,1593.36,1596.30,2213900
2023-04-03,1598.55,1624.13,1595.01,1620.33,2424900
2023-04-04,1620.00,1622.54,1600.53,1612.82,1797200
2023-04-05,1608.12,1617.27,1597.95,1616.43,2246700
2023-04-06,1625.32,1636.39,1613.05,1632.76,2292700
2023-04-07,1641.07,1648.16,1603.62,1606.77,3094200
2023-04-10,1609.32,1671.44,1598.77,1656.78,2599000
2023-04-11,1661.90,1691.15,1657.82,1678.67,2023800
2023-04-12,1680.16,1708.13,1674.43,1704.06,2161300
2023-04-13,1714.47,1719.88,1695.45,1718.39,2521400
2023-04-14,1725.35,1738.08,1712.42,1720.22,2866900
2023-04-17,1723.42,1730.96,1696.21,1697.58,2586700
2023-04-18,1703.63,1761.31,1696.12,1759.69,1945800
2023-04-19,1752.80,1753.95,1728.25,1739.65,2818200
2023-04-20,1740.04,1749.57,1717.96,1728.68,2669700
2023-04-21,1724.41,1738.32,1700.83,1708.10,1753500
2023-04-24,1701.98,1703.67,1686.95,1691.21,2970300
2023-04-25,1691.59,1738.35,1686.34,1736.08,2997400
2023-04-26,1743.15,1756.87,1730.74,1753.98,2482900
2023-04-27,1755.05,1783.35,1748.95,1780.54,2553000
2023-04-28,1781.23,1791.06,1770.75,1772.36,2543600
2023-05-01,1768.86,1781.24,1750.27,1773.04,2694200
2023-05-02,1778.99,1786.36,1726.52,1738.08,2852700
2023-05-03,1748.90,1757.28,1735.92,1740.50,2614700
2023-05-04,1732.85,1744.33,1730.21,1735.46,1755000
2023-05-05,1734.39,1750.73,1714.94,1729.74,2427700
2023-05-08,1729.43,1771.00,1728.23,1766.56,2694500
2023-05-09,1751.40,1764.70,1747.44,1750.87,3164800
2023-05-10,1763.18,1785.56,1761.69,1778.88,3044800
2023-05-11,1780.06,1819.05,1769.34,1798.57,2319000
2023-05-12,1806.90,1830.22,1773.04,1783.26,2964700
2023-05-15,1779.56,1786.37,1738.56,1749.44,2312100
2023-05-16,1743.03,1797.31,1728.71,1791.36,2705700
2023-05-17,1793.87,1800.79,1780.24,1783.09,3390600
2023-05-18,1786.40,1786.71,1733.32,1733.81,1171800
2023-05-19,1744.13,1766.19,1675.04,1706.26,2852800
2023-05-22,1722.92,1727.94,1663.53,1681.69,2319800
2023-05-23,1679.52,1712.13,1675.65,1701.02,3046800
2023-05-24,1699.97,1723.75,1692.40,1717.56,2648400
2023-05-25,1720.44,1731.98,1706.60,1721.99,2624600
2023-05-26,1721.94,1787.83,1703.40,1781.34,2726000
2023-05-29,1779.72,1824.87,1766.29,1810.15,2403600
2023-05-30,1816.73,1824.58,1764.98,1768.72,2408700
2023-05-31,1759.79,1820.44,1748.01,1814.39,2713100
2023-06-01,1803.31,1849.15,1791.65,1844.71,2768900
2023-06-02,1848.41,1854.71,1842.53,1850.49,1984700
2023-06-05,1847.34,1883.42,1841.29,1871.43,1847400
2023-06-06,1862.60,1897.92,1861.70,1895.57,2893400
2023-06-07,1912.59,1921.68,1909.64,1909.89,2340500
2023-06-08,1910.93,1952.15,1904.79,1937.22,3018200
2023-06-09,1945.15,1960.91,1918.08,1928.07,2327400
2023-06-12,1922.26,1934.82,1905.23,1926.30,3956600
2023-06-13,1914.53,1933.97,1910.52,1930.59,2317500
2023-06-14,1928.16,1929.68,1906.66,1918.82,2012600
2023-06-15,1928.99,1931.58,1901.26,1902.56,2303600
2023-06-16,1910.91,1940.86,1904.62,1930.18,2840600
2023-06-19,1933.53,1940.47,1922.52,1925.54,3063800
2023-06-20,1925.88,1965.12,1917.33,1956.46,2521700
2023-06-21,1943.98,1960.66,1940.09,1942.69,3012900
2023-06-22,1939.48,1946.12,1917.01,1924.14,2215900
2023-06-23,1935.03,1949.12,1915.97,1919.62,2690700
2023-06-26,1923.59,1973.45,1918.72,1966.28,2352300
2023-06-27,1949.84,1986.12,1947.39,1974.46,2316400
2023-06-28,1982.29,2018.86,1975.48,2002.86,2963000
2023-06-29,1998.14,2042.84,1994.71,2033.84,1915700
2023-06-30,2036.04,2039.98,1989.47,1991.79,2275800
2023-07-03,1987.67,1988.75,1943.01,1955.12,2952500
2023-07-04,1954.07,1976.53,1943.28,1964.02,1867000
2023-07-05,1973.99,1979.00,1954.46,1967.34,2665500
2023-07-06,1974.84,1986.77,1952.27,1953.94,2976700
2023-07-07,1957.20,1970.88,1919.42,1930.19,3717300
2023-07-10,1930.04,1943.96,1929.26,1932.19,1975300
2023-07-11,1922.31,1948.87,1894.77,1920.58,2344000
2023-07-12,1913.35,1950.52,1906.51,1940.70,2080400
2023-07-13,1939.76,1958.98,1888.09,1903.15,1782300
2023-07-14,1905.36,1951.02,1890.13,1935.23,2845100
2023-07-17,1926.99,1930.81,1902.76,1912.21,2409200
2023-07-18,1906.27,1923.71,1889.48,1917.93,2591300
2023-07-19,1915.35,1940.63,1912.79,1935.03,1979300
2023-07-20,1930.87,1972.51,1926.36,1970.50,2498300
2023-07-21,1967.24,2002.49,1964.79,1994.50,2507600
2023-07-24,2003.98,2012.11,1979.01,1979.38,2046400
2023-07-25,1980.70,2032.27,1950.09,2022.64,2580600
2023-07-26,2024.89,2035.25,1994.49,1997.58,2372300
2023-07-27,1989.68,1997.97,1977.30,1992.31,2138600
2023-07-28,1994.35,2037.83,1979.17,2032.90,3234100
2023-07-31,2044.56,2081.15,2033.35,2071.00,2210500
2023-08-01,2071.76,2095.49,2066.59,2076.05,2650600
2023-08-02,2067.89,2088.84,2045.23,2083.86,2150700
2023-08-03,2083.14,2084.02,2057.21,2063.47,1240200
2023-08-04,2070.04,2100.84,2043.28,2100.65,2592000
2023-08-07,2109.75,2161.48,2104.19,2156.59,2088600
2023-08-08,2139.11,2154.88,2138.89,2146.25,2385800
2023-08-09,2143.57,2202.53,2124.93,2190.95,1988700
2023-08-10,2183.48,2191.18,2182.76,2188.66,2591700
2023-08-11,2178.50,2250.39,2169.40,2213.46,2194400
2023-08-14,2212.89,2213.69,2151.45,2155.38,2369200
2023-08-15,2154.50,2161.11,2124.27,2126.54,2483500
2023-08-16,2132.67,2135.12,2101.20,2102.03,2726300
2023-08-17,2108.30,2169.77,2093.15,2139.78,2447600
2023-08-18,2130.01,2146.15,2129.15,2140.18,2265100
2023-08-21,2138.44,2142.93,2107.35,2107.58,3265300
2023-08-22,2118.01,2122.60,2061.83,2080.62,2970500
2023-08-23,2073.52,2092.73,2039.19,2040.26,2379200
2023-08-24,2044.64,2051.07,1986.57,1999.04,2331900
2023-08-25,2004.53,2032.66,1995.14,2032.47,2818300
2023-08-28,2025.56,2047.14,2011.71,2014.25,2195000
2023-08-29,2017.82,2035.94,2001.54,2002.32,3430200
2023-08-30,2007.86,2038.95,2007.06,2028.38,2940000
2023-08-31,2042.91,2071.74,2021.18,2059.49,2633800
2023-09-01,2072.30,2086.57,2029.28,2046.09,1423100
2023-09-04,2053.89,2086.43,2030.10,2068.68,2169500
2023-09-05,2062.14,2074.27,2021.43,2030.86,3041300
2023-09-06,2010.74,2039.15,2004.40,2035.80,2465300
2023-09-07,2029.35,2045.32,2014.26,2033.64,1814900
2023-09-08,2052.91,2061.29,1969.83,2010.59,2656800
2023-09-11,2009.96,2017.37,2003.45,2016.59,2266700
2023-09-12,2010.93,2039.66,2002.98,2037.16,2644400
2023-09-13,2030.86,2108.36,2026.07,2103.58,3073000
2023-09-14,2111.57,2131.12,2071.70,2076.69,3028800
2023-09-15,2081.89,2095.97,2074.00,2092.43,3350600
2023-09-18,2085.08,2090.76,2073.81,2080.49,2392400
2023-09-19,2072.98,2086.94,2054.29,2062.88,2171000
2023-09-20,2050.54,2055.11,2034.24,2053.17,2284800
2023-09-21,2068.64,2069.76,2067.00,2069.56,1694600
2023-09-22,2073.69,2082.45,2016.12,2023.80,1243800
2023-09-25,2024.08,2028.28,1969.66,1981.96,2463600
2023-09-26,1987.37,2038.32,1972.29,2028.74,1586700
2023-09-27,2033.66,2055.23,1989.59,1999.32,2930500
2023-09-28,1989.09,2064.34,1982.60,2055.15,2086100
2023-09-29,2048.48,2064.55,2024.20,2055.28,2158000
2023-10-02,2055.34,2070.14,2041.78,2047.55,2057000
2023-10-03,2040.69,2046.88,2027.39,2037.28,2863800
2023-10-04,2034.25,2062.89,2029.61,2058.96,2176300
2023-10-05,2062.74,2091.66,2062.62,2086.14,2710000
2023-10-06,2081.06,2089.88,2077.28,2087.86,2779100
2023-10-09,2087.48,2102.42,2057.06,2057.46,2662300
2023-10-10,2058.76,2068.07,2006.75,2012.44,2864900
2023-10-11,2006.95,2022.28,1955.60,1971.39,2100500
2023-10-12,1981.14,1981.61,1901.03,1911.21,2495600
2023-10-13,1907.12,1949.53,1906.08,1926.89,2913800
2023-10-16,1917.59,1936.08,1913.99,1920.10,2757100
2023-10-17,1917.39,1929.79,1907.50,1922.74,2154300
2023-10-18,1931.12,1943.55,1918.63,1932.30,2759000
2023-10-19,1924.74,1973.78,1898.14,1963.92,3032800
2023-10-20,1973.16,1993.79,1952.23,1952.66,2211800
2023-10-23,1948.86,2028.93,1947.66,2002.53,2393600
2023-10-24,2010.74,2012.63,1990.95,2000.97,2867600
2023-10-25,1996.55,2005.66,1982.69,2001.82,2845700
2023-10-26,1994.59,2060.41,1985.93,2050.22,2464000
2023-10-27,2049.24,2086.28,2041.48,2084.46,3058300
2023-10-30,2083.40,2084.67,2071.31,2078.87,2382000
2023-10-31,2067.49,2072.85,2033.53,2043.20,2366500
2023-11-01,2042.87,2129.85,2036.53,2111.36,2137200
2023-11-02,2109.69,2114.45,2098.65,2105.07,3135000
2023-11-03,2101.55,2103.35,2075.90,2079.07,2448600
2023-11-06,2082.64,2093.13,2031.99,2032.65,1751300
2023-11-07,2025.83,2054.28,2019.21,2042.16,2832800
2023-11-08,2056.60,2135.21,2049.66,2131.35,3095800
2023-11-09,2130.94,2147.58,2097.73,2145.79,2028500
2023-11-10,2154.91,2177.80,2128.04,2144.25,2357200
2023-11-13,2148.70,2150.33,2144.60,2144.86,2886500
2023-11-14,2149.81,2152.67,2083.42,2103.94,3008100
2023-11-15,2101.84,2115.06,2079.19,2091.78,2545100
2023-11-16,2080.96,2139.26,2068.85,2126.93,2226000
2023-11-17,2131.72,2136.60,2064.33,2083.80,2997400
2023-11-20,2078.54,2099.25,2064.07,2096.07,1620900
2023-11-21,2093.15,2115.13,2051.28,2056.57,2013800
2023-11-22,2042.12,2099.34,2040.38,2096.12,2012800
2023-11-23,2105.19,2132.05,2100.18,2127.55,2736400
2023-11-24,2131.61,2226.84,2128.92,2197.06,2352400
2023-11-27,2199.41,2206.21,2183.60,2193.80,3376500
2023-11-28,2191.68,2217.33,2151.06,2163.25,3254200
2023-11-29,2149.85,2206.60,2132.35,2200.67,1694700
2023-11-30,2206.66,2252.55,2201.26,2246.86,1764600
2023-12-01,2242.51,2249.85,2206.90,2215.83,3402200
2023-12-04,2214.27,2225.49,2142.38,2161.89,2051800
2023-12-05,2158.62,2160.46,2112.19,2113.53,1974500
2023-12-06,2119.94,2130.15,2070.21,2082.66,2961000
2023-12-07,2090.78,2107.17,2086.84,2100.65,2899800
2023-12-08,2109.92,2111.59,2058.80,2072.61,2451500
2023-12-11,2076.29,2110.98,2066.35,2109.22,2496800
2023-12-12,2106.54,2122.52,2078.34,2119.69,2570300
2023-12-13,2133.04,2176.83,2132.61,2149.44,2602600
2023-12-14,2152.65,2162.65,2094.92,2117.68,2485000
2023-12-15,2117.49,2124.98,2071.16,2083.03,1953800
2023-12-18,2078.35,2150.57,2070.13,2126.07,2947800
2023-12-19,2118.33,2147.23,2115.55,2136.74,3192800
2023-12-20,2126.67,2185.56,2108.64,2171.18,3162500
2023-12-21,2176.85,2189.38,2166.07,2168.44,3614900
2023-12-22,2170.45,2193.45,2126.63,2126.93,3451600
2023-12-25,2128.76,2134.43,2073.08,2079.15,1727000
2023-12-26,2080.88,2083.64,2042.29,2052.25,2252900
2023-12-27,2047.18,2070.13,2004.92,2007.28,2511600
2023-12-28,2010.76,2030.38,1988.47,2001.13,2321300
2023-12-29,1995.33,2008.60,1983.84,1988.47,2316300
2024-01-01,2004.68,2013.31,1950.94,1959.50,1692900
2024-01-02,1964.41,1974.16,1956.65,1969.45,2407300
2024-01-03,1969.37,2015.18,1963.10,1993.19,2271000
2024-01-04,1992.19,2010.77,1964.14,1966.39,2129500
2024-01-05,1954.46,1961.95,1947.43,1955.97,3002200
2024-01-08,1965.40,1987.29,1962.96,1982.34,3192100
2024-01-09,1987.60,2000.92,1969.23,1976.64,1689000
2024-01-10,1975.13,1977.96,1970.43,1974.13,2488200
2024-01-11,1967.65,1993.74,1942.32,1944.14,3069000
2024-01-12,1938.80,1963.70,1934.25,1946.04,3269700
2024-01-15,1938.05,1964.11,1931.90,1958.11,2640000
2024-01-16,1955.92,1957.51,1931.69,1940.69,2775100
2024-01-17,1936.05,1958.85,1934.56,1950.80,2716500
2024-01-18,1944.09,1991.90,1924.87,1969.28,3661700
2024-01-19,1970.09,1979.23,1936.86,1948.74,2265500
2024-01-22,1948.11,1954.04,1929.95,1943.98,2742100
2024-01-23,1962.14,1967.87,1934.87,1951.14,2239600
2024-01-24,1966.87,1968.05,1889.12,1915.42,2124200
2024-01-25,1922.50,1932.33,1842.66,1865.62,2069600
2024-01-26,1884.33,1886.12,1844.02,1876.77,2472300
2024-01-29,1866.38,1900.45,1850.91,1878.23,3019800
2024-01-30,1870.42,1900.52,1864.43,1896.85,2508100
2024-01-31,1886.37,1886.43,1861.87,1863.77,2507900
2024-02-01,1868.51,1891.30,1847.64,1884.79,2630900
2024-02-02,1875.59,1877.88,1852.24,1863.97,2697200
2024-02-05,1862.76,1882.92,1851.29,1873.81,2033400
2024-02-06,1877.18,1894.23,1865.82,1892.18,3461200
2024-02-07,1891.64,1893.43,1881.22,1890.30,1876400
2024-02-08,1885.66,1909.95,1859.31,1867.63,3440700
2024-02-09,1877.51,1887.75,1854.27,1856.50,2613300
2024-02-12,1855.77,1867.62,1844.69,1861.18,2521600
2024-02-13,1864.14,1881.06,1862.72,1873.87,2255100
2024-02-14,1879.12,1904.13,1866.85,1886.78,2152400
2024-02-15,1883.59,1926.44,1865.49,1916.41,2744700
2024-02-16,1924.60,1936.23,1922.42,1926.26,1517900
2024-02-19,1912.85,1918.71,1885.08,1895.34,3682200
2024-02-20,1894.57,1897.67,1883.07,1891.03,2779500
2024-02-21,1894.63,1906.22,1856.19,1856.59,2339100
2024-02-22,1851.43,1866.27,1849.65,1862.88,3111000
2024-02-23,1868.23,1868.35,1815.38,1831.49,1972800
2024-02-26,1831.10,1887.67,1820.74,1874.35,2961900
2024-02-27,1875.21,1883.76,1831.94,1860.16,2470300
2024-02-28,1863.11,1884.49,1837.27,1861.35,2668900
2024-02-29,1855.32,1900.14,1848.61,1898.32,3345400
2024-03-01,1911.80,1912.44,1874.39,1888.07,2607000
2024-03-04,1882.95,1904.18,1879.80,1896.16,3855800
2024-03-05,1888.29,1925.35,1880.86,1922.09,2521100
2024-03-06,1915.21,1966.99,1905.61,1942.17,3051600
2024-03-07,1942.46,1956.91,1923.73,1933.31,3124600
2024-03-08,1945.39,1948.23,1894.80,1906.24,2951500
2024-03-11,1903.02,1904.81,1872.24,1882.93,3022300
2024-03-12,1869.67,1891.15,1839.79,1857.47,2610900
2024-03-13,1856.66,1875.31,1856.60,1873.08,2637400
2024-03-14,1870.88,1894.86,1847.22,1885.30,2519500
2024-03-15,1879.19,1950.99,1877.53,1940.31,2015700
2024-03-18,1942.54,1955.10,1888.54,1892.72,2235400
2024-03-19,1908.00,1915.25,1855.79,1867.79,2419200
2024-03-20,1860.87,1911.59,1860.04,1903.94,2528300
2024-03-21,1915.22,1928.70,1870.06,1885.39,2504600
2024-03-22,1886.98,1932.41,1880.50,1930.62,1950500
2024-03-25,1927.65,1931.30,1908.33,1920.13,2173500
2024-03-26,1914.67,1958.75,1911.33,1948.40,2072600
2024-03-27,1949.55,1952.94,1924.21,1937.15,2873600
2024-03-28,1926.03,1946.79,1915.05,1938.03,2609500
2024-03-29,1940.34,1969.47,1931.59,1965.89,2865100
2024-04-01,1963.54,2018.69,1936.19,2010.10,2345600
2024-04-02,2012.87,2015.18,1973.02,1977.73,2549300
2024-04-03,1961.83,1972.95,1925.94,1928.30,2494100
2024-04-04,1925.50,1991.74,1918.53,1972.13,2614800
2024-04-05,1962.45,1966.80,1945.35,1955.16,2263200
2024-04-08,1939.68,1940.81,1924.89,1930.06,2505800
2024-04-09,1931.70,1957.74,1910.51,1955.85,2684700
2024-04-10,1963.19,1968.09,1955.78,1965.72,3117000
2024-04-11,1970.07,1977.48,1930.86,1946.70,2981600
2024-04-12,1953.18,1962.56,1952.98,1960.89,1806300
2024-04-15,1958.50,1965.04,1917.56,1948.48,2371500
2024-04-16,1942.74,1974.03,1942.23,1959.00,3099200
2024-04-17,1972.05,1994.61,1969.72,1970.77,3054800
2024-04-18,1959.93,1979.82,1949.54,1971.07,3048900
2024-04-19,1955.65,1975.72,1955.55,1966.72,1925300
2024-04-22,1950.37,1961.20,1936.52,1960.74,3485900
2024-04-23,1958.43,1986.70,1946.22,1984.37,3326300
2024-04-24,1979.69,1993.92,1977.10,1991.30,2463700
2024-04-25,1996.45,2022.69,1995.63,2016.64,2771100
2024-04-26,2009.76,2020.15,1968.69,1972.61,2146600
2024-04-29,1965.88,1975.26,1950.23,1959.91,3240600
2024-04-30,1963.31,1976.67,1934.98,1944.57,1656500
2024-05-01,1956.85,1978.93,1947.59,1952.11,2852700
2024-05-02,1960.02,1971.16,1948.04,1963.18,2484300
2024-05-03,1955.23,2034.45,1950.80,2028.09,2918900
2024-05-06,2020.19,2025.83,1998.02,2002.08,1535600
2024-05-07,1990.34,2008.42,1977.90,1996.03,2654700
2024-05-08,1997.31,2002.32,1940.54,1946.20,1754600
2024-05-09,1945.88,1946.15,1937.80,1941.06,2102600
2024-05-10,1938.14,1941.30,1913.50,1914.81,2507400
2024-05-13,1915.12,1939.38,1904.69,1928.15,2057600
2024-05-14,1918.77,1955.31,1915.65,1945.81,2354100
2024-05-15,1954.73,1966.73,1908.64,1910.69,2904200
2024-05-16,1905.90,1908.04,1892.57,1892.63,2794200
2024-05-17,1877.30,1916.17,1864.21,1915.07,2953000
2024-05-20,1912.48,1916.45,1896.54,1904.25,2751800
2024-05-21,1901.28,1911.34,1886.32,1902.22,1842100
2024-05-22,1897.40,1909.06,1868.62,1899.77,2809200
2024-05-23,1907.05,1965.04,1891.01,1953.58,2659100
2024-05-24,1961.43,2000.73,1948.89,1996.53,3052100
2024-05-27,1989.53,2018.20,1966.25,2012.69,2039500
2024-05-28,2019.36,2031.02,1949.18,1977.59,2492400
2024-05-29,1976.94,2003.94,1963.91,1993.40,2213300
2024-05-30,1990.07,1995.82,1911.54,1925.31,2292300
2024-05-31,1919.21,1966.63,1909.37,1955.58,2364200
2024-06-03,1947.61,1978.36,1932.86,1958.70,1864100
2024-06-04,1966.63,1974.40,1952.71,1953.89,2096200
2024-06-05,1949.31,2016.32,1930.72,2016.13,1885500
2024-06-06,2021.61,2068.53,2019.46,2059.56,2690600
2024-06-07,2058.63,2137.64,2030.27,2135.79,2407200
2024-06-10,2142.28,2145.68,2130.51,2144.61,2776200
2024-06-11,2153.09,2162.16,2110.34,2122.32,2404600
2024-06-12,2116.24,2168.72,2108.18,2165.76,1898800
2024-06-13,2172.40,2179.75,2161.23,2166.36,2321600
2024-06-14,2164.21,2220.08,2138.98,2201.37,1799900
2024-06-17,2216.53,2223.83,2191.82,2193.67,2264200
2024-06-18,2188.04,2232.40,2171.40,2230.53,2744000
2024-06-19,2233.10,2244.64,2182.93,2183.22,3150500
2024-06-20,2187.66,2219.23,2181.66,2211.21,2663100
2024-06-21,2215.16,2225.88,2183.41,2187.97,2694900
2024-06-24,2188.09,2196.30,2184.12,2195.38,2701600
2024-06-25,2191.21,2204.66,2158.75,2170.15,3160600
2024-06-26,2160.02,2163.64,2109.40,2111.39,1503900
2024-06-27,2115.46,2116.60,2089.46,2093.66,2245800
2024-06-28,2094.92,2119.86,2092.99,2107.58,2308700
2024-07-01,2119.57,2128.06,2111.18,2127.10,2574400
2024-07-02,2131.41,2135.77,2117.19,2129.88,2508900
2024-07-03,2125.49,2135.48,2071.74,2097.09,2651500
2024-07-04,2092.02,2096.41,2076.79,2082.71,2470000
2024-07-05,2082.67,2121.25,2076.27,2101.63,2625100
2024-07-08,2111.68,2120.47,2061.51,2065.07,3009100
2024-07-09,2070.16,2113.86,2065.81,2084.92,2063200
2024-07-10,2079.50,2099.43,2006.34,2032.89,1784900
2024-07-11,2035.60,2037.67,2016.09,2021.38,2692600
2024-07-12,2013.10,2018.90,2010.79,2017.93,2033000
2024-07-15,2013.72,2048.08,2005.02,2026.33,1673100
2024-07-16,2028.99,2032.72,2013.25,2014.80,2760200
2024-07-17,2025.04,2040.14,2005.35,2016.14,3290800
2024-07-18,2018.28,2020.79,1985.35,1999.24,2334300
2024-07-19,1997.31,2055.33,1987.51,2047.19,2085800
2024-07-22,2043.95,2072.54,2043.02,2060.54,2439900
2024-07-23,2057.45,2083.40,2048.96,2078.60,2605700
2024-07-24,2083.55,2086.57,2054.31,2083.58,2636100
2024-07-25,2084.83,2093.16,2073.37,2079.44,2120800
2024-07-26,2090.02,2132.52,2089.50,2120.11,2892800
2024-07-29,2121.50,2123.64,2117.96,2118.04,2093900
2024-07-30,2124.20,2128.79,2115.84,2126.69,2603800
2024-07-31,2116.76,2136.55,2069.67,2079.09,1720100
2024-08-01,2072.96,2113.31,2071.74,2098.30,2143500
2024-08-02,2096.63,2119.83,2075.41,2087.64,2067100
2024-08-05,2100.73,2106.23,2075.66,2088.09,2361300
2024-08-06,2085.60,2089.36,2063.60,2069.26,2314100
2024-08-07,2080.99,2098.65,2068.78,2071.36,2207300
2024-08-08,2076.60,2088.35,2058.84,2065.39,3052300
2024-08-09,2081.78,2113.24,2068.32,2076.31,2436300
2024-08-12,2074.02,2083.71,2061.44,2081.76,2956900
2024-08-13,2090.25,2098.95,2081.49,2084.23,2230200
2024-08-14,2084.10,2096.06,2056.47,2060.85,2947000
2024-08-15,2070.16,2101.93,2065.69,2083.90,1988400
2024-08-16,2080.20,2087.11,2065.96,2067.35,3366300
2024-08-19,2059.15,2118.62,2049.78,2110.54,2838900
2024-08-20,2113.53,2159.19,2086.40,2142.02,2528700
2024-08-21,2165.20,2175.45,2159.06,2161.21,2242600
2024-08-22,2163.46,2175.46,2136.14,2155.15,2548600
2024-08-23,2154.12,2205.92,2120.93,2201.55,2185500
2024-08-26,2209.61,2209.69,2174.26,2177.08,1949800
2024-08-27,2189.37,2272.12,2174.98,2251.17,2128400
2024-08-28,2257.43,2262.99,2245.34,2249.99,2952900
2024-08-29,2264.75,2274.89,2245.11,2274.56,2584600
2024-08-30,2270.31,2324.95,2257.23,2304.81,2785900
2024-09-02,2306.16,2311.87,2248.36,2267.56,3255100
2024-09-03,2258.28,2268.60,2199.48,2217.46,2606800
2024-09-04,2214.39,2227.86,2194.23,2225.96,1795800
2024-09-05,2219.38,2223.20,2213.00,2214.43,3250100
2024-09-06,2222.29,2236.52,2195.81,2218.33,2026900
2024-09-09,2209.31,2233.86,2199.55,2218.27,2226100
2024-09-10,2226.40,2256.07,2157.20,2180.04,2260700
2024-09-11,2174.71,2203.25,2169.64,2179.17,2815300
2024-09-12,2191.60,2195.72,2153.01,2169.50,2255200
2024-09-13,2161.96,2168.46,2150.03,2158.87,2795100
2024-09-16,2155.59,2158.16,2148.48,2156.45,1835300
2024-09-17,2153.77,2184.70,2138.48,2181.11,2430400
2024-09-18,2189.19,2219.29,2182.59,2202.96,2360800
2024-09-19,2214.81,2245.44,2155.47,2159.89,3411800
2024-09-20,2159.94,2208.35,2154.26,2201.43,2485000
2024-09-23,2202.93,2207.23,2183.91,2186.55,2054600
2024-09-24,2189.23,2191.14,2116.01,2129.14,2105900
2024-09-25,2126.20,2184.58,2115.23,2182.57,3490200
2024-09-26,2185.17,2193.08,2162.59,2174.50,2256800
2024-09-27,2157.88,2170.94,2147.31,2162.31,1430200
2024-09-30,2164.92,2167.26,2082.84,2085.85,3140900
2024-10-01,2095.20,2109.59,2007.90,2020.09,3196300
2024-10-02,2019.31,2065.59,2017.95,2057.37,2948200
2024-10-03,2039.52,2071.79,2031.56,2068.50,3213200
2024-10-04,2070.18,2080.53,2061.51,2067.52,1712300
2024-10-07,2061.34,2080.30,2057.25,2078.74,2687500
2024-10-08,2082.70,2100.28,2075.60,2092.90,2476300
2024-10-09,2081.97,2088.52,2015.88,2026.12,2467500
2024-10-10,2025.51,2025.96,1977.32,1978.44,2631600
2024-10-11,1988.58,1989.95,1956.51,1972.67,1894100
2024-10-14,1968.93,1995.33,1964.03,1976.48,2781900
2024-10-15,1963.22,1973.26,1955.52,1968.41,2813100
2024-10-16,1953.76,1961.64,1933.40,1951.58,2678100
2024-10-17,1941.33,1944.44,1919.17,1927.26,1683300
2024-10-18,1921.98,1966.66,1920.94,1949.90,2938300
2024-10-21,1947.39,1958.52,1925.95,1937.99,2651100
2024-10-22,1935.83,2005.04,1926.67,1993.24,2358500
2024-10-23,2001.14,2046.69,1995.83,2043.74,2056200
2024-10-24,2024.82,2098.12,1997.08,2088.61,2246600
2024-10-25,2082.04,2086.53,2077.24,2080.81,1792700
2024-10-28,2064.25,2099.95,2052.66,2087.16,3203800
2024-10-29,2081.64,2089.29,2067.01,2072.10,2522800
2024-10-30,2081.16,2165.25,2079.18,2147.69,3182900
2024-10-31,2147.46,2168.20,2116.31,2129.65,2539000
2024-11-01,2128.42,2133.49,2127.64,2128.21,1373300
2024-11-04,2129.86,2137.36,2117.08,2130.32,3467500
2024-11-05,2140.88,2153.70,2103.61,2118.00,2198500
2024-11-06,2121.50,2137.42,2035.90,2056.55,2145300
2024-11-07,2070.01,2070.98,2016.20,2038.26,2304300
2024-11-08,2034.12,2038.88,1999.67,2025.96,2647900
2024-11-11,2053.63,2067.42,2027.24,2036.62,2217600
2024-11-12,2051.11,2076.30,1999.70,2017.39,2791700
2024-11-13,2008.55,2025.86,1997.00,2010.41,3133300
2024-11-14,2010.30,2092.19,2006.93,2085.48,1533100
2024-11-15,2088.65,2111.76,2086.24,2098.99,2773900
2024-11-18,2103.90,2105.80,2082.27,2088.61,1619100
2024-11-19,2076.79,2118.82,2076.75,2083.95,1998400
2024-11-20,2079.94,2127.42,2058.67,2111.21,3619200
2024-11-21,2103.69,2182.22,2097.89,2178.53,1542800
2024-11-22,2183.79,2195.44,2182.02,2191.71,3390200
2024-11-25,2197.17,2245.41,2189.81,2243.34,3474900
2024-11-26,2259.29,2275.52,2241.82,2246.39,2282100
2024-11-27,2253.84,2278.42,2242.66,2272.42,1779500
2024-11-28,2281.29,2290.99,2239.42,2241.89,2108400
2024-11-29,2246.77,2270.81,2206.43,2214.77,2678900
2024-12-02,2210.66,2213.62,2166.87,2170.14,2346000
2024-12-03,2173.59,2216.79,2165.43,2214.75,1065400
2024-12-04,2211.13,2290.71,2205.53,2262.30,3312300
2024-12-05,2259.28,2336.42,2240.15,2331.74,2914400
2024-12-06,2326.87,2343.45,2283.52,2292.29,1880300
2024-12-09,2289.48,2297.38,2207.03,2217.44,2299100
2024-12-10,2209.21,2233.49,2157.80,2164.03,2221000
2024-12-11,2156.88,2164.22,2126.15,2142.85,2844400
2024-12-12,2143.36,2150.25,2123.66,2142.59,2934800
2024-12-13,2144.80,2148.47,2141.58,2145.57,2692100
2024-12-16,2136.69,2180.71,2133.39,2164.71,2450000
2024-12-17,2147.96,2154.24,2111.14,2123.83,2833300
2024-12-18,2119.97,2156.35,2111.16,2155.15,2563900
2024-12-19,2153.46,2183.21,2133.28,2161.82,1828100
2024-12-20,2147.99,2173.21,2113.80,2120.74,2330300
2024-12-23,2124.19,2127.66,2096.01,2105.93,1811200
2024-12-24,2108.27,2117.88,2042.56,2044.34,2446000
2024-12-25,2047.56,2076.49,2042.22,2068.45,1322000
2024-12-26,2064.29,2122.58,2062.83,2104.72,2569600
2024-12-27,2105.09,2127.92,2067.64,2089.44,3048500
2024-12-30,2083.22,2117.33,2075.75,2100.09,2278200
2024-12-31,2106.71,2116.03,2088.87,2091.59,2577100
2025-01-01,2089.27,2091.59,2065.31,2070.69,3230000
2025-01-02,2071.50,2094.86,2071.09,2078.61,2364900
2025-01-03,2073.50,2078.99,2014.08,2040.06,2609200
2025-01-06,2045.94,2091.94,2044.74,2080.35,2729800
2025-01-07,2081.03,2113.22,2080.96,2112.33,2714500
2025-01-08,2090.49,2092.41,2082.32,2088.10,2643900
2025-01-09,2097.46,2113.36,2090.17,2112.60,2418000
2025-01-10,2098.66,2104.08,2083.77,2085.16,2082200
2025-01-13,2078.06,2085.95,2035.90,2045.88,1483400
2025-01-14,2058.61,2071.54,2030.00,2061.03,2710700
2025-01-15,2079.65,2084.53,2068.99,2074.12,1967800
2025-01-16,2072.47,2127.21,2059.56,2108.48,3024800
2025-01-17,2123.52,2124.27,2080.14,2081.00,2587400
2025-01-20,2079.73,2097.38,2074.86,2089.84,2956400
2025-01-21,2100.80,2119.19,2078.69,2094.25,2133500
2025-01-22,2099.12,2112.18,2041.98,2062.92,2538800
2025-01-23,2060.45,2072.71,2046.71,2048.76,3197500
2025-01-24,2051.28,2077.71,2042.22,2064.75,4075000
2025-01-27,2060.23,2062.24,2042.27,2048.34,2698400
2025-01-28,2042.26,2073.26,2034.81,2066.07,2481400
2025-01-29,2062.83,2064.53,2049.42,2056.22,2635600
2025-01-30,2057.13,2111.70,2034.27,2105.46,1462300
2025-01-31,2106.40,2113.02,2068.52,2079.77,2939100
2025-02-03,2080.73,2087.84,2069.72,2081.38,3085400
2025-02-04,2087.46,2114.36,2081.74,2098.02,2127900
2025-02-05,2090.17,2090.51,2059.64,2068.45,3112600
2025-02-06,2063.77,2098.34,2055.85,2093.48,2625300
2025-02-07,2091.80,2108.68,2086.29,2091.64,2623800
2025-02-10,2094.24,2122.09,2084.45,2114.97,3250700
2025-02-11,2118.88,2147.39,2101.90,2143.22,1932600
2025-02-12,2133.71,2228.94,2117.39,2225.02,2927300
2025-02-13,2224.44,2230.69,2135.54,2154.77,2579000
2025-02-14,2148.86,2188.70,2145.15,2187.98,1939600
2025-02-17,2190.07,2246.01,2164.05,2238.90,2783000
2025-02-18,2247.10,2255.26,2224.44,2228.67,2674600
2025-02-19,2212.44,2246.53,2185.31,2231.92,2928200
2025-02-20,2215.11,2232.14,2212.36,2219.28,2040300
2025-02-21,2215.62,2298.32,2209.47,2285.88,3458300
2025-02-24,2285.20,2293.49,2280.67,2286.39,2636900
2025-02-25,2275.05,2287.01,2256.93,2261.70,2897600
2025-02-26,2256.20,2325.54,2252.47,2312.69,3008400
2025-02-27,2327.12,2401.91,2320.24,2376.50,3072300
2025-02-28,2374.55,2398.78,2342.92,2353.31,3705100
2025-03-03,2347.48,2396.05,2326.77,2387.69,2078300
2025-03-04,2394.29,2430.16,2393.65,2416.76,2340900
2025-03-05,2418.16,2441.73,2367.31,2399.30,2580400
2025-03-06,2395.49,2405.10,2359.24,2371.14,1981100
2025-03-07,2371.87,2374.67,2343.09,2351.03,2870000
2025-03-10,2367.36,2420.59,2356.79,2406.89,1819700
2025-03-11,2403.19,2426.46,2372.03,2380.93,2872600
2025-03-12,2389.30,2412.91,2388.06,2393.30,2446300
2025-03-13,2395.17,2458.43,2380.92,2429.27,2392200
2025-03-14,2450.95,2474.48,2436.57,2440.90,2332800
2025-03-17,2437.69,2449.48,2409.29,2423.01,2563300
2025-03-18,2425.56,2459.23,2422.59,2432.66,2934500
2025-03-19,2439.26,2447.16,2358.52,2366.81,1810600
2025-03-20,2360.08,2415.32,2336.44,2404.49,2382400
2025-03-21,2412.22,2426.12,2403.57,2411.28,2249700
2025-03-24,2415.20,2517.27,2410.94,2493.36,1725900
2025-03-25,2482.81,2558.94,2479.18,2524.93,3576900
2025-03-26,2531.91,2582.85,2509.05,2562.67,1932900
2025-03-27,2549.65,2641.44,2533.81,2617.96,3106100
2025-03-28,2620.85,2632.85,2616.95,2632.48,2376800
2025-03-31,2621.62,2657.71,2605.35,2655.17,2142900
2025-04-01,2659.75,2679.25,2587.51,2600.19,2609300
2025-04-02,2595.52,2621.68,2587.24,2609.62,2544900
2025-04-03,2614.43,2633.98,2573.25,2611.05,1797300
2025-04-04,2605.81,2613.68,2549.62,2553.77,2433200
2025-04-07,2542.25,2578.31,2537.77,2569.11,3321000
2025-04-08,2582.07,2605.98,2566.23,2580.55,2885200
2025-04-09,2587.66,2664.40,2577.72,2641.90,1292500
2025-04-10,2637.73,2653.64,2622.44,2650.48,2547100
2025-04-11,2649.54,2706.18,2636.79,2704.09,1860100
2025-04-14,2698.00,2705.45,2668.60,2689.30,2118200
2025-04-15,2690.97,2739.82,2665.56,2713.11,2452100
2025-04-16,2712.57,2717.79,2648.79,2671.15,2522900
2025-04-17,2677.80,2692.63,2608.34,2618.47,2448900
2025-04-18,2604.57,2607.67,2559.80,2571.67,2327500
2025-04-21,2554.94,2583.76,2526.99,2571.96,1772600
2025-04-22,2565.70,2579.56,2502.69,2529.61,2405300
2025-04-23,2527.39,2528.92,2426.28,2438.71,3533300
2025-04-24,2437.05,2442.39,2404.00,2427.98,1987500
2025-04-25,2427.18,2466.63,2410.28,2438.90,2213000
2025-04-28,2432.55,2481.15,2432.39,2459.61,2891700
2025-04-29,2454.51,2467.14,2445.51,2461.30,2219400
2025-04-30,2451.53,2454.01,2418.43,2421.52,1870600
2025-05-01,2427.51,2452.12,2407.75,2430.84,2478400
2025-05-02,2445.49,2472.89,2395.53,2400.39,2025100
2025-05-05,2420.21,2430.81,2416.52,2422.48,2305900
2025-05-06,2421.14,2448.98,2394.72,2430.36,2482900
2025-05-07,2442.23,2456.43,2397.47,2409.33,2220700
2025-05-08,2418.63,2453.78,2411.50,2443.22,2638200
2025-05-09,2446.74,2460.22,2339.14,2380.15,2658000
2025-05-12,2388.00,2414.09,2377.04,2392.10,2513600
2025-05-13,2398.33,2421.46,2383.77,2419.30,2394900
2025-05-14,2437.13,2447.49,2410.36,2417.01,3061500
2025-05-15,2414.57,2434.50,2398.11,2421.33,2636200
2025-05-16,2423.64,2447.20,2415.14,2428.46,2072400
2025-05-19,2419.79,2500.56,2417.29,2498.94,1862200
2025-05-20,2505.40,2525.38,2478.59,2516.06,1575500
2025-05-21,2517.29,2539.04,2477.92,2491.62,2004600
2025-05-22,2494.91,2496.43,2446.36,2456.05,1960400
2025-05-23,2449.70,2463.68,2397.25,2397.30,1819400
2025-05-26,2413.27,2423.88,2401.33,2409.13,2290500
2025-05-27,2410.90,2440.98,2409.51,2436.28,2690400
2025-05-28,2435.42,2435.76,2396.64,2415.31,1953000
2025-05-29,2424.59,2437.66,2420.52,2434.39,2107100
2025-05-30,2448.16,2487.04,2436.14,2480.64,2069600
2025-06-02,2478.44,2551.38,2465.78,2539.70,2061900
2025-06-03,2538.03,2574.33,2503.55,2554.88,2250900
2025-06-04,2556.98,2633.67,2531.57,2623.04,2303100
2025-06-05,2630.51,2717.51,2622.22,2707.26,1532200
2025-06-06,2720.89,2729.74,2668.77,2681.00,2210600
2025-06-09,2658.90,2672.25,2642.71,2666.41,2530400
2025-06-10,2650.44,2654.94,2618.87,2630.25,2929100
2025-06-11,2609.49,2698.75,2602.83,2692.91,1524100
2025-06-12,2690.27,2696.02,2673.86,2695.82,3041200
2025-06-13,2681.67,2685.49,2674.35,2682.95,2236300
2025-06-16,2688.47,2751.71,2677.53,2737.25,3002700
2025-06-17,2730.01,2743.53,2698.99,2739.34,2520100
2025-06-18,2745.07,2751.51,2672.58,2695.00,2768700
2025-06-19,2689.57,2720.30,2677.16,2719.59,3021400
2025-06-20,2700.61,2736.52,2693.83,2732.16,2188300
2025-06-23,2722.40,2776.40,2714.62,2764.34,2656700
2025-06-24,2763.35,2802.27,2758.17,2783.16,2534200
2025-06-25,2788.79,2792.12,2756.45,2772.86,2788200
2025-06-26,2763.59,2824.70,2755.56,2816.31,2441400
2025-06-27,2811.21,2824.89,2789.71,2797.94,2917400
2025-06-30,2825.45,2828.29,2751.50,2776.17,1657300
2025-07-01,2781.21,2795.65,2729.71,2734.55,2783800
2025-07-02,2725.06,2743.77,2713.62,2743.27,2563100
2025-07-03,2752.89,2811.95,2744.33,2800.99,1393500
2025-07-04,2783.60,2796.44,2775.34,2789.13,2903400
2025-07-07,2802.40,2833.66,2794.22,2830.24,2878400
2025-07-08,2837.43,2837.55,2756.17,2759.05,3190100
2025-07-09,2757.26,2770.49,2732.56,2733.59,3240400
2025-07-10,2738.74,2747.25,2727.10,2730.56,3049600
2025-07-11,2709.60,2758.96,2694.15,2735.35,1704800
2025-07-14,2726.78,2732.35,2715.25,2716.78,2669000
2025-07-15,2719.32,2727.97,2659.41,2660.88,2560500
2025-07-16,2654.01,2656.69,2620.84,2635.67,3101800
2025-07-17,2644.76,2735.23,2639.49,2716.15,3201100
2025-07-18,2722.33,2725.96,2698.07,2717.66,2745200
2025-07-21,2724.38,2760.38,2616.98,2640.52,1933500
2025-07-22,2649.14,2656.58,2605.55,2630.03,2827100
2025-07-23,2633.14,2643.41,2522.88,2550.74,3457500
2025-07-24,2554.86,2555.52,2523.97,2533.60,2775400
2025-07-25,2544.97,2552.64,2542.69,2544.20,2542600
2025-07-28,2549.06,2553.39,2516.76,2528.42,2202300
2025-07-29,2533.63,2585.11,2526.40,2557.73,2122600
2025-07-30,2562.75,2586.37,2515.07,2530.40,2018800
2025-07-31,2529.07,2603.22,2523.40,2593.98,2881300
2025-08-01,2603.34,2615.21,2525.47,2562.05,1773700
2025-08-04,2567.92,2578.34,2538.56,2540.68,3440300
2025-08-05,2532.61,2607.62,2526.41,2598.64,2630900
2025-08-06,2607.32,2613.02,2563.05,2587.78,2509800
2025-08-07,2593.09,2596.68,2505.03,2505.34,2638600
2025-08-08,2487.15,2588.85,2478.23,2578.24,2382100
2025-08-11,2593.99,2610.98,2583.15,2606.20,2334100
2025-08-12,2613.95,2655.12,2568.99,2627.21,3012300
2025-08-13,2641.21,2681.71,2639.72,2659.38,2230500
2025-08-14,2659.40,2719.79,2636.02,2697.63,2217600
2025-08-15,2693.87,2714.69,2683.11,2712.43,1910600
2025-08-18,2700.46,2720.50,2687.86,2717.72,2695200
2025-08-19,2704.27,2760.85,2702.86,2752.49,2679300
2025-08-20,2763.55,2834.01,2748.89,2816.83,2463500
2025-08-21,2809.31,2821.03,2760.16,2768.49,2016200
2025-08-22,2767.15,2793.12,2757.81,2775.59,2215500
2025-08-25,2777.18,2797.32,2741.62,2747.18,3043600
2025-08-26,2760.24,2826.59,2750.21,2821.45,2205300
2025-08-27,2831.93,2850.14,2831.86,2843.04,2145500
2025-08-28,2847.73,2887.73,2847.65,2858.78,2899000
2025-08-29,2839.95,2924.96,2830.90,2907.32,2087900
2025-09-01,2918.76,2940.12,2899.81,2938.40,2706400
2025-09-02,2916.86,2932.65,2855.44,2882.34,2716800
2025-09-03,2893.39,2959.31,2880.20,2945.85,2256800
2025-09-04,2975.55,3065.64,2939.85,3015.57,3133900
2025-09-05,3045.67,3054.52,2947.58,2963.63,2740600
2025-09-08,2968.61,2982.61,2930.58,2933.88,2058200
2025-09-09,2933.72,2940.79,2837.30,2847.75,2615000
2025-09-10,2850.63,2886.40,2844.96,2861.77,2035700
2025-09-11,2850.78,2883.80,2840.86,2866.06,2207200
2025-09-12,2855.23,2897.27,2847.21,2878.85,2495000
2025-09-15,2897.11,2907.82,2843.21,2843.52,2582700
2025-09-16,2842.40,2863.93,2838.86,2859.83,2681100
2025-09-17,2860.46,2880.05,2815.15,2824.07,2910000
2025-09-18,2810.06,2846.52,2786.24,2826.37,2451800
2025-09-19,2812.50,2863.11,2787.85,2849.09,2869700
2025-09-22,2843.41,2884.28,2833.65,2870.68,1747400
2025-09-23,2874.12,2906.02,2817.47,2831.37,1822300
2025-09-24,2835.02,2853.68,2824.60,2838.98,2908300
2025-09-25,2844.17,2851.53,2811.22,2818.95,2523000
2025-09-26,2818.45,2906.42,2770.29,2887.25,3317500
2025-09-29,2881.31,2907.93,2849.44,2868.91,1917300
2025-09-30,2860.46,2957.20,2844.71,2944.29,2101400
2025-10-01,2949.33,2972.38,2934.36,2967.97,2236300
2025-10-02,2976.47,2979.36,2909.40,2916.67,2188300
2025-10-03,2943.50,2960.85,2907.63,2931.52,1806500
2025-10-06,2934.58,2969.72,2926.34,2938.09,3278500
2025-10-07,2944.28,2994.11,2931.38,2985.42,2307300
2025-10-08,2996.54,3023.58,2992.84,3003.81,2576000
2025-10-09,3000.87,3008.17,2959.97,2969.32,2509100
2025-10-10,2960.34,3062.57,2952.72,3040.70,2000600
2025-10-13,3033.75,3067.81,2989.72,2994.06,1810900
2025-10-14,3001.55,3023.94,2945.46,2952.07,3208300
2025-10-15,2948.33,2984.26,2856.60,2903.35,2622900
2025-10-16,2901.54,2903.04,2833.28,2866.11,2894200
2025-10-17,2862.68,2863.55,2813.67,2819.82,3660400
2025-10-20,2842.98,2874.00,2826.20,2873.09,1998100
2025-10-21,2861.29,2898.87,2852.57,2867.68,3438300
2025-10-22,2853.01,2854.39,2830.32,2831.89,2137100
2025-10-23,2842.62,2905.20,2828.13,2876.17,1904200
2025-10-24,2863.82,2882.50,2861.04,2869.72,2131400
2025-10-27,2897.25,2918.37,2835.93,2844.60,2774300
2025-10-28,2838.53,2861.95,2822.29,2861.70,2493300
2025-10-29,2849.14,2877.49,2813.14,2825.77,2401900
2025-10-30,2816.83,2897.20,2797.55,2875.82,2299400
2025-10-31,2869.02,2917.68,2867.20,2898.57,2194700
2025-11-03,2895.27,2980.92,2892.63,2961.33,2462200
2025-11-04,2934.47,2995.71,2921.41,2992.61,2374600
2025-11-05,2984.79,3105.51,2956.25,3076.29,2396100
2025-11-06,3071.46,3105.89,3061.82,3095.08,3549000
2025-11-07,3095.73,3180.09,3087.05,3170.35,2496300
2025-11-10,3168.14,3177.69,3160.83,3160.87,2465900
2025-11-11,3166.79,3185.27,3117.15,3149.12,2194600
2025-11-12,3148.07,3166.48,3115.22,3138.21,3276000
2025-11-13,3138.17,3309.52,3080.33,3257.81,2668400
2025-11-14,3258.01,3326.06,3238.21,3301.34,1691800
2025-11-17,3270.10,3370.08,3265.28,3366.25,2735700
2025-11-18,3365.38,3396.90,3345.20,3347.29,2052500
2025-11-19,3363.37,3417.36,3352.52,3415.17,1953900
2025-11-20,3404.03,3510.36,3400.21,3507.69,3393500
2025-11-21,3505.92,3521.28,3473.45,3474.24,3157200
2025-11-24,3477.50,3502.47,3454.12,3455.83,3165900
2025-11-25,3441.40,3442.53,3434.20,3437.53,3054100
2025-11-26,3421.86,3480.54,3382.20,3446.82,2630800
2025-11-27,3469.95,3493.17,3443.95,3490.58,3461500
2025-11-28,3508.89,3523.43,3467.83,3483.92,2580400
2025-12-01,3478.02,3543.53,3473.88,3529.00,2811700
2025-12-02,3522.59,3524.54,3483.80,3495.77,3193200
2025-12-03,3469.41,3565.30,3462.24,3530.63,3636100
2025-12-04,3504.51,3559.40,3482.68,3546.70,3135400
2025-12-05,3563.11,3568.29,3547.78,3554.72,2787200
2025-12-08,3559.69,3610.76,3556.48,3563.00,2745600
2025-12-09,3566.22,3585.98,3427.44,3460.96,2398900
2025-12-10,3475.00,3503.79,3370.46,3401.78,909000
2025-12-11,3404.13,3413.22,3347.93,3353.50,1956800
2025-12-12,3334.14,3379.94,3271.46,3294.42,2141100
2025-12-15,3289.65,3363.89,3270.83,3346.13,1845700
2025-12-16,3340.97,3387.86,3300.39,3383.32,1924400
2025-12-17,3356.09,3448.41,3352.65,3438.71,3101200
2025-12-18,3439.81,3479.39,3427.60,3441.90,2100100
2025-12-19,3440.34,3454.52,3422.96,3423.60,2018500
2025-12-22,3456.51,3468.05,3449.63,3451.30,2301700
2025-12-23,3465.16,3532.69,3423.34,3496.89,2104800
2025-12-24,3492.03,3603.46,3480.94,3596.65,3479900
2025-12-25,3604.21,3619.84,3579.95,3589.31,1879700
2025-12-26,3560.70,3621.09,3541.22,3583.40,2708900
2025-12-29,3564.02,3624.95,3548.75,3602.73,3057800
2025-12-30,3592.03,3592.89,3526.63,3541.23,1324900
2025-12-31,3554.27,3597.03,3547.10,3574.56,1980400
