Date,Open,High,Low,Close,Volume
2011-01-03,1700.00,1712.12,1690.92,1700.00,29200
2011-01-04,1700.59,1706.54,1685.86,1692.48,61800
2011-01-05,1696.48,1727.68,1684.88,1716.43,66000
2011-01-06,1708.57,1712.52,1689.21,1705.12,66000
2011-01-07,1703.45,1703.77,1679.29,1681.65,66700
2011-01-10,1670.95,1679.41,1650.44,1652.39,55700
2011-01-11,1664.17,1666.71,1630.11,1631.20,58900
2011-01-12,1634.74,1648.41,1617.11,1619.44,60000
2011-01-13,1622.43,1627.43,1588.63,1589.84,47800
2011-01-14,1592.99,1614.12,1583.03,1609.45,65700
2011-01-18,1602.12,1603.96,1573.11,1580.46,59000
2011-01-19,1582.06,1605.10,1571.48,1601.55,60200
2011-01-20,1605.49,1606.80,1586.96,1590.61,59100
2011-01-21,1585.52,1592.09,1573.55,1578.21,53300
2011-01-24,1575.37,1577.87,1540.26,1541.85,62100
2011-01-25,1537.58,1550.83,1535.30,1546.81,44100
2011-01-26,1544.51,1564.38,1532.83,1560.71,61600
2011-01-27,1567.08,1575.63,1557.75,1560.90,52800
2011-01-28,1568.10,1575.67,1550.74,1557.14,71400
2011-01-31,1554.89,1559.46,1551.12,1551.15,48900
2011-02-01,1557.13,1558.83,1541.29,1550.48,53400
2011-02-02,1546.20,1550.20,1539.31,1539.58,78200
2011-02-03,1535.57,1555.35,1525.42,1549.55,68900
2011-02-04,1556.29,1576.21,1554.83,1574.53,67100
2011-02-07,1589.80,1592.87,1584.58,1592.68,59300
2011-02-08,1581.21,1584.17,1545.75,1547.53,55700
2011-02-09,1543.64,1547.88,1530.71,1531.50,57600
2011-02-10,1537.42,1545.54,1509.42,1517.14,50200
2011-02-11,1528.60,1532.67,1517.93,1526.44,62600
2011-02-14,1531.32,1539.86,1484.03,1489.97,53900
2011-02-15,1488.49,1498.15,1469.33,1472.11,56000
2011-02-16,1466.50,1474.95,1464.60,1474.04,42300
2011-02-17,1465.71,1468.35,1436.02,1439.84,52500
2011-02-18,1450.12,1465.82,1441.75,1464.46,57600
2011-02-22,1468.08,1495.06,1467.14,1483.33,43800
2011-02-23,1478.11,1489.89,1462.50,1464.10,52200
2011-02-24,1468.77,1473.95,1447.87,1456.99,77500
2011-02-25,1456.49,1462.36,1444.26,1449.27,50200
2011-02-28,1459.53,1465.26,1434.01,1437.45,58200
2011-03-01,1444.35,1448.65,1396.53,1412.32,64400
2011-03-02,1408.13,1455.70,1398.61,1445.39,35800
2011-03-03,1445.93,1454.23,1436.92,1451.89,67300
2011-03-04,1454.89,1456.27,1419.53,1426.43,42600
2011-03-07,1430.00,1431.26,1402.10,1403.06,60500
2011-03-08,1402.30,1444.03,1388.61,1430.81,46000
2011-03-09,1424.45,1427.69,1410.53,1410.98,69500
2011-03-10,1399.58,1406.19,1384.21,1386.46,52800
2011-03-11,1380.38,1395.25,1354.00,1359.66,49600
2011-03-14,1362.87,1396.33,1358.79,1391.64,44900
2011-03-15,1394.96,1403.34,1358.75,1364.66,54000
2011-03-16,1358.75,1366.54,1353.40,1364.73,68900
2011-03-17,1369.57,1377.66,1363.70,1373.91,51600
2011-03-18,1368.61,1372.42,1346.86,1349.68,68600
2011-03-21,1355.60,1357.33,1341.66,1346.79,35400
2011-03-22,1345.67,1345.87,1311.71,1325.73,66900
2011-03-23,1333.19,1337.38,1306.17,1307.22,57300
2011-03-24,1308.40,1312.85,1297.08,1302.32,51300
2011-03-25,1301.38,1342.38,1296.17,1339.74,37000
2011-03-28,1337.91,1345.34,1335.91,1338.84,79900
2011-03-29,1336.23,1348.95,1327.73,1344.87,63300
2011-03-30,1347.17,1353.16,1321.06,1338.90,65300
2011-03-31,1340.78,1343.72,1322.05,1326.16,46500
2011-04-01,1334.32,1371.67,1320.94,1360.33,46900
2011-04-04,1366.02,1372.39,1337.85,1339.50,52300
2011-04-05,1338.97,1353.77,1317.17,1327.91,27000
2011-04-06,1323.34,1348.08,1308.67,1342.86,57500
2011-04-07,1350.43,1357.62,1321.46,1323.93,48100
2011-04-08,1321.59,1346.95,1314.36,1337.80,65100
2011-04-11,1334.30,1361.98,1326.15,1357.80,50900
2011-04-12,1352.92,1387.08,1351.22,1382.21,50200
2011-04-13,1384.20,1386.54,1374.67,1382.54,56000
2011-04-14,1387.26,1395.72,1360.43,1373.40,71300
2011-04-15,1371.38,1381.03,1363.06,1379.25,49200
2011-04-18,1369.33,1385.00,1367.37,1371.87,55100
2011-04-19,1365.80,1391.91,1363.02,1386.62,69100
2011-04-20,1378.62,1409.80,1375.50,1395.51,57900
2011-04-21,1394.85,1398.78,1371.94,1372.02,60400
2011-04-22,1371.27,1397.33,1365.11,1390.63,59000
2011-04-25,1404.36,1405.72,1387.52,1401.31,61400
2011-04-26,1407.87,1423.18,1372.17,1376.71,41900
2011-04-27,1373.04,1380.83,1314.55,1316.12,83100
2011-04-28,1322.02,1346.54,1310.96,1334.89,46600
2011-04-29,1339.90,1342.27,1330.48,1330.93,52200
2011-05-02,1334.85,1340.98,1316.35,1323.69,65500
2011-05-03,1329.74,1336.14,1305.91,1315.71,45000
2011-05-04,1311.30,1314.44,1273.85,1276.10,59300
2011-05-05,1272.41,1281.57,1269.43,1278.42,62100
2011-05-06,1270.18,1278.55,1259.43,1272.71,67600
2011-05-09,1266.49,1267.59,1259.92,1264.65,64600
2011-05-10,1267.87,1302.63,1266.33,1302.36,77200
2011-05-11,1305.76,1305.81,1278.87,1287.34,69300
2011-05-12,1281.50,1297.74,1274.38,1297.15,69500
2011-05-13,1299.07,1302.30,1260.48,1261.14,65200
2011-05-16,1257.93,1260.32,1241.20,1244.12,54800
2011-05-17,1240.06,1266.25,1237.79,1265.95,64200
2011-05-18,1260.52,1264.81,1247.39,1258.58,41100
2011-05-19,1256.82,1259.82,1240.74,1252.08,93400
2011-05-20,1245.34,1245.87,1240.39,1243.70,66000
2011-05-23,1248.16,1255.09,1233.47,1242.96,38200
2011-05-24,1231.21,1244.28,1227.88,1241.80,64700
2011-05-25,1233.40,1247.58,1230.45,1244.69,53700
2011-05-26,1235.94,1239.59,1214.66,1217.47,63700
2011-05-27,1217.77,1238.09,1204.83,1228.73,70600
2011-05-31,1226.16,1233.71,1215.52,1228.55,53500
2011-06-01,1227.98,1246.53,1227.24,1238.57,50700
2011-06-02,1240.90,1241.47,1233.93,1236.33,50800
2011-06-03,1237.61,1240.88,1188.98,1196.69,62500
2011-06-06,1195.26,1219.91,1185.03,1208.28,38600
2011-06-07,1205.84,1210.69,1203.09,1206.92,49400
2011-06-08,1205.66,1221.08,1202.82,1220.83,56600
2011-06-09,1225.81,1233.24,1222.61,1222.91,59700
2011-06-10,1236.29,1249.04,1202.59,1209.54,65300
2011-06-13,1211.73,1234.73,1199.58,1220.41,66600
2011-06-14,1223.92,1224.31,1202.38,1205.90,54100
2011-06-15,1208.45,1209.81,1185.36,1188.01,83000
2011-06-16,1189.00,1189.94,1167.83,1177.35,59400
2011-06-17,1169.98,1205.51,1162.75,1202.70,66700
2011-06-20,1210.83,1237.49,1204.95,1232.08,68000
2011-06-21,1234.68,1242.55,1233.30,1237.80,58500
2011-06-22,1239.62,1242.59,1231.73,1232.97,64300
2011-06-23,1225.87,1227.12,1197.72,1198.66,65700
2011-06-24,1196.89,1231.51,1184.71,1220.36,78000
2011-06-27,1240.73,1241.77,1223.70,1225.08,63500
2011-06-28,1223.71,1237.28,1217.68,1236.27,43800
2011-06-29,1231.86,1247.85,1229.27,1236.46,52400
2011-06-30,1232.66,1242.69,1225.84,1240.86,72700
2011-07-01,1237.30,1274.60,1233.23,1271.99,48900
2011-07-05,1271.78,1280.99,1241.22,1245.32,59300
2011-07-06,1235.03,1258.70,1234.14,1257.95,49500
2011-07-07,1261.62,1271.59,1247.80,1266.25,58500
2011-07-08,1263.48,1275.92,1257.94,1274.04,38100
2011-07-11,1279.44,1287.30,1248.60,1249.22,55500
2011-07-12,1252.17,1258.04,1233.63,1233.78,71600
2011-07-13,1242.18,1248.07,1225.26,1232.90,66700
2011-07-14,1241.48,1242.60,1238.81,1241.03,52600
2011-07-15,1233.09,1266.13,1231.61,1249.63,53600
2011-07-18,1250.59,1266.50,1248.60,1261.57,56000
2011-07-19,1264.27,1285.45,1251.41,1283.20,66400
2011-07-20,1273.95,1289.36,1270.95,1286.12,60800
2011-07-21,1286.84,1297.09,1273.16,1296.71,80900
2011-07-22,1295.96,1299.28,1284.85,1287.70,55600
2011-07-25,1286.74,1339.45,1276.68,1334.00,81600
2011-07-26,1334.73,1345.58,1315.44,1321.63,72900
2011-07-27,1338.46,1340.15,1299.69,1300.33,70600
2011-07-28,1303.52,1319.02,1300.19,1315.24,86300
2011-07-29,1318.19,1321.21,1288.24,1289.35,49700
2011-08-01,1297.52,1300.89,1287.95,1298.56,71600
2011-08-02,1286.02,1306.62,1278.37,1299.19,65800
2011-08-03,1306.56,1338.84,1301.81,1334.50,53100
2011-08-04,1330.68,1346.13,1328.50,1337.88,47900
2011-08-05,1335.66,1341.35,1283.72,1296.67,60900
2011-08-08,1300.03,1312.34,1265.85,1269.63,50000
2011-08-09,1268.01,1268.12,1254.56,1256.58,52500
2011-08-10,1255.78,1264.35,1253.47,1256.69,63000
2011-08-11,1261.14,1280.92,1260.21,1273.56,16000
2011-08-12,1282.78,1288.35,1271.15,1274.71,66500
2011-08-15,1281.49,1303.96,1269.33,1302.62,61800
2011-08-16,1288.01,1336.65,1286.50,1336.53,58300
2011-08-17,1333.47,1389.48,1317.14,1376.32,67600
2011-08-18,1382.49,1382.92,1354.23,1365.03,40700
2011-08-19,1367.29,1381.21,1367.06,1373.36,44000
2011-08-22,1369.05,1371.89,1328.80,1340.04,61000
2011-08-23,1341.37,1344.36,1321.43,1333.29,62600
2011-08-24,1329.06,1352.04,1320.16,1352.00,70200
2011-08-25,1357.26,1363.16,1350.59,1357.30,51700
2011-08-26,1353.35,1363.60,1345.50,1360.93,68000
2011-08-29,1360.43,1373.61,1350.42,1366.54,50600
2011-08-30,1364.30,1378.24,1362.95,1376.84,68000
2011-08-31,1379.54,1384.48,1369.64,1379.40,76200
2011-09-01,1379.58,1408.72,1369.89,1406.75,51900
2011-09-02,1396.47,1416.68,1392.35,1409.82,53400
2011-09-06,1408.49,1416.98,1395.03,1395.92,53900
2011-09-07,1399.06,1405.72,1395.33,1405.49,50300
2011-09-08,1400.62,1447.55,1387.98,1435.40,62400
2011-09-09,1434.48,1437.09,1411.16,1418.46,64300
2011-09-12,1408.16,1427.54,1402.65,1416.56,77600
2011-09-13,1423.70,1431.48,1413.09,1413.88,73500
2011-09-14,1415.30,1420.91,1412.02,1412.20,60700
2011-09-15,1419.64,1420.90,1383.48,1391.60,73400
2011-09-16,1396.90,1400.29,1388.56,1394.12,70100
2011-09-19,1394.51,1426.31,1388.69,1412.08,44900
2011-09-20,1420.90,1421.64,1399.34,1402.42,70000
2011-09-21,1409.50,1417.53,1376.58,1391.79,69000
2011-09-22,1390.92,1391.96,1374.93,1378.76,60600
2011-09-23,1382.42,1392.59,1345.27,1351.41,49600
2011-09-26,1346.45,1346.73,1344.00,1346.61,77700
2011-09-27,1351.43,1361.12,1345.04,1356.88,76700
2011-09-28,1358.72,1387.40,1354.68,1386.23,51900
2011-09-29,1385.02,1389.57,1351.29,1363.03,70600
2011-09-30,1361.96,1365.83,1361.79,1364.90,63600
2011-10-03,1362.94,1372.93,1347.78,1350.53,61100
2011-10-04,1350.33,1350.45,1345.60,1346.34,65900
2011-10-05,1343.61,1344.25,1317.98,1321.11,77600
2011-10-06,1320.84,1343.74,1314.17,1335.74,75200
2011-10-07,1334.92,1343.88,1331.72,1343.69,58600
2011-10-11,1345.54,1359.14,1340.31,1357.52,49800
2011-10-12,1359.35,1389.14,1344.60,1385.50,62100
2011-10-13,1383.95,1395.18,1378.54,1391.45,52000
2011-10-14,1390.25,1394.32,1384.64,1392.54,56200
2011-10-17,1391.64,1422.52,1386.04,1419.44,42000
2011-10-18,1424.22,1446.24,1385.38,1388.43,64000
2011-10-19,1388.46,1389.26,1362.39,1371.45,54300
2011-10-20,1366.03,1385.57,1358.58,1382.67,55100
2011-10-21,1382.17,1383.03,1370.20,1371.50,52100
2011-10-24,1374.58,1394.86,1373.98,1393.31,59600
2011-10-25,1393.54,1416.22,1387.79,1400.82,62900
2011-10-26,1398.12,1405.06,1363.91,1376.36,56000
2011-10-27,1372.29,1376.53,1361.87,1371.50,79100
2011-10-28,1375.28,1384.04,1360.36,1360.60,42800
2011-10-31,1361.19,1363.20,1347.17,1353.98,42700
2011-11-01,1351.52,1393.60,1347.21,1386.73,49800
2011-11-02,1390.46,1404.73,1377.65,1400.73,66600
2011-11-03,1398.23,1407.93,1395.79,1400.44,48700
2011-11-04,1396.82,1415.39,1394.44,1407.47,44400
2011-11-07,1411.96,1418.74,1386.77,1399.53,66900
2011-11-08,1401.36,1403.92,1389.96,1395.92,59000
2011-11-09,1393.13,1394.88,1376.74,1377.80,90200
2011-11-10,1373.94,1377.14,1357.20,1376.97,58000
2011-11-14,1385.16,1393.88,1379.87,1386.14,71100
2011-11-15,1383.89,1398.85,1381.50,1396.89,65700
2011-11-16,1400.39,1426.44,1399.11,1413.96,66900
2011-11-17,1410.18,1426.02,1408.91,1424.83,47800
2011-11-18,1416.94,1420.15,1407.31,1418.12,62100
2011-11-21,1408.28,1434.83,1406.75,1426.10,53500
2011-11-22,1413.67,1434.44,1408.14,1429.48,60300
2011-11-23,1425.27,1430.96,1421.92,1428.04,47600
2011-11-25,1435.40,1436.82,1413.90,1416.96,68400
2011-11-28,1408.62,1409.88,1386.30,1391.05,76000
2011-11-29,1394.89,1396.02,1381.90,1389.92,68500
2011-11-30,1388.60,1408.64,1376.04,1393.38,64500
2011-12-01,1394.18,1407.92,1389.10,1403.08,78100
2011-12-02,1406.73,1417.09,1393.13,1395.20,50100
2011-12-05,1394.89,1397.57,1374.24,1383.90,50100
2011-12-06,1386.33,1396.99,1366.89,1370.68,76900
2011-12-07,1372.04,1404.42,1369.10,1401.22,69100
2011-12-08,1401.20,1411.47,1386.11,1398.95,55500
2011-12-09,1399.72,1420.77,1398.21,1412.74,64100
2011-12-12,1410.82,1448.87,1408.70,1444.69,62900
2011-12-13,1448.44,1452.16,1432.09,1437.63,57400
2011-12-14,1434.92,1444.30,1427.14,1431.11,69300
2011-12-15,1430.09,1432.20,1416.35,1422.93,63000
2011-12-16,1425.59,1429.24,1418.24,1418.44,48700
2011-12-19,1422.89,1423.10,1407.63,1410.31,39500
2011-12-20,1409.23,1412.38,1391.45,1402.13,72000
2011-12-21,1393.18,1422.34,1375.30,1420.40,81800
2011-12-22,1426.06,1431.84,1420.81,1431.77,61100
2011-12-23,1439.34,1450.12,1422.60,1426.69,59900
2011-12-27,1426.37,1429.05,1407.65,1410.64,61100
2011-12-28,1416.68,1417.15,1399.53,1405.90,60600
2011-12-29,1401.30,1404.46,1373.40,1388.88,42300
2011-12-30,1390.20,1392.09,1366.98,1368.05,60000
2012-01-03,1367.59,1383.39,1359.96,1382.86,36600
2012-01-04,1384.68,1391.39,1340.26,1340.64,57200
2012-01-05,1340.12,1340.30,1303.66,1304.73,60700
2012-01-06,1311.12,1315.17,1294.62,1298.05,71300
2012-01-09,1303.33,1306.66,1299.64,1304.57,60200
2012-01-10,1308.88,1314.48,1304.91,1310.16,54500
2012-01-11,1308.56,1314.93,1275.09,1283.44,55800
2012-01-12,1291.91,1294.16,1274.79,1283.06,56600
2012-01-13,1294.69,1306.25,1286.84,1291.38,60500
2012-01-17,1293.41,1301.47,1290.89,1298.04,66500
2012-01-18,1301.85,1309.59,1298.65,1303.50,57500
2012-01-19,1302.99,1315.09,1298.64,1309.89,79900
2012-01-20,1310.89,1315.80,1270.84,1278.83,64000
2012-01-23,1279.14,1284.01,1270.99,1271.70,71900
2012-01-24,1276.05,1288.63,1271.43,1286.09,71500
2012-01-25,1288.98,1305.63,1281.77,1302.02,64300
2012-01-26,1302.46,1321.00,1297.63,1317.69,44500
2012-01-27,1326.94,1327.29,1290.84,1292.84,55100
2012-01-30,1296.57,1300.78,1288.71,1289.52,56400
2012-01-31,1284.34,1289.63,1284.04,1286.51,53200
2012-02-01,1282.29,1306.05,1280.78,1292.87,69200
2012-02-02,1296.31,1301.55,1282.43,1283.87,66900
2012-02-03,1287.50,1289.69,1251.70,1262.01,42400
2012-02-06,1262.73,1262.82,1232.66,1236.83,61600
2012-02-07,1246.27,1253.95,1227.45,1239.07,47500
2012-02-08,1235.41,1246.02,1229.88,1240.76,54700
2012-02-09,1238.95,1240.30,1224.58,1229.92,72600
2012-02-10,1222.59,1223.15,1215.50,1219.51,71500
2012-02-13,1214.72,1231.30,1208.73,1220.86,74900
2012-02-14,1219.28,1245.84,1206.26,1242.19,60000
2012-02-15,1239.37,1246.99,1238.82,1244.84,64200
2012-02-16,1244.22,1250.24,1218.47,1222.44,48300
2012-02-17,1223.23,1224.57,1189.84,1192.46,47900
2012-02-21,1194.16,1194.60,1185.41,1193.62,75500
2012-02-22,1198.64,1201.36,1188.05,1196.31,47000
2012-02-23,1198.51,1198.65,1193.22,1197.77,44900
2012-02-24,1196.04,1204.51,1147.02,1161.64,33600
2012-02-27,1162.63,1165.58,1149.32,1152.09,41100
2012-02-28,1151.66,1157.65,1143.32,1156.45,73300
2012-02-29,1154.89,1165.61,1149.43,1161.77,66400
2012-03-01,1164.21,1177.92,1162.98,1167.42,61900
2012-03-02,1174.99,1179.63,1158.63,1159.94,61700
2012-03-05,1164.66,1171.41,1162.67,1165.25,65000
2012-03-06,1164.42,1177.51,1154.83,1170.21,51900
2012-03-07,1175.29,1183.33,1160.34,1164.20,68700
2012-03-08,1167.27,1185.49,1160.49,1166.86,66400
2012-03-09,1165.19,1166.77,1160.80,1162.50,74500
2012-03-12,1167.10,1169.14,1164.17,1168.87,41400
2012-03-13,1166.75,1189.97,1160.32,1187.37,57100
2012-03-14,1196.68,1206.48,1195.55,1206.10,60300
2012-03-15,1211.05,1219.67,1196.79,1208.71,81600
2012-03-16,1210.26,1212.93,1201.34,1205.20,73400
2012-03-19,1210.08,1225.87,1209.60,1219.29,46500
2012-03-20,1218.35,1220.14,1201.84,1206.17,62300
2012-03-21,1217.57,1221.03,1206.69,1209.49,62000
2012-03-22,1212.21,1220.07,1208.61,1217.07,79000
2012-03-23,1221.44,1223.34,1204.30,1210.84,77200
2012-03-26,1221.57,1223.82,1202.33,1203.63,60500
2012-03-27,1204.76,1218.43,1199.70,1215.36,48000
2012-03-28,1216.87,1226.11,1208.15,1226.04,45900
2012-03-29,1227.90,1234.69,1204.21,1207.22,87400
2012-03-30,1207.97,1224.61,1205.23,1224.55,57700
2012-04-02,1219.10,1219.55,1210.56,1215.37,72700
2012-04-03,1215.14,1223.24,1188.65,1192.72,58700
2012-04-04,1190.64,1200.35,1165.76,1167.54,67600
2012-04-05,1175.28,1179.67,1174.84,1176.57,48000
2012-04-06,1179.10,1197.32,1178.67,1193.03,59000
2012-04-09,1197.97,1220.67,1195.23,1217.22,46800
2012-04-10,1218.08,1250.89,1216.16,1242.14,57000
2012-04-11,1246.76,1250.81,1223.50,1225.94,56500
2012-04-12,1229.05,1233.37,1225.92,1233.28,59400
2012-04-13,1226.80,1244.73,1220.76,1242.51,83900
2012-04-16,1240.87,1255.06,1233.11,1250.17,65400
2012-04-17,1249.57,1264.84,1243.53,1254.12,53700
2012-04-18,1246.75,1259.70,1240.05,1253.26,50600
2012-04-19,1241.70,1241.91,1222.14,1232.48,71100
2012-04-20,1229.73,1299.49,1221.06,1287.51,54600
2012-04-23,1292.76,1296.85,1280.50,1287.12,62700
2012-04-24,1295.71,1299.09,1280.84,1288.53,39700
2012-04-25,1286.79,1290.35,1266.22,1279.39,71500
2012-04-26,1272.28,1293.14,1271.52,1287.99,64600
2012-04-27,1279.00,1294.07,1273.16,1287.61,73900
2012-04-30,1278.41,1305.67,1277.19,1297.94,70400
2012-05-01,1301.14,1303.07,1277.01,1280.91,80700
2012-05-02,1272.69,1280.00,1265.47,1268.63,66300
2012-05-03,1271.11,1293.97,1271.00,1288.25,60700
2012-05-04,1283.67,1289.80,1275.75,1286.37,78100
2012-05-07,1289.03,1293.65,1261.06,1262.43,57700
2012-05-08,1264.57,1273.31,1259.12,1266.35,60000
2012-05-09,1273.88,1290.93,1271.67,1279.89,58900
2012-05-10,1280.17,1283.36,1259.75,1262.05,52000
2012-05-11,1256.83,1281.16,1251.33,1276.31,66900
2012-05-14,1269.79,1290.75,1260.78,1287.62,58000
2012-05-15,1287.43,1292.10,1274.66,1274.67,39500
2012-05-16,1277.75,1277.93,1254.34,1254.34,59000
2012-05-17,1256.40,1279.11,1234.68,1268.07,53200
2012-05-18,1267.39,1277.87,1255.21,1273.19,71600
2012-05-21,1271.71,1275.60,1264.85,1269.96,73900
2012-05-22,1275.05,1280.20,1261.15,1275.97,42000
2012-05-23,1272.92,1307.12,1269.80,1305.52,65300
2012-05-24,1316.15,1317.89,1292.30,1299.43,58900
2012-05-25,1297.82,1302.74,1291.33,1296.33,55300
2012-05-29,1288.33,1297.91,1279.73,1292.77,54500
2012-05-30,1294.14,1296.16,1275.28,1275.50,54200
2012-05-31,1273.38,1300.51,1268.63,1283.72,66100
2012-06-01,1283.85,1291.10,1270.70,1276.37,49400
2012-06-04,1280.14,1280.20,1264.70,1266.22,39700
2012-06-05,1270.12,1273.65,1259.83,1260.22,64700
2012-06-06,1256.63,1268.84,1251.04,1259.89,42200
2012-06-07,1259.85,1261.30,1232.97,1241.01,40700
2012-06-08,1256.27,1260.20,1213.31,1217.31,61100
2012-06-11,1218.99,1220.36,1204.80,1207.79,45000
2012-06-12,1209.51,1213.46,1200.09,1203.29,58400
2012-06-13,1205.75,1219.63,1204.59,1217.05,72100
2012-06-14,1210.08,1238.91,1204.32,1235.47,74800
2012-06-15,1240.87,1251.28,1207.39,1212.35,72500
2012-06-18,1220.25,1232.61,1183.53,1192.44,73400
2012-06-19,1196.04,1202.56,1182.55,1184.25,74300
2012-06-20,1190.93,1192.25,1178.17,1182.39,59000
2012-06-21,1189.55,1219.08,1179.48,1210.69,67100
2012-06-22,1213.38,1220.11,1211.81,1219.71,61300
2012-06-25,1219.99,1232.85,1218.69,1226.98,48700
2012-06-26,1224.76,1231.34,1209.28,1218.10,57200
2012-06-27,1212.82,1244.55,1212.26,1242.42,48000
2012-06-28,1237.62,1285.54,1227.82,1276.87,69700
2012-06-29,1287.50,1299.51,1259.16,1266.08,62900
2012-07-02,1269.02,1271.21,1249.46,1252.51,66200
2012-07-03,1250.60,1260.40,1249.03,1251.33,32800
2012-07-05,1241.62,1246.29,1205.39,1215.22,83200
2012-07-06,1214.96,1224.38,1213.61,1217.13,47100
2012-07-09,1216.90,1227.97,1206.40,1208.13,84000
2012-07-10,1193.76,1194.78,1166.47,1178.31,54200
2012-07-11,1176.56,1178.98,1161.03,1169.22,45900
2012-07-12,1177.22,1189.29,1171.70,1181.93,53400
2012-07-13,1181.82,1183.84,1161.43,1164.52,60800
2012-07-16,1164.33,1173.02,1159.51,1172.14,56300
2012-07-17,1164.99,1168.81,1157.57,1164.60,51700
2012-07-18,1167.83,1172.49,1151.63,1158.19,54000
2012-07-19,1158.90,1165.52,1133.97,1137.74,51400
2012-07-20,1142.59,1178.08,1135.77,1160.72,53500
2012-07-23,1163.50,1167.49,1131.10,1138.05,63500
2012-07-24,1132.96,1136.32,1126.67,1132.20,28700
2012-07-25,1140.01,1148.94,1132.64,1141.72,62300
2012-07-26,1145.46,1148.92,1115.54,1117.54,87900
2012-07-27,1125.06,1134.22,1123.23,1129.21,69700
2012-07-30,1127.94,1141.66,1118.02,1138.26,63500
2012-07-31,1135.85,1151.85,1134.32,1138.17,88800
2012-08-01,1131.64,1165.50,1131.19,1161.04,58200
2012-08-02,1157.77,1159.70,1146.00,1158.50,69100
2012-08-03,1168.26,1180.70,1133.86,1143.59,47600
2012-08-06,1143.94,1159.42,1141.67,1155.34,73300
2012-08-07,1147.02,1170.64,1144.98,1159.41,71400
2012-08-08,1168.61,1174.17,1140.87,1149.97,51100
2012-08-09,1152.48,1161.05,1130.04,1130.92,66300
2012-08-10,1128.60,1131.81,1098.34,1104.92,62200
2012-08-13,1102.45,1111.93,1101.31,1106.83,48300
2012-08-14,1111.96,1112.58,1091.02,1095.68,67900
2012-08-15,1093.57,1111.50,1093.05,1109.97,58800
2012-08-16,1110.37,1114.76,1101.89,1105.14,52500
2012-08-17,1100.55,1126.82,1086.80,1124.93,36500
2012-08-20,1122.01,1139.27,1118.83,1133.51,60400
2012-08-21,1131.30,1138.31,1110.69,1113.33,63900
2012-08-22,1109.22,1114.05,1102.04,1108.97,56200
2012-08-23,1109.20,1118.53,1108.57,1110.82,32600
2012-08-24,1112.30,1112.57,1107.45,1110.48,61600
2012-08-27,1111.71,1119.51,1086.94,1091.20,71200
2012-08-28,1085.91,1126.03,1080.36,1118.23,62400
2012-08-29,1119.00,1153.36,1117.30,1147.11,61700
2012-08-30,1150.95,1163.06,1149.86,1161.32,69500
2012-08-31,1162.71,1183.37,1161.09,1180.19,69300
2012-09-04,1186.66,1198.05,1184.79,1187.38,56100
2012-09-05,1195.53,1222.48,1192.89,1215.00,59200
2012-09-06,1214.21,1242.88,1207.00,1240.48,60000
2012-09-07,1240.84,1246.12,1218.32,1220.48,43000
2012-09-10,1227.79,1229.30,1221.62,1223.81,83600
2012-09-11,1220.68,1228.09,1208.88,1212.49,59500
2012-09-12,1214.37,1226.35,1213.87,1225.69,52700
2012-09-13,1226.59,1230.96,1225.93,1229.06,61000
2012-09-14,1234.28,1234.88,1208.87,1209.10,61200
2012-09-17,1205.32,1231.31,1201.01,1225.38,59300
2012-09-18,1221.59,1228.34,1215.85,1227.72,56800
2012-09-19,1232.62,1244.78,1221.28,1244.19,85200
2012-09-20,1248.53,1254.15,1244.38,1245.59,60800
2012-09-21,1242.05,1269.39,1240.95,1265.30,60700
2012-09-24,1266.69,1274.69,1255.00,1264.25,51100
2012-09-25,1268.30,1271.27,1260.10,1271.15,51000
2012-09-26,1269.90,1289.82,1258.76,1281.51,64000
2012-09-27,1281.66,1286.87,1272.63,1275.07,41000
2012-09-28,1274.75,1283.37,1272.89,1281.19,44100
2012-10-01,1286.16,1290.91,1262.19,1263.22,42400
2012-10-02,1259.36,1269.33,1252.27,1259.70,55500
2012-10-03,1256.68,1268.72,1249.46,1268.33,53700
2012-10-04,1268.96,1272.27,1258.67,1260.49,42800
2012-10-05,1253.88,1266.86,1249.54,1257.08,68000
2012-10-09,1259.01,1266.91,1238.03,1251.84,58000
2012-10-10,1251.01,1258.86,1204.85,1211.39,57600
2012-10-11,1208.42,1209.69,1193.58,1196.30,57500
2012-10-12,1197.31,1213.31,1192.69,1209.83,85000
2012-10-15,1213.81,1221.21,1212.68,1215.87,27000
2012-10-16,1216.90,1223.96,1177.99,1178.77,67400
2012-10-17,1170.91,1200.65,1166.21,1199.25,61100
2012-10-18,1206.67,1207.17,1193.66,1197.93,66200
2012-10-19,1203.94,1205.63,1167.01,1179.01,67500
2012-10-22,1180.80,1217.08,1174.86,1206.71,73100
2012-10-23,1211.29,1236.90,1210.76,1233.66,78000
2012-10-24,1242.06,1254.04,1239.25,1248.13,62400
2012-10-25,1246.63,1249.16,1219.04,1227.20,56600
2012-10-26,1225.28,1245.22,1211.01,1238.62,73000
2012-10-29,1239.42,1248.98,1238.75,1240.61,50700
2012-10-30,1235.07,1246.51,1208.92,1214.17,51600
2012-10-31,1216.80,1219.15,1182.10,1186.43,44600
2012-11-01,1191.06,1208.97,1187.25,1202.41,59600
2012-11-02,1207.22,1208.74,1203.40,1204.12,35700
2012-11-05,1211.01,1220.42,1206.23,1213.75,56100
2012-11-06,1209.82,1210.79,1180.18,1182.00,57600
2012-11-07,1182.30,1190.34,1180.82,1189.33,60700
2012-11-08,1185.10,1230.80,1178.20,1227.15,60500
2012-11-09,1226.17,1239.45,1220.33,1235.50,41400
2012-11-13,1238.87,1242.11,1214.99,1218.82,48200
2012-11-14,1227.64,1228.12,1212.28,1215.76,65900
2012-11-15,1219.13,1220.59,1196.35,1211.67,70000
2012-11-16,1213.57,1213.92,1188.53,1200.16,67700
2012-11-19,1207.39,1211.39,1201.47,1203.25,72800
2012-11-20,1203.18,1221.38,1199.01,1210.53,76300
2012-11-21,1202.44,1205.93,1173.48,1190.09,81000
2012-11-23,1178.24,1181.24,1157.55,1161.02,57700
2012-11-26,1153.62,1158.80,1148.31,1153.18,53700
2012-11-27,1160.08,1162.71,1154.50,1155.44,59000
2012-11-28,1151.17,1154.83,1127.76,1132.93,71700
2012-11-29,1139.27,1148.13,1117.55,1122.78,55900
2012-11-30,1123.39,1123.81,1088.29,1096.62,70300
2012-12-03,1097.40,1102.62,1094.26,1100.64,28300
2012-12-04,1094.46,1097.06,1068.13,1073.21,54400
2012-12-05,1078.67,1100.45,1076.82,1099.82,60900
2012-12-06,1097.82,1103.06,1064.04,1064.82,73800
2012-12-07,1066.14,1076.95,1064.55,1075.98,70700
2012-12-10,1073.52,1083.52,1056.19,1057.93,46600
2012-12-11,1063.39,1067.87,1053.44,1060.79,73600
2012-12-12,1058.93,1060.07,1050.12,1050.89,68700
2012-12-13,1054.35,1055.44,1030.74,1033.12,50600
2012-12-14,1034.22,1034.51,1027.25,1033.95,51200
2012-12-17,1029.15,1032.06,1021.09,1024.48,32900
2012-12-18,1013.43,1039.90,1010.79,1033.50,72900
2012-12-19,1037.81,1044.62,1030.26,1034.42,55900
2012-12-20,1038.06,1039.78,1021.03,1022.39,63200
2012-12-21,1030.33,1036.62,1019.65,1032.54,52600
2012-12-24,1029.91,1032.88,1029.51,1030.50,63700
2012-12-26,1029.78,1033.63,1009.26,1011.00,68300
2012-12-27,1007.78,1014.74,995.94,1004.05,71500
2012-12-28,1007.82,1016.41,993.29,996.75,39700
2012-12-31,998.33,1003.40,980.99,989.99,55500
2013-01-02,985.42,988.36,976.70,977.47,85500
2013-01-03,980.52,987.31,979.74,986.06,50700
2013-01-04,991.86,992.99,984.75,987.14,52200
2013-01-07,989.66,1013.96,983.00,1005.17,39600
2013-01-08,1011.02,1012.04,1005.78,1011.33,69800
2013-01-09,1017.26,1021.08,1007.70,1014.30,63300
2013-01-10,1012.92,1022.96,1006.12,1021.51,65800
2013-01-11,1030.08,1036.65,1014.22,1023.82,57800
2013-01-14,1012.48,1012.73,1009.94,1012.26,76600
2013-01-15,1012.79,1028.49,1009.09,1018.26,48100
2013-01-16,1020.46,1023.51,1006.98,1007.13,81400
2013-01-17,1009.83,1021.76,1007.83,1020.29,48200
2013-01-18,1015.41,1017.41,1006.27,1012.69,75500
2013-01-22,1018.18,1018.42,1010.55,1018.10,60100
2013-01-23,1017.09,1021.37,1012.69,1018.46,64400
2013-01-24,1021.14,1025.23,1004.75,1008.37,70100
2013-01-25,1008.61,1028.11,1008.60,1026.59,63200
2013-01-28,1033.72,1035.98,1018.82,1019.87,59400
2013-01-29,1021.18,1031.49,1016.12,1027.41,48600
2013-01-30,1023.02,1048.68,1013.90,1035.67,64100
2013-01-31,1034.49,1050.50,1030.80,1046.27,50500
2013-02-01,1045.26,1047.07,1041.15,1045.48,72400
2013-02-04,1041.42,1043.90,1035.05,1035.49,62000
2013-02-05,1037.15,1039.24,1036.47,1039.15,77600
2013-02-06,1029.51,1044.55,1026.72,1043.06,71500
2013-02-07,1045.68,1057.33,1037.75,1054.01,70400
2013-02-08,1051.86,1055.20,1048.89,1050.36,86800
2013-02-11,1048.95,1070.23,1042.64,1065.21,50100
2013-02-12,1073.02,1078.80,1063.31,1075.33,66300
2013-02-13,1071.08,1074.70,1063.83,1066.03,65000
2013-02-14,1066.69,1068.47,1037.08,1047.20,69200
2013-02-15,1045.76,1048.87,1024.11,1028.84,76200
2013-02-19,1022.57,1046.77,1016.27,1039.89,61400
2013-02-20,1037.85,1068.56,1037.75,1065.83,71900
2013-02-21,1064.28,1080.36,1061.73,1076.73,60500
2013-02-22,1073.31,1073.96,1061.26,1063.96,74500
2013-02-25,1057.42,1059.92,1053.09,1056.44,39900
2013-02-26,1054.24,1058.38,1025.50,1029.79,56500
2013-02-27,1027.44,1030.52,1017.06,1020.75,63100
2013-02-28,1018.36,1025.54,1013.76,1024.44,69100
2013-03-01,1025.86,1030.16,1015.68,1017.18,70400
2013-03-04,1023.41,1028.65,1020.77,1021.81,65400
2013-03-05,1032.91,1038.32,1014.24,1021.16,66000
2013-03-06,1020.89,1025.57,1007.44,1007.86,49000
2013-03-07,1006.43,1016.53,1002.51,1013.26,50100
2013-03-08,1012.66,1013.53,1008.62,1009.90,51400
2013-03-11,1016.02,1019.83,995.03,997.25,75600
2013-03-12,1002.41,1016.91,994.34,1014.41,50800
2013-03-13,1021.74,1027.05,993.35,995.87,47600
2013-03-14,991.94,1007.08,990.27,1003.49,40300
2013-03-15,1001.99,1013.37,998.64,1005.53,49200
2013-03-18,1008.10,1014.32,993.44,995.17,60500
2013-03-19,992.65,1001.42,990.03,996.21,51800
2013-03-20,994.06,1003.27,993.76,1002.26,42900
2013-03-21,1002.93,1011.63,989.71,990.53,51700
2013-03-22,991.98,994.49,967.36,970.52,37500
2013-03-25,969.15,997.19,965.55,995.63,53200
2013-03-26,994.68,997.20,991.19,993.02,74800
2013-03-27,993.51,996.01,972.70,979.68,42100
2013-03-28,986.25,987.83,962.13,965.49,43600
2013-03-29,966.31,966.44,938.99,945.63,53100
2013-04-01,937.70,943.28,928.18,931.76,65400
2013-04-02,930.09,945.81,927.76,934.07,42200
2013-04-03,929.18,950.29,921.34,945.13,94000
2013-04-04,949.67,953.47,925.53,932.05,55400
2013-04-05,936.39,941.26,932.23,935.75,58800
2013-04-08,936.44,950.31,934.05,949.31,45600
2013-04-09,943.70,964.75,941.28,959.33,60800
2013-04-10,953.15,962.72,951.30,962.41,66000
2013-04-11,967.20,981.36,952.55,981.29,62200
2013-04-12,979.53,982.30,966.32,973.17,69200
2013-04-15,978.43,978.59,966.82,972.35,46400
2013-04-16,969.58,989.79,964.20,988.94,76100
2013-04-17,991.10,993.30,976.58,979.55,77000
2013-04-18,976.12,977.78,975.37,975.84,63600
2013-04-19,979.88,981.04,974.06,975.77,62100
2013-04-22,981.22,990.31,980.21,980.46,58200
2013-04-23,978.50,982.22,965.71,967.71,64500
2013-04-24,972.15,990.11,969.64,989.11,76600
2013-04-25,986.93,988.67,970.59,984.59,67200
2013-04-26,986.41,990.75,951.28,952.88,67000
2013-04-29,959.59,971.34,937.47,945.05,57700
2013-04-30,941.37,943.44,924.80,932.36,76200
2013-05-01,936.08,938.71,921.39,924.32,59400
2013-05-02,922.79,931.55,919.06,919.78,69600
2013-05-03,927.89,928.36,913.90,915.87,58300
2013-05-06,913.87,917.75,898.51,907.68,32000
2013-05-07,908.26,920.21,905.84,917.90,82500
2013-05-08,929.48,936.36,911.52,916.91,60900
2013-05-09,917.54,917.67,889.62,889.80,57200
2013-05-10,884.51,911.71,882.02,902.05,56600
2013-05-13,898.59,898.80,883.84,885.36,63600
2013-05-14,884.97,893.10,880.25,892.29,60700
2013-05-15,892.43,915.38,891.79,906.69,76600
2013-05-16,912.12,918.84,898.39,901.45,79200
2013-05-17,900.27,906.05,897.93,905.47,71600
2013-05-20,907.94,908.85,904.56,906.14,53300
2013-05-21,903.64,924.19,897.21,921.98,64300
2013-05-22,923.47,930.25,922.47,922.84,60700
2013-05-23,924.42,925.15,917.13,923.62,48300
2013-05-24,923.09,942.69,919.30,932.99,83800
2013-05-28,933.84,939.86,909.97,913.70,69600
2013-05-29,915.84,925.92,914.95,919.16,65300
2013-05-30,918.03,929.03,912.29,927.26,78200
2013-05-31,930.33,931.23,917.74,921.05,64500
2013-06-03,925.13,926.76,905.92,914.74,79500
2013-06-04,914.34,923.42,912.22,919.27,70300
2013-06-05,920.87,931.38,919.66,931.31,60700
2013-06-06,934.29,960.56,932.58,952.17,50000
2013-06-07,955.22,957.65,944.07,949.25,69500
2013-06-10,943.08,943.55,935.57,938.65,56700
2013-06-11,941.55,957.61,939.52,956.84,54700
2013-06-12,959.84,963.08,950.15,952.34,81100
2013-06-13,951.37,965.07,947.84,964.21,60400
2013-06-14,957.25,978.12,955.79,974.13,84900
2013-06-17,976.09,998.62,968.54,995.52,55200
2013-06-18,991.60,1004.52,988.41,1003.01,58500
2013-06-19,998.32,1035.01,997.64,1032.09,58700
2013-06-20,1027.51,1030.97,1016.91,1027.69,57800
2013-06-21,1028.20,1028.57,1002.45,1010.64,72600
2013-06-24,1010.15,1012.61,998.78,1000.66,61500
2013-06-25,1009.07,1010.84,1003.39,1008.93,84700
2013-06-26,1002.55,1008.07,995.91,997.84,39300
2013-06-27,996.87,1003.26,990.24,998.45,51800
2013-06-28,991.76,1006.63,991.04,1003.96,75900
2013-07-01,998.55,1025.79,997.90,1013.94,74900
2013-07-02,1007.65,1032.10,1006.69,1023.76,53800
2013-07-03,1023.77,1038.08,1013.61,1015.23,51900
2013-07-05,1015.95,1029.50,1015.33,1019.47,66400
2013-07-08,1023.12,1039.32,1015.58,1027.34,74100
2013-07-09,1025.22,1042.31,1021.25,1034.19,83400
2013-07-10,1027.51,1042.94,1020.30,1040.58,47100
2013-07-11,1042.96,1049.76,1014.94,1021.93,44600
2013-07-12,1026.78,1032.20,1025.87,1028.62,48400
2013-07-15,1032.45,1045.94,1032.17,1042.88,58300
2013-07-16,1049.72,1056.24,1048.90,1050.52,35800
2013-07-17,1055.46,1079.72,1054.01,1077.41,78600
2013-07-18,1068.73,1091.30,1065.16,1086.53,52200
2013-07-19,1085.90,1089.01,1082.66,1086.58,62100
2013-07-22,1087.04,1092.68,1054.48,1063.28,73100
2013-07-23,1063.42,1077.27,1061.95,1074.70,54600
2013-07-24,1069.38,1073.74,1054.16,1054.68,64900
2013-07-25,1052.45,1060.16,1033.61,1038.14,69800
2013-07-26,1044.04,1049.81,1037.47,1048.13,48700
2013-07-29,1049.86,1065.86,1044.24,1059.80,55500
2013-07-30,1059.73,1068.50,1039.82,1045.77,41400
2013-07-31,1044.15,1069.04,1040.97,1062.04,71000
2013-08-01,1056.13,1061.92,1038.91,1048.19,74000
2013-08-02,1047.20,1058.80,1039.17,1055.95,65200
2013-08-05,1054.95,1062.92,1047.16,1057.56,56400
2013-08-06,1067.94,1073.35,1065.28,1066.90,68200
2013-08-07,1076.82,1082.78,1054.36,1059.81,71400
2013-08-08,1060.16,1078.35,1057.33,1073.80,40300
2013-08-09,1070.89,1076.56,1069.79,1070.12,46100
2013-08-12,1069.45,1086.90,1063.56,1086.58,62000
2013-08-13,1092.86,1129.54,1090.91,1122.89,68900
2013-08-14,1122.25,1132.95,1115.17,1115.21,59400
2013-08-15,1116.70,1120.25,1115.64,1120.06,62500
2013-08-16,1125.92,1146.68,1125.31,1138.15,63700
2013-08-19,1135.92,1138.49,1117.56,1125.34,62700
2013-08-20,1132.76,1139.71,1100.92,1108.57,53600
2013-08-21,1106.34,1129.31,1103.06,1128.16,52900
2013-08-22,1133.64,1135.65,1105.70,1111.27,61800
2013-08-23,1106.65,1121.24,1105.70,1116.92,77500
2013-08-26,1120.17,1140.73,1120.03,1139.91,65500
2013-08-27,1145.36,1152.04,1142.59,1143.33,58900
2013-08-28,1137.46,1142.42,1125.50,1127.68,65600
2013-08-29,1125.73,1127.67,1122.46,1126.65,37600
2013-08-30,1128.18,1140.72,1116.54,1123.79,67100
2013-09-03,1127.88,1132.42,1104.62,1105.06,69500
2013-09-04,1105.67,1111.22,1081.62,1084.58,56600
2013-09-05,1084.14,1109.47,1081.56,1105.45,56100
2013-09-06,1104.68,1106.22,1102.98,1102.98,48000
2013-09-09,1099.97,1105.27,1087.86,1095.52,50800
2013-09-10,1095.02,1099.15,1065.85,1070.21,72000
2013-09-11,1071.17,1077.55,1062.22,1074.69,47200
2013-09-12,1074.73,1090.25,1072.19,1086.27,57600
2013-09-13,1088.24,1098.11,1061.61,1062.28,26400
2013-09-16,1060.47,1061.40,1051.66,1058.96,48800
2013-09-17,1059.01,1060.16,1043.49,1051.05,78600
2013-09-18,1058.33,1061.81,1050.64,1053.66,56400
2013-09-19,1052.35,1065.87,1051.41,1054.63,65800
2013-09-20,1056.12,1061.00,1036.43,1044.19,52100
2013-09-23,1043.81,1060.51,1039.20,1054.48,58300
2013-09-24,1056.65,1059.44,1045.04,1053.15,64800
2013-09-25,1052.11,1061.42,1041.48,1048.92,49900
2013-09-26,1049.82,1051.76,1037.99,1042.48,57700
2013-09-27,1044.91,1048.50,1012.88,1024.22,78700
2013-09-30,1017.38,1039.04,1016.45,1029.35,69900
2013-10-01,1028.07,1046.01,1027.12,1044.10,65800
2013-10-02,1033.33,1053.64,1033.20,1048.99,38300
2013-10-03,1047.56,1051.61,1037.77,1040.18,48200
2013-10-04,1040.72,1041.25,1030.44,1040.60,70900
2013-10-07,1041.07,1059.20,1029.31,1056.69,42100
2013-10-08,1054.05,1073.97,1053.39,1070.87,63100
2013-10-09,1066.76,1078.14,1060.42,1066.81,56200
2013-10-10,1066.92,1090.29,1063.15,1089.06,63100
2013-10-11,1085.38,1096.69,1066.12,1072.09,47100
2013-10-15,1074.93,1078.76,1058.52,1062.34,67100
2013-10-16,1068.98,1070.95,1046.82,1048.25,70300
2013-10-17,1054.76,1066.19,1053.23,1059.49,71700
2013-10-18,1060.69,1061.94,1046.19,1046.59,41600
2013-10-21,1041.60,1069.88,1039.18,1065.39,73800
2013-10-22,1059.00,1068.33,1025.67,1030.94,36100
2013-10-23,1032.24,1037.57,1017.79,1023.32,62400
2013-10-24,1024.71,1030.82,1019.23,1021.18,64500
2013-10-25,1021.36,1026.34,1007.47,1012.78,45500
2013-10-28,1018.47,1027.41,1016.34,1022.99,53200
2013-10-29,1019.97,1021.75,1012.85,1017.80,51900
2013-10-30,1023.49,1033.12,1010.97,1016.57,65900
2013-10-31,1011.81,1017.40,988.98,990.10,53700
2013-11-01,991.55,993.28,990.23,990.25,55100
2013-11-04,989.21,1010.38,983.22,1007.28,80300
2013-11-05,1011.40,1015.32,1002.29,1003.18,65600
2013-11-06,998.21,1011.68,993.42,1011.03,63400
2013-11-07,1008.90,1010.40,995.54,999.75,44200
2013-11-08,993.93,994.76,980.93,985.29,30000
2013-11-12,987.80,996.61,985.39,987.34,69500
2013-11-13,992.65,995.18,984.99,994.76,54100
2013-11-14,996.31,1005.02,993.38,1000.53,61800
2013-11-15,1003.25,1005.44,998.42,1004.77,69300
2013-11-18,1007.17,1022.90,996.95,997.19,68100
2013-11-19,995.29,1026.04,994.73,1011.64,43800
2013-11-20,1007.53,1013.75,994.76,1001.97,56200
2013-11-21,1010.89,1014.02,1006.03,1012.55,75800
2013-11-22,1011.74,1017.12,993.74,996.71,70200
2013-11-25,999.92,1002.22,986.99,992.07,56500
2013-11-26,992.31,1000.06,989.62,998.48,62500
2013-11-27,992.66,1009.77,989.97,1005.23,52100
2013-11-29,999.99,1034.52,997.65,1024.89,72800
2013-12-02,1024.40,1042.75,1022.44,1039.13,61500
2013-12-03,1037.69,1041.17,1034.90,1037.11,74700
2013-12-04,1042.28,1049.15,1041.14,1043.51,72000
2013-12-05,1042.23,1059.71,1035.25,1055.31,46400
2013-12-06,1057.21,1061.18,1049.82,1050.73,54400
2013-12-09,1049.70,1054.40,1038.27,1047.79,49200
2013-12-10,1041.08,1045.18,1030.96,1040.74,65600
2013-12-11,1038.60,1058.58,1033.48,1058.23,69300
2013-12-12,1059.31,1071.38,1059.19,1071.30,55200
2013-12-13,1066.80,1075.16,1062.40,1073.93,72000
2013-12-16,1082.50,1093.53,1050.35,1052.28,63700
2013-12-17,1049.92,1062.50,1047.43,1057.42,73500
2013-12-18,1056.20,1057.35,1052.13,1054.11,56400
2013-12-19,1049.85,1050.48,1034.58,1036.53,55400
2013-12-20,1038.95,1052.44,1025.07,1034.48,46400
2013-12-23,1037.03,1039.71,1021.43,1023.38,56400
2013-12-24,1020.62,1024.48,996.69,1004.27,64800
2013-12-26,1004.29,1007.84,985.42,987.12,74900
2013-12-27,990.41,992.21,985.36,986.82,45500
2013-12-30,984.53,991.97,981.97,991.29,48300
2013-12-31,995.01,996.95,977.81,989.31,62000
2014-01-02,993.67,998.81,966.76,971.65,55100
2014-01-03,973.95,979.69,958.96,967.61,52400
2014-01-06,963.96,974.94,962.97,967.41,71400
2014-01-07,965.06,974.81,958.17,966.62,78500
2014-01-08,966.29,966.71,936.34,946.08,55200
2014-01-09,942.12,982.78,937.85,980.07,52700
2014-01-10,979.46,1006.48,972.02,1002.27,51600
2014-01-13,1002.53,1006.90,983.27,990.87,73400
2014-01-14,991.67,1002.91,989.91,999.24,63700
2014-01-15,992.45,993.67,980.25,983.40,32200
2014-01-16,990.41,991.30,968.39,974.17,48700
2014-01-17,974.58,983.19,974.16,977.05,47100
2014-01-21,978.84,982.92,975.01,982.65,71700
2014-01-22,981.99,993.79,980.70,990.54,62300
2014-01-23,993.75,996.63,978.90,979.00,65200
2014-01-24,967.04,994.30,965.58,988.83,70200
2014-01-27,989.11,991.44,977.10,978.16,56100
2014-01-28,986.61,988.09,938.10,943.81,53600
2014-01-29,944.13,945.74,939.34,943.01,56700
2014-01-30,939.73,965.85,926.92,962.14,55800
2014-01-31,969.47,980.22,967.62,978.08,72800
2014-02-03,977.81,1012.01,977.48,1006.01,39900
2014-02-04,1002.75,1004.24,998.60,1003.35,57500
2014-02-05,1003.64,1016.88,999.73,1014.95,65800
2014-02-06,1020.87,1024.48,999.96,1004.82,68700
2014-02-07,1010.13,1013.86,1008.06,1008.06,79500
2014-02-10,1010.19,1019.58,1002.49,1019.31,47700
2014-02-11,1021.41,1030.81,1019.47,1026.43,56600
2014-02-12,1028.46,1029.18,1011.33,1015.56,64000
2014-02-13,1014.99,1021.54,1009.45,1015.93,49900
2014-02-14,1013.32,1025.73,1011.68,1019.67,63600
2014-02-18,1019.76,1026.98,1018.60,1019.40,61400
2014-02-19,1010.32,1026.62,1006.14,1021.20,64300
2014-02-20,1021.40,1024.66,988.03,994.59,57500
2014-02-21,999.01,1003.91,990.74,994.75,59700
2014-02-24,994.98,1000.18,981.03,984.19,64300
2014-02-25,980.37,996.02,976.70,994.08,59000
2014-02-26,992.84,996.28,977.58,978.06,59600
2014-02-27,980.32,981.60,975.83,979.88,57400
2014-02-28,982.02,1001.17,981.41,996.86,68700
2014-03-03,996.25,996.87,986.64,996.68,45000
2014-03-04,1001.36,1016.49,993.07,1014.79,68900
2014-03-05,1014.29,1046.04,1012.66,1045.86,80700
2014-03-06,1037.41,1057.52,1026.34,1057.05,34800
2014-03-07,1060.24,1061.29,1051.16,1052.12,64400
2014-03-10,1044.07,1056.63,1042.89,1046.91,42600
2014-03-11,1055.87,1057.47,1042.31,1046.75,70300
2014-03-12,1045.26,1055.59,1043.40,1052.06,50800
2014-03-13,1060.11,1061.80,1009.35,1011.86,70500
2014-03-14,1010.52,1034.66,1010.16,1032.96,66500
2014-03-17,1036.11,1037.50,1028.96,1029.56,49800
2014-03-18,1033.30,1047.24,1031.74,1038.05,68100
2014-03-19,1038.29,1052.61,1036.24,1051.90,74100
2014-03-20,1057.12,1057.32,1034.49,1039.42,60900
2014-03-21,1034.83,1036.23,1031.45,1036.02,87200
2014-03-24,1041.30,1067.78,1028.88,1062.84,58700
2014-03-25,1055.94,1077.75,1046.63,1071.83,65500
2014-03-26,1077.52,1081.42,1065.44,1070.28,61100
2014-03-27,1068.74,1072.92,1054.20,1059.59,86200
2014-03-28,1049.67,1056.95,1043.21,1055.80,68200
2014-03-31,1049.56,1065.02,1047.26,1063.50,49100
2014-04-01,1061.10,1063.39,1047.18,1048.30,70200
2014-04-02,1051.75,1063.18,1042.92,1057.64,64600
2014-04-03,1060.07,1091.49,1057.99,1084.05,71400
2014-04-04,1084.96,1086.56,1056.24,1063.67,72300
2014-04-07,1057.77,1088.88,1055.62,1078.16,64100
2014-04-08,1086.47,1101.06,1081.83,1093.78,63900
2014-04-09,1092.22,1099.60,1089.71,1095.07,55400
2014-04-10,1099.21,1114.20,1092.43,1106.85,49100
2014-04-11,1106.73,1120.07,1098.62,1111.91,65100
2014-04-14,1107.24,1108.18,1101.80,1106.61,72700
2014-04-15,1105.56,1109.31,1069.58,1072.35,65400
2014-04-16,1073.51,1096.11,1071.16,1094.59,55200
2014-04-17,1093.53,1095.12,1083.90,1089.34,51200
2014-04-18,1082.52,1118.23,1081.35,1105.93,48300
2014-04-21,1111.56,1124.51,1111.56,1114.38,63200
2014-04-22,1120.01,1136.72,1117.61,1133.48,51200
2014-04-23,1136.71,1142.79,1108.39,1114.72,52500
2014-04-24,1110.51,1129.44,1107.55,1128.41,40200
2014-04-25,1132.72,1147.79,1128.33,1146.19,33800
2014-04-28,1146.66,1173.53,1144.19,1170.16,61000
2014-04-29,1171.05,1184.84,1160.12,1182.55,48400
2014-04-30,1174.68,1201.28,1171.32,1191.59,57300
2014-05-01,1196.80,1222.90,1193.15,1215.08,46000
2014-05-02,1219.23,1224.42,1183.74,1189.38,82700
2014-05-05,1187.66,1191.41,1158.11,1159.33,44200
2014-05-06,1154.12,1157.32,1132.87,1141.88,67800
2014-05-07,1146.48,1148.55,1136.70,1144.99,48700
2014-05-08,1143.59,1164.62,1132.89,1152.84,47900
2014-05-09,1151.47,1152.95,1135.48,1138.38,52700
2014-05-12,1145.17,1147.04,1138.92,1144.22,36600
2014-05-13,1143.21,1155.42,1139.10,1147.23,64100
2014-05-14,1151.78,1173.01,1147.79,1167.06,62000
2014-05-15,1158.72,1165.45,1142.00,1147.16,52600
2014-05-16,1142.34,1184.31,1135.66,1177.97,64200
2014-05-19,1179.89,1180.97,1151.87,1156.21,62300
2014-05-20,1163.50,1164.67,1155.62,1159.88,60300
2014-05-21,1165.20,1176.94,1155.93,1170.99,97000
2014-05-22,1172.44,1195.12,1164.48,1194.37,67700
2014-05-23,1197.83,1199.79,1180.57,1181.78,66000
2014-05-27,1180.16,1182.69,1164.81,1165.89,74800
2014-05-28,1165.60,1165.64,1160.88,1165.13,47400
2014-05-29,1173.20,1197.68,1167.71,1190.09,56600
2014-05-30,1186.21,1188.45,1165.75,1167.58,59400
2014-06-02,1167.24,1167.30,1156.66,1163.77,57200
2014-06-03,1160.62,1173.40,1128.42,1139.22,50100
2014-06-04,1136.19,1139.82,1135.12,1137.79,69200
2014-06-05,1138.52,1155.54,1137.83,1152.65,72200
2014-06-06,1158.25,1188.74,1157.63,1178.76,54700
2014-06-09,1183.86,1206.10,1175.90,1205.01,75600
2014-06-10,1204.05,1236.06,1200.68,1227.29,47600
2014-06-11,1224.09,1253.09,1217.73,1247.74,45700
2014-06-12,1262.72,1266.99,1226.18,1226.24,55100
2014-06-13,1225.02,1229.25,1220.11,1221.59,83000
2014-06-16,1214.93,1233.44,1214.71,1227.36,51900
2014-06-17,1240.82,1240.89,1220.13,1229.88,47900
2014-06-18,1228.80,1251.49,1224.23,1245.08,56400
2014-06-19,1243.33,1269.85,1239.90,1264.41,53900
2014-06-20,1266.35,1280.34,1265.32,1279.87,72100
2014-06-23,1283.21,1295.72,1272.63,1291.61,28300
2014-06-24,1290.88,1299.47,1289.33,1290.59,59000
2014-06-25,1293.51,1300.88,1274.87,1278.53,60500
2014-06-26,1273.99,1313.75,1262.72,1305.59,46700
2014-06-27,1300.60,1319.56,1290.53,1310.80,63700
2014-06-30,1307.94,1328.71,1299.47,1325.56,69600
2014-07-01,1333.58,1338.10,1312.53,1316.88,64800
2014-07-02,1316.95,1318.60,1285.00,1292.62,44600
2014-07-03,1289.89,1320.49,1280.39,1304.32,81400
2014-07-07,1309.06,1317.66,1287.78,1298.91,66600
2014-07-08,1292.85,1294.85,1280.29,1281.31,62600
2014-07-09,1280.09,1291.55,1272.51,1287.19,49000
2014-07-10,1285.70,1328.99,1276.15,1319.47,46300
2014-07-11,1319.41,1324.47,1305.33,1313.57,80100
2014-07-14,1308.67,1336.99,1304.09,1326.45,62400
2014-07-15,1319.37,1348.99,1315.69,1339.57,46100
2014-07-16,1339.08,1349.33,1338.88,1347.52,55800
2014-07-17,1347.44,1347.84,1335.34,1338.25,71700
2014-07-18,1332.09,1332.60,1306.77,1308.18,64400
2014-07-21,1313.98,1325.06,1295.11,1305.29,40200
2014-07-22,1300.75,1313.90,1290.83,1293.02,67000
2014-07-23,1297.14,1299.33,1264.17,1268.62,52000
2014-07-24,1267.33,1290.53,1257.64,1285.86,60500
2014-07-25,1275.84,1305.15,1267.21,1294.44,62600
2014-07-28,1278.62,1299.06,1273.79,1293.79,64900
2014-07-29,1291.36,1312.53,1287.70,1303.56,59700
2014-07-30,1298.29,1299.89,1278.19,1280.05,47800
2014-07-31,1279.45,1306.53,1267.53,1292.68,59400
2014-08-01,1295.70,1308.33,1290.87,1300.76,53000
2014-08-04,1302.46,1302.89,1301.13,1301.27,66100
2014-08-05,1297.22,1302.04,1286.81,1292.95,63300
2014-08-06,1295.56,1302.38,1257.58,1265.97,45300
2014-08-07,1264.83,1278.30,1260.27,1270.12,76600
2014-08-08,1269.57,1280.96,1244.63,1249.41,45400
2014-08-11,1248.71,1256.77,1227.70,1229.03,60700
2014-08-12,1232.98,1251.36,1230.12,1240.18,50300
2014-08-13,1241.73,1243.07,1233.88,1241.07,64300
2014-08-14,1244.40,1254.20,1226.96,1253.76,57900
2014-08-15,1251.54,1256.89,1218.18,1227.58,42000
2014-08-18,1232.44,1236.98,1226.22,1230.21,44700
2014-08-19,1230.78,1233.24,1219.29,1219.45,49700
2014-08-20,1217.58,1229.86,1196.57,1201.05,64700
2014-08-21,1193.46,1197.17,1173.08,1181.56,58200
2014-08-22,1173.94,1190.87,1172.61,1179.01,55700
2014-08-25,1169.37,1174.52,1164.77,1166.06,53800
2014-08-26,1174.57,1178.85,1158.61,1170.30,56400
2014-08-27,1166.99,1179.84,1165.93,1177.40,77100
2014-08-28,1175.29,1184.27,1175.28,1182.82,71200
2014-08-29,1176.35,1180.13,1172.84,1178.56,60700
2014-09-02,1175.36,1176.39,1167.76,1175.01,57200
2014-09-03,1175.45,1189.09,1138.05,1141.53,71900
2014-09-04,1142.84,1143.51,1103.54,1108.49,52500
2014-09-05,1108.92,1113.90,1096.54,1097.76,57800
2014-09-08,1097.76,1113.69,1095.18,1112.94,41500
2014-09-09,1107.99,1112.68,1091.42,1097.34,67900
2014-09-10,1095.30,1098.85,1091.48,1095.08,64300
2014-09-11,1085.99,1098.25,1068.92,1073.65,56300
2014-09-12,1071.10,1079.21,1050.65,1055.77,45700
2014-09-15,1063.88,1070.81,1058.10,1061.24,62200
2014-09-16,1058.67,1063.38,1050.29,1050.61,60700
2014-09-17,1048.51,1067.47,1042.94,1061.24,59900
2014-09-18,1059.43,1069.56,1057.24,1068.30,48100
2014-09-19,1067.76,1071.51,1055.21,1057.20,72800
2014-09-22,1053.98,1070.46,1049.07,1069.51,57300
2014-09-23,1073.82,1080.29,1055.77,1060.77,65300
2014-09-24,1058.30,1062.07,1045.56,1048.58,49300
2014-09-25,1048.12,1058.55,1047.48,1054.43,65500
2014-09-26,1056.90,1058.67,1040.26,1046.57,54400
2014-09-29,1059.34,1060.14,1043.56,1051.12,55300
2014-09-30,1049.15,1055.23,1043.77,1054.93,65400
2014-10-01,1049.48,1075.76,1044.20,1070.01,60800
2014-10-02,1073.74,1075.80,1044.68,1047.01,55400
2014-10-03,1048.50,1063.45,1044.99,1061.83,58900
2014-10-06,1062.11,1076.96,1061.55,1069.68,69900
2014-10-07,1076.62,1087.39,1062.70,1068.36,64700
2014-10-08,1057.06,1058.31,1051.02,1054.16,70900
2014-10-09,1055.13,1055.76,1042.55,1044.23,64500
2014-10-10,1047.80,1061.15,1046.34,1052.57,51800
2014-10-14,1044.24,1065.59,1037.33,1065.56,64500
2014-10-15,1070.43,1071.97,1064.62,1069.59,44700
2014-10-16,1066.43,1087.15,1054.40,1082.60,67600
2014-10-17,1081.21,1087.48,1078.18,1086.11,53600
2014-10-20,1079.03,1086.91,1078.57,1085.30,46200
2014-10-21,1079.49,1110.04,1077.51,1106.79,59600
2014-10-22,1096.39,1104.77,1086.50,1096.05,69100
2014-10-23,1091.81,1109.13,1089.47,1101.22,49700
2014-10-24,1101.30,1110.08,1101.06,1107.77,48400
2014-10-27,1095.71,1127.02,1089.44,1126.72,71000
2014-10-28,1124.72,1148.84,1113.80,1141.88,63200
2014-10-29,1148.74,1150.06,1129.50,1133.44,43800
2014-10-30,1144.06,1144.99,1121.99,1128.15,76200
2014-10-31,1126.55,1152.75,1124.31,1150.85,60600
2014-11-03,1150.63,1151.56,1131.58,1131.97,62200
2014-11-04,1124.71,1146.24,1110.97,1141.84,75500
2014-11-05,1141.08,1162.98,1136.19,1161.50,48600
2014-11-06,1162.33,1178.68,1156.25,1177.29,64900
2014-11-07,1170.75,1201.87,1168.50,1201.70,57600
2014-11-10,1198.85,1200.08,1198.07,1199.26,57400
2014-11-12,1205.50,1209.33,1184.01,1184.78,70400
2014-11-13,1185.25,1202.50,1179.47,1199.98,72500
2014-11-14,1188.36,1201.85,1186.66,1196.90,66500
2014-11-17,1197.78,1221.48,1196.05,1211.96,63100
2014-11-18,1203.74,1243.70,1202.06,1228.85,67300
2014-11-19,1233.57,1240.49,1212.19,1224.42,58800
2014-11-20,1228.22,1237.62,1198.82,1216.64,70000
2014-11-21,1224.07,1232.96,1222.95,1232.35,61400
2014-11-24,1225.16,1256.84,1224.13,1246.33,48600
2014-11-25,1242.69,1257.03,1233.08,1235.80,51300
2014-11-26,1234.15,1255.09,1228.74,1250.00,61000
2014-11-28,1246.59,1255.69,1245.61,1255.13,49700
2014-12-01,1252.69,1271.33,1249.72,1256.89,81100
2014-12-02,1254.41,1272.44,1249.61,1270.22,64600
2014-12-03,1281.91,1297.08,1253.30,1256.17,41000
2014-12-04,1249.31,1259.78,1227.86,1235.85,68300
2014-12-05,1237.51,1244.58,1236.64,1240.09,39100
2014-12-08,1239.09,1257.28,1226.04,1230.64,44000
2014-12-09,1239.63,1241.01,1199.81,1205.01,55800
2014-12-10,1206.10,1207.56,1187.36,1200.06,59900
2014-12-11,1197.14,1211.87,1185.70,1207.06,54100
2014-12-12,1209.36,1213.15,1188.59,1191.24,63300
2014-12-15,1200.27,1203.31,1189.63,1194.67,56300
2014-12-16,1210.27,1213.07,1186.04,1194.51,58500
2014-12-17,1199.54,1200.20,1187.34,1189.86,43100
2014-12-18,1191.43,1205.08,1190.15,1201.72,43100
2014-12-19,1209.17,1215.46,1208.49,1212.87,61700
2014-12-22,1210.29,1213.06,1204.36,1212.53,60700
2014-12-23,1212.72,1230.59,1212.29,1222.86,86500
2014-12-24,1222.62,1230.59,1181.25,1182.18,59900
2014-12-26,1179.65,1204.22,1179.13,1202.00,61800
2014-12-29,1201.54,1206.89,1181.27,1191.67,63000
2014-12-30,1191.16,1193.77,1178.92,1182.37,62100
2014-12-31,1184.35,1185.12,1178.02,1179.63,59900
2015-01-02,1177.65,1182.04,1168.98,1181.40,77700
2015-01-05,1184.10,1204.49,1179.56,1204.06,50700
2015-01-06,1204.83,1245.37,1201.58,1232.06,45500
2015-01-07,1233.72,1234.97,1201.85,1221.45,70200
2015-01-08,1224.81,1244.00,1217.98,1234.11,58700
2015-01-09,1223.61,1238.46,1220.11,1238.01,51800
2015-01-12,1240.15,1243.19,1223.17,1231.31,51600
2015-01-13,1223.08,1224.35,1207.99,1212.88,63400
2015-01-14,1211.30,1235.03,1203.41,1231.53,50000
2015-01-15,1228.84,1240.19,1212.06,1219.16,48000
2015-01-16,1219.09,1219.74,1201.26,1210.40,53500
2015-01-20,1216.20,1217.80,1206.52,1208.14,67700
2015-01-21,1205.25,1207.53,1195.93,1203.39,50100
2015-01-22,1200.16,1204.95,1192.88,1197.80,69600
2015-01-23,1191.68,1193.48,1178.45,1181.52,44900
2015-01-26,1188.02,1193.29,1152.12,1157.99,46300
2015-01-27,1149.91,1160.97,1148.13,1157.30,73100
2015-01-28,1153.09,1158.19,1152.19,1152.24,85700
2015-01-29,1148.95,1168.76,1145.24,1162.19,57800
2015-01-30,1165.04,1167.43,1164.08,1164.14,43000
2015-02-02,1160.98,1161.83,1137.24,1142.75,93600
2015-02-03,1142.85,1147.66,1138.13,1138.90,40300
2015-02-04,1135.97,1155.01,1131.48,1153.76,53700
2015-02-05,1159.74,1171.44,1157.16,1162.93,60100
2015-02-06,1156.00,1177.82,1152.49,1167.32,60300
2015-02-09,1163.89,1177.11,1145.04,1147.05,60900
2015-02-10,1150.49,1178.55,1150.08,1173.10,58600
2015-02-11,1173.72,1175.11,1156.11,1158.27,74000
2015-02-12,1162.17,1173.35,1151.22,1166.10,64400
2015-02-13,1155.28,1175.86,1149.13,1174.85,89100
2015-02-17,1177.74,1188.03,1176.38,1177.97,72600
2015-02-18,1181.08,1197.03,1179.99,1189.47,84600
2015-02-19,1186.93,1200.98,1161.17,1164.82,54800
2015-02-20,1165.37,1165.47,1138.91,1142.48,68700
2015-02-23,1147.25,1166.56,1146.79,1163.47,72200
2015-02-24,1155.22,1162.46,1152.92,1155.54,57500
2015-02-25,1161.91,1169.98,1141.06,1144.48,48400
2015-02-26,1142.82,1173.94,1137.08,1166.18,76200
2015-02-27,1173.80,1181.92,1168.38,1177.15,81800
2015-03-02,1180.22,1182.06,1144.62,1149.42,67000
2015-03-03,1149.43,1181.28,1137.73,1167.03,50100
2015-03-04,1171.80,1184.23,1167.42,1179.60,55100
2015-03-05,1183.24,1183.97,1170.04,1180.24,47300
2015-03-06,1176.58,1178.33,1166.10,1174.08,62700
2015-03-09,1169.96,1172.16,1165.74,1170.80,60300
2015-03-10,1179.39,1186.05,1154.36,1155.68,58300
2015-03-11,1162.08,1162.84,1152.99,1156.76,55500
2015-03-12,1154.84,1171.58,1149.74,1169.85,72400
2015-03-13,1165.54,1167.25,1154.73,1157.56,76200
2015-03-16,1160.00,1169.96,1151.38,1164.33,57000
2015-03-17,1166.53,1193.90,1164.33,1191.32,62500
2015-03-18,1189.96,1192.64,1174.24,1178.43,61100
2015-03-19,1183.65,1184.98,1163.45,1167.52,44800
2015-03-20,1171.08,1176.73,1147.18,1149.25,55400
2015-03-23,1152.57,1158.39,1152.19,1157.37,51900
2015-03-24,1156.61,1157.82,1149.77,1152.82,53600
2015-03-25,1148.63,1176.53,1145.24,1172.04,67600
2015-03-26,1171.52,1192.10,1166.68,1190.49,76300
2015-03-27,1197.50,1197.83,1197.27,1197.78,50400
2015-03-30,1197.05,1212.25,1186.95,1210.82,45600
2015-03-31,1205.63,1215.16,1200.35,1209.47,61200
2015-04-01,1214.28,1226.30,1197.49,1198.96,87900
2015-04-02,1199.96,1204.71,1197.95,1201.90,38800
2015-04-03,1206.77,1213.87,1192.25,1194.97,67100
2015-04-06,1193.54,1195.95,1180.10,1181.32,80900
2015-04-07,1178.17,1207.14,1169.83,1206.49,74000
2015-04-08,1212.58,1217.05,1197.29,1199.87,49200
2015-04-09,1199.23,1199.77,1144.19,1146.12,61000
2015-04-10,1142.45,1147.61,1136.48,1139.64,42700
2015-04-13,1133.46,1142.09,1123.79,1134.76,55300
2015-04-14,1126.63,1134.05,1124.64,1130.24,35900
2015-04-15,1129.59,1142.02,1126.92,1141.02,55900
2015-04-16,1130.15,1157.82,1125.48,1157.59,60100
2015-04-17,1161.24,1174.88,1154.80,1173.71,62200
2015-04-20,1171.24,1190.16,1158.02,1184.57,56000
2015-04-21,1180.47,1187.19,1175.76,1181.38,66200
2015-04-22,1188.08,1208.35,1180.08,1196.40,56200
2015-04-23,1197.41,1198.48,1173.85,1177.06,67600
2015-04-24,1178.82,1205.82,1176.12,1193.83,47900
2015-04-27,1194.04,1212.36,1191.87,1202.30,61700
2015-04-28,1194.89,1206.09,1184.08,1202.73,72100
2015-04-29,1201.44,1208.95,1189.41,1194.28,53100
2015-04-30,1192.71,1216.05,1189.10,1214.20,59600
2015-05-01,1218.92,1220.75,1212.77,1213.18,64800
2015-05-04,1205.64,1209.07,1196.69,1202.78,56700
2015-05-05,1205.19,1205.26,1170.33,1175.02,42300
2015-05-06,1175.19,1175.69,1156.11,1159.67,77700
2015-05-07,1156.18,1161.91,1144.36,1148.63,52900
2015-05-08,1144.64,1152.88,1107.41,1114.93,86300
2015-05-11,1115.44,1118.68,1113.58,1114.17,48100
2015-05-12,1109.59,1120.27,1095.31,1102.59,43500
2015-05-13,1107.91,1109.86,1081.91,1091.02,58100
2015-05-14,1094.19,1097.29,1068.42,1073.22,50200
2015-05-15,1075.32,1097.41,1074.90,1090.98,74100
2015-05-18,1092.29,1093.48,1082.56,1089.54,48700
2015-05-19,1090.29,1106.07,1089.39,1099.77,69700
2015-05-20,1100.29,1102.36,1097.33,1101.18,48300
2015-05-21,1104.38,1114.80,1097.63,1114.49,48100
2015-05-22,1114.86,1115.25,1106.56,1113.38,75000
2015-05-26,1117.86,1123.99,1091.75,1096.59,69000
2015-05-27,1098.36,1143.08,1096.47,1140.27,58800
2015-05-28,1147.56,1169.87,1145.94,1168.97,60500
2015-05-29,1162.55,1166.21,1134.59,1145.28,71200
2015-06-01,1143.52,1169.87,1138.02,1163.47,59200
2015-06-02,1161.88,1181.12,1157.96,1174.68,61200
2015-06-03,1171.24,1176.59,1166.50,1170.92,44700
2015-06-04,1163.48,1167.94,1148.78,1151.01,69700
2015-06-05,1150.38,1159.32,1142.35,1142.92,42300
2015-06-08,1131.18,1154.01,1130.67,1148.17,67000
2015-06-09,1145.46,1152.18,1140.66,1142.50,94200
2015-06-10,1142.13,1144.81,1114.41,1116.30,49500
2015-06-11,1116.89,1119.27,1113.66,1115.67,63600
2015-06-12,1122.92,1127.02,1122.91,1126.72,49700
2015-06-15,1121.83,1143.93,1114.45,1140.80,42800
2015-06-16,1145.49,1172.74,1139.80,1162.15,58700
2015-06-17,1163.74,1170.19,1143.26,1153.73,64400
2015-06-18,1154.31,1163.88,1144.64,1156.51,79400
2015-06-19,1158.93,1185.51,1157.02,1182.25,71100
2015-06-22,1182.16,1183.80,1167.55,1170.83,63800
2015-06-23,1172.54,1179.00,1162.29,1168.44,77000
2015-06-24,1169.07,1173.47,1162.55,1173.37,77500
2015-06-25,1167.08,1186.20,1159.59,1177.43,30100
2015-06-26,1178.21,1182.30,1159.50,1165.33,48000
2015-06-29,1163.10,1172.94,1158.76,1170.84,50400
2015-06-30,1173.88,1178.93,1170.85,1178.83,77100
2015-07-01,1171.79,1181.67,1125.14,1137.17,73100
2015-07-02,1131.42,1144.99,1128.10,1140.50,65800
2015-07-06,1148.56,1153.13,1146.31,1150.20,72000
2015-07-07,1149.94,1174.39,1148.90,1168.56,61400
2015-07-08,1161.06,1161.14,1146.77,1152.45,66200
2015-07-09,1153.52,1164.10,1149.84,1161.66,78600
2015-07-10,1157.21,1160.04,1152.91,1156.72,52300
2015-07-13,1157.20,1168.36,1155.62,1163.92,64200
2015-07-14,1155.67,1184.03,1150.12,1178.72,70900
2015-07-15,1175.06,1206.80,1171.37,1198.58,40700
2015-07-16,1202.75,1205.73,1194.78,1198.33,57200
2015-07-17,1199.49,1204.80,1196.98,1203.49,57500
2015-07-20,1209.94,1217.10,1198.42,1199.28,61700
2015-07-21,1200.49,1211.81,1195.95,1203.95,58500
2015-07-22,1208.49,1211.42,1200.59,1209.80,62600
2015-07-23,1207.70,1213.40,1196.96,1204.48,50200
2015-07-24,1203.60,1229.19,1193.23,1223.81,86000
2015-07-27,1222.27,1237.59,1211.39,1234.95,63200
2015-07-28,1231.07,1254.78,1224.65,1253.53,69500
2015-07-29,1254.97,1273.31,1249.60,1270.51,44200
2015-07-30,1268.13,1280.96,1265.04,1279.72,55700
2015-07-31,1279.55,1290.72,1252.64,1255.15,65900
2015-08-03,1256.84,1265.02,1243.00,1248.49,65900
2015-08-04,1244.03,1245.89,1236.63,1242.53,32400
2015-08-05,1242.03,1247.04,1228.03,1233.61,49500
2015-08-06,1244.33,1246.92,1233.57,1243.42,47400
2015-08-07,1247.37,1255.19,1244.34,1252.13,47100
2015-08-10,1251.84,1252.03,1241.45,1250.35,61800
2015-08-11,1252.12,1264.85,1248.60,1262.42,70000
2015-08-12,1266.02,1278.00,1262.01,1268.80,53800
2015-08-13,1277.81,1287.92,1233.34,1238.73,62600
2015-08-14,1237.20,1241.83,1218.20,1218.38,46300
2015-08-17,1212.76,1227.75,1209.67,1227.57,65500
2015-08-18,1236.45,1243.98,1220.34,1225.29,60400
2015-08-19,1226.57,1237.23,1226.01,1236.77,65000
2015-08-20,1228.82,1241.84,1225.96,1234.80,60900
2015-08-21,1229.49,1232.80,1217.57,1224.86,52700
2015-08-24,1221.55,1248.15,1219.68,1239.01,68100
2015-08-25,1238.60,1271.93,1231.28,1254.28,64500
2015-08-26,1249.93,1273.46,1241.27,1272.02,43900
2015-08-27,1275.81,1278.85,1262.34,1266.47,51100
2015-08-28,1263.02,1285.37,1251.54,1283.60,64500
2015-08-31,1281.15,1330.21,1276.54,1322.87,53000
2015-09-01,1327.25,1344.26,1326.09,1340.88,51800
2015-09-02,1341.04,1341.17,1329.63,1334.94,40700
2015-09-03,1341.44,1346.24,1320.25,1322.54,55600
2015-09-04,1322.28,1342.16,1319.54,1336.53,72500
2015-09-08,1328.60,1335.03,1319.88,1329.04,71900
2015-09-09,1328.09,1342.66,1327.42,1330.73,74600
2015-09-10,1330.73,1333.44,1309.12,1320.82,58400
2015-09-11,1311.69,1351.52,1302.94,1347.08,85000
2015-09-14,1335.63,1337.82,1327.46,1337.81,82200
2015-09-15,1334.75,1361.08,1324.10,1355.41,55000
2015-09-16,1359.37,1363.65,1323.97,1333.36,58400
2015-09-17,1337.22,1345.07,1326.11,1328.44,22600
2015-09-18,1332.38,1336.49,1314.76,1319.17,68800
2015-09-21,1318.49,1340.01,1307.59,1309.69,66400
2015-09-22,1308.96,1314.97,1280.36,1291.43,68000
2015-09-23,1287.61,1295.09,1283.21,1293.29,69900
2015-09-24,1295.58,1311.74,1288.74,1290.47,52700
2015-09-25,1299.51,1301.96,1280.10,1280.98,53900
2015-09-28,1281.16,1298.43,1279.74,1291.92,59500
2015-09-29,1281.26,1293.77,1269.57,1286.16,66400
2015-09-30,1286.43,1310.16,1278.52,1307.65,55800
2015-10-01,1300.50,1333.03,1294.53,1322.91,53900
2015-10-02,1319.00,1319.55,1299.37,1307.66,52900
2015-10-05,1309.98,1317.23,1298.86,1303.42,50400
2015-10-06,1303.41,1351.49,1295.80,1342.10,61800
2015-10-07,1342.61,1342.87,1321.88,1326.72,36800
2015-10-08,1327.15,1332.52,1305.93,1308.16,58700
2015-10-09,1305.87,1333.89,1299.66,1324.04,63800
2015-10-13,1328.92,1330.43,1298.01,1302.97,67500
2015-10-14,1312.04,1316.39,1308.79,1309.86,36300
2015-10-15,1310.33,1313.48,1296.95,1304.55,18200
2015-10-16,1299.94,1301.60,1272.65,1279.70,65600
2015-10-19,1283.82,1308.06,1277.79,1293.80,38800
2015-10-20,1293.77,1295.21,1267.33,1279.68,58400
2015-10-21,1282.51,1308.58,1271.46,1304.57,72000
2015-10-22,1297.54,1326.93,1289.39,1320.65,54700
2015-10-23,1323.98,1325.71,1308.73,1312.85,62900
2015-10-26,1309.99,1315.07,1295.54,1301.26,78000
2015-10-27,1295.81,1308.43,1267.27,1274.62,47400
2015-10-28,1272.68,1286.34,1269.64,1281.77,32900
2015-10-29,1287.40,1288.61,1251.30,1252.60,61400
2015-10-30,1249.40,1268.64,1239.81,1241.03,56100
2015-11-02,1249.18,1255.82,1243.44,1244.63,74900
2015-11-03,1257.80,1262.56,1248.23,1253.56,57200
2015-11-04,1249.77,1263.23,1243.02,1260.70,53400
2015-11-05,1268.41,1276.28,1234.83,1237.23,40300
2015-11-06,1230.42,1267.46,1225.42,1264.19,54800
2015-11-09,1261.50,1263.31,1251.19,1257.35,52600
2015-11-10,1253.37,1269.13,1248.88,1265.05,56300
2015-11-12,1272.59,1276.00,1249.78,1267.23,93400
2015-11-13,1265.50,1271.17,1246.70,1250.60,47300
2015-11-16,1247.78,1248.69,1226.27,1234.45,42700
2015-11-17,1231.16,1235.89,1207.05,1210.03,48200
2015-11-18,1203.50,1213.17,1200.33,1209.99,57000
2015-11-19,1207.12,1218.10,1195.52,1217.43,59600
2015-11-20,1215.65,1228.62,1215.12,1223.50,56800
2015-11-23,1226.73,1258.43,1223.33,1257.35,85100
2015-11-24,1254.10,1257.16,1249.10,1251.38,56400
2015-11-25,1245.39,1250.45,1222.39,1224.99,73700
2015-11-27,1231.11,1232.21,1216.27,1220.63,68500
2015-11-30,1224.35,1231.69,1206.60,1208.33,43500
2015-12-01,1207.19,1207.29,1189.12,1194.76,56300
2015-12-02,1199.21,1200.88,1174.12,1177.92,45500
2015-12-03,1172.63,1180.96,1164.92,1168.87,63800
2015-12-04,1170.81,1195.29,1166.99,1192.43,67800
2015-12-07,1181.95,1213.77,1176.84,1211.08,53400
2015-12-08,1213.95,1217.79,1195.76,1207.46,64700
2015-12-09,1211.33,1215.34,1204.48,1205.66,62000
2015-12-10,1206.33,1213.14,1206.06,1208.79,50600
2015-12-11,1201.62,1212.73,1196.36,1210.47,62300
2015-12-14,1209.93,1220.64,1199.05,1207.20,54500
2015-12-15,1209.64,1219.27,1196.13,1217.75,66800
2015-12-16,1221.40,1223.43,1198.22,1203.29,74300
2015-12-17,1211.28,1213.07,1206.54,1211.95,49100
2015-12-18,1221.09,1225.05,1211.35,1212.11,68200
2015-12-21,1212.51,1230.95,1210.85,1229.89,35600
2015-12-22,1234.32,1246.52,1222.91,1244.12,70700
2015-12-23,1247.90,1248.04,1235.51,1240.88,56700
2015-12-24,1244.91,1249.44,1229.07,1230.78,72900
2015-12-28,1225.17,1258.86,1213.26,1254.99,68600
2015-12-29,1256.17,1263.81,1238.91,1250.97,54700
2015-12-30,1244.99,1247.43,1240.05,1243.06,43000
2015-12-31,1248.33,1268.25,1245.49,1257.21,67800
2016-01-04,1260.08,1274.16,1254.67,1273.97,71300
2016-01-05,1268.75,1278.08,1260.97,1274.12,67100
2016-01-06,1274.20,1283.38,1252.38,1264.23,54700
2016-01-07,1264.55,1268.94,1251.07,1253.23,75200
2016-01-08,1249.19,1270.62,1236.10,1261.45,62100
2016-01-11,1267.44,1275.54,1224.07,1228.77,56700
2016-01-12,1228.34,1231.23,1225.71,1230.22,71900
2016-01-13,1228.33,1240.71,1225.93,1233.47,41500
2016-01-14,1223.57,1258.10,1218.78,1247.69,23300
2016-01-15,1246.97,1260.57,1232.57,1234.88,62800
2016-01-19,1231.19,1238.57,1229.81,1237.83,63200
2016-01-20,1235.61,1246.17,1199.15,1207.64,41600
2016-01-21,1208.37,1238.85,1197.16,1234.23,60900
2016-01-22,1247.09,1252.63,1230.48,1234.88,69700
2016-01-25,1236.09,1236.13,1228.26,1233.44,61200
2016-01-26,1230.41,1230.54,1221.45,1226.45,62900
2016-01-27,1230.89,1243.40,1228.53,1236.06,39400
2016-01-28,1246.61,1251.93,1244.80,1248.46,58100
2016-01-29,1252.56,1253.98,1244.06,1244.81,63800
2016-02-01,1244.20,1278.61,1236.24,1275.02,47100
2016-02-02,1270.69,1311.76,1258.02,1296.33,66700
2016-02-03,1291.27,1299.73,1285.00,1288.49,63700
2016-02-04,1300.74,1313.98,1297.92,1309.64,57500
2016-02-05,1309.28,1323.86,1308.74,1321.51,59200
2016-02-08,1324.51,1336.34,1321.27,1328.24,71000
2016-02-09,1319.29,1361.29,1317.94,1358.09,72700
2016-02-10,1367.93,1372.39,1348.52,1357.28,60600
2016-02-11,1363.92,1388.12,1357.65,1374.31,66800
2016-02-12,1379.69,1388.23,1361.49,1371.56,57500
2016-02-16,1370.85,1373.17,1334.45,1353.13,85100
2016-02-17,1352.57,1382.13,1343.07,1371.12,59900
2016-02-18,1371.97,1377.91,1364.23,1365.25,38100
2016-02-19,1366.14,1371.66,1344.69,1353.80,71500
2016-02-22,1364.53,1388.61,1357.61,1383.77,76300
2016-02-23,1382.72,1402.36,1371.87,1397.88,51700
2016-02-24,1402.81,1434.81,1394.08,1428.34,67300
2016-02-25,1433.59,1438.52,1405.35,1421.59,59900
2016-02-26,1413.87,1426.66,1408.99,1419.48,73900
2016-02-29,1419.82,1422.28,1356.14,1370.08,49100
2016-03-01,1373.18,1375.93,1364.73,1368.36,61800
2016-03-02,1366.09,1382.18,1350.33,1379.41,61400
2016-03-03,1390.21,1411.35,1367.84,1410.14,67900
2016-03-04,1416.72,1419.69,1386.93,1392.89,56500
2016-03-07,1402.72,1404.57,1389.65,1390.66,55600
2016-03-08,1394.77,1411.17,1386.33,1403.84,57000
2016-03-09,1399.40,1406.62,1391.98,1402.14,33300
2016-03-10,1407.92,1420.13,1372.79,1376.63,70900
2016-03-11,1365.58,1402.88,1360.11,1392.93,34700
2016-03-14,1386.23,1395.89,1381.58,1386.24,71100
2016-03-15,1384.50,1403.98,1378.98,1382.59,72800
2016-03-16,1377.47,1383.35,1375.57,1376.89,58600
2016-03-17,1374.57,1395.19,1360.11,1393.83,54400
2016-03-18,1383.38,1405.61,1370.66,1401.80,62900
2016-03-21,1408.03,1410.32,1380.92,1391.06,64600
2016-03-22,1389.98,1395.61,1370.51,1381.68,69500
2016-03-23,1381.46,1387.78,1354.80,1360.81,57900
2016-03-24,1367.23,1370.44,1344.84,1352.68,59900
2016-03-25,1354.90,1357.20,1343.59,1349.04,75100
2016-03-28,1341.41,1345.53,1332.43,1337.79,82700
2016-03-29,1328.29,1340.73,1322.00,1322.19,68800
2016-03-30,1323.32,1330.34,1306.32,1309.87,78600
2016-03-31,1311.92,1313.90,1305.50,1313.42,48600
2016-04-01,1318.11,1319.61,1306.47,1309.61,61100
2016-04-04,1300.72,1339.35,1295.88,1333.85,63200
2016-04-05,1334.32,1342.85,1334.29,1341.86,46300
2016-04-06,1348.96,1355.89,1307.76,1310.74,69600
2016-04-07,1305.63,1320.43,1293.86,1308.04,59900
2016-04-08,1304.66,1306.75,1287.09,1296.16,74900
2016-04-11,1302.34,1306.89,1302.06,1305.77,70600
2016-04-12,1308.03,1310.38,1293.57,1298.51,38300
2016-04-13,1292.59,1298.93,1285.21,1295.46,77100
2016-04-14,1290.72,1294.99,1284.35,1285.96,39300
2016-04-15,1294.27,1300.90,1258.84,1266.40,59000
2016-04-18,1262.47,1272.88,1234.20,1242.91,49600
2016-04-19,1244.63,1252.51,1235.51,1235.86,73000
2016-04-20,1234.77,1238.04,1225.53,1227.72,45600
2016-04-21,1219.48,1221.34,1214.69,1219.72,58700
2016-04-22,1219.25,1220.04,1198.74,1199.52,53200
2016-04-25,1190.89,1205.36,1185.52,1197.80,52100
2016-04-26,1203.68,1203.78,1174.09,1177.00,67900
2016-04-27,1176.93,1180.53,1158.45,1162.93,58500
2016-04-28,1157.40,1158.55,1152.56,1154.93,51400
2016-04-29,1162.41,1179.57,1162.18,1171.91,38600
2016-05-02,1173.10,1176.26,1154.64,1159.08,66100
2016-05-03,1161.46,1173.44,1153.18,1171.70,51200
2016-05-04,1171.32,1195.62,1158.21,1194.14,31500
2016-05-05,1201.94,1205.47,1166.08,1173.75,55600
2016-05-06,1168.27,1179.87,1152.15,1155.32,56200
2016-05-09,1152.15,1159.16,1147.95,1154.70,67100
2016-05-10,1159.85,1165.70,1153.02,1164.41,65000
2016-05-11,1161.46,1176.85,1154.75,1170.92,53800
2016-05-12,1171.80,1185.47,1170.70,1182.95,53200
2016-05-13,1179.66,1191.09,1172.99,1183.44,62700
2016-05-16,1185.27,1187.57,1163.56,1168.31,48400
2016-05-17,1173.52,1180.25,1172.27,1176.06,74100
2016-05-18,1176.19,1187.09,1163.44,1164.39,53100
2016-05-19,1159.55,1160.53,1151.86,1155.88,44700
2016-05-20,1169.05,1194.72,1149.00,1150.52,65600
2016-05-23,1148.92,1155.01,1146.10,1149.02,63500
2016-05-24,1145.49,1155.62,1110.18,1112.49,45500
2016-05-25,1109.54,1112.83,1089.63,1094.35,61600
2016-05-26,1095.54,1110.18,1086.67,1098.32,70900
2016-05-27,1104.05,1105.34,1098.75,1099.36,51900
2016-05-31,1097.65,1134.61,1088.08,1128.19,50200
2016-06-01,1130.15,1131.22,1117.47,1118.35,66200
2016-06-02,1115.70,1150.55,1113.33,1145.26,46600
2016-06-03,1144.18,1156.47,1140.43,1149.65,91400
2016-06-06,1153.59,1170.74,1147.45,1167.56,54100
2016-06-07,1158.93,1191.37,1149.12,1182.19,45500
2016-06-08,1185.36,1190.31,1161.39,1166.07,59700
2016-06-09,1166.84,1175.26,1165.94,1175.24,75200
2016-06-10,1179.51,1186.10,1139.96,1143.19,51400
2016-06-13,1147.76,1149.66,1123.96,1135.74,58300
2016-06-14,1132.77,1148.01,1128.47,1143.11,58300
2016-06-15,1140.92,1162.31,1140.45,1159.61,55200
2016-06-16,1155.95,1176.64,1154.25,1176.51,72900
2016-06-17,1175.41,1205.24,1173.72,1202.97,69000
2016-06-20,1207.79,1207.89,1187.68,1190.41,72800
2016-06-21,1188.17,1209.73,1178.35,1201.75,41600
2016-06-22,1197.36,1200.35,1188.70,1192.19,57700
2016-06-23,1184.10,1207.09,1172.26,1202.54,70400
2016-06-24,1193.18,1197.35,1187.43,1196.11,57600
2016-06-27,1193.65,1199.16,1192.01,1198.49,30500
2016-06-28,1198.01,1202.84,1186.83,1189.97,60000
2016-06-29,1184.98,1191.57,1181.63,1186.00,57300
2016-06-30,1182.89,1195.39,1179.38,1189.11,63300
2016-07-01,1187.02,1199.94,1184.68,1196.39,36800
2016-07-05,1203.79,1216.52,1200.50,1213.59,47900
2016-07-06,1220.46,1239.07,1219.45,1226.23,62100
2016-07-07,1229.60,1247.45,1227.43,1244.03,75000
2016-07-08,1240.99,1249.27,1227.77,1234.98,52100
2016-07-11,1235.13,1248.32,1230.98,1238.16,57900
2016-07-12,1240.38,1259.73,1217.22,1224.47,57800
2016-07-13,1228.25,1231.52,1216.00,1216.49,51900
2016-07-14,1224.45,1227.09,1220.32,1220.91,56900
2016-07-15,1221.65,1227.67,1200.85,1201.64,73900
2016-07-18,1203.75,1205.66,1189.37,1198.36,61900
2016-07-19,1201.96,1205.19,1197.12,1201.06,50200
2016-07-20,1203.25,1227.35,1199.49,1222.71,38700
2016-07-21,1220.28,1223.38,1210.73,1212.75,51700
2016-07-22,1211.11,1249.22,1206.96,1241.39,64800
2016-07-25,1247.61,1251.52,1230.56,1233.08,66500
2016-07-26,1234.73,1249.77,1220.37,1248.19,60200
2016-07-27,1250.66,1253.44,1205.83,1210.49,60900
2016-07-28,1219.52,1232.80,1172.09,1174.65,69400
2016-07-29,1175.40,1182.00,1172.86,1180.01,63400
2016-08-01,1172.19,1207.21,1172.10,1204.32,81500
2016-08-02,1197.70,1209.70,1193.64,1207.49,49700
2016-08-03,1205.20,1214.78,1197.49,1199.01,64100
2016-08-04,1203.92,1206.17,1147.30,1164.26,50100
2016-08-05,1165.62,1170.69,1127.38,1135.48,61800
2016-08-08,1130.52,1133.58,1116.66,1124.51,69400
2016-08-09,1119.54,1125.88,1108.58,1111.23,59900
2016-08-10,1105.77,1136.45,1103.45,1133.81,46300
2016-08-11,1129.34,1137.41,1126.43,1132.74,62700
2016-08-12,1130.49,1131.74,1126.26,1127.49,66300
2016-08-15,1131.68,1142.06,1126.63,1130.14,49800
2016-08-16,1136.80,1156.75,1134.98,1156.60,63300
2016-08-17,1159.69,1177.02,1156.95,1175.11,48600
2016-08-18,1166.82,1170.71,1164.79,1170.40,67500
2016-08-19,1161.48,1165.68,1155.87,1164.60,38700
2016-08-22,1158.81,1169.29,1155.84,1169.03,59500
2016-08-23,1165.83,1188.82,1164.85,1183.23,40700
2016-08-24,1186.59,1188.75,1183.18,1183.99,84900
2016-08-25,1185.68,1204.71,1178.95,1198.90,57600
2016-08-26,1201.48,1223.85,1192.48,1220.53,52100
2016-08-29,1228.81,1231.75,1204.41,1209.87,57200
2016-08-30,1210.69,1212.66,1200.55,1205.41,45900
2016-08-31,1200.46,1220.71,1194.22,1219.18,62300
2016-09-01,1212.09,1212.24,1190.49,1197.24,50100
2016-09-02,1198.74,1207.79,1189.90,1205.63,72500
2016-09-06,1216.34,1216.91,1195.21,1196.76,60900
2016-09-07,1201.26,1201.89,1188.05,1190.36,70600
2016-09-08,1201.55,1204.09,1163.65,1175.13,41600
2016-09-09,1175.69,1182.59,1169.73,1171.56,67600
2016-09-12,1168.46,1187.46,1168.39,1182.47,64800
2016-09-13,1180.96,1182.24,1170.37,1172.49,63400
2016-09-14,1168.31,1175.25,1140.44,1148.25,40700
2016-09-15,1142.48,1171.47,1136.23,1155.92,79000
2016-09-16,1158.52,1159.15,1154.24,1159.01,54100
2016-09-19,1153.58,1158.48,1146.24,1155.33,79800
2016-09-20,1152.63,1166.77,1151.87,1160.45,53200
2016-09-21,1163.28,1169.93,1149.58,1157.61,74700
2016-09-22,1166.93,1172.24,1162.72,1171.68,51200
2016-09-23,1165.67,1180.99,1159.83,1178.12,55800
2016-09-26,1178.22,1184.32,1169.39,1178.95,23300
2016-09-27,1179.98,1195.35,1173.78,1194.95,58300
2016-09-28,1199.22,1206.87,1175.92,1180.68,95900
2016-09-29,1185.90,1191.36,1164.74,1167.35,57600
2016-09-30,1175.23,1180.35,1158.34,1162.67,51800
2016-10-03,1160.77,1191.12,1153.30,1183.10,64200
2016-10-04,1189.56,1198.47,1185.15,1188.36,38600
2016-10-05,1183.31,1185.48,1166.96,1172.83,59700
2016-10-06,1168.37,1180.81,1166.20,1175.22,75500
2016-10-07,1174.17,1180.88,1170.56,1179.16,73700
2016-10-11,1179.99,1184.50,1158.75,1161.67,56300
2016-10-12,1166.05,1178.64,1163.89,1174.36,64500
2016-10-13,1179.72,1197.77,1175.21,1196.50,70900
2016-10-14,1192.86,1193.48,1156.60,1163.06,61800
2016-10-17,1154.49,1156.81,1152.79,1156.32,55500
2016-10-18,1155.54,1160.80,1139.42,1144.68,62600
2016-10-19,1153.11,1173.89,1147.27,1172.32,58500
2016-10-20,1174.55,1180.29,1144.78,1149.51,56700
2016-10-21,1146.38,1169.48,1139.14,1163.75,56900
2016-10-24,1167.44,1177.21,1154.53,1161.00,72900
2016-10-25,1164.07,1177.11,1146.90,1150.75,61100
2016-10-26,1155.83,1175.58,1153.44,1170.79,52800
2016-10-27,1178.40,1192.49,1170.28,1189.70,62300
2016-10-28,1189.24,1209.10,1183.29,1203.61,47500
2016-10-31,1208.33,1235.20,1203.41,1221.60,69800
2016-11-01,1224.33,1235.36,1199.68,1205.03,31200
2016-11-02,1205.27,1205.66,1194.79,1197.34,46300
2016-11-03,1189.58,1234.27,1180.00,1232.44,57800
2016-11-04,1230.51,1240.25,1214.02,1235.27,51300
2016-11-07,1233.19,1249.98,1228.41,1244.68,37600
2016-11-08,1254.23,1254.40,1233.99,1244.22,63400
2016-11-09,1244.88,1248.29,1194.43,1201.03,67300
2016-11-10,1200.37,1203.37,1183.51,1188.02,42600
2016-11-14,1185.81,1221.00,1178.36,1219.70,61200
2016-11-15,1222.27,1229.13,1204.47,1213.65,61500
2016-11-16,1208.99,1228.47,1207.19,1219.22,64100
2016-11-17,1230.33,1233.58,1199.07,1215.71,55600
2016-11-18,1214.63,1227.72,1209.04,1219.31,64200
2016-11-21,1204.22,1216.66,1200.08,1211.37,52300
2016-11-22,1213.16,1227.43,1203.09,1222.54,50300
2016-11-23,1227.54,1238.11,1225.50,1234.47,64800
2016-11-25,1236.13,1274.64,1234.99,1262.82,56100
2016-11-28,1269.92,1270.11,1246.31,1250.63,49300
2016-11-29,1252.52,1268.99,1244.29,1265.83,68100
2016-11-30,1260.13,1286.34,1255.10,1284.88,64900
2016-12-01,1286.01,1301.79,1285.79,1299.12,75700
2016-12-02,1301.42,1304.31,1290.76,1304.25,59800
2016-12-05,1305.26,1305.76,1287.57,1289.06,60700
2016-12-06,1286.76,1290.65,1283.77,1289.63,56700
2016-12-07,1289.96,1300.15,1285.30,1288.47,73000
2016-12-08,1293.74,1332.58,1290.48,1317.58,45300
2016-12-09,1314.31,1323.10,1312.56,1318.95,63500
2016-12-12,1314.97,1317.55,1292.59,1297.28,41900
2016-12-13,1293.72,1326.50,1289.25,1309.02,49700
2016-12-14,1308.78,1337.90,1300.15,1333.94,69500
2016-12-15,1338.31,1344.65,1328.76,1343.39,77200
2016-12-16,1336.00,1337.34,1321.68,1324.66,67800
2016-12-19,1319.02,1322.66,1295.07,1301.36,60000
2016-12-20,1300.25,1312.24,1295.15,1305.36,42800
2016-12-21,1300.86,1304.22,1289.37,1299.16,74500
2016-12-22,1312.32,1316.32,1305.59,1310.34,68400
2016-12-23,1316.43,1319.19,1295.54,1298.28,39900
2016-12-27,1289.04,1313.42,1288.58,1309.19,83900
2016-12-28,1308.41,1311.35,1294.68,1306.11,76700
2016-12-29,1296.35,1297.38,1286.20,1289.02,42900
2016-12-30,1287.11,1287.25,1274.94,1277.49,58400
2017-01-03,1281.37,1284.92,1277.73,1280.21,55500
2017-01-04,1288.81,1289.23,1220.52,1225.21,65700
2017-01-05,1221.24,1257.86,1210.78,1253.78,52500
2017-01-06,1254.22,1254.26,1247.13,1250.01,82000
2017-01-09,1252.15,1259.96,1245.09,1257.08,74500
2017-01-10,1258.73,1259.23,1221.07,1228.33,63000
2017-01-11,1216.95,1231.37,1206.98,1226.89,50700
2017-01-12,1218.07,1253.14,1212.66,1250.66,52700
2017-01-13,1248.06,1250.26,1240.73,1242.96,62200
2017-01-17,1245.41,1272.05,1239.17,1261.05,70000
2017-01-18,1271.94,1306.07,1271.71,1304.71,54600
2017-01-19,1298.52,1328.42,1292.47,1322.55,57700
2017-01-20,1316.20,1355.93,1311.53,1350.82,52600
2017-01-23,1359.50,1384.95,1347.91,1378.70,67000
2017-01-24,1379.89,1380.84,1342.74,1347.73,73900
2017-01-25,1341.88,1356.68,1340.91,1356.23,53400
2017-01-26,1356.68,1366.14,1353.80,1361.75,70200
2017-01-27,1366.01,1374.94,1347.07,1352.39,42800
2017-01-30,1338.53,1340.29,1320.66,1333.55,37200
2017-01-31,1332.75,1333.15,1322.65,1325.07,61900
2017-02-01,1320.45,1327.03,1295.52,1298.16,57200
2017-02-02,1292.20,1322.10,1290.19,1310.07,63600
2017-02-03,1310.24,1324.22,1271.09,1271.18,79200
2017-02-06,1269.52,1282.71,1263.44,1279.70,49400
2017-02-07,1286.63,1294.86,1272.39,1276.76,83800
2017-02-08,1277.37,1313.94,1277.02,1301.32,50900
2017-02-09,1299.91,1321.04,1295.98,1315.68,66800
2017-02-10,1312.96,1330.03,1279.98,1282.65,75300
2017-02-13,1279.10,1300.23,1273.09,1295.14,57800
2017-02-14,1288.92,1299.13,1278.44,1293.26,54800
2017-02-15,1290.33,1307.13,1245.11,1261.84,77600
2017-02-16,1261.90,1267.19,1238.10,1240.52,86000
2017-02-17,1241.40,1242.62,1237.75,1238.59,56800
2017-02-21,1237.97,1238.33,1227.47,1227.80,70300
2017-02-22,1225.09,1232.75,1217.71,1227.75,43500
2017-02-23,1224.97,1232.56,1208.95,1220.80,72400
2017-02-24,1214.42,1221.12,1207.68,1213.69,66300
2017-02-27,1211.00,1212.52,1178.01,1183.75,59500
2017-02-28,1181.06,1183.78,1148.18,1157.43,47700
2017-03-01,1156.24,1169.02,1154.24,1157.69,70900
2017-03-02,1164.72,1183.99,1164.28,1175.33,52300
2017-03-03,1180.41,1180.99,1154.04,1159.47,61100
2017-03-06,1155.87,1160.75,1132.46,1139.76,46200
2017-03-07,1137.94,1146.34,1136.43,1145.26,54100
2017-03-08,1142.18,1154.13,1141.08,1153.79,62700
2017-03-09,1157.28,1162.38,1147.55,1161.30,45600
2017-03-10,1163.66,1164.84,1138.39,1144.47,73700
2017-03-13,1144.11,1147.05,1129.55,1140.11,61000
2017-03-14,1139.21,1175.07,1138.90,1173.00,22200
2017-03-15,1176.82,1177.36,1164.01,1167.99,67900
2017-03-16,1172.29,1188.71,1171.76,1182.56,60300
2017-03-17,1188.43,1189.47,1174.29,1182.30,73300
2017-03-20,1178.15,1197.24,1171.29,1193.50,67700
2017-03-21,1194.25,1217.02,1189.85,1214.00,57200
2017-03-22,1210.79,1240.71,1204.82,1237.74,57500
2017-03-23,1236.54,1242.82,1221.94,1222.47,79500
2017-03-24,1223.36,1227.48,1214.91,1219.68,38400
2017-03-27,1217.50,1238.47,1215.80,1236.82,61900
2017-03-28,1238.04,1251.70,1235.30,1248.33,63100
2017-03-29,1243.00,1248.52,1231.86,1237.31,42500
2017-03-30,1247.69,1258.41,1216.51,1220.54,45200
2017-03-31,1216.04,1236.85,1211.62,1233.68,71200
2017-04-03,1231.46,1250.49,1229.84,1242.02,56700
2017-04-04,1238.50,1246.52,1230.00,1244.28,59800
2017-04-05,1241.88,1253.79,1238.55,1252.81,90300
2017-04-06,1257.75,1276.27,1247.28,1273.79,58500
2017-04-07,1271.99,1293.47,1263.43,1284.73,53900
2017-04-10,1285.41,1285.64,1271.04,1275.31,75100
2017-04-11,1276.70,1287.34,1268.88,1283.76,69600
2017-04-12,1292.48,1295.15,1248.70,1255.46,71300
2017-04-13,1257.76,1268.81,1249.38,1258.68,67600
2017-04-14,1265.32,1268.51,1254.17,1260.32,38800
2017-04-17,1266.34,1279.97,1237.71,1246.68,62000
2017-04-18,1243.02,1250.30,1233.86,1244.57,60700
2017-04-19,1241.71,1285.18,1239.60,1281.00,46100
2017-04-20,1284.25,1301.65,1278.41,1299.53,76200
2017-04-21,1297.53,1310.86,1286.91,1289.75,47800
2017-04-24,1283.54,1292.81,1278.23,1279.37,49400
2017-04-25,1274.17,1293.86,1269.85,1292.01,56000
2017-04-26,1286.35,1325.34,1281.69,1320.65,63100
2017-04-27,1322.49,1326.18,1298.50,1298.62,44200
2017-04-28,1291.48,1292.27,1283.70,1289.71,53000
2017-05-01,1288.72,1291.39,1288.05,1290.47,45300
2017-05-02,1288.28,1298.78,1282.24,1292.15,65900
2017-05-03,1288.08,1307.32,1284.62,1304.59,63900
2017-05-04,1309.83,1314.51,1293.85,1314.18,53300
2017-05-05,1308.08,1312.58,1305.95,1308.66,70700
2017-05-08,1303.34,1312.89,1301.37,1301.38,50000
2017-05-09,1299.99,1305.46,1296.42,1305.27,65500
2017-05-10,1301.28,1331.15,1289.58,1328.00,43500
2017-05-11,1332.21,1350.59,1325.69,1345.94,78800
2017-05-12,1353.03,1354.24,1312.22,1315.05,69900
2017-05-15,1314.87,1335.52,1310.51,1324.21,80200
2017-05-16,1325.28,1380.26,1317.29,1379.21,69700
2017-05-17,1377.57,1381.14,1351.95,1352.18,75300
2017-05-18,1346.95,1355.21,1333.10,1339.44,57100
2017-05-19,1340.72,1342.98,1330.07,1333.81,68000
2017-05-22,1332.00,1342.43,1318.69,1341.66,61900
2017-05-23,1341.63,1365.75,1335.33,1356.08,55600
2017-05-24,1362.81,1368.45,1346.24,1351.81,59200
2017-05-25,1353.20,1354.43,1328.41,1328.65,40300
2017-05-26,1327.20,1327.91,1322.53,1326.88,74200
2017-05-30,1325.22,1337.52,1322.53,1328.38,46400
2017-05-31,1335.64,1341.73,1305.31,1307.92,63800
2017-06-01,1308.42,1311.75,1286.78,1296.24,52400
2017-06-02,1293.32,1301.26,1276.80,1280.63,86300
2017-06-05,1277.99,1308.47,1267.32,1303.46,65900
2017-06-06,1299.50,1305.24,1290.79,1296.44,60300
2017-06-07,1289.37,1294.34,1267.85,1278.61,75700
2017-06-08,1283.06,1333.93,1275.50,1332.02,59700
2017-06-09,1332.50,1337.21,1287.03,1304.85,66900
2017-06-12,1303.06,1307.67,1290.51,1294.63,64200
2017-06-13,1298.76,1309.26,1287.04,1290.94,72200
2017-06-14,1294.24,1302.07,1240.33,1242.61,61900
2017-06-15,1242.62,1244.77,1218.48,1226.14,46300
2017-06-16,1226.37,1245.91,1216.08,1242.58,60800
2017-06-19,1246.43,1249.84,1238.12,1248.80,61000
2017-06-20,1253.00,1265.38,1251.19,1253.38,55200
2017-06-21,1252.88,1260.82,1243.87,1259.06,55800
2017-06-22,1258.78,1274.73,1247.54,1252.10,50600
2017-06-23,1248.26,1253.68,1240.67,1245.95,42200
2017-06-26,1251.50,1272.07,1243.26,1253.81,51100
2017-06-27,1248.49,1256.76,1248.03,1254.82,44500
2017-06-28,1250.27,1251.78,1227.00,1236.40,57900
2017-06-29,1233.08,1271.93,1230.77,1271.80,86100
2017-06-30,1269.91,1276.14,1249.05,1255.50,58600
2017-07-03,1252.83,1287.30,1248.53,1286.70,75100
2017-07-05,1283.44,1284.07,1280.24,1281.05,36100
2017-07-06,1276.26,1286.62,1257.38,1259.18,56500
2017-07-07,1258.16,1260.67,1236.85,1237.41,48200
2017-07-10,1233.94,1243.56,1223.10,1234.74,76400
2017-07-11,1234.75,1240.57,1193.80,1203.00,71300
2017-07-12,1196.22,1225.75,1193.66,1223.17,44800
2017-07-13,1217.57,1226.55,1208.78,1220.78,55000
2017-07-14,1226.15,1266.05,1221.28,1261.10,54500
2017-07-17,1258.94,1268.62,1252.62,1268.25,58900
2017-07-18,1265.83,1282.99,1263.43,1280.48,32000
2017-07-19,1282.69,1291.85,1277.49,1280.89,71900
2017-07-20,1271.75,1283.62,1266.29,1267.71,74400
2017-07-21,1264.65,1277.70,1263.25,1276.74,46200
2017-07-24,1278.94,1280.55,1253.73,1253.80,42800
2017-07-25,1260.38,1271.55,1231.81,1233.74,37600
2017-07-26,1239.55,1256.36,1235.19,1245.65,61500
2017-07-27,1250.19,1264.33,1219.37,1227.40,38100
2017-07-28,1233.45,1240.05,1225.02,1236.28,67900
2017-07-31,1243.33,1251.92,1225.38,1242.09,55800
2017-08-01,1235.92,1241.21,1235.30,1237.03,69300
2017-08-02,1242.74,1258.48,1240.84,1253.29,59900
2017-08-03,1264.86,1269.46,1258.35,1264.67,55600
2017-08-04,1264.37,1270.97,1244.48,1252.95,65100
2017-08-07,1250.97,1262.10,1187.23,1202.17,47500
2017-08-08,1202.72,1237.69,1198.88,1228.12,68800
2017-08-09,1222.72,1259.47,1221.40,1255.51,46200
2017-08-10,1258.05,1260.31,1235.43,1239.46,52500
2017-08-11,1236.91,1241.87,1213.08,1218.91,49000
2017-08-14,1220.51,1222.23,1202.77,1206.85,78900
2017-08-15,1196.31,1203.81,1192.56,1198.49,44900
2017-08-16,1191.23,1215.31,1185.27,1203.51,73700
2017-08-17,1206.76,1208.78,1175.95,1182.07,76700
2017-08-18,1177.04,1188.21,1173.96,1186.62,69200
2017-08-21,1187.33,1223.98,1185.99,1213.68,63400
2017-08-22,1209.86,1242.18,1203.60,1234.43,48100
2017-08-23,1239.25,1252.90,1239.10,1251.74,39400
2017-08-24,1248.07,1281.95,1246.09,1278.44,45900
2017-08-25,1271.39,1272.15,1254.62,1256.32,67700
2017-08-28,1262.38,1271.08,1259.65,1266.90,54700
2017-08-29,1270.75,1276.44,1252.39,1256.30,83300
2017-08-30,1261.58,1289.13,1255.55,1285.10,72200
2017-08-31,1277.97,1287.09,1271.10,1279.20,73400
2017-09-01,1278.16,1311.50,1266.53,1311.34,65000
2017-09-05,1309.17,1319.86,1289.19,1296.93,74300
2017-09-06,1306.89,1335.22,1294.09,1334.16,46800
2017-09-07,1329.55,1331.27,1318.33,1327.66,51900
2017-09-08,1326.13,1339.37,1313.14,1315.07,58400
2017-09-11,1318.58,1322.31,1316.66,1321.83,69400
2017-09-12,1323.94,1331.79,1312.83,1330.54,61700
2017-09-13,1329.40,1349.70,1320.57,1347.46,61900
2017-09-14,1345.87,1350.37,1340.20,1344.32,71500
2017-09-15,1338.39,1355.75,1333.92,1353.61,52000
2017-09-18,1350.78,1361.20,1350.37,1359.40,65800
2017-09-19,1358.60,1371.00,1342.11,1362.93,66300
2017-09-20,1358.00,1383.08,1357.09,1382.95,65900
2017-09-21,1393.70,1399.35,1376.13,1376.31,65500
2017-09-22,1382.21,1382.59,1371.71,1374.39,79500
2017-09-25,1377.74,1394.51,1376.10,1392.40,59100
2017-09-26,1397.26,1418.01,1395.11,1409.25,44900
2017-09-27,1415.63,1419.30,1406.27,1410.55,72100
2017-09-28,1409.77,1431.75,1404.17,1427.79,82400
2017-09-29,1427.29,1473.53,1413.05,1457.49,61200
2017-10-02,1458.55,1463.16,1438.77,1455.36,50800
2017-10-03,1450.31,1456.57,1440.35,1449.29,59600
2017-10-04,1451.96,1457.91,1436.74,1448.01,66500
2017-10-05,1450.69,1477.50,1450.29,1474.94,59300
2017-10-06,1471.21,1515.73,1463.80,1515.64,47600
2017-10-10,1515.71,1524.88,1513.49,1523.09,62500
2017-10-11,1522.94,1557.24,1521.86,1549.56,75500
2017-10-12,1554.07,1555.40,1526.14,1538.43,59300
2017-10-13,1550.40,1556.74,1544.93,1551.05,65900
2017-10-16,1552.22,1564.43,1534.70,1536.81,63400
2017-10-17,1529.69,1594.69,1523.04,1586.02,69400
2017-10-18,1594.99,1595.49,1585.02,1588.09,48400
2017-10-19,1574.77,1602.79,1566.68,1599.31,65000
2017-10-20,1603.11,1608.47,1569.62,1573.67,57000
2017-10-23,1572.57,1589.27,1566.28,1587.21,69200
2017-10-24,1602.66,1603.80,1550.60,1554.56,76100
2017-10-25,1549.87,1559.56,1545.77,1550.87,67700
2017-10-26,1558.66,1562.50,1537.08,1539.79,73500
2017-10-27,1529.38,1538.77,1485.75,1491.44,74600
2017-10-30,1503.80,1534.55,1495.33,1529.88,71700
2017-10-31,1522.22,1534.91,1511.45,1524.60,65400
2017-11-01,1536.93,1556.21,1528.84,1551.40,59000
2017-11-02,1547.73,1550.68,1541.13,1542.01,61500
2017-11-03,1535.72,1550.84,1529.94,1545.78,66400
2017-11-06,1543.18,1557.35,1543.08,1548.28,66200
2017-11-07,1553.73,1558.36,1500.86,1511.06,72100
2017-11-08,1511.15,1513.80,1483.72,1492.95,68400
2017-11-09,1480.99,1519.68,1479.91,1507.54,73100
2017-11-13,1510.78,1537.20,1508.63,1528.74,62300
2017-11-14,1534.73,1542.11,1472.96,1500.23,49900
2017-11-15,1490.90,1524.89,1487.70,1517.11,71300
2017-11-16,1517.38,1531.79,1515.81,1516.43,72700
2017-11-17,1517.84,1525.81,1490.90,1501.23,42000
2017-11-20,1496.14,1497.36,1491.39,1494.80,66300
2017-11-21,1481.74,1510.98,1478.04,1504.45,52300
2017-11-22,1512.35,1521.56,1491.33,1493.10,48500
2017-11-24,1475.34,1488.39,1441.42,1448.54,53800
2017-11-27,1444.93,1466.43,1435.64,1465.17,63100
2017-11-28,1457.41,1497.01,1455.57,1484.69,48100
2017-11-29,1491.13,1501.02,1459.94,1469.71,66500
2017-11-30,1463.25,1506.03,1458.85,1501.62,63100
2017-12-01,1499.58,1535.62,1496.68,1534.55,71700
2017-12-04,1533.88,1541.54,1526.73,1530.02,63300
2017-12-05,1542.23,1550.97,1530.07,1532.81,85400
2017-12-06,1524.21,1588.39,1523.15,1576.58,53700
2017-12-07,1577.13,1609.91,1574.50,1607.79,58900
2017-12-08,1602.65,1605.46,1596.70,1597.25,67700
2017-12-11,1595.95,1596.23,1560.02,1582.89,55900
2017-12-12,1574.92,1601.50,1566.67,1598.04,67200
2017-12-13,1598.36,1600.14,1554.42,1558.00,51600
2017-12-14,1558.39,1578.09,1555.97,1572.90,66400
2017-12-15,1575.93,1587.52,1568.68,1580.29,50200
2017-12-18,1580.28,1587.00,1578.25,1582.78,62100
2017-12-19,1588.00,1618.27,1587.25,1606.35,58000
2017-12-20,1605.23,1611.15,1599.83,1603.06,62100
2017-12-21,1597.08,1631.26,1583.81,1617.10,65300
2017-12-22,1606.93,1612.95,1571.82,1576.90,40000
2017-12-26,1573.43,1576.10,1563.88,1571.82,53900
2017-12-27,1570.53,1579.45,1568.29,1577.05,81100
2017-12-28,1578.68,1592.10,1568.19,1591.09,43800
2017-12-29,1594.15,1595.15,1568.59,1578.67,58200
2018-01-02,1585.61,1586.29,1578.38,1579.69,64300
2018-01-03,1582.84,1593.87,1582.37,1588.44,45600
2018-01-04,1578.33,1585.73,1557.73,1567.31,69100
2018-01-05,1567.01,1615.04,1559.80,1607.35,79600
2018-01-08,1616.11,1620.18,1603.98,1617.50,70000
2018-01-09,1623.79,1634.66,1609.07,1615.82,72500
2018-01-10,1620.00,1633.69,1591.34,1594.98,51100
2018-01-11,1585.47,1595.56,1578.66,1580.19,72600
2018-01-12,1568.31,1618.57,1565.98,1617.75,40500
2018-01-16,1616.31,1629.42,1615.65,1619.35,70700
2018-01-17,1615.18,1624.05,1592.76,1610.42,48900
2018-01-18,1611.53,1612.83,1611.41,1611.45,72300
2018-01-19,1612.59,1614.86,1552.33,1555.76,64200
2018-01-22,1558.18,1559.37,1551.04,1558.24,52300
2018-01-23,1563.95,1577.26,1546.94,1552.36,55600
2018-01-24,1541.65,1578.12,1527.62,1572.13,56700
2018-01-25,1573.74,1578.16,1527.70,1535.93,49200
2018-01-26,1528.53,1532.65,1517.81,1521.21,40200
2018-01-29,1522.74,1530.58,1520.83,1521.29,56400
2018-01-30,1518.60,1564.80,1517.99,1564.79,64900
2018-01-31,1572.13,1577.19,1560.90,1571.54,69100
2018-02-01,1569.52,1572.71,1564.88,1569.89,30600
2018-02-02,1575.30,1584.84,1565.79,1579.51,40900
2018-02-05,1581.27,1620.39,1571.28,1618.55,59900
2018-02-06,1618.06,1618.34,1609.28,1609.69,60800
2018-02-07,1616.26,1643.16,1607.61,1639.73,45700
2018-02-08,1650.55,1655.13,1628.81,1647.02,56600
2018-02-09,1633.01,1650.55,1626.49,1648.66,49900
2018-02-12,1659.59,1662.19,1634.93,1642.19,53600
2018-02-13,1651.42,1662.79,1619.75,1626.50,55500
2018-02-14,1623.83,1651.17,1617.98,1649.83,50200
2018-02-15,1641.94,1642.52,1626.42,1628.60,63600
2018-02-16,1615.96,1644.37,1602.68,1640.68,62700
2018-02-20,1642.66,1647.40,1626.91,1629.95,81400
2018-02-21,1622.38,1648.59,1614.33,1643.96,43800
2018-02-22,1630.27,1660.05,1629.24,1654.49,53400
2018-02-23,1661.59,1673.62,1646.32,1656.70,82300
2018-02-26,1643.77,1686.09,1622.94,1682.53,47500
2018-02-27,1677.15,1683.95,1673.66,1682.47,53400
2018-02-28,1669.00,1672.72,1666.08,1666.84,77700
2018-03-01,1669.94,1724.63,1660.45,1715.26,42500
2018-03-02,1711.53,1714.37,1699.40,1704.40,57500
2018-03-05,1708.45,1710.14,1704.99,1709.30,63900
2018-03-06,1715.72,1737.87,1713.49,1723.10,65800
2018-03-07,1714.13,1715.63,1676.63,1679.52,59500
2018-03-08,1691.34,1702.52,1640.31,1641.61,69500
2018-03-09,1645.95,1651.97,1615.36,1629.98,52800
2018-03-12,1634.17,1636.89,1626.45,1633.15,79900
2018-03-13,1631.83,1633.36,1619.30,1624.50,65600
2018-03-14,1621.46,1629.72,1590.68,1595.09,57200
2018-03-15,1596.55,1617.76,1591.15,1613.73,59400
2018-03-16,1611.56,1615.41,1596.18,1606.96,54400
2018-03-19,1610.53,1622.48,1573.23,1586.02,75500
2018-03-20,1581.35,1591.54,1578.17,1580.05,69700
2018-03-21,1575.55,1580.92,1552.51,1555.88,43200
2018-03-22,1551.23,1562.55,1535.10,1557.86,46800
2018-03-23,1549.63,1550.73,1539.66,1539.81,67500
2018-03-26,1533.72,1541.22,1523.28,1530.59,52200
2018-03-27,1537.77,1553.38,1523.22,1523.60,67800
2018-03-28,1528.37,1536.35,1519.05,1535.09,52600
2018-03-29,1544.59,1545.78,1488.58,1502.70,51800
2018-03-30,1494.63,1501.49,1464.07,1467.63,36000
2018-04-02,1470.62,1488.08,1470.54,1483.70,61600
2018-04-03,1474.04,1507.80,1473.36,1499.41,54600
2018-04-04,1498.08,1511.96,1496.89,1500.65,63900
2018-04-05,1502.04,1524.61,1494.01,1515.19,64800
2018-04-06,1513.53,1535.29,1497.14,1530.18,46300
2018-04-09,1528.36,1534.54,1525.01,1527.06,69000
2018-04-10,1531.85,1555.40,1517.96,1550.55,81700
2018-04-11,1542.85,1575.00,1542.51,1570.60,43700
2018-04-12,1577.92,1581.63,1564.65,1570.32,45500
2018-04-13,1570.64,1574.83,1558.57,1566.25,62800
2018-04-16,1561.28,1569.62,1531.15,1542.62,64700
2018-04-17,1541.44,1560.22,1530.48,1557.12,61200
2018-04-18,1561.58,1578.98,1558.23,1575.48,74400
2018-04-19,1577.11,1582.70,1535.40,1552.03,66400
2018-04-20,1555.30,1576.39,1532.67,1566.84,52700
2018-04-23,1566.47,1573.92,1549.83,1556.28,69100
2018-04-24,1554.73,1565.72,1551.81,1565.18,56000
2018-04-25,1562.76,1581.66,1559.55,1562.59,47600
2018-04-26,1564.14,1566.33,1543.66,1552.15,46000
2018-04-27,1539.86,1553.73,1529.72,1545.99,82300
2018-04-30,1537.62,1578.44,1533.41,1574.50,65900
2018-05-01,1581.06,1581.99,1570.27,1571.89,66900
2018-05-02,1559.25,1565.23,1531.61,1534.53,56600
2018-05-03,1537.23,1539.16,1524.08,1524.41,44500
2018-05-04,1518.36,1551.52,1508.87,1548.98,62000
2018-05-07,1553.56,1556.04,1533.37,1537.23,65100
2018-05-08,1528.18,1588.09,1526.69,1578.37,34700
2018-05-09,1592.08,1603.98,1579.50,1581.21,59000
2018-05-10,1567.90,1581.32,1562.83,1572.47,46800
2018-05-11,1574.14,1608.91,1568.87,1599.95,70500
2018-05-14,1597.36,1602.58,1577.98,1588.28,49300
2018-05-15,1588.21,1601.01,1579.64,1598.92,41200
2018-05-16,1593.17,1603.72,1574.43,1603.26,48300
2018-05-17,1594.56,1609.92,1591.61,1601.52,38100
2018-05-18,1602.62,1629.52,1599.34,1621.67,32600
2018-05-21,1633.49,1648.40,1629.05,1642.99,65300
2018-05-22,1634.67,1651.61,1626.57,1629.30,61100
2018-05-23,1626.88,1661.59,1623.98,1651.17,59000
2018-05-24,1656.54,1658.86,1636.82,1649.49,60700
2018-05-25,1649.55,1665.01,1641.99,1642.92,44200
2018-05-29,1638.72,1650.36,1633.80,1649.99,67100
2018-05-30,1653.20,1658.67,1631.80,1633.96,59900
2018-05-31,1641.28,1642.88,1603.75,1604.43,76600
2018-06-01,1601.60,1602.36,1569.54,1586.83,48900
2018-06-04,1593.97,1601.93,1534.18,1542.16,84700
2018-06-05,1545.88,1552.03,1523.55,1529.95,75500
2018-06-06,1525.46,1530.75,1487.52,1492.55,61000
2018-06-07,1493.56,1493.67,1470.69,1473.62,55300
2018-06-08,1470.78,1475.84,1452.06,1455.15,54600
2018-06-11,1454.33,1461.04,1440.22,1444.82,79100
2018-06-12,1450.54,1467.45,1420.21,1425.82,60300
2018-06-13,1420.07,1462.85,1408.40,1459.70,69300
2018-06-14,1467.97,1471.91,1463.13,1467.22,77800
2018-06-15,1463.27,1473.23,1457.43,1468.63,61200
2018-06-18,1466.16,1466.64,1462.28,1466.21,56900
2018-06-19,1457.12,1488.62,1449.60,1487.43,71100
2018-06-20,1481.33,1501.03,1481.29,1491.50,76300
2018-06-21,1497.22,1511.50,1466.81,1473.04,59000
2018-06-22,1466.36,1490.03,1461.44,1482.29,70000
2018-06-25,1483.74,1504.58,1464.41,1499.79,59600
2018-06-26,1495.38,1499.38,1461.43,1482.57,69200
2018-06-27,1486.39,1498.58,1441.61,1442.23,66500
2018-06-28,1444.54,1472.89,1408.50,1414.23,59600
2018-06-29,1416.80,1423.12,1404.54,1413.36,69500
2018-07-02,1413.08,1417.69,1399.83,1411.75,46500
2018-07-03,1405.59,1420.62,1404.61,1417.77,73500
2018-07-05,1405.44,1412.28,1400.84,1401.77,75200
2018-07-06,1396.49,1400.56,1384.49,1386.25,73200
2018-07-09,1392.64,1397.24,1363.26,1366.21,63700
2018-07-10,1365.52,1384.79,1347.62,1349.23,64500
2018-07-11,1349.94,1353.03,1348.71,1350.51,68600
2018-07-12,1357.41,1361.12,1352.06,1359.12,54100
2018-07-13,1349.71,1352.58,1342.32,1344.68,80000
2018-07-16,1349.54,1358.16,1331.72,1332.04,74200
2018-07-17,1325.69,1337.16,1291.32,1306.26,64400
2018-07-18,1305.30,1308.53,1267.94,1273.46,64300
2018-07-19,1281.30,1288.13,1267.35,1286.87,43100
2018-07-20,1285.16,1302.06,1278.81,1288.25,60600
2018-07-23,1289.18,1302.84,1284.38,1284.74,62400
2018-07-24,1281.20,1298.53,1278.44,1295.10,59100
2018-07-25,1292.73,1310.86,1279.71,1307.30,73800
2018-07-26,1298.61,1307.33,1288.97,1290.31,55500
2018-07-27,1290.73,1294.27,1290.59,1293.12,68000
2018-07-30,1293.79,1314.06,1289.75,1310.85,48100
2018-07-31,1303.20,1305.65,1296.45,1297.96,65800
2018-08-01,1295.03,1296.70,1290.93,1292.31,70200
2018-08-02,1287.27,1288.91,1254.71,1258.83,68800
2018-08-03,1263.85,1280.19,1229.93,1243.23,49700
2018-08-06,1247.23,1256.80,1231.35,1235.01,81100
2018-08-07,1238.10,1240.00,1209.40,1211.24,37400
2018-08-08,1216.70,1222.11,1207.83,1209.80,37400
2018-08-09,1213.13,1222.15,1200.96,1203.42,67000
2018-08-10,1212.71,1213.88,1191.46,1195.80,66200
2018-08-13,1192.36,1196.32,1183.87,1193.28,55900
2018-08-14,1197.63,1211.39,1191.75,1204.63,77600
2018-08-15,1205.01,1211.73,1198.12,1204.28,79200
2018-08-16,1205.01,1206.11,1193.11,1194.05,59400
2018-08-17,1192.04,1214.13,1190.10,1210.58,60300
2018-08-20,1210.73,1213.24,1194.99,1199.78,38200
2018-08-21,1208.34,1215.75,1187.82,1189.96,51300
2018-08-22,1186.34,1220.53,1185.86,1215.65,69700
2018-08-23,1206.66,1240.32,1202.42,1238.67,59500
2018-08-24,1235.45,1238.12,1210.02,1215.78,48700
2018-08-27,1220.13,1251.45,1217.49,1243.26,61100
2018-08-28,1236.45,1255.09,1231.89,1251.76,61800
2018-08-29,1248.82,1261.11,1221.43,1231.73,58100
2018-08-30,1237.08,1244.22,1232.56,1242.72,59800
2018-08-31,1247.53,1264.09,1242.96,1261.03,51300
2018-09-04,1260.50,1285.01,1259.55,1279.54,53800
2018-09-05,1275.44,1284.06,1273.33,1278.16,77200
2018-09-06,1273.72,1274.28,1259.87,1269.01,56900
2018-09-07,1269.32,1279.78,1269.27,1276.61,62600
2018-09-10,1275.83,1286.88,1271.89,1286.82,48200
2018-09-11,1289.56,1305.48,1277.17,1297.92,57400
2018-09-12,1303.46,1308.59,1295.70,1298.52,44400
2018-09-13,1294.99,1311.28,1284.43,1286.71,91600
2018-09-14,1284.15,1297.11,1283.99,1290.47,81700
2018-09-17,1294.12,1310.93,1288.88,1296.94,66400
2018-09-18,1292.51,1299.91,1244.60,1245.73,49700
2018-09-19,1250.70,1276.16,1248.19,1273.39,59300
2018-09-20,1272.73,1278.08,1267.39,1269.94,69500
2018-09-21,1258.46,1292.69,1257.78,1281.53,52600
2018-09-24,1277.97,1289.31,1275.69,1285.07,46700
2018-09-25,1281.31,1288.81,1276.67,1288.77,44900
2018-09-26,1294.71,1301.28,1271.43,1272.11,40000
2018-09-27,1267.02,1275.48,1258.67,1258.68,68900
2018-09-28,1251.74,1260.59,1246.27,1246.28,66500
2018-10-01,1245.01,1274.32,1239.97,1271.04,57800
2018-10-02,1264.25,1280.03,1263.79,1277.46,58400
2018-10-03,1280.65,1291.67,1266.14,1284.52,66000
2018-10-04,1282.27,1297.10,1275.60,1291.95,77100
2018-10-05,1293.29,1299.10,1267.47,1268.76,32900
2018-10-09,1259.86,1270.38,1255.90,1266.54,42400
2018-10-10,1265.20,1282.17,1262.42,1281.64,43900
2018-10-11,1284.98,1298.00,1274.20,1296.19,59700
2018-10-12,1294.45,1297.43,1270.56,1282.66,74800
2018-10-15,1274.42,1282.01,1266.67,1279.75,51000
2018-10-16,1276.66,1289.09,1271.99,1279.72,58900
2018-10-17,1284.69,1293.56,1277.57,1290.45,68300
2018-10-18,1300.64,1320.42,1291.54,1309.38,59400
2018-10-19,1302.32,1308.43,1291.46,1296.11,83400
2018-10-22,1299.88,1306.67,1297.39,1304.35,51600
2018-10-23,1298.49,1325.85,1292.85,1322.54,42500
2018-10-24,1324.04,1341.76,1320.77,1330.13,57600
2018-10-25,1321.88,1339.54,1316.15,1338.28,56200
2018-10-26,1340.24,1346.80,1318.64,1324.16,53600
2018-10-29,1320.11,1327.40,1305.78,1312.46,60900
2018-10-30,1309.28,1310.27,1296.11,1298.61,70300
2018-10-31,1286.55,1305.64,1286.42,1304.52,70100
2018-11-01,1304.94,1313.48,1292.06,1303.97,39600
2018-11-02,1308.13,1320.71,1298.78,1304.57,71600
2018-11-05,1314.86,1320.25,1305.79,1308.71,48300
2018-11-06,1303.87,1339.29,1300.82,1333.51,63000
2018-11-07,1334.95,1352.38,1326.43,1345.93,52400
2018-11-08,1346.78,1349.64,1337.37,1348.01,65300
2018-11-09,1346.51,1421.27,1343.59,1415.95,68700
2018-11-13,1420.82,1425.63,1397.78,1401.78,67300
2018-11-14,1407.93,1411.96,1401.84,1405.23,56100
2018-11-15,1396.30,1397.61,1389.81,1391.07,75100
2018-11-16,1394.07,1420.24,1387.47,1418.96,69200
2018-11-19,1409.12,1421.07,1383.15,1391.07,71400
2018-11-20,1385.77,1388.40,1363.90,1366.88,58700
2018-11-21,1364.09,1367.89,1346.69,1348.76,62800
2018-11-23,1345.54,1362.94,1342.14,1357.53,61600
2018-11-26,1349.91,1385.84,1344.65,1378.83,57700
2018-11-27,1378.36,1378.95,1346.91,1349.15,78400
2018-11-28,1347.54,1367.65,1342.50,1363.01,51100
2018-11-29,1369.52,1379.79,1348.07,1352.86,41200
2018-11-30,1350.71,1367.77,1346.50,1363.72,45600
2018-12-03,1369.92,1371.34,1352.36,1360.06,63500
2018-12-04,1358.12,1369.94,1356.91,1367.91,42300
2018-12-05,1369.19,1371.16,1357.75,1363.42,72700
2018-12-06,1359.60,1397.14,1357.26,1393.76,70500
2018-12-07,1388.60,1405.10,1388.35,1403.98,71800
2018-12-10,1392.71,1400.60,1387.66,1393.19,67100
2018-12-11,1405.04,1458.13,1404.04,1450.07,73700
2018-12-12,1457.16,1501.91,1451.38,1494.02,65700
2018-12-13,1502.66,1504.55,1490.52,1491.51,40200
2018-12-14,1492.95,1495.64,1490.31,1491.71,70000
2018-12-17,1482.79,1531.74,1471.52,1518.92,67100
2018-12-18,1516.65,1557.22,1511.86,1556.53,41500
2018-12-19,1546.72,1622.29,1541.56,1616.70,67100
2018-12-20,1614.78,1621.66,1605.30,1606.07,66600
2018-12-21,1609.75,1613.14,1595.15,1601.31,70900
2018-12-24,1601.74,1606.72,1553.21,1566.62,45400
2018-12-26,1574.02,1580.40,1523.20,1536.88,68500
2018-12-27,1537.87,1544.09,1508.43,1514.46,66900
2018-12-28,1519.28,1521.79,1485.62,1495.15,71000
2018-12-31,1503.30,1504.66,1495.85,1500.53,71200
2019-01-02,1507.29,1510.93,1457.53,1465.55,70000
2019-01-03,1463.58,1477.82,1453.89,1474.90,73100
2019-01-04,1470.07,1472.74,1454.89,1462.81,58200
2019-01-07,1470.94,1494.05,1470.66,1487.62,43400
2019-01-08,1477.77,1480.81,1457.75,1464.58,45500
2019-01-09,1472.38,1474.17,1454.55,1456.61,40000
2019-01-10,1451.09,1467.89,1443.59,1463.57,63000
2019-01-11,1454.25,1460.72,1421.03,1430.76,69500
2019-01-14,1428.32,1481.89,1416.80,1477.86,42200
2019-01-15,1481.99,1492.99,1456.42,1463.49,63900
2019-01-16,1462.33,1494.20,1456.27,1487.10,56500
2019-01-17,1480.97,1488.86,1459.82,1463.18,76900
2019-01-18,1473.06,1483.17,1462.88,1466.56,49000
2019-01-22,1468.39,1473.85,1447.26,1448.14,58000
2019-01-23,1443.45,1443.58,1430.11,1442.32,67000
2019-01-24,1450.89,1458.13,1435.40,1444.02,69800
2019-01-25,1442.81,1466.26,1436.30,1452.79,49400
2019-01-28,1443.01,1468.31,1442.17,1462.21,70900
2019-01-29,1464.53,1467.08,1452.59,1460.09,70200
2019-01-30,1465.66,1467.84,1443.71,1444.08,57300
2019-01-31,1452.86,1466.04,1452.06,1457.75,45200
2019-02-01,1462.25,1464.17,1453.26,1461.67,67700
2019-02-04,1471.37,1501.80,1467.92,1497.02,40100
2019-02-05,1493.97,1496.87,1465.87,1474.36,60000
2019-02-06,1475.51,1487.41,1461.93,1478.50,67700
2019-02-07,1480.55,1500.70,1472.11,1484.34,61200
2019-02-08,1488.64,1489.35,1470.62,1478.71,61900
2019-02-11,1473.73,1502.19,1471.04,1496.91,73400
2019-02-12,1483.40,1488.57,1476.36,1485.87,84100
2019-02-13,1490.00,1508.29,1488.56,1507.10,78600
2019-02-14,1507.58,1508.94,1492.37,1503.85,51500
2019-02-15,1503.83,1505.06,1467.57,1471.62,65700
2019-02-19,1479.17,1482.20,1452.69,1457.22,49200
2019-02-20,1451.63,1509.83,1443.79,1507.78,60800
2019-02-21,1505.09,1505.91,1491.17,1499.51,65000
2019-02-22,1494.17,1503.34,1488.37,1488.64,69200
2019-02-25,1492.79,1502.06,1477.03,1489.22,34400
2019-02-26,1490.68,1524.34,1485.47,1524.24,61300
2019-02-27,1532.00,1541.59,1523.93,1533.75,54600
2019-02-28,1542.81,1559.43,1529.47,1558.31,42900
2019-03-01,1564.46,1566.95,1554.22,1558.72,50300
2019-03-04,1564.37,1610.11,1560.78,1605.46,47100
2019-03-05,1609.99,1618.08,1581.15,1589.60,75400
2019-03-06,1586.60,1597.11,1586.12,1595.91,42400
2019-03-07,1588.40,1599.03,1577.02,1582.67,61100
2019-03-08,1573.74,1581.18,1571.06,1578.28,68600
2019-03-11,1566.60,1599.94,1561.93,1598.39,51100
2019-03-12,1598.57,1630.27,1589.19,1624.97,37900
2019-03-13,1633.62,1640.31,1617.28,1617.54,63700
2019-03-14,1632.04,1642.99,1622.00,1628.39,62300
2019-03-15,1628.59,1641.11,1626.69,1636.83,77100
2019-03-18,1638.87,1642.37,1634.13,1637.21,60400
2019-03-19,1643.11,1687.73,1638.56,1686.07,50700
2019-03-20,1692.29,1694.57,1685.24,1692.95,76500
2019-03-21,1699.73,1715.06,1695.46,1704.72,45500
2019-03-22,1709.55,1715.44,1681.31,1687.23,62600
2019-03-25,1692.04,1707.59,1683.21,1702.27,75400
2019-03-26,1686.32,1692.78,1679.58,1692.43,70300
2019-03-27,1689.39,1690.97,1651.70,1652.43,67900
2019-03-28,1660.12,1667.16,1638.84,1646.61,63100
2019-03-29,1644.74,1664.91,1642.13,1654.24,48200
2019-04-01,1663.23,1690.00,1641.57,1686.19,48900
2019-04-02,1696.36,1705.12,1695.73,1704.76,66200
2019-04-03,1709.49,1726.43,1708.77,1725.69,47200
2019-04-04,1712.87,1758.26,1710.43,1754.98,58300
2019-04-05,1755.60,1765.49,1718.66,1732.93,69700
2019-04-08,1729.56,1755.79,1729.10,1745.92,59700
2019-04-09,1743.24,1745.53,1696.58,1714.46,60800
2019-04-10,1718.26,1722.20,1659.23,1663.65,57900
2019-04-11,1657.01,1685.10,1649.16,1684.14,63400
2019-04-12,1671.59,1705.21,1670.69,1700.58,33400
2019-04-15,1697.23,1710.79,1695.22,1707.13,62100
2019-04-16,1698.74,1703.33,1677.78,1682.47,68200
2019-04-17,1683.70,1697.91,1652.67,1668.79,68600
2019-04-18,1667.79,1669.99,1638.95,1639.68,57200
2019-04-19,1634.48,1669.03,1619.52,1657.20,50800
2019-04-22,1656.69,1657.27,1654.58,1656.42,83500
2019-04-23,1654.10,1667.20,1649.27,1656.11,49000
2019-04-24,1646.76,1654.57,1631.01,1633.03,56200
2019-04-25,1632.75,1633.79,1621.52,1633.36,54900
2019-04-26,1625.37,1643.30,1572.11,1583.52,75100
2019-04-29,1596.65,1598.81,1523.55,1524.93,62200
2019-04-30,1525.14,1547.06,1523.68,1544.70,59000
2019-05-01,1546.31,1571.30,1541.53,1567.72,30700
2019-05-02,1569.27,1575.73,1546.36,1549.01,65600
2019-05-03,1554.74,1562.46,1527.89,1528.11,76400
2019-05-06,1518.22,1535.10,1506.40,1521.07,72000
2019-05-07,1517.06,1518.96,1508.75,1516.18,51700
2019-05-08,1509.94,1527.30,1509.35,1519.99,74100
2019-05-09,1524.30,1527.93,1512.53,1515.22,49300
2019-05-10,1513.53,1518.36,1480.15,1481.09,79500
2019-05-13,1479.30,1479.45,1465.15,1472.80,57000
2019-05-14,1465.79,1473.14,1456.24,1459.72,54300
2019-05-15,1458.90,1476.45,1445.94,1451.26,78200
2019-05-16,1456.02,1463.43,1433.98,1443.57,47900
2019-05-17,1440.38,1468.81,1439.66,1458.01,46000
2019-05-20,1456.58,1473.21,1427.20,1436.35,58800
2019-05-21,1438.22,1445.40,1412.72,1420.41,63800
2019-05-22,1427.18,1435.34,1407.59,1413.02,57100
2019-05-23,1420.45,1439.43,1419.82,1426.35,44400
2019-05-24,1423.98,1466.92,1418.13,1456.29,44200
2019-05-28,1453.30,1493.76,1451.76,1489.54,84400
2019-05-29,1491.04,1498.48,1487.42,1489.18,54400
2019-05-30,1492.55,1497.74,1485.29,1489.77,51800
2019-05-31,1496.41,1503.93,1471.36,1474.10,59300
2019-06-03,1476.90,1487.98,1463.00,1463.19,74300
2019-06-04,1457.54,1479.13,1452.65,1469.78,66500
2019-06-05,1474.28,1479.46,1437.18,1442.83,64500
2019-06-06,1443.63,1444.45,1430.60,1432.92,46400
2019-06-07,1427.50,1453.84,1425.23,1446.25,67300
2019-06-10,1448.11,1473.80,1442.78,1456.83,72700
2019-06-11,1459.06,1499.18,1458.59,1496.99,62900
2019-06-12,1502.85,1503.39,1494.10,1499.51,61900
2019-06-13,1505.49,1511.84,1492.78,1492.89,71500
2019-06-14,1496.25,1503.20,1472.58,1483.42,60500
2019-06-17,1495.08,1499.82,1482.14,1483.67,63600
2019-06-18,1491.13,1508.61,1482.17,1506.75,45800
2019-06-19,1513.18,1515.92,1502.94,1505.68,58600
2019-06-20,1505.41,1514.60,1491.50,1494.51,46600
2019-06-21,1495.22,1509.14,1492.51,1502.77,66200
2019-06-24,1498.01,1524.21,1484.73,1517.78,64300
2019-06-25,1518.41,1552.48,1507.74,1546.85,57600
2019-06-26,1551.23,1566.44,1540.68,1557.62,55500
2019-06-27,1568.52,1592.13,1567.38,1585.05,74700
2019-06-28,1598.81,1610.65,1589.08,1589.80,45700
2019-07-01,1583.58,1608.33,1565.00,1603.93,53900
2019-07-02,1603.34,1609.67,1564.20,1576.18,48500
2019-07-03,1569.51,1571.35,1561.35,1562.68,53700
2019-07-05,1565.80,1567.86,1558.37,1559.46,44100
2019-07-08,1563.77,1566.39,1563.12,1564.58,51700
2019-07-09,1557.01,1571.92,1548.42,1555.87,60300
2019-07-10,1546.36,1554.22,1545.50,1550.94,49800
2019-07-11,1554.80,1560.07,1526.72,1529.91,52000
2019-07-12,1525.57,1527.07,1517.48,1518.55,64900
2019-07-15,1510.40,1526.93,1504.36,1524.92,68800
2019-07-16,1529.36,1557.11,1527.94,1546.14,72800
2019-07-17,1546.17,1550.97,1530.30,1537.51,68200
2019-07-18,1535.69,1550.22,1522.34,1548.09,44600
2019-07-19,1555.34,1560.18,1532.82,1539.97,67700
2019-07-22,1541.82,1552.90,1514.80,1524.18,53700
2019-07-23,1512.63,1548.67,1500.24,1542.68,47200
2019-07-24,1552.80,1561.71,1542.01,1549.13,59700
2019-07-25,1554.64,1558.09,1542.57,1544.47,58200
2019-07-26,1545.74,1561.69,1532.86,1540.01,48800
2019-07-29,1540.70,1575.82,1530.76,1572.84,46200
2019-07-30,1564.47,1577.86,1559.50,1571.44,64700
2019-07-31,1578.78,1594.34,1561.40,1563.55,76000
2019-08-01,1572.44,1592.43,1569.63,1583.42,65400
2019-08-02,1585.97,1597.02,1557.10,1566.95,45700
2019-08-05,1575.12,1583.80,1557.85,1558.14,51400
2019-08-06,1566.30,1580.40,1562.51,1574.93,63900
2019-08-07,1578.93,1604.77,1575.88,1599.97,50900
2019-08-08,1593.14,1608.79,1577.75,1606.60,57100
2019-08-09,1601.17,1644.25,1598.27,1640.12,34800
2019-08-12,1638.87,1655.33,1633.16,1653.93,81800
2019-08-13,1650.67,1682.23,1643.15,1679.52,63500
2019-08-14,1682.69,1710.40,1680.57,1706.66,51300
2019-08-15,1712.80,1715.23,1693.65,1695.07,53600
2019-08-16,1686.12,1695.60,1671.21,1688.40,58500
2019-08-19,1677.90,1694.80,1670.48,1691.91,56600
2019-08-20,1689.09,1725.21,1685.73,1723.50,58100
2019-08-21,1732.19,1760.13,1657.52,1670.54,63300
2019-08-22,1678.56,1685.34,1647.77,1652.61,58800
2019-08-23,1640.66,1647.48,1636.46,1639.04,69300
2019-08-26,1638.76,1665.45,1635.47,1663.44,70400
2019-08-27,1661.22,1663.71,1609.98,1622.25,62500
2019-08-28,1628.63,1652.99,1620.72,1649.14,80800
2019-08-29,1639.58,1680.47,1630.42,1677.63,58900
2019-08-30,1682.22,1697.56,1644.21,1649.82,49400
2019-09-03,1657.63,1663.71,1636.53,1644.51,49000
2019-09-04,1660.56,1664.86,1646.64,1655.57,82700
2019-09-05,1655.60,1676.67,1655.06,1676.46,75900
2019-09-06,1666.69,1674.63,1640.15,1642.26,41700
2019-09-09,1640.79,1695.84,1635.41,1688.77,53300
2019-09-10,1693.92,1714.27,1660.94,1662.12,53300
2019-09-11,1666.33,1668.59,1646.92,1651.00,48200
2019-09-12,1653.28,1660.22,1619.84,1624.94,34600
2019-09-13,1637.80,1663.00,1636.75,1661.76,44300
2019-09-16,1661.47,1664.98,1656.93,1663.17,50300
2019-09-17,1668.30,1672.02,1654.62,1657.73,56100
2019-09-18,1663.29,1696.18,1661.50,1671.18,55100
2019-09-19,1677.89,1687.99,1655.45,1667.97,61800
2019-09-20,1678.43,1683.61,1650.56,1656.24,64100
2019-09-23,1656.53,1704.46,1655.62,1704.36,63200
2019-09-24,1702.25,1706.58,1686.04,1686.70,83900
2019-09-25,1683.88,1717.67,1681.99,1696.90,58700
2019-09-26,1693.22,1701.58,1690.49,1697.57,63800
2019-09-27,1690.74,1699.69,1654.52,1658.03,56600
2019-09-30,1652.94,1679.56,1652.24,1675.59,67600
2019-10-01,1666.02,1694.50,1664.41,1686.24,66200
2019-10-02,1686.21,1702.90,1669.30,1693.08,44900
2019-10-03,1695.09,1696.89,1667.45,1668.12,69900
2019-10-04,1681.56,1682.02,1651.66,1655.55,50600
2019-10-07,1655.42,1668.60,1649.09,1653.81,58900
2019-10-08,1650.64,1651.54,1628.91,1633.26,43400
2019-10-09,1628.72,1642.75,1623.02,1624.09,62600
2019-10-10,1627.16,1670.37,1621.77,1665.14,73000
2019-10-11,1659.17,1682.54,1640.25,1672.67,39500
2019-10-15,1670.37,1671.42,1653.60,1656.27,57700
2019-10-16,1654.07,1692.94,1647.73,1687.30,71100
2019-10-17,1692.64,1722.69,1674.43,1713.67,55700
2019-10-18,1721.83,1765.44,1720.33,1763.63,52200
2019-10-21,1781.93,1783.10,1725.75,1738.51,41800
2019-10-22,1744.13,1788.33,1736.95,1777.94,48100
2019-10-23,1769.76,1798.10,1769.21,1782.19,56600
2019-10-24,1795.44,1796.51,1774.42,1788.30,44000
2019-10-25,1789.53,1789.83,1781.56,1786.22,56400
2019-10-28,1779.36,1784.92,1765.96,1782.27,59400
2019-10-29,1780.86,1784.37,1772.45,1778.95,66900
2019-10-30,1767.06,1807.49,1766.07,1797.90,63700
2019-10-31,1801.97,1809.70,1730.73,1747.77,50300
2019-11-01,1747.72,1751.78,1717.99,1723.97,67500
2019-11-04,1732.85,1786.78,1727.70,1764.86,85800
2019-11-05,1773.66,1777.99,1753.10,1761.52,73400
2019-11-06,1758.27,1795.00,1747.45,1793.16,57400
2019-11-07,1788.99,1790.90,1762.95,1763.08,39800
2019-11-08,1766.34,1772.08,1754.30,1755.96,56400
2019-11-12,1758.81,1765.93,1740.80,1741.79,51100
2019-11-13,1743.43,1751.00,1734.08,1746.44,60300
2019-11-14,1749.11,1806.26,1737.06,1787.19,42300
2019-11-15,1800.39,1813.44,1763.17,1771.13,61900
2019-11-18,1760.43,1762.95,1752.72,1755.40,51800
2019-11-19,1755.65,1771.96,1743.57,1749.19,36400
2019-11-20,1754.29,1759.75,1738.20,1741.57,68300
2019-11-21,1745.88,1750.51,1716.02,1719.37,50200
2019-11-22,1724.25,1728.41,1698.90,1711.45,59700
2019-11-25,1696.55,1726.43,1688.39,1714.75,61900
2019-11-26,1714.49,1761.55,1706.75,1750.00,85700
2019-11-27,1758.96,1761.97,1737.45,1741.48,60000
2019-11-29,1734.98,1743.20,1727.73,1734.16,48500
2019-12-02,1743.99,1747.57,1733.09,1736.88,54100
2019-12-03,1738.37,1751.14,1717.07,1729.85,87100
2019-12-04,1719.70,1728.93,1682.25,1705.21,70800
2019-12-05,1705.32,1739.92,1699.94,1728.25,55900
2019-12-06,1727.17,1764.80,1724.71,1754.23,46800
2019-12-09,1750.07,1755.35,1711.31,1726.56,74600
2019-12-10,1724.20,1742.73,1721.19,1740.21,62300
2019-12-11,1748.02,1815.29,1743.50,1815.17,66900
2019-12-12,1813.92,1816.34,1806.22,1813.15,67300
2019-12-13,1807.11,1809.33,1794.92,1796.02,43700
2019-12-16,1799.12,1808.13,1795.52,1796.84,60600
2019-12-17,1794.26,1799.39,1793.22,1795.93,55900
2019-12-18,1798.03,1804.62,1764.33,1770.85,59700
2019-12-19,1770.55,1778.03,1766.35,1768.06,58600
2019-12-20,1773.37,1800.88,1767.23,1789.56,58800
2019-12-23,1794.61,1811.50,1791.53,1805.52,67300
2019-12-24,1812.25,1815.63,1761.50,1763.58,46000
2019-12-26,1755.75,1769.11,1704.39,1722.30,78900
2019-12-27,1730.82,1736.10,1701.52,1704.80,59100
2019-12-30,1717.67,1731.13,1695.63,1697.65,52200
2019-12-31,1701.78,1707.62,1700.24,1700.56,75900
2020-01-02,1697.74,1721.61,1691.60,1715.38,65100
2020-01-03,1709.01,1716.26,1699.22,1706.98,63200
2020-01-06,1713.52,1719.77,1656.28,1660.39,49000
2020-01-07,1659.08,1663.12,1658.18,1659.04,57400
2020-01-08,1652.65,1663.80,1652.43,1663.08,57500
2020-01-09,1660.37,1670.72,1651.01,1659.74,62200
2020-01-10,1650.64,1668.54,1643.33,1660.74,56300
2020-01-13,1657.43,1662.83,1637.90,1641.59,51200
2020-01-14,1637.43,1672.50,1630.50,1671.49,69900
2020-01-15,1659.06,1700.19,1658.21,1694.21,31900
2020-01-16,1697.34,1712.15,1682.22,1705.92,51600
2020-01-17,1696.11,1722.74,1689.98,1714.66,53500
2020-01-21,1721.46,1737.81,1704.23,1731.13,46800
2020-01-22,1730.37,1736.02,1724.42,1734.98,58900
2020-01-23,1730.04,1747.30,1723.88,1738.60,72000
2020-01-24,1738.63,1768.41,1727.79,1767.79,70200
2020-01-27,1770.71,1771.79,1739.16,1748.29,44500
2020-01-28,1754.12,1757.03,1736.72,1740.08,69700
2020-01-29,1744.55,1778.61,1741.71,1774.94,66200
2020-01-30,1762.83,1818.49,1754.16,1814.87,24300
2020-01-31,1826.15,1842.36,1814.31,1824.29,58800
2020-02-03,1824.51,1842.84,1811.01,1811.28,67900
2020-02-04,1805.54,1822.76,1794.70,1809.38,63900
2020-02-05,1804.94,1827.95,1800.35,1816.80,71800
2020-02-06,1801.40,1815.76,1789.29,1810.45,79600
2020-02-07,1807.96,1826.60,1801.70,1826.56,64300
2020-02-10,1826.37,1840.47,1755.97,1762.44,59400
2020-02-11,1772.84,1801.36,1769.24,1789.31,33800
2020-02-12,1785.13,1796.62,1773.80,1775.81,62100
2020-02-13,1767.66,1793.21,1753.14,1778.92,54300
2020-02-14,1779.25,1783.61,1763.32,1774.00,70900
2020-02-18,1760.37,1779.30,1736.86,1738.48,41700
2020-02-19,1744.09,1756.69,1741.72,1745.69,52300
2020-02-20,1734.82,1747.38,1723.59,1743.44,44500
2020-02-21,1752.80,1770.44,1723.04,1741.77,52600
2020-02-24,1733.50,1762.87,1716.96,1749.56,49600
2020-02-25,1749.71,1758.87,1730.86,1734.10,77600
2020-02-26,1733.07,1741.70,1672.99,1688.80,50700
2020-02-27,1687.43,1688.77,1680.08,1687.34,78300
2020-02-28,1684.15,1705.63,1659.75,1670.44,59900
2020-03-02,1670.64,1680.45,1633.02,1645.63,52800
2020-03-03,1632.63,1639.00,1603.63,1615.58,72200
2020-03-04,1621.41,1626.87,1597.22,1603.80,55200
2020-03-05,1606.07,1616.75,1598.65,1608.54,66100
2020-03-06,1604.63,1626.91,1588.35,1597.29,77300
2020-03-09,1596.51,1614.38,1590.01,1603.50,84400
2020-03-10,1602.76,1614.93,1593.30,1605.32,75000
2020-03-11,1610.29,1613.46,1562.84,1567.84,74200
2020-03-12,1560.09,1565.56,1543.51,1561.44,48300
2020-03-13,1557.08,1591.14,1542.75,1588.59,79500
2020-03-16,1589.00,1608.66,1588.46,1602.17,68000
2020-03-17,1593.45,1638.63,1580.05,1625.44,40200
2020-03-18,1619.39,1638.15,1607.76,1630.28,70900
2020-03-19,1638.17,1675.20,1627.09,1662.33,30700
2020-03-20,1651.51,1656.57,1639.10,1643.24,49000
2020-03-23,1655.50,1675.03,1652.45,1670.79,55700
2020-03-24,1682.75,1696.64,1659.06,1663.25,63200
2020-03-25,1666.65,1667.66,1636.07,1637.22,54500
2020-03-26,1641.95,1643.72,1624.44,1634.78,59500
2020-03-27,1640.51,1646.19,1633.41,1640.87,66900
2020-03-30,1645.72,1652.33,1623.58,1639.58,55200
2020-03-31,1642.32,1657.12,1634.24,1652.32,51500
2020-04-01,1654.48,1662.71,1643.96,1650.87,48500
2020-04-02,1651.72,1667.69,1646.11,1662.87,56700
2020-04-03,1666.09,1716.61,1665.93,1696.97,73800
2020-04-06,1702.29,1709.19,1654.23,1664.87,64000
2020-04-07,1663.60,1666.39,1653.01,1653.92,42900
2020-04-08,1655.80,1677.39,1655.21,1667.76,50100
2020-04-09,1679.71,1692.19,1655.59,1664.14,60300
2020-04-10,1662.72,1699.36,1650.77,1691.78,93700
2020-04-13,1691.95,1694.17,1671.40,1687.37,53300
2020-04-14,1689.09,1751.96,1680.60,1740.64,56500
2020-04-15,1736.37,1743.59,1726.32,1742.14,51600
2020-04-16,1742.57,1771.01,1729.95,1757.58,46000
2020-04-17,1748.36,1749.53,1731.38,1741.86,56900
2020-04-20,1744.87,1748.42,1734.12,1734.21,58600
2020-04-21,1733.80,1749.40,1728.88,1749.32,56800
2020-04-22,1752.22,1761.69,1747.34,1759.04,67700
2020-04-23,1750.05,1764.87,1747.34,1754.73,51900
2020-04-24,1749.94,1773.66,1726.29,1734.26,78100
2020-04-27,1745.46,1751.86,1742.05,1747.21,47400
2020-04-28,1755.76,1758.16,1721.58,1728.31,58800
2020-04-29,1721.95,1746.46,1711.87,1741.57,56700
2020-04-30,1737.43,1742.49,1696.11,1698.60,58400
2020-05-01,1697.56,1739.39,1692.59,1732.30,63600
2020-05-04,1726.21,1742.43,1689.08,1690.82,61900
2020-05-05,1691.45,1697.67,1682.86,1687.53,52300
2020-05-06,1680.75,1697.36,1672.64,1694.21,59700
2020-05-07,1703.99,1708.36,1658.57,1662.94,64300
2020-05-08,1656.81,1710.04,1654.26,1706.20,69700
2020-05-11,1709.43,1737.56,1704.21,1715.38,50300
2020-05-12,1711.18,1723.93,1692.74,1721.74,49100
2020-05-13,1734.67,1736.12,1696.63,1700.35,73800
2020-05-14,1689.03,1701.62,1684.71,1699.47,51800
2020-05-15,1700.52,1711.03,1658.79,1660.98,54100
2020-05-18,1664.99,1670.81,1642.04,1645.45,57800
2020-05-19,1638.51,1659.62,1635.03,1651.91,45900
2020-05-20,1643.55,1650.96,1605.06,1614.64,79200
2020-05-21,1615.81,1663.77,1610.70,1661.12,68200
2020-05-22,1659.52,1669.25,1645.86,1651.86,73900
2020-05-26,1651.51,1653.45,1643.31,1650.17,47500
2020-05-27,1654.28,1666.13,1648.23,1659.64,67100
2020-05-28,1662.77,1666.91,1652.77,1654.32,46100
2020-05-29,1658.82,1664.03,1641.21,1649.93,60400
2020-06-01,1658.26,1663.64,1631.95,1638.09,55000
2020-06-02,1627.61,1640.36,1612.10,1618.08,63100
2020-06-03,1608.49,1610.96,1589.44,1591.81,64500
2020-06-04,1597.68,1607.70,1573.50,1585.20,74600
2020-06-05,1569.96,1602.19,1559.57,1589.20,74800
2020-06-08,1599.18,1607.40,1573.82,1586.93,61200
2020-06-09,1600.44,1634.05,1590.24,1616.63,41800
2020-06-10,1622.51,1628.95,1606.55,1618.05,64100
2020-06-11,1618.88,1628.53,1570.97,1577.92,55900
2020-06-12,1579.68,1582.22,1554.70,1557.19,59000
2020-06-15,1555.57,1564.17,1512.99,1531.07,59300
2020-06-16,1529.03,1539.93,1521.58,1538.62,86600
2020-06-17,1531.32,1539.45,1527.07,1539.45,60900
2020-06-18,1547.01,1562.98,1541.82,1556.00,53300
2020-06-19,1561.86,1577.19,1560.01,1568.63,72500
2020-06-22,1569.18,1594.41,1563.39,1585.51,70000
2020-06-23,1580.56,1581.18,1575.83,1577.59,39000
2020-06-24,1575.38,1591.62,1571.39,1588.34,62100
2020-06-25,1587.15,1606.98,1576.17,1599.08,57000
2020-06-26,1592.92,1616.64,1587.02,1607.03,85600
2020-06-29,1605.31,1628.83,1597.69,1615.32,52300
2020-06-30,1612.12,1617.38,1587.50,1594.78,66400
2020-07-01,1600.42,1632.45,1597.58,1627.73,50900
2020-07-02,1636.54,1644.22,1566.56,1589.99,34500
2020-07-06,1582.08,1585.91,1571.79,1572.98,54000
2020-07-07,1571.62,1599.96,1562.69,1588.98,58300
2020-07-08,1597.92,1619.45,1589.05,1613.62,60700
2020-07-09,1602.30,1607.59,1583.66,1587.72,79800
2020-07-10,1581.31,1585.24,1553.73,1555.68,50000
2020-07-13,1563.00,1595.63,1558.89,1585.28,51400
2020-07-14,1585.20,1610.38,1582.27,1607.10,37200
2020-07-15,1595.58,1620.44,1587.41,1606.98,49700
2020-07-16,1624.18,1624.92,1613.97,1619.93,50200
2020-07-17,1608.42,1614.48,1580.66,1587.81,50400
2020-07-20,1593.18,1609.16,1592.49,1603.43,72700
2020-07-21,1605.11,1605.58,1579.79,1583.58,59100
2020-07-22,1582.86,1617.05,1578.86,1615.53,69200
2020-07-23,1628.16,1628.52,1600.32,1602.71,48500
2020-07-24,1608.89,1618.42,1574.48,1576.81,41900
2020-07-27,1571.87,1582.05,1567.95,1582.03,35800
2020-07-28,1571.56,1592.10,1559.14,1576.76,56700
2020-07-29,1575.62,1577.36,1554.55,1564.63,71700
2020-07-30,1567.91,1572.19,1558.80,1571.55,52200
2020-07-31,1573.24,1606.70,1569.87,1589.29,61600
2020-08-03,1599.60,1604.51,1574.68,1581.66,40300
2020-08-04,1587.71,1597.38,1577.30,1588.28,57600
2020-08-05,1595.85,1604.91,1568.78,1581.01,51800
2020-08-06,1579.06,1580.89,1545.94,1551.97,60500
2020-08-07,1555.24,1557.34,1543.93,1551.72,58200
2020-08-10,1558.40,1574.60,1556.82,1572.45,68900
2020-08-11,1570.61,1571.20,1541.00,1547.31,32200
2020-08-12,1544.87,1586.61,1538.38,1586.44,79900
2020-08-13,1587.62,1621.46,1581.60,1614.86,55400
2020-08-14,1611.04,1615.21,1609.47,1610.19,44800
2020-08-17,1605.47,1626.07,1588.79,1625.90,52000
2020-08-18,1616.83,1641.99,1616.21,1631.81,55700
2020-08-19,1620.18,1628.76,1619.25,1626.69,65100
2020-08-20,1631.81,1634.05,1601.71,1608.93,79100
2020-08-21,1612.56,1620.29,1594.72,1600.00,53800
2020-08-24,1610.15,1615.17,1569.25,1577.96,59400
2020-08-25,1583.48,1596.05,1510.40,1525.15,44300
2020-08-26,1520.06,1540.61,1517.00,1527.50,73900
2020-08-27,1528.53,1530.59,1496.77,1501.48,52800
2020-08-28,1498.51,1502.75,1482.57,1482.94,49800
2020-08-31,1478.70,1488.99,1455.05,1459.65,58600
2020-09-01,1461.00,1492.90,1452.02,1491.21,57300
2020-09-02,1488.32,1508.09,1483.03,1505.08,74500
2020-09-03,1514.00,1517.35,1507.54,1509.40,37900
2020-09-04,1498.23,1503.99,1482.75,1489.55,51300
2020-09-08,1488.77,1502.12,1487.21,1492.18,53500
2020-09-09,1499.54,1503.86,1495.11,1503.12,43300
2020-09-10,1498.53,1501.88,1485.16,1500.88,72000
2020-09-11,1499.43,1503.95,1488.05,1491.06,80400
2020-09-14,1497.78,1499.12,1468.09,1470.06,55400
2020-09-15,1473.44,1477.00,1423.69,1426.28,55500
2020-09-16,1427.98,1433.26,1412.75,1425.21,49900
2020-09-17,1417.03,1421.74,1373.59,1384.42,63800
2020-09-18,1384.19,1412.82,1382.25,1405.30,80300
2020-09-21,1403.58,1421.65,1402.78,1419.92,60700
2020-09-22,1429.44,1446.09,1378.36,1387.29,78900
2020-09-23,1381.71,1382.58,1352.95,1360.21,55700
2020-09-24,1358.11,1379.79,1343.63,1377.59,59700
2020-09-25,1387.11,1396.86,1374.77,1380.91,58800
2020-09-28,1385.68,1391.37,1367.74,1374.01,31800
2020-09-29,1379.48,1394.76,1332.67,1341.57,75600
2020-09-30,1339.61,1358.43,1333.15,1351.65,63800
2020-10-01,1357.36,1384.33,1351.02,1376.25,59600
2020-10-02,1380.28,1390.56,1376.44,1388.68,64600
2020-10-05,1386.93,1391.57,1359.13,1369.12,69700
2020-10-06,1364.64,1393.78,1360.82,1389.51,87300
2020-10-07,1391.63,1401.10,1361.99,1363.87,58900
2020-10-08,1370.15,1372.90,1357.28,1358.12,54500
2020-10-09,1357.64,1368.01,1347.15,1366.12,77000
2020-10-13,1371.87,1397.28,1367.91,1389.21,76800
2020-10-14,1381.14,1393.19,1358.53,1359.34,67900
2020-10-15,1359.59,1372.19,1348.42,1361.00,48600
2020-10-16,1355.51,1378.88,1344.80,1378.57,58300
2020-10-19,1378.63,1382.69,1378.08,1380.00,29500
2020-10-20,1376.40,1382.59,1374.88,1381.65,80000
2020-10-21,1381.82,1384.75,1360.36,1369.33,60700
2020-10-22,1371.79,1372.77,1365.32,1372.47,57700
2020-10-23,1373.70,1379.78,1346.61,1353.08,41700
2020-10-26,1351.45,1362.93,1342.22,1358.50,58300
2020-10-27,1354.03,1356.53,1343.75,1348.22,44300
2020-10-28,1344.24,1375.01,1339.46,1372.15,61400
2020-10-29,1374.57,1381.71,1369.90,1373.07,63300
2020-10-30,1365.62,1378.88,1349.42,1353.51,84000
2020-11-02,1347.88,1359.66,1347.71,1351.53,69900
2020-11-03,1345.25,1349.37,1337.56,1344.75,65600
2020-11-04,1349.66,1358.68,1346.15,1349.58,66400
2020-11-05,1342.59,1373.50,1333.50,1367.61,73900
2020-11-06,1370.19,1375.91,1367.77,1374.57,53800
2020-11-09,1397.81,1402.90,1353.14,1358.08,36200
2020-11-10,1363.79,1366.89,1327.52,1328.64,54300
2020-11-12,1326.46,1345.16,1318.64,1343.28,65600
2020-11-13,1339.14,1342.07,1315.34,1319.42,37900
2020-11-16,1316.02,1319.69,1306.26,1315.84,83600
2020-11-17,1310.65,1344.80,1297.01,1342.43,58200
2020-11-18,1332.76,1361.39,1330.89,1352.74,72100
2020-11-19,1352.92,1354.71,1326.28,1337.43,53100
2020-11-20,1330.34,1336.45,1321.09,1336.06,48900
2020-11-23,1333.92,1341.80,1316.33,1322.27,56700
2020-11-24,1322.65,1323.97,1313.96,1320.29,67000
2020-11-25,1316.25,1317.81,1313.38,1315.18,46800
2020-11-27,1318.62,1323.27,1318.33,1320.64,45900
2020-11-30,1313.01,1334.02,1299.39,1329.74,57700
2020-12-01,1326.34,1334.12,1307.40,1314.89,75900
2020-12-02,1313.78,1373.14,1306.06,1360.01,87600
2020-12-03,1350.16,1365.68,1342.66,1360.29,60100
2020-12-04,1354.61,1372.68,1353.30,1363.66,52800
2020-12-07,1378.87,1384.63,1378.72,1380.75,46300
2020-12-08,1376.69,1379.74,1361.01,1368.64,41300
2020-12-09,1373.88,1381.89,1367.53,1381.35,53600
2020-12-10,1385.67,1396.52,1359.93,1360.09,58400
2020-12-11,1359.04,1366.98,1341.23,1347.58,62300
2020-12-14,1349.43,1357.16,1344.96,1355.60,85300
2020-12-15,1355.00,1377.36,1353.37,1375.56,64300
2020-12-16,1380.73,1389.43,1371.87,1387.50,74500
2020-12-17,1399.28,1404.33,1353.07,1359.93,57400
2020-12-18,1353.95,1361.75,1330.91,1334.27,54600
2020-12-21,1344.28,1347.38,1332.12,1333.28,72500
2020-12-22,1333.92,1361.14,1328.47,1349.46,55000
2020-12-23,1350.52,1356.06,1326.89,1335.34,69900
2020-12-24,1333.47,1370.94,1324.68,1365.65,69100
2020-12-28,1372.79,1376.82,1345.89,1353.78,49400
2020-12-29,1360.89,1361.67,1317.99,1334.62,56500
2020-12-30,1331.17,1333.65,1302.03,1304.29,64200
2020-12-31,1302.76,1334.63,1293.96,1325.53,61500
2021-01-04,1329.99,1336.22,1311.57,1318.31,61300
2021-01-05,1310.69,1319.23,1301.72,1312.69,63200
2021-01-06,1312.79,1318.87,1304.55,1317.92,72900
2021-01-07,1324.34,1329.31,1310.66,1313.07,68400
2021-01-08,1318.16,1346.62,1309.32,1343.34,46500
2021-01-11,1336.09,1348.81,1330.19,1345.78,58700
2021-01-12,1346.04,1346.88,1329.91,1334.82,66300
2021-01-13,1333.62,1346.66,1329.91,1341.92,62000
2021-01-14,1337.37,1357.31,1337.22,1357.12,71400
2021-01-15,1355.12,1377.98,1345.26,1374.38,52600
2021-01-19,1368.68,1388.62,1361.90,1385.97,40800
2021-01-20,1384.91,1388.34,1368.81,1381.80,51100
2021-01-21,1379.53,1384.52,1378.97,1379.18,65300
2021-01-22,1376.66,1378.78,1363.14,1364.39,67200
2021-01-25,1367.65,1384.14,1359.76,1373.88,39600
2021-01-26,1367.71,1390.60,1367.02,1384.90,65100
2021-01-27,1381.05,1385.29,1363.72,1376.52,58900
2021-01-28,1377.29,1381.65,1364.20,1373.94,62300
2021-01-29,1365.52,1369.57,1339.12,1343.72,48900
2021-02-01,1346.48,1364.93,1345.16,1360.02,83700
2021-02-02,1358.95,1366.70,1320.56,1323.20,71600
2021-02-03,1322.65,1350.16,1316.26,1348.51,37400
2021-02-04,1357.19,1363.86,1348.44,1360.80,55700
2021-02-05,1367.27,1374.77,1350.09,1353.30,50900
2021-02-08,1356.56,1368.92,1350.68,1363.82,66100
2021-02-09,1361.64,1362.03,1340.65,1342.62,41600
2021-02-10,1348.10,1356.33,1324.75,1345.24,50200
2021-02-11,1343.68,1351.99,1338.90,1349.43,70000
2021-02-12,1347.40,1370.21,1344.69,1351.98,54600
2021-02-16,1351.28,1363.40,1350.34,1355.02,70300
2021-02-17,1353.30,1360.20,1341.61,1346.52,34200
2021-02-18,1356.77,1359.84,1329.99,1330.33,37700
2021-02-19,1329.59,1330.67,1319.61,1323.26,50200
2021-02-22,1315.70,1331.35,1310.63,1330.65,65500
2021-02-23,1328.69,1337.93,1303.03,1306.16,56000
2021-02-24,1304.93,1317.67,1298.60,1317.59,69800
2021-02-25,1318.59,1322.66,1295.94,1300.92,66800
2021-02-26,1301.93,1328.28,1295.33,1323.54,49500
2021-03-01,1331.47,1338.35,1300.98,1301.40,68700
2021-03-02,1297.14,1316.16,1295.31,1310.72,53600
2021-03-03,1319.74,1328.73,1293.03,1299.32,47400
2021-03-04,1293.79,1294.80,1277.75,1289.98,51000
2021-03-05,1298.39,1307.56,1271.65,1273.18,74000
2021-03-08,1267.29,1295.89,1265.95,1291.99,56500
2021-03-09,1289.38,1306.95,1289.03,1301.88,69700
2021-03-10,1298.45,1306.58,1297.02,1306.08,61000
2021-03-11,1307.37,1312.14,1282.66,1297.03,61400
2021-03-12,1286.92,1299.64,1283.77,1293.31,60900
2021-03-15,1293.69,1310.36,1292.97,1301.60,59200
2021-03-16,1298.35,1306.04,1288.11,1289.15,53000
2021-03-17,1289.99,1306.19,1282.54,1303.46,68700
2021-03-18,1303.86,1316.46,1299.88,1315.32,51200
2021-03-19,1309.40,1330.18,1308.34,1321.69,32200
2021-03-22,1319.74,1341.12,1315.23,1332.72,53400
2021-03-23,1332.65,1332.92,1307.76,1316.00,47600
2021-03-24,1316.71,1319.50,1277.88,1280.27,64200
2021-03-25,1283.45,1287.17,1258.01,1260.59,62400
2021-03-26,1261.42,1276.26,1226.10,1232.96,67500
2021-03-29,1238.00,1244.88,1212.90,1221.15,55000
2021-03-30,1218.59,1237.40,1217.10,1225.60,56300
2021-03-31,1223.42,1225.28,1218.47,1221.02,64500
2021-04-01,1224.89,1231.51,1203.54,1209.83,63000
2021-04-02,1206.07,1207.38,1191.93,1200.19,73800
2021-04-05,1195.52,1202.43,1188.13,1199.06,60500
2021-04-06,1202.44,1215.23,1201.63,1210.93,65700
2021-04-07,1205.12,1231.86,1203.32,1230.10,64500
2021-04-08,1229.09,1248.01,1229.04,1244.19,79000
2021-04-09,1233.79,1248.78,1216.74,1230.30,83700
2021-04-12,1221.02,1229.12,1197.18,1203.23,43700
2021-04-13,1210.38,1226.99,1209.05,1216.91,79900
2021-04-14,1211.98,1224.58,1204.03,1213.28,47400
2021-04-15,1222.71,1226.35,1212.21,1216.21,75300
2021-04-16,1216.06,1227.97,1209.54,1213.57,36100
2021-04-19,1216.83,1224.13,1205.49,1209.41,59300
2021-04-20,1212.71,1224.79,1207.59,1217.10,43200
2021-04-21,1219.70,1239.48,1211.21,1231.62,32000
2021-04-22,1232.28,1241.68,1225.79,1237.92,55700
2021-04-23,1239.50,1250.76,1214.01,1220.35,58200
2021-04-26,1215.25,1239.76,1210.11,1239.64,66500
2021-04-27,1250.89,1257.23,1247.41,1252.89,40500
2021-04-28,1250.87,1275.88,1239.39,1270.44,71000
2021-04-29,1273.38,1273.63,1220.52,1227.52,46000
2021-04-30,1231.71,1244.05,1216.27,1218.56,75500
2021-05-03,1213.49,1233.64,1206.58,1223.15,61500
2021-05-04,1227.80,1231.42,1213.57,1221.05,56700
2021-05-05,1218.28,1225.95,1212.00,1222.57,54100
2021-05-06,1225.44,1226.53,1211.21,1223.15,62300
2021-05-07,1223.67,1225.82,1205.04,1213.53,86200
2021-05-10,1205.08,1235.30,1203.98,1231.78,71700
2021-05-11,1232.23,1232.54,1223.78,1230.22,63400
2021-05-12,1228.48,1229.67,1217.43,1219.33,55000
2021-05-13,1224.58,1232.07,1200.27,1201.82,75000
2021-05-14,1206.74,1211.81,1196.21,1196.26,31400
2021-05-17,1202.74,1203.16,1177.50,1184.48,78000
2021-05-18,1189.99,1195.19,1184.95,1185.93,65100
2021-05-19,1181.74,1208.02,1176.61,1203.04,68800
2021-05-20,1204.86,1220.79,1203.91,1219.70,54200
2021-05-21,1217.11,1223.70,1202.04,1207.57,70300
2021-05-24,1214.31,1235.18,1205.79,1234.17,46500
2021-05-25,1239.07,1243.67,1223.78,1236.84,61100
2021-05-26,1239.41,1257.44,1230.39,1250.41,39500
2021-05-27,1249.70,1251.37,1242.50,1249.40,75300
2021-05-28,1254.45,1256.95,1223.58,1224.79,58800
2021-06-01,1221.07,1234.69,1217.80,1232.80,66000
2021-06-02,1229.86,1241.79,1226.42,1234.59,72000
2021-06-03,1236.75,1267.12,1224.72,1257.76,56700
2021-06-04,1260.41,1263.92,1258.15,1262.13,59900
2021-06-07,1264.40,1301.01,1258.91,1297.89,45100
2021-06-08,1293.91,1297.35,1266.93,1269.51,69900
2021-06-09,1264.40,1269.05,1231.80,1237.87,33300
2021-06-10,1231.68,1244.54,1231.37,1243.20,76300
2021-06-11,1243.22,1261.04,1228.11,1258.06,64900
2021-06-14,1261.81,1273.45,1248.70,1259.86,75100
2021-06-15,1269.75,1274.31,1269.08,1273.31,62900
2021-06-16,1267.45,1289.09,1266.55,1283.37,76300
2021-06-17,1278.50,1300.09,1272.71,1298.16,63200
2021-06-21,1300.57,1317.84,1284.56,1310.07,59200
2021-06-22,1304.85,1316.48,1304.56,1312.69,52400
2021-06-23,1316.10,1322.75,1294.11,1301.33,51500
2021-06-24,1308.53,1311.16,1277.96,1282.45,66200
2021-06-25,1288.70,1307.75,1287.91,1306.91,43100
2021-06-28,1308.70,1315.76,1277.22,1286.25,49900
2021-06-29,1294.08,1302.03,1284.42,1295.03,62300
2021-06-30,1300.89,1305.00,1299.55,1300.87,61300
2021-07-01,1307.16,1309.68,1254.63,1258.63,20500
2021-07-02,1265.63,1267.64,1251.01,1257.70,50900
2021-07-06,1263.45,1270.68,1251.12,1252.06,57000
2021-07-07,1251.20,1252.52,1227.11,1227.58,50600
2021-07-08,1223.33,1234.79,1222.09,1229.14,42800
2021-07-09,1231.86,1250.76,1219.34,1240.57,43200
2021-07-12,1235.19,1239.30,1220.16,1224.17,63100
2021-07-13,1222.90,1225.27,1206.38,1213.83,66600
2021-07-14,1210.78,1218.23,1184.21,1189.59,33100
2021-07-15,1187.25,1189.91,1181.72,1184.53,80800
2021-07-16,1191.52,1196.51,1177.76,1184.18,59800
2021-07-19,1180.27,1183.37,1169.54,1182.46,71300
2021-07-20,1185.46,1190.69,1178.04,1189.34,64600
2021-07-21,1193.82,1203.35,1191.05,1194.68,52100
2021-07-22,1189.31,1204.24,1180.26,1201.81,73400
2021-07-23,1198.89,1205.26,1189.30,1189.72,66600
2021-07-26,1188.87,1189.98,1179.80,1184.31,56900
2021-07-27,1185.54,1210.06,1176.35,1208.49,57100
2021-07-28,1211.98,1243.32,1206.49,1237.15,49400
2021-07-29,1240.55,1257.56,1238.67,1248.03,50500
2021-07-30,1245.18,1261.28,1239.08,1250.66,56200
2021-08-02,1251.12,1266.75,1247.17,1264.08,52600
2021-08-03,1262.15,1269.79,1229.27,1235.97,67100
2021-08-04,1234.81,1263.90,1227.75,1259.93,61400
2021-08-05,1259.49,1266.98,1240.24,1247.07,65000
2021-08-06,1250.35,1260.32,1238.65,1257.65,61400
2021-08-09,1260.71,1266.19,1255.34,1262.64,51800
2021-08-10,1260.52,1266.41,1252.62,1258.50,60100
2021-08-11,1271.09,1282.50,1266.53,1276.85,65700
2021-08-12,1279.13,1287.37,1272.08,1279.25,44500
2021-08-13,1277.05,1285.48,1262.18,1269.28,68400
2021-08-16,1265.47,1265.98,1258.47,1261.03,53700
2021-08-17,1259.87,1267.61,1235.53,1238.20,66700
2021-08-18,1241.05,1244.16,1220.84,1224.08,66500
2021-08-19,1222.37,1226.86,1206.89,1214.89,67000
2021-08-20,1218.67,1230.76,1203.70,1223.09,59400
2021-08-23,1219.12,1239.69,1213.97,1236.66,66900
2021-08-24,1230.29,1263.02,1221.59,1260.47,41400
2021-08-25,1255.51,1266.01,1248.85,1251.84,40000
2021-08-26,1252.11,1267.12,1250.39,1262.35,58700
2021-08-27,1263.56,1310.85,1254.76,1305.89,59400
2021-08-30,1306.12,1310.31,1278.58,1286.49,68200
2021-08-31,1288.35,1311.36,1286.46,1298.28,60000
2021-09-01,1302.22,1343.33,1299.58,1324.65,91500
2021-09-02,1317.92,1340.93,1314.08,1331.38,74600
2021-09-03,1341.58,1345.77,1321.33,1322.99,75400
2021-09-07,1327.21,1362.91,1324.41,1354.33,57300
2021-09-08,1357.90,1362.46,1320.36,1331.07,54600
2021-09-09,1330.15,1359.20,1321.93,1337.04,57100
2021-09-10,1333.90,1334.65,1308.07,1314.43,59700
2021-09-13,1313.16,1316.58,1306.62,1314.34,50900
2021-09-14,1317.89,1320.92,1315.59,1318.04,53000
2021-09-15,1317.79,1326.16,1308.18,1324.01,58800
2021-09-16,1329.90,1339.58,1328.85,1334.04,53300
2021-09-17,1334.15,1334.52,1315.25,1331.30,61100
2021-09-20,1323.17,1336.10,1316.95,1330.14,52100
2021-09-21,1327.25,1361.08,1320.66,1358.86,62500
2021-09-22,1361.88,1385.40,1346.95,1378.10,66300
2021-09-23,1388.53,1395.35,1372.58,1372.72,66600
2021-09-24,1368.34,1405.28,1367.01,1396.39,68200
2021-09-27,1390.24,1407.77,1389.92,1407.35,62400
2021-09-28,1409.84,1419.80,1368.90,1380.12,57900
2021-09-29,1380.04,1380.05,1374.98,1379.68,43400
2021-09-30,1382.85,1407.30,1381.49,1402.44,66500
2021-10-01,1415.87,1427.53,1371.15,1373.06,69700
2021-10-04,1367.86,1408.67,1355.58,1404.31,55700
2021-10-05,1400.80,1416.50,1390.66,1414.20,73800
2021-10-06,1406.92,1424.40,1404.62,1414.15,60400
2021-10-07,1413.98,1420.30,1387.86,1390.27,66100
2021-10-08,1390.17,1391.68,1384.90,1388.11,61900
2021-10-12,1392.69,1394.31,1372.44,1379.39,60000
2021-10-13,1386.85,1391.25,1356.84,1360.82,61400
2021-10-14,1366.15,1409.62,1349.95,1391.93,61900
2021-10-15,1398.39,1404.31,1376.01,1379.73,54200
2021-10-18,1374.07,1401.56,1367.50,1400.98,79300
2021-10-19,1390.53,1402.65,1383.49,1396.70,49800
2021-10-20,1395.83,1413.71,1393.06,1405.97,57100
2021-10-21,1403.64,1410.90,1395.91,1407.00,61400
2021-10-22,1421.21,1428.40,1390.20,1391.05,62100
2021-10-25,1401.18,1441.48,1391.79,1437.30,72900
2021-10-26,1428.86,1457.25,1424.40,1455.30,69300
2021-10-27,1457.93,1460.47,1430.06,1444.26,71900
2021-10-28,1442.94,1456.23,1439.74,1451.04,61800
2021-10-29,1444.87,1458.05,1422.79,1427.91,56700
2021-11-01,1424.80,1430.66,1400.08,1412.05,66000
2021-11-02,1407.89,1407.96,1398.21,1405.19,52500
2021-11-03,1402.56,1407.04,1376.80,1389.77,55800
2021-11-04,1389.00,1412.58,1384.53,1408.31,61500
2021-11-05,1406.01,1411.97,1379.44,1393.55,59300
2021-11-08,1390.77,1395.74,1385.76,1386.49,46300
2021-11-09,1387.99,1388.31,1374.42,1380.64,21600
2021-11-10,1386.21,1387.43,1380.39,1381.28,49100
2021-11-12,1392.10,1404.00,1371.28,1383.46,49900
2021-11-15,1385.35,1389.35,1379.06,1380.01,81700
2021-11-16,1383.84,1385.72,1375.64,1385.17,53800
2021-11-17,1378.45,1386.57,1366.53,1367.16,52300
2021-11-18,1371.05,1390.24,1365.30,1383.98,78900
2021-11-19,1385.50,1388.46,1347.25,1348.61,62000
2021-11-22,1353.81,1367.03,1333.49,1333.78,69700
2021-11-23,1321.60,1344.30,1311.64,1335.72,64500
2021-11-24,1336.93,1354.86,1335.53,1352.88,59000
2021-11-26,1346.00,1386.36,1341.15,1379.74,68100
2021-11-29,1378.60,1382.88,1376.42,1380.80,61100
2021-11-30,1368.08,1379.38,1363.93,1372.56,83700
2021-12-01,1368.76,1395.41,1365.62,1392.52,62700
2021-12-02,1393.07,1404.32,1384.34,1389.34,49800
2021-12-03,1389.52,1415.37,1384.12,1399.41,65900
2021-12-06,1404.32,1409.24,1393.37,1405.20,50300
2021-12-07,1417.10,1431.44,1414.15,1429.81,46600
2021-12-08,1436.51,1452.98,1434.30,1446.48,76000
2021-12-09,1452.22,1458.01,1431.25,1433.68,74500
2021-12-10,1424.11,1455.90,1422.87,1445.78,73400
2021-12-13,1436.27,1481.47,1433.88,1479.66,72200
2021-12-14,1473.82,1479.87,1443.50,1452.18,49000
2021-12-15,1446.39,1474.15,1438.56,1473.11,66500
2021-12-16,1471.79,1479.03,1468.16,1474.12,40600
2021-12-17,1469.52,1518.32,1463.68,1512.54,66100
2021-12-20,1509.66,1516.92,1496.08,1497.65,58700
2021-12-21,1492.02,1512.04,1489.75,1504.97,61800
2021-12-22,1504.69,1509.57,1475.60,1476.62,41400
2021-12-23,1489.89,1493.31,1467.70,1474.34,42500
2021-12-27,1481.90,1491.97,1458.32,1463.40,57000
2021-12-28,1458.11,1462.94,1424.69,1429.08,65200
2021-12-29,1431.53,1447.03,1424.60,1439.14,33800
2021-12-30,1438.82,1463.49,1428.70,1453.91,68500
2022-01-03,1457.80,1483.41,1447.94,1483.26,73000
2022-01-04,1487.66,1488.63,1467.59,1478.68,63300
2022-01-05,1477.79,1485.72,1475.81,1482.68,73700
2022-01-06,1489.78,1502.43,1462.34,1481.50,54600
2022-01-07,1474.74,1486.95,1435.21,1436.47,49700
2022-01-10,1434.58,1452.34,1432.01,1445.88,42000
2022-01-11,1447.97,1454.48,1441.09,1447.38,50700
2022-01-12,1443.15,1456.28,1441.60,1449.33,85300
2022-01-13,1443.24,1451.08,1435.50,1443.83,53200
2022-01-14,1445.22,1474.61,1433.61,1469.97,46700
2022-01-18,1477.20,1481.01,1455.38,1457.90,81400
2022-01-19,1458.21,1464.44,1436.27,1450.89,62400
2022-01-20,1458.55,1483.79,1455.71,1477.12,69800
2022-01-21,1478.07,1495.29,1476.68,1484.71,69600
2022-01-24,1486.32,1504.53,1455.24,1459.72,62500
2022-01-25,1455.61,1460.30,1436.96,1444.37,70800
2022-01-26,1455.09,1467.83,1443.41,1449.00,76200
2022-01-27,1444.46,1457.42,1423.28,1432.55,67200
2022-01-28,1441.02,1445.37,1377.54,1385.57,31900
2022-01-31,1395.31,1398.05,1370.03,1371.24,53000
2022-02-01,1372.13,1383.09,1365.31,1377.20,77100
2022-02-02,1375.44,1383.54,1356.19,1367.33,51600
2022-02-03,1372.37,1372.94,1354.88,1368.10,45100
2022-02-04,1361.67,1370.08,1357.59,1357.92,70700
2022-02-07,1357.03,1361.07,1331.21,1344.30,58500
2022-02-08,1341.02,1351.74,1333.90,1351.33,66900
2022-02-09,1350.22,1357.32,1339.55,1347.57,69700
2022-02-10,1344.35,1355.12,1340.04,1354.46,74500
2022-02-11,1349.76,1359.37,1329.02,1329.09,62400
2022-02-14,1329.26,1346.22,1323.59,1338.51,67000
2022-02-15,1344.19,1375.31,1341.30,1361.07,70100
2022-02-16,1354.12,1356.04,1346.48,1351.00,64000
2022-02-17,1358.08,1372.76,1311.73,1320.69,69500
2022-02-18,1320.44,1324.45,1282.97,1291.98,65500
2022-02-22,1299.24,1310.67,1294.70,1297.32,79800
2022-02-23,1301.97,1302.03,1298.47,1302.00,65900
2022-02-24,1312.02,1322.87,1305.71,1312.57,67000
2022-02-25,1308.15,1308.47,1297.84,1307.75,86200
2022-02-28,1316.31,1330.07,1303.92,1309.70,72900
2022-03-01,1312.06,1329.82,1309.01,1321.54,57500
2022-03-02,1329.75,1330.77,1313.00,1330.33,74300
2022-03-03,1326.77,1364.62,1323.16,1351.34,68500
2022-03-04,1342.55,1344.25,1326.60,1332.36,64800
2022-03-07,1331.50,1378.00,1320.02,1370.48,64800
2022-03-08,1370.83,1407.50,1369.77,1406.56,76100
2022-03-09,1405.50,1436.00,1399.84,1419.76,47500
2022-03-10,1420.22,1429.78,1410.99,1428.81,80500
2022-03-11,1432.04,1448.87,1423.73,1448.38,69100
2022-03-14,1438.60,1455.75,1434.55,1448.51,63600
2022-03-15,1457.69,1466.29,1426.24,1433.00,57000
2022-03-16,1440.34,1471.03,1430.57,1463.76,42900
2022-03-17,1460.59,1478.08,1435.39,1443.53,66900
2022-03-18,1439.16,1443.59,1435.70,1442.20,70700
2022-03-21,1443.03,1451.99,1432.54,1441.92,57900
2022-03-22,1438.49,1440.31,1425.85,1427.78,58900
2022-03-23,1432.74,1434.28,1403.80,1409.87,63400
2022-03-24,1403.17,1405.59,1396.99,1399.21,47300
2022-03-25,1398.34,1398.83,1390.50,1397.37,51100
2022-03-28,1391.92,1393.98,1387.99,1390.45,50400
2022-03-29,1389.25,1402.47,1372.72,1384.92,71400
2022-03-30,1378.20,1413.27,1371.62,1406.93,68900
2022-03-31,1407.66,1412.90,1374.93,1387.32,48900
2022-04-01,1386.75,1397.06,1381.15,1396.67,52500
2022-04-04,1397.48,1428.47,1393.33,1420.27,73600
2022-04-05,1426.72,1436.90,1392.87,1401.55,52800
2022-04-06,1405.81,1418.31,1398.92,1401.08,35200
2022-04-07,1402.71,1435.76,1397.89,1431.63,63500
2022-04-08,1424.92,1440.41,1420.35,1437.03,74800
2022-04-11,1429.44,1475.31,1420.10,1467.23,77900
2022-04-12,1471.48,1488.26,1467.70,1484.48,43200
2022-04-13,1487.05,1489.21,1453.91,1462.94,52300
2022-04-14,1463.72,1474.84,1456.19,1474.51,58300
2022-04-15,1470.51,1480.85,1469.13,1477.22,58400
2022-04-18,1480.23,1482.51,1462.97,1470.83,38200
2022-04-19,1477.62,1478.82,1456.08,1456.35,67000
2022-04-20,1463.81,1465.17,1454.70,1457.89,74900
2022-04-21,1453.85,1454.54,1441.47,1442.19,64600
2022-04-22,1442.42,1444.03,1427.24,1432.47,50400
2022-04-25,1433.41,1446.86,1432.00,1432.55,60600
2022-04-26,1428.64,1451.93,1413.92,1443.89,54800
2022-04-27,1446.93,1457.72,1440.70,1455.94,75300
2022-04-28,1453.11,1468.46,1445.06,1458.54,60600
2022-04-29,1456.09,1457.71,1421.90,1439.57,67000
2022-05-02,1439.26,1463.28,1435.20,1452.37,50700
2022-05-03,1460.62,1466.50,1408.96,1413.47,48600
2022-05-04,1413.82,1465.91,1401.61,1453.69,42400
2022-05-05,1454.40,1477.29,1440.64,1469.02,35300
2022-05-06,1472.63,1476.06,1459.03,1466.94,72800
2022-05-09,1454.62,1476.02,1451.08,1464.09,56500
2022-05-10,1462.25,1512.72,1458.63,1506.48,51500
2022-05-11,1507.30,1515.82,1498.71,1512.81,76600
2022-05-12,1515.22,1519.76,1510.91,1513.58,50000
2022-05-13,1516.14,1531.58,1510.21,1515.36,50400
2022-05-16,1521.17,1533.22,1469.99,1473.64,61300
2022-05-17,1478.02,1487.00,1468.98,1483.03,71400
2022-05-18,1480.70,1485.17,1479.93,1480.34,61000
2022-05-19,1478.85,1485.16,1467.29,1469.93,57800
2022-05-20,1469.85,1469.86,1441.25,1454.79,36800
2022-05-23,1454.36,1458.34,1450.34,1450.87,68800
2022-05-24,1456.19,1461.81,1439.29,1447.14,60700
2022-05-25,1460.51,1464.12,1453.32,1455.05,51300
2022-05-26,1459.62,1470.21,1454.03,1456.93,47400
2022-05-27,1452.12,1486.42,1443.91,1474.50,38800
2022-05-31,1475.07,1476.43,1459.00,1467.14,74800
2022-06-01,1466.99,1474.87,1443.62,1451.02,50800
2022-06-02,1450.74,1455.76,1418.41,1421.40,73300
2022-06-03,1425.98,1433.32,1423.20,1429.11,49600
2022-06-06,1425.83,1430.07,1398.25,1408.70,42100
2022-06-07,1405.82,1423.83,1402.48,1422.67,61100
2022-06-08,1420.80,1422.29,1372.67,1376.33,59300
2022-06-09,1378.81,1386.73,1336.48,1344.97,60100
2022-06-10,1343.83,1368.82,1339.46,1365.37,64600
2022-06-13,1362.22,1380.12,1333.15,1342.05,53400
2022-06-14,1342.79,1346.74,1342.48,1345.74,55600
2022-06-15,1346.72,1371.92,1341.04,1356.98,71200
2022-06-16,1353.25,1353.87,1346.65,1353.75,26000
2022-06-17,1351.36,1372.42,1346.26,1370.77,61500
2022-06-21,1383.12,1386.11,1368.26,1370.06,41000
2022-06-22,1366.21,1369.67,1337.89,1341.94,57500
2022-06-23,1349.87,1373.22,1347.31,1367.50,60400
2022-06-24,1366.73,1370.31,1353.34,1366.64,74400
2022-06-27,1367.88,1377.50,1342.20,1345.52,63700
2022-06-28,1350.62,1357.37,1317.60,1324.20,71200
2022-06-29,1332.09,1337.84,1327.36,1336.57,75000
2022-06-30,1336.50,1355.64,1331.15,1351.75,39400
2022-07-01,1361.51,1364.29,1311.47,1319.00,74500
2022-07-05,1325.53,1329.35,1304.44,1308.56,68900
2022-07-06,1305.34,1319.67,1271.17,1276.57,57400
2022-07-07,1269.87,1272.36,1228.39,1239.56,63200
2022-07-08,1248.42,1259.93,1238.37,1241.39,42200
2022-07-11,1243.44,1261.90,1226.93,1249.91,74800
2022-07-12,1259.18,1259.90,1229.58,1232.83,53300
2022-07-13,1230.88,1235.36,1218.06,1220.36,73100
2022-07-14,1217.63,1225.45,1206.16,1212.85,73300
2022-07-15,1219.42,1249.01,1217.38,1242.51,58900
2022-07-18,1241.23,1246.84,1237.61,1237.78,50500
2022-07-19,1235.96,1237.44,1215.80,1218.74,65300
2022-07-20,1223.85,1225.32,1211.03,1214.88,67300
2022-07-21,1214.31,1220.42,1194.37,1208.92,95800
2022-07-22,1212.17,1212.17,1208.16,1212.07,65800
2022-07-25,1212.44,1220.22,1181.03,1184.53,58400
2022-07-26,1191.24,1196.56,1181.31,1188.44,53200
2022-07-27,1182.73,1183.90,1174.81,1177.52,48700
2022-07-28,1175.05,1182.28,1154.33,1179.78,38800
2022-07-29,1185.50,1206.19,1179.03,1192.62,49200
2022-08-01,1199.57,1205.46,1193.25,1204.87,70300
2022-08-02,1203.34,1211.04,1169.01,1175.83,56700
2022-08-03,1181.88,1183.99,1177.38,1179.19,63600
2022-08-04,1176.06,1179.30,1162.88,1176.77,76000
2022-08-05,1169.99,1203.52,1169.04,1195.65,61900
2022-08-08,1193.13,1202.74,1192.30,1194.08,40000
2022-08-09,1186.20,1232.59,1180.89,1231.53,69100
2022-08-10,1232.04,1236.25,1212.90,1224.59,41400
2022-08-11,1214.27,1237.15,1212.01,1233.05,58100
2022-08-12,1232.00,1235.80,1226.08,1228.64,71400
2022-08-15,1221.10,1262.09,1217.31,1259.77,64000
2022-08-16,1258.93,1273.44,1254.90,1265.65,56900
2022-08-17,1265.39,1266.86,1234.55,1235.70,69100
2022-08-18,1237.27,1246.15,1225.87,1231.99,61200
2022-08-19,1235.48,1235.55,1218.57,1221.02,62500
2022-08-22,1215.55,1217.83,1199.81,1200.36,39300
2022-08-23,1199.11,1230.85,1193.62,1228.99,65000
2022-08-24,1228.54,1237.34,1222.56,1234.55,65300
2022-08-25,1239.80,1243.30,1213.68,1221.42,65400
2022-08-26,1221.67,1255.87,1221.01,1246.60,42800
2022-08-29,1244.59,1246.52,1217.20,1219.50,75200
2022-08-30,1220.68,1226.64,1209.54,1210.38,68600
2022-08-31,1215.40,1232.28,1214.14,1221.25,73000
2022-09-01,1221.05,1221.23,1201.81,1210.79,62800
2022-09-02,1217.16,1233.43,1215.21,1228.40,39100
2022-09-06,1232.62,1241.02,1227.59,1237.21,66300
2022-09-07,1234.28,1259.26,1231.25,1245.93,56500
2022-09-08,1246.72,1261.79,1240.10,1254.19,75000
2022-09-09,1260.67,1275.00,1257.65,1264.39,84500
2022-09-12,1268.89,1274.89,1254.47,1258.14,55800
2022-09-13,1259.63,1260.47,1246.99,1256.92,64600
2022-09-14,1264.85,1275.46,1252.67,1253.53,65900
2022-09-15,1247.58,1248.77,1247.14,1247.97,43100
2022-09-16,1246.55,1251.02,1228.08,1228.81,45200
2022-09-19,1231.53,1236.15,1204.47,1214.77,57400
2022-09-20,1221.22,1225.33,1198.57,1199.09,61300
2022-09-21,1197.54,1204.03,1197.48,1202.58,37700
2022-09-22,1206.51,1211.89,1192.66,1201.99,72900
2022-09-23,1203.60,1220.02,1182.11,1184.16,50200
2022-09-26,1187.73,1208.54,1184.66,1201.74,63200
2022-09-27,1201.42,1214.24,1198.12,1208.58,64300
2022-09-28,1207.19,1226.61,1206.22,1223.51,53600
2022-09-29,1226.53,1257.05,1207.28,1254.56,60300
2022-09-30,1263.49,1278.83,1244.03,1252.07,54100
2022-10-03,1250.11,1252.08,1241.96,1244.76,50000
2022-10-04,1247.77,1248.27,1233.90,1243.76,70600
2022-10-05,1254.84,1258.71,1231.54,1233.77,59900
2022-10-06,1229.03,1239.63,1224.07,1234.32,51200
2022-10-07,1234.26,1239.58,1215.73,1216.20,59200
2022-10-11,1229.36,1239.06,1220.65,1234.10,46800
2022-10-12,1236.32,1237.11,1202.76,1207.59,41700
2022-10-13,1212.88,1217.86,1209.70,1212.98,42900
2022-10-14,1217.79,1226.00,1201.72,1209.08,68400
2022-10-17,1215.53,1220.46,1199.72,1205.29,38000
2022-10-18,1201.42,1203.14,1198.26,1200.12,46700
2022-10-19,1200.54,1206.16,1195.93,1204.91,91100
2022-10-20,1211.13,1213.80,1173.60,1182.48,47200
2022-10-21,1173.59,1179.84,1165.48,1167.25,58800
2022-10-24,1174.65,1187.43,1172.09,1185.61,71500
2022-10-25,1188.20,1190.93,1176.92,1188.66,91200
2022-10-26,1189.79,1204.31,1178.59,1199.93,63800
2022-10-27,1201.42,1257.95,1200.35,1252.88,53300
2022-10-28,1249.02,1255.21,1235.34,1246.82,60900
2022-10-31,1251.36,1255.46,1225.38,1227.92,51400
2022-11-01,1226.35,1243.19,1222.79,1230.33,76600
2022-11-02,1231.83,1236.39,1214.59,1219.18,71200
2022-11-03,1224.98,1226.21,1221.93,1226.07,66600
2022-11-04,1217.94,1225.74,1217.19,1224.52,74300
2022-11-07,1219.56,1226.06,1211.59,1219.13,52600
2022-11-08,1219.15,1224.55,1214.30,1221.95,48900
2022-11-09,1228.91,1245.36,1224.75,1243.66,81600
2022-11-10,1241.64,1250.08,1240.37,1244.77,62600
2022-11-14,1240.46,1246.81,1218.48,1219.32,62400
2022-11-15,1225.09,1244.97,1214.26,1235.84,39800
2022-11-16,1238.34,1268.52,1228.18,1267.84,48300
2022-11-17,1267.86,1281.15,1261.83,1265.88,53200
2022-11-18,1260.02,1269.30,1251.69,1261.11,46900
2022-11-21,1259.89,1295.64,1255.34,1292.92,60800
2022-11-22,1295.00,1321.79,1293.67,1312.72,61900
2022-11-23,1308.00,1332.93,1302.76,1332.78,77000
2022-11-25,1332.55,1354.02,1331.91,1346.16,47700
2022-11-28,1346.79,1363.95,1341.33,1352.83,72100
2022-11-29,1356.39,1369.14,1322.86,1325.97,56400
2022-11-30,1332.04,1346.35,1317.55,1335.51,37100
2022-12-01,1331.67,1331.75,1323.18,1324.52,55300
2022-12-02,1319.27,1341.77,1314.93,1335.64,60500
2022-12-05,1346.58,1354.22,1327.30,1329.64,75000
2022-12-06,1318.78,1329.65,1313.40,1315.06,40300
2022-12-07,1312.91,1322.31,1310.32,1321.17,59200
2022-12-08,1316.27,1318.32,1288.41,1291.48,75400
2022-12-09,1297.00,1302.07,1286.18,1295.32,58100
2022-12-12,1292.31,1304.24,1286.80,1303.18,77300
2022-12-13,1304.89,1343.99,1294.61,1336.07,54600
2022-12-14,1340.25,1345.95,1322.45,1326.42,37000
2022-12-15,1322.19,1354.11,1319.93,1352.01,48000
2022-12-16,1353.01,1386.68,1344.30,1381.32,47400
2022-12-19,1375.03,1378.33,1373.53,1375.93,67000
2022-12-20,1374.53,1384.15,1364.91,1376.93,68900
2022-12-21,1368.87,1382.51,1362.33,1373.01,50400
2022-12-22,1375.31,1382.19,1373.33,1376.63,51800
2022-12-23,1377.14,1378.75,1342.17,1343.48,85200
2022-12-27,1343.47,1349.22,1340.00,1346.69,47800
2022-12-28,1335.53,1340.67,1333.94,1337.79,51900
2022-12-29,1349.11,1352.28,1335.28,1337.21,47300
2022-12-30,1345.39,1356.37,1329.58,1354.22,75300
2023-01-03,1353.60,1370.00,1352.47,1358.94,56400
2023-01-04,1357.63,1362.92,1331.88,1334.59,57200
2023-01-05,1331.36,1340.00,1322.23,1324.36,67800
2023-01-06,1322.25,1331.84,1318.07,1324.49,62000
2023-01-09,1325.98,1330.17,1318.16,1320.55,81100
2023-01-10,1312.70,1314.92,1309.52,1314.17,29000
2023-01-11,1312.92,1315.82,1295.02,1297.26,64900
2023-01-12,1306.14,1316.64,1291.35,1311.10,73200
2023-01-13,1312.53,1314.58,1295.69,1301.17,84200
2023-01-17,1304.12,1305.72,1292.72,1298.20,48600
2023-01-18,1290.99,1305.58,1289.44,1303.81,69100
2023-01-19,1310.99,1313.53,1292.96,1294.02,69300
2023-01-20,1288.22,1308.45,1284.83,1297.94,74600
2023-01-23,1297.62,1303.74,1282.35,1292.60,36000
2023-01-24,1286.99,1299.71,1274.58,1286.13,80100
2023-01-25,1279.53,1289.79,1275.47,1287.05,44100
2023-01-26,1291.55,1298.31,1272.71,1277.33,60600
2023-01-27,1280.75,1299.96,1279.54,1298.59,60400
2023-01-30,1301.49,1307.15,1289.18,1304.88,70500
2023-01-31,1301.76,1309.02,1294.14,1295.27,61600
2023-02-01,1292.06,1301.17,1257.87,1263.47,64200
2023-02-02,1265.61,1268.12,1248.52,1256.56,48600
2023-02-03,1254.14,1260.61,1238.28,1241.13,64500
2023-02-06,1243.10,1250.68,1214.17,1221.58,44600
2023-02-07,1222.18,1223.38,1206.14,1211.43,68600
2023-02-08,1208.39,1210.95,1201.87,1205.63,79300
2023-02-09,1209.25,1230.12,1207.97,1224.88,71500
2023-02-10,1229.30,1235.69,1215.67,1215.75,64900
2023-02-13,1213.50,1235.84,1211.93,1228.52,41100
2023-02-14,1224.85,1249.16,1215.37,1248.48,87600
2023-02-15,1253.52,1253.64,1248.77,1249.77,70500
2023-02-16,1255.94,1258.68,1224.05,1226.63,65700
2023-02-17,1225.90,1263.14,1223.86,1260.74,62100
2023-02-21,1261.31,1264.00,1237.06,1243.60,59400
2023-02-22,1238.78,1244.67,1220.90,1222.10,26800
2023-02-23,1224.43,1224.79,1215.87,1221.88,67200
2023-02-24,1231.90,1237.00,1227.71,1230.42,51400
2023-02-27,1239.89,1244.60,1236.44,1243.90,61000
2023-02-28,1244.78,1252.40,1221.59,1222.86,82100
2023-03-01,1225.80,1243.94,1216.67,1242.80,41400
2023-03-02,1246.93,1249.18,1241.45,1247.74,74800
2023-03-03,1249.28,1262.21,1244.92,1259.33,46900
2023-03-06,1257.67,1258.49,1228.07,1228.63,71200
2023-03-07,1223.19,1226.06,1210.27,1213.57,69600
2023-03-08,1208.51,1216.57,1194.09,1204.63,60200
2023-03-09,1207.15,1212.10,1202.56,1208.92,67800
2023-03-10,1215.23,1219.48,1181.96,1195.92,81800
2023-03-13,1201.28,1204.72,1188.07,1191.86,74500
2023-03-14,1189.08,1194.34,1160.04,1166.89,53200
2023-03-15,1166.07,1166.50,1150.22,1160.43,61100
2023-03-16,1163.29,1188.76,1158.82,1184.95,71200
2023-03-17,1183.43,1188.64,1177.06,1187.94,50600
2023-03-20,1187.68,1192.21,1175.05,1176.84,55300
2023-03-21,1174.84,1183.55,1170.28,1173.22,75900
2023-03-22,1172.57,1185.09,1165.36,1166.96,72300
2023-03-23,1168.45,1194.54,1167.24,1193.68,76500
2023-03-24,1196.65,1216.24,1192.21,1214.97,50600
2023-03-27,1216.68,1224.18,1191.40,1198.81,67400
2023-03-28,1202.40,1214.24,1177.03,1183.82,66100
2023-03-29,1186.88,1199.77,1186.25,1198.15,68200
2023-03-30,1195.68,1225.67,1193.09,1225.15,61400
2023-03-31,1220.16,1227.80,1213.57,1224.09,51200
2023-04-03,1219.60,1249.92,1206.40,1235.22,60300
2023-04-04,1236.25,1252.65,1229.27,1243.93,53100
2023-04-05,1244.84,1279.20,1233.74,1277.04,60400
2023-04-06,1273.76,1282.47,1269.05,1281.77,65700
2023-04-07,1296.87,1310.33,1290.39,1302.49,28600
2023-04-10,1301.25,1342.61,1297.06,1337.16,75400
2023-04-11,1346.64,1359.47,1340.33,1355.42,60700
2023-04-12,1358.35,1364.60,1329.56,1335.81,44300
2023-04-13,1333.44,1351.53,1317.87,1350.49,87000
2023-04-14,1364.63,1374.39,1344.70,1351.11,87200
2023-04-17,1357.98,1363.19,1335.23,1342.41,52400
2023-04-18,1345.30,1345.98,1338.40,1340.09,82300
2023-04-19,1339.61,1340.60,1326.85,1327.85,65600
2023-04-20,1333.40,1345.89,1315.13,1316.37,53600
2023-04-21,1309.43,1326.23,1304.66,1317.10,58200
2023-04-24,1313.48,1330.31,1312.79,1315.74,46000
2023-04-25,1318.46,1329.61,1288.03,1297.48,64500
2023-04-26,1301.46,1313.42,1256.26,1262.08,59800
2023-04-27,1264.87,1268.97,1256.54,1263.76,78300
2023-04-28,1266.02,1294.82,1256.23,1287.39,51600
2023-05-01,1285.44,1298.18,1281.67,1296.94,48900
2023-05-02,1305.86,1308.64,1292.51,1301.46,70700
2023-05-03,1301.65,1309.53,1292.07,1295.36,72100
2023-05-04,1293.55,1295.64,1277.17,1279.58,59900
2023-05-05,1277.88,1285.25,1260.38,1268.45,50000
2023-05-08,1264.27,1295.51,1258.50,1287.65,58400
2023-05-09,1286.98,1292.40,1275.21,1276.84,74000
2023-05-10,1281.21,1281.96,1278.68,1281.32,77100
2023-05-11,1290.41,1292.14,1289.61,1292.13,49800
2023-05-12,1290.32,1293.73,1285.91,1288.51,28900
2023-05-15,1294.64,1298.27,1286.97,1289.50,57600
2023-05-16,1295.56,1316.47,1294.71,1312.86,67900
2023-05-17,1305.53,1323.43,1295.16,1318.62,51000
2023-05-18,1322.89,1323.03,1315.53,1319.95,51600
2023-05-19,1319.70,1335.89,1305.55,1316.29,57500
2023-05-22,1318.66,1330.16,1306.12,1314.62,65700
2023-05-23,1305.76,1324.54,1299.89,1324.22,45700
2023-05-24,1333.37,1362.09,1331.18,1360.18,39800
2023-05-25,1365.05,1370.81,1342.84,1343.28,46300
2023-05-26,1336.07,1358.52,1334.33,1343.53,63600
2023-05-30,1348.71,1361.42,1332.52,1335.10,36300
2023-05-31,1331.49,1357.86,1327.11,1357.69,60800
2023-06-01,1355.13,1362.63,1347.61,1350.41,61700
2023-06-02,1336.80,1352.84,1330.20,1352.46,39900
2023-06-05,1352.17,1378.14,1342.43,1377.74,52000
2023-06-06,1381.85,1401.70,1379.94,1401.42,66400
2023-06-07,1399.41,1413.10,1390.94,1402.26,69800
2023-06-08,1399.37,1412.75,1393.87,1412.54,51100
2023-06-09,1413.88,1440.61,1403.72,1427.78,57200
2023-06-12,1430.81,1454.29,1430.66,1446.80,43400
2023-06-13,1454.28,1456.34,1439.53,1440.77,49900
2023-06-14,1436.84,1439.43,1417.45,1419.60,48600
2023-06-15,1423.40,1430.47,1378.55,1381.27,31000
2023-06-16,1374.98,1377.68,1357.48,1374.30,86900
2023-06-20,1377.17,1383.48,1368.71,1380.03,41400
2023-06-21,1388.76,1394.93,1367.13,1370.90,64500
2023-06-22,1365.59,1366.07,1362.33,1362.67,38300
2023-06-23,1363.17,1399.01,1354.44,1389.87,82700
2023-06-26,1390.16,1392.95,1386.48,1389.37,87700
2023-06-27,1399.37,1404.24,1390.92,1395.25,55800
2023-06-28,1393.59,1406.78,1380.32,1384.64,54500
2023-06-29,1385.62,1397.01,1364.41,1370.39,56400
2023-06-30,1372.79,1399.71,1361.66,1398.14,61000
2023-07-03,1405.83,1410.11,1389.40,1401.54,45500
2023-07-05,1394.96,1395.04,1386.15,1394.26,67200
2023-07-06,1397.01,1404.63,1381.11,1387.90,56800
2023-07-07,1385.93,1396.49,1381.21,1392.44,61800
2023-07-10,1402.15,1406.29,1392.35,1395.21,46600
2023-07-11,1394.90,1399.85,1383.27,1393.03,47600
2023-07-12,1388.67,1416.15,1387.61,1407.50,53500
2023-07-13,1413.58,1441.08,1411.26,1434.16,78000
2023-07-14,1440.64,1443.43,1425.91,1435.50,63000
2023-07-17,1426.26,1445.50,1409.21,1436.60,57400
2023-07-18,1438.90,1457.97,1412.44,1429.38,67500
2023-07-19,1434.21,1440.60,1393.70,1401.26,66200
2023-07-20,1410.72,1419.60,1394.85,1418.15,72800
2023-07-21,1417.34,1442.46,1417.11,1435.54,56500
2023-07-24,1423.47,1431.68,1422.46,1425.37,58300
2023-07-25,1430.98,1458.04,1430.39,1451.35,70800
2023-07-26,1451.60,1457.17,1429.73,1436.21,68100
2023-07-27,1432.65,1443.39,1421.27,1422.49,47000
2023-07-28,1432.06,1439.71,1420.21,1422.89,46200
2023-07-31,1416.40,1419.77,1380.34,1393.55,50200
2023-08-01,1397.75,1400.24,1384.99,1387.12,63600
2023-08-02,1385.94,1393.11,1375.54,1376.09,60700
2023-08-03,1365.22,1393.20,1359.41,1386.96,73400
2023-08-04,1388.49,1394.11,1381.65,1386.74,50300
2023-08-07,1392.72,1411.28,1378.02,1402.34,45200
2023-08-08,1405.66,1416.80,1403.53,1415.09,44100
2023-08-09,1416.02,1418.27,1399.36,1400.78,49800
2023-08-10,1402.16,1408.39,1361.01,1366.33,45300
2023-08-11,1370.75,1372.26,1328.93,1334.32,51500
2023-08-14,1330.64,1349.22,1326.51,1349.09,62500
2023-08-15,1351.32,1352.06,1333.84,1335.56,65700
2023-08-16,1335.15,1339.64,1286.08,1289.09,74100
2023-08-17,1287.49,1297.25,1281.08,1293.25,54100
2023-08-18,1285.56,1319.04,1281.29,1311.96,63300
2023-08-21,1308.70,1309.09,1275.58,1290.04,59500
2023-08-22,1293.05,1313.01,1290.29,1300.39,63700
2023-08-23,1312.61,1318.45,1270.18,1286.73,51500
2023-08-24,1299.64,1301.45,1258.59,1263.16,53500
2023-08-25,1270.29,1276.43,1261.94,1265.04,68000
2023-08-28,1269.23,1270.50,1258.04,1258.32,73200
2023-08-29,1268.87,1273.37,1255.40,1257.00,46200
2023-08-30,1261.63,1264.94,1250.69,1263.03,41300
2023-08-31,1262.78,1278.93,1242.64,1248.53,52400
2023-09-01,1250.40,1275.47,1245.73,1268.82,75300
2023-09-05,1261.08,1263.42,1247.47,1249.26,39900
2023-09-06,1249.85,1259.11,1245.57,1259.03,53500
2023-09-07,1261.33,1270.16,1243.30,1251.61,61000
2023-09-08,1248.67,1271.55,1244.26,1267.16,76600
2023-09-11,1272.93,1285.56,1272.55,1281.50,77300
2023-09-12,1286.56,1290.22,1280.42,1285.51,33800
2023-09-13,1293.48,1308.93,1291.05,1299.19,44200
2023-09-14,1293.61,1297.01,1273.83,1285.36,65600
2023-09-15,1282.87,1316.55,1281.91,1309.15,57400
2023-09-18,1305.90,1316.24,1280.79,1285.52,49700
2023-09-19,1279.28,1314.68,1272.48,1309.43,55000
2023-09-20,1309.45,1314.79,1307.44,1313.47,58800
2023-09-21,1313.75,1317.97,1297.09,1305.68,63900
2023-09-22,1294.13,1306.92,1292.24,1301.51,54700
2023-09-25,1301.19,1304.33,1281.33,1294.32,67100
2023-09-26,1299.96,1305.56,1279.37,1289.09,89300
2023-09-27,1300.19,1307.54,1262.39,1268.98,70800
2023-09-28,1264.59,1276.07,1250.85,1259.28,82100
2023-09-29,1259.66,1307.07,1253.73,1303.99,49700
2023-10-02,1309.61,1319.18,1309.47,1317.08,60500
2023-10-03,1315.01,1319.01,1295.63,1315.27,75100
2023-10-04,1316.26,1320.72,1283.59,1286.88,67600
2023-10-05,1279.02,1306.08,1278.26,1303.43,63500
2023-10-06,1304.78,1325.66,1304.16,1323.53,73300
2023-10-10,1321.91,1351.37,1315.71,1343.39,66600
2023-10-11,1349.39,1368.95,1339.13,1356.66,38700
2023-10-12,1362.78,1369.94,1344.75,1358.04,60300
2023-10-13,1360.26,1365.85,1356.71,1364.75,49400
2023-10-16,1363.65,1366.74,1342.39,1345.62,65200
2023-10-17,1344.92,1375.21,1338.65,1366.25,35400
2023-10-18,1371.92,1378.70,1312.05,1316.89,39500
2023-10-19,1309.94,1347.06,1309.61,1344.39,61600
2023-10-20,1348.69,1373.94,1348.20,1369.15,52200
2023-10-23,1369.53,1372.68,1359.01,1360.79,54300
2023-10-24,1352.00,1356.66,1334.27,1350.45,36700
2023-10-25,1353.38,1374.51,1341.95,1363.23,53500
2023-10-26,1366.25,1382.26,1359.78,1381.39,55800
2023-10-27,1386.89,1395.80,1377.31,1383.68,45700
2023-10-30,1384.27,1394.33,1382.35,1382.83,70400
2023-10-31,1386.39,1392.39,1364.17,1368.33,52400
2023-11-01,1369.11,1371.30,1358.50,1368.62,39900
2023-11-02,1377.25,1385.95,1366.79,1368.05,70300
2023-11-03,1365.57,1374.23,1358.26,1365.66,53300
2023-11-06,1356.59,1385.96,1352.22,1374.84,37500
2023-11-07,1376.13,1380.09,1338.33,1338.94,91300
2023-11-08,1331.96,1348.25,1329.99,1344.15,30800
2023-11-09,1344.44,1358.62,1342.80,1356.60,57200
2023-11-13,1348.44,1356.50,1334.87,1348.79,64500
2023-11-14,1355.48,1363.84,1346.29,1359.61,52400
2023-11-15,1357.29,1366.88,1349.89,1361.04,75000
2023-11-16,1362.65,1368.79,1351.64,1360.08,70000
2023-11-17,1363.22,1369.11,1356.44,1361.67,53600
2023-11-20,1361.00,1379.65,1358.72,1372.55,61700
2023-11-21,1373.57,1397.20,1371.10,1392.53,55100
2023-11-22,1386.95,1393.35,1360.20,1366.57,44100
2023-11-24,1374.83,1384.56,1335.87,1339.95,61700
2023-11-27,1336.47,1379.82,1328.58,1370.01,68300
2023-11-28,1365.57,1392.92,1361.78,1390.82,62600
2023-11-29,1389.87,1402.66,1374.07,1374.27,33700
2023-11-30,1365.24,1367.52,1346.92,1350.62,50000
2023-12-01,1350.03,1367.03,1340.46,1361.31,65900
2023-12-04,1365.64,1368.71,1341.00,1341.44,41200
2023-12-05,1341.27,1342.36,1331.70,1332.90,61300
2023-12-06,1337.93,1363.87,1328.67,1359.08,80700
2023-12-07,1352.34,1399.42,1350.00,1396.84,47700
2023-12-08,1400.92,1422.99,1396.79,1416.30,58300
2023-12-11,1419.40,1425.99,1403.63,1406.50,67500
2023-12-12,1399.81,1427.72,1383.99,1422.48,72200
2023-12-13,1430.51,1430.51,1415.40,1422.92,50700
2023-12-14,1431.24,1439.68,1430.75,1437.75,45600
2023-12-15,1436.70,1449.13,1431.37,1439.15,59500
2023-12-18,1436.13,1453.16,1431.86,1450.33,53200
2023-12-19,1440.13,1444.32,1431.51,1434.56,65300
2023-12-20,1433.02,1439.88,1426.54,1438.04,64300
2023-12-21,1437.99,1447.32,1430.19,1440.32,59100
2023-12-22,1429.11,1462.75,1424.92,1461.57,71100
2023-12-26,1467.08,1471.76,1453.60,1457.59,73400
2023-12-27,1455.22,1457.72,1446.31,1450.20,43100
2023-12-28,1458.10,1463.11,1438.32,1439.40,79800
2023-12-29,1443.74,1460.05,1441.65,1452.41,59000
2024-01-02,1459.66,1464.51,1392.26,1401.10,81300
2024-01-03,1403.65,1411.17,1391.10,1396.44,53500
2024-01-04,1401.58,1413.20,1382.67,1385.58,73700
2024-01-05,1392.06,1398.43,1375.95,1386.18,63500
2024-01-08,1390.73,1397.85,1387.64,1389.13,56800
2024-01-09,1396.99,1401.54,1373.88,1380.31,54300
2024-01-10,1380.03,1389.12,1379.72,1388.65,59000
2024-01-11,1390.42,1395.69,1361.29,1364.43,55300
2024-01-12,1364.26,1373.30,1362.66,1363.50,75400
2024-01-16,1367.15,1383.00,1365.41,1382.27,75400
2024-01-17,1378.62,1407.24,1371.50,1399.65,51800
2024-01-18,1413.99,1420.60,1364.28,1380.16,57300
2024-01-19,1383.47,1384.23,1363.77,1365.68,43500
2024-01-22,1363.39,1386.09,1353.85,1380.03,64400
2024-01-23,1375.59,1403.11,1372.54,1402.02,75300
2024-01-24,1403.62,1408.79,1389.98,1397.37,53100
2024-01-25,1395.91,1405.00,1390.62,1404.23,43600
2024-01-26,1412.09,1440.59,1410.58,1436.77,77900
2024-01-29,1436.26,1438.94,1418.30,1432.92,55200
2024-01-30,1435.01,1457.22,1426.97,1452.37,49400
2024-01-31,1450.02,1452.07,1436.42,1441.52,62500
2024-02-01,1434.96,1467.60,1429.16,1463.02,67100
2024-02-02,1455.93,1469.92,1429.47,1437.93,50000
2024-02-05,1430.49,1440.03,1422.28,1424.14,55500
2024-02-06,1421.65,1432.11,1404.05,1409.96,43900
2024-02-07,1410.13,1410.45,1384.03,1390.03,62500
2024-02-08,1392.79,1399.37,1380.75,1382.43,75300
2024-02-09,1383.05,1397.56,1382.75,1395.50,49100
2024-02-12,1405.26,1405.28,1377.86,1386.03,46800
2024-02-13,1387.78,1393.30,1358.30,1364.20,70200
2024-02-14,1364.09,1389.49,1359.98,1384.26,57400
2024-02-15,1396.74,1403.14,1390.01,1396.30,64200
2024-02-16,1393.21,1401.90,1379.53,1392.53,79800
2024-02-20,1398.73,1402.26,1391.69,1402.11,56200
2024-02-21,1402.85,1411.16,1370.16,1378.91,47700
2024-02-22,1381.62,1396.97,1378.77,1384.21,71200
2024-02-23,1376.33,1378.98,1354.37,1358.96,51300
2024-02-26,1367.56,1372.61,1360.92,1363.35,51100
2024-02-27,1369.95,1400.27,1367.75,1392.52,82800
2024-02-28,1398.61,1413.16,1397.04,1404.33,50200
2024-02-29,1395.35,1429.97,1390.39,1426.29,87100
2024-03-01,1425.31,1431.61,1410.69,1430.02,65100
2024-03-04,1431.23,1438.26,1422.72,1423.10,63600
2024-03-05,1431.35,1432.97,1401.27,1405.51,55200
2024-03-06,1406.15,1436.93,1402.85,1427.51,66800
2024-03-07,1430.04,1435.83,1410.39,1417.76,47000
2024-03-08,1423.42,1425.65,1416.69,1424.06,57500
2024-03-11,1417.90,1425.97,1406.38,1411.62,59800
2024-03-12,1408.69,1413.98,1386.52,1399.80,53400
2024-03-13,1395.81,1405.61,1390.02,1393.55,67900
2024-03-14,1396.72,1407.64,1385.85,1389.67,70200
2024-03-15,1383.08,1395.56,1377.34,1394.03,73100
2024-03-18,1393.04,1397.19,1364.56,1372.40,63700
2024-03-19,1367.99,1393.15,1361.71,1391.21,38800
2024-03-20,1400.68,1409.85,1396.14,1406.28,58200
2024-03-21,1410.93,1411.67,1385.79,1389.46,48600
2024-03-22,1393.89,1395.25,1387.45,1393.90,48100
2024-03-25,1399.61,1401.18,1389.75,1390.56,59600
2024-03-26,1384.61,1404.37,1378.56,1395.77,78800
2024-03-27,1397.86,1400.09,1380.17,1389.16,51700
2024-03-28,1387.85,1396.00,1372.36,1380.09,66000
2024-03-29,1374.43,1387.26,1368.92,1384.64,63600
2024-04-01,1387.39,1405.65,1386.26,1392.81,79300
2024-04-02,1384.91,1385.66,1380.46,1384.78,59200
2024-04-03,1377.76,1403.94,1376.51,1397.91,55500
2024-04-04,1398.29,1406.28,1381.57,1387.52,71000
2024-04-05,1392.64,1415.93,1381.52,1409.33,45900
2024-04-08,1412.34,1420.53,1385.96,1398.19,51800
2024-04-09,1391.43,1401.89,1372.51,1376.54,62400
2024-04-10,1390.80,1396.08,1374.08,1379.81,58900
2024-04-11,1378.63,1383.64,1370.08,1373.94,53900
2024-04-12,1371.42,1374.51,1365.70,1365.72,78800
2024-04-15,1365.07,1368.95,1357.47,1368.46,65300
2024-04-16,1360.45,1362.19,1326.43,1332.36,64900
2024-04-17,1331.60,1338.15,1325.90,1329.11,63000
2024-04-18,1320.45,1327.98,1312.88,1316.30,76200
2024-04-19,1304.09,1318.56,1303.54,1307.55,86100
2024-04-22,1302.63,1315.98,1297.95,1315.49,71800
2024-04-23,1309.89,1320.66,1307.71,1311.97,69000
2024-04-24,1320.40,1361.35,1310.40,1353.36,44400
2024-04-25,1352.41,1380.02,1346.30,1370.57,48400
2024-04-26,1364.15,1368.59,1331.94,1337.19,52400
2024-04-29,1349.18,1356.23,1335.08,1335.35,69600
2024-04-30,1337.60,1368.90,1334.96,1355.40,66000
2024-05-01,1357.69,1360.50,1336.44,1342.02,67300
2024-05-02,1339.06,1345.22,1290.54,1296.09,67300
2024-05-03,1288.56,1296.60,1281.84,1289.10,54000
2024-05-06,1294.81,1305.27,1279.30,1290.03,50800
2024-05-07,1286.08,1301.60,1279.37,1293.82,88800
2024-05-08,1289.21,1338.28,1282.10,1330.85,64100
2024-05-09,1336.03,1344.40,1297.40,1314.78,66300
2024-05-10,1318.00,1332.57,1315.69,1321.65,58100
2024-05-13,1322.04,1330.21,1316.81,1325.25,75900
2024-05-14,1331.05,1332.10,1305.04,1308.07,59000
2024-05-15,1300.84,1302.25,1290.31,1294.23,43200
2024-05-16,1290.26,1322.76,1285.57,1313.24,57100
2024-05-17,1313.31,1318.55,1302.38,1308.12,26500
2024-05-20,1302.54,1319.35,1299.73,1312.21,53900
2024-05-21,1312.17,1335.91,1309.44,1335.77,73800
2024-05-22,1343.01,1352.98,1336.67,1342.81,56700
2024-05-23,1348.99,1352.73,1330.75,1340.12,61300
2024-05-24,1341.03,1341.46,1321.57,1325.09,49900
2024-05-28,1330.59,1341.40,1322.92,1338.84,53000
2024-05-29,1337.87,1337.99,1308.06,1310.23,41200
2024-05-30,1321.25,1327.67,1302.36,1307.28,58000
2024-05-31,1300.40,1336.12,1290.51,1332.35,87200
2024-06-03,1329.24,1354.93,1328.42,1353.65,51800
2024-06-04,1363.11,1374.14,1346.37,1356.04,54600
2024-06-05,1357.53,1385.51,1354.26,1367.89,84900
2024-06-06,1372.09,1380.83,1352.66,1360.55,58300
2024-06-07,1364.34,1379.56,1361.49,1374.65,50000
2024-06-10,1377.69,1403.42,1371.91,1397.87,78900
2024-06-11,1402.20,1402.69,1373.57,1382.39,27400
2024-06-12,1380.33,1380.66,1370.76,1375.32,78800
2024-06-13,1375.36,1383.33,1360.66,1367.69,65200
2024-06-14,1370.11,1387.13,1361.45,1378.25,61900
2024-06-17,1380.22,1409.30,1370.21,1405.44,55300
2024-06-18,1401.39,1428.64,1394.18,1424.68,57900
2024-06-20,1420.15,1436.87,1409.20,1419.11,81200
2024-06-21,1414.40,1451.17,1407.64,1449.44,55800
2024-06-24,1446.68,1452.19,1413.56,1415.95,67500
2024-06-25,1417.74,1420.11,1377.54,1380.58,57600
2024-06-26,1371.08,1379.86,1355.32,1372.48,66900
2024-06-27,1368.12,1373.76,1363.55,1371.91,63000
2024-06-28,1368.08,1401.70,1367.56,1399.78,77100
2024-07-01,1403.52,1417.30,1395.81,1416.82,62300
2024-07-02,1418.72,1438.34,1411.91,1428.69,70300
2024-07-03,1420.58,1432.14,1411.63,1416.09,76400
2024-07-05,1410.02,1443.18,1409.80,1441.94,67900
2024-07-08,1439.45,1489.79,1431.64,1481.10,49500
2024-07-09,1492.80,1505.02,1483.71,1487.63,67400
2024-07-10,1495.55,1502.57,1488.61,1493.35,62200
2024-07-11,1501.19,1501.73,1460.17,1467.63,58300
2024-07-12,1470.83,1477.75,1440.84,1446.21,44800
2024-07-15,1444.09,1444.61,1416.84,1417.50,66800
2024-07-16,1410.31,1420.21,1409.93,1413.54,65200
2024-07-17,1412.51,1446.16,1409.70,1445.05,69700
2024-07-18,1441.06,1462.75,1436.55,1453.84,50600
2024-07-19,1453.64,1501.63,1451.97,1497.08,63500
2024-07-22,1497.64,1497.81,1458.66,1464.95,74900
2024-07-23,1471.77,1498.09,1470.47,1485.10,69100
2024-07-24,1478.90,1486.85,1456.44,1458.21,63200
2024-07-25,1461.87,1472.30,1429.68,1432.15,49300
2024-07-26,1432.43,1437.57,1421.64,1422.02,61400
2024-07-29,1423.61,1427.26,1398.70,1404.30,84300
2024-07-30,1402.98,1404.94,1380.39,1383.14,77600
2024-07-31,1383.77,1384.47,1375.44,1375.47,53200
2024-08-01,1377.74,1398.92,1366.26,1392.24,74600
2024-08-02,1397.07,1417.84,1396.34,1404.06,58000
2024-08-05,1412.07,1421.53,1411.66,1420.10,79600
2024-08-06,1425.46,1429.10,1402.84,1413.26,62100
2024-08-07,1408.73,1427.04,1404.29,1424.18,50900
2024-08-08,1418.49,1422.29,1410.45,1418.69,76800
2024-08-09,1428.31,1432.68,1389.11,1393.56,62500
2024-08-12,1381.56,1383.03,1352.63,1363.54,43800
2024-08-13,1362.35,1368.79,1354.36,1357.28,58800
2024-08-14,1355.24,1358.86,1339.48,1358.60,56300
2024-08-15,1362.22,1372.06,1359.80,1366.67,43000
2024-08-16,1368.61,1378.24,1335.46,1337.11,54900
2024-08-19,1328.24,1345.28,1324.83,1331.06,54500
2024-08-20,1335.04,1350.42,1334.19,1347.86,54300
2024-08-21,1343.20,1377.58,1335.08,1375.02,60400
2024-08-22,1378.12,1387.48,1365.66,1371.13,71400
2024-08-23,1366.18,1381.39,1362.51,1379.50,58900
2024-08-26,1384.35,1389.43,1382.73,1382.98,55200
2024-08-27,1379.88,1420.53,1374.88,1416.59,45100
2024-08-28,1431.21,1436.95,1410.44,1411.14,77500
2024-08-29,1408.23,1425.29,1403.09,1423.17,60700
2024-08-30,1419.10,1419.75,1410.16,1415.63,65900
2024-09-03,1424.57,1429.06,1412.45,1412.63,65900
2024-09-04,1414.32,1429.46,1396.38,1396.61,47700
2024-09-05,1388.44,1396.12,1363.57,1377.35,70600
2024-09-06,1386.24,1393.46,1355.66,1356.05,51600
2024-09-09,1357.10,1377.13,1355.32,1370.53,69700
2024-09-10,1370.21,1375.04,1356.41,1359.20,65800
2024-09-11,1358.61,1368.29,1356.07,1366.83,66400
2024-09-12,1362.77,1393.38,1359.86,1386.45,57800
2024-09-13,1399.61,1407.18,1386.44,1393.03,48000
2024-09-16,1395.95,1411.64,1395.06,1401.75,66800
2024-09-17,1400.29,1420.28,1394.93,1416.39,63300
2024-09-18,1417.70,1453.46,1415.56,1444.95,60900
2024-09-19,1445.78,1456.80,1408.52,1420.76,77600
2024-09-20,1422.95,1435.73,1413.21,1422.69,57200
2024-09-23,1424.40,1451.05,1416.02,1436.86,64200
2024-09-24,1453.05,1465.40,1407.45,1413.58,57400
2024-09-25,1419.97,1429.65,1402.27,1407.49,56100
2024-09-26,1403.21,1410.83,1384.44,1386.42,82200
2024-09-27,1379.46,1380.87,1342.18,1349.82,43900
2024-09-30,1354.89,1415.26,1342.87,1398.28,73700
2024-10-01,1400.48,1421.85,1394.33,1413.81,42000
2024-10-02,1420.03,1420.24,1407.25,1414.27,77600
2024-10-03,1414.02,1416.30,1378.49,1386.00,68900
2024-10-04,1382.28,1388.07,1360.52,1371.51,53500
2024-10-07,1364.97,1401.41,1351.23,1399.56,61900
2024-10-08,1397.25,1399.21,1378.65,1387.02,43800
2024-10-09,1386.58,1403.23,1385.30,1398.71,63900
2024-10-10,1394.97,1409.02,1393.61,1408.88,78500
2024-10-11,1401.25,1423.65,1392.36,1422.43,63500
2024-10-15,1423.30,1450.47,1422.05,1439.60,73700
2024-10-16,1444.02,1455.74,1438.65,1440.88,40000
2024-10-17,1436.19,1464.58,1431.32,1462.41,58900
2024-10-18,1454.02,1480.31,1444.68,1463.09,65700
2024-10-21,1471.76,1471.89,1464.39,1469.46,68800
2024-10-22,1460.39,1480.57,1425.86,1439.76,45300
2024-10-23,1445.23,1460.64,1443.82,1453.94,63000
2024-10-24,1451.66,1462.67,1440.79,1448.24,63500
2024-10-25,1444.32,1476.82,1443.08,1465.84,42900
2024-10-28,1462.40,1478.50,1460.19,1464.75,63700
2024-10-29,1471.62,1473.82,1446.97,1448.03,44700
2024-10-30,1445.82,1446.73,1429.27,1430.71,66200
2024-10-31,1421.50,1436.05,1420.31,1429.57,70700
2024-11-01,1436.78,1437.65,1389.91,1407.13,55300
2024-11-04,1411.84,1431.55,1408.67,1428.60,64900
2024-11-05,1416.69,1458.39,1407.90,1448.49,76400
2024-11-06,1443.87,1452.17,1439.97,1449.15,50200
2024-11-07,1450.71,1450.97,1420.41,1432.08,58000
2024-11-08,1431.73,1464.26,1431.41,1457.39,69400
2024-11-12,1457.88,1468.59,1427.82,1434.99,66200
2024-11-13,1436.21,1458.86,1435.17,1450.08,62600
2024-11-14,1443.63,1463.97,1443.62,1455.37,59400
2024-11-15,1456.96,1458.85,1455.95,1456.39,56100
2024-11-18,1452.92,1500.71,1448.57,1496.26,68700
2024-11-19,1497.07,1534.91,1486.46,1532.82,52200
2024-11-20,1535.67,1543.78,1506.55,1507.04,42900
2024-11-21,1501.41,1504.30,1486.90,1493.21,82900
2024-11-22,1493.53,1509.66,1475.48,1508.74,43800
2024-11-25,1509.19,1530.73,1500.45,1524.71,85800
2024-11-26,1523.48,1539.78,1506.64,1536.53,71200
2024-11-27,1534.29,1543.96,1524.16,1535.25,41400
2024-11-29,1531.20,1561.89,1524.97,1561.38,55700
2024-12-02,1553.31,1591.17,1531.00,1591.03,41700
2024-12-03,1583.01,1611.49,1579.95,1610.74,46000
2024-12-04,1629.50,1643.35,1611.21,1638.14,79400
2024-12-05,1642.05,1652.56,1621.02,1627.29,68900
2024-12-06,1626.70,1633.00,1617.03,1630.09,35900
2024-12-09,1627.61,1632.16,1623.81,1626.11,69400
2024-12-10,1631.84,1657.25,1629.97,1644.42,66400
2024-12-11,1638.93,1685.13,1621.64,1662.70,58300
2024-12-12,1654.61,1699.50,1643.01,1696.46,68500
2024-12-13,1695.19,1709.51,1640.40,1647.61,67500
2024-12-16,1658.43,1664.49,1625.41,1629.35,53200
2024-12-17,1634.82,1649.41,1577.89,1587.46,63700
2024-12-18,1583.09,1583.67,1553.66,1573.05,58700
2024-12-19,1578.68,1581.11,1529.76,1531.98,56800
2024-12-20,1529.16,1542.84,1481.17,1486.64,57100
2024-12-23,1492.74,1494.71,1470.32,1474.58,73900
2024-12-24,1479.91,1516.33,1477.63,1503.81,66200
2024-12-26,1499.90,1509.50,1475.54,1481.23,52100
2024-12-27,1474.59,1476.40,1465.31,1474.80,65600
2024-12-30,1469.51,1487.20,1462.59,1478.48,59000
2024-12-31,1474.21,1484.39,1470.83,1481.50,44900
2025-01-02,1480.63,1493.57,1473.45,1484.79,33400
2025-01-03,1488.38,1500.60,1481.30,1497.53,59300
2025-01-06,1502.47,1507.30,1486.65,1491.51,60700
2025-01-07,1496.16,1505.49,1453.28,1467.55,64500
2025-01-08,1464.08,1485.12,1452.22,1482.03,68300
2025-01-09,1479.05,1512.88,1468.77,1501.05,35800
2025-01-10,1505.16,1507.36,1481.87,1485.89,51900
2025-01-13,1490.91,1503.63,1485.02,1488.61,68600
2025-01-14,1483.84,1517.90,1477.44,1512.81,70900
2025-01-15,1511.32,1528.22,1505.25,1518.57,66600
2025-01-16,1524.51,1526.70,1494.31,1514.21,55300
2025-01-17,1518.88,1528.74,1504.39,1516.98,73600
2025-01-21,1511.37,1518.99,1492.04,1493.31,51500
2025-01-22,1501.84,1508.46,1499.98,1503.69,50000
2025-01-23,1496.69,1529.66,1489.30,1522.13,53700
2025-01-24,1521.46,1534.90,1517.98,1531.84,51000
2025-01-27,1530.45,1531.09,1524.99,1530.49,62200
2025-01-28,1521.86,1532.08,1504.85,1510.89,64800
2025-01-29,1504.92,1510.37,1499.80,1500.46,54100
2025-01-30,1492.68,1527.39,1484.17,1519.17,54900
2025-01-31,1512.85,1514.47,1498.00,1509.25,64800
2025-02-03,1508.23,1545.15,1506.67,1534.11,72300
2025-02-04,1525.32,1534.29,1504.78,1505.47,56800
2025-02-05,1496.07,1532.89,1492.66,1531.89,76000
2025-02-06,1521.12,1553.74,1517.92,1550.95,64600
2025-02-07,1553.93,1560.63,1526.90,1540.57,61400
2025-02-10,1534.97,1551.34,1533.34,1544.90,63700
2025-02-11,1547.68,1549.14,1542.72,1543.53,66000
2025-02-12,1536.77,1561.75,1532.51,1550.57,75800
2025-02-13,1544.52,1557.92,1537.64,1555.88,69400
2025-02-14,1564.07,1564.74,1550.03,1558.19,68200
2025-02-18,1561.37,1563.88,1534.93,1538.78,49000
2025-02-19,1546.93,1559.13,1488.71,1496.01,81400
2025-02-20,1498.77,1499.54,1479.44,1490.22,67900
2025-02-21,1481.47,1503.99,1478.47,1496.98,58100
2025-02-24,1495.55,1496.28,1459.71,1480.21,71000
2025-02-25,1488.49,1499.23,1479.37,1482.83,63300
2025-02-26,1494.13,1499.53,1472.71,1474.11,53500
2025-02-27,1468.21,1470.23,1462.22,1468.05,53400
2025-02-28,1463.19,1470.75,1443.15,1450.16,60700
2025-03-03,1445.15,1450.31,1423.16,1439.84,54700
2025-03-04,1446.51,1453.94,1399.39,1406.61,55700
2025-03-05,1410.21,1410.48,1392.24,1393.41,58800
2025-03-06,1383.92,1434.29,1379.04,1423.16,53200
2025-03-07,1430.59,1454.72,1422.82,1447.37,44300
2025-03-10,1446.56,1458.70,1441.38,1448.10,61600
2025-03-11,1455.55,1459.52,1449.38,1450.34,72700
2025-03-12,1460.35,1464.47,1413.17,1423.21,76800
2025-03-13,1437.50,1452.16,1432.99,1450.78,79500
2025-03-14,1450.08,1456.32,1447.52,1451.84,52800
2025-03-17,1453.23,1484.03,1452.08,1481.30,48100
2025-03-18,1469.03,1471.58,1452.59,1453.72,68100
2025-03-19,1457.58,1466.97,1447.46,1454.70,59400
2025-03-20,1449.44,1453.94,1430.55,1431.80,51300
2025-03-21,1424.69,1456.90,1418.56,1450.69,56000
2025-03-24,1446.22,1464.71,1444.73,1457.29,49800
2025-03-25,1457.64,1465.89,1438.16,1445.48,41800
2025-03-26,1452.91,1462.88,1452.66,1454.57,59100
2025-03-27,1448.76,1469.22,1448.09,1461.46,63100
2025-03-28,1461.21,1492.26,1449.42,1489.77,73300
2025-03-31,1491.74,1493.97,1452.09,1460.85,61600
2025-04-01,1455.42,1486.43,1451.76,1480.21,52800
2025-04-02,1483.27,1488.66,1435.20,1440.08,67700
2025-04-03,1436.13,1454.30,1432.75,1438.44,63200
2025-04-04,1435.61,1455.16,1435.21,1442.43,86200
2025-04-07,1435.08,1450.65,1417.17,1420.42,58900
2025-04-08,1419.58,1428.03,1387.75,1389.85,58700
2025-04-09,1392.34,1395.55,1380.25,1394.71,66300
2025-04-10,1396.29,1405.00,1370.77,1372.78,34500
2025-04-11,1370.74,1382.40,1364.44,1381.08,52400
2025-04-14,1377.59,1389.16,1375.44,1387.82,59400
2025-04-15,1392.10,1396.60,1367.92,1370.28,49500
2025-04-16,1376.08,1386.31,1347.33,1355.37,45400
2025-04-17,1354.84,1376.50,1352.21,1366.47,49800
2025-04-18,1364.53,1393.96,1361.74,1386.45,47600
2025-04-21,1378.54,1416.46,1378.06,1411.14,47800
2025-04-22,1414.81,1429.00,1409.16,1411.78,56300
2025-04-23,1417.38,1424.99,1397.54,1397.66,65100
2025-04-24,1397.71,1403.98,1386.97,1393.75,39200
2025-04-25,1389.18,1389.42,1346.63,1358.10,59500
2025-04-28,1363.55,1378.78,1349.88,1370.46,39500
2025-04-29,1361.85,1370.23,1339.19,1343.96,44400
2025-04-30,1343.17,1344.35,1332.55,1337.68,41000
2025-05-01,1340.42,1341.45,1311.89,1320.37,76100
2025-05-02,1315.16,1333.49,1310.16,1331.23,50800
2025-05-05,1337.88,1340.05,1333.72,1335.76,64700
2025-05-06,1340.74,1355.39,1338.60,1350.00,56000
2025-05-07,1351.70,1353.06,1340.05,1351.74,59200
2025-05-08,1355.57,1368.73,1348.36,1360.38,46300
2025-05-09,1371.44,1383.17,1348.10,1353.90,54200
2025-05-12,1349.19,1352.85,1323.03,1327.24,66700
2025-05-13,1317.87,1347.57,1311.52,1346.15,63200
2025-05-14,1346.81,1365.12,1338.14,1364.39,48400
2025-05-15,1358.47,1388.42,1358.35,1381.73,68600
2025-05-16,1385.03,1404.59,1381.62,1391.37,77300
2025-05-19,1395.03,1396.53,1376.26,1378.56,57500
2025-05-20,1382.19,1388.35,1377.22,1380.37,70500
2025-05-21,1380.76,1392.40,1373.85,1391.81,40400
2025-05-22,1401.85,1409.83,1396.40,1408.45,61200
2025-05-23,1407.68,1422.78,1391.68,1394.38,40000
2025-05-27,1393.63,1401.00,1374.59,1381.00,61200
2025-05-28,1376.52,1381.25,1360.69,1373.71,44700
2025-05-29,1370.93,1391.13,1366.63,1381.39,64900
2025-05-30,1377.94,1381.16,1353.95,1361.23,50100
2025-06-02,1360.01,1379.25,1352.09,1375.06,78300
2025-06-03,1373.69,1378.03,1364.87,1370.84,53200
2025-06-04,1372.39,1393.33,1363.79,1380.85,59700
2025-06-05,1379.18,1403.46,1374.38,1395.40,60400
2025-06-06,1393.66,1419.44,1388.87,1415.49,65500
2025-06-09,1417.70,1420.83,1371.99,1386.90,54900
2025-06-10,1389.18,1391.33,1371.20,1375.77,60600
2025-06-11,1370.53,1391.24,1367.17,1382.33,59700
2025-06-12,1386.11,1390.98,1345.99,1352.54,68800
2025-06-13,1345.96,1365.08,1339.38,1354.90,57400
2025-06-16,1353.56,1358.55,1341.75,1355.91,50600
2025-06-17,1355.41,1363.12,1301.50,1308.49,68300
2025-06-18,1299.08,1303.94,1285.36,1285.49,41800
2025-06-20,1283.97,1301.29,1283.30,1291.97,36800
2025-06-23,1290.38,1302.51,1290.15,1299.82,65800
2025-06-24,1296.04,1323.99,1289.10,1315.47,56200
2025-06-25,1310.40,1317.01,1283.48,1292.90,52200
2025-06-26,1298.41,1322.95,1295.24,1314.94,55400
2025-06-27,1308.42,1309.16,1295.36,1307.52,60700
2025-06-30,1312.94,1322.22,1306.41,1310.75,42400
2025-07-01,1309.30,1327.81,1303.80,1326.57,68900
2025-07-02,1327.71,1361.71,1316.66,1357.47,68100
2025-07-03,1350.85,1367.23,1334.46,1361.12,44600
2025-07-07,1369.77,1371.71,1339.33,1353.22,89400
2025-07-08,1356.06,1386.47,1343.65,1378.89,39500
2025-07-09,1376.96,1377.25,1341.35,1347.88,52400
2025-07-10,1349.28,1359.47,1317.27,1320.79,55300
2025-07-11,1320.93,1326.87,1313.36,1321.81,63100
2025-07-14,1327.14,1334.25,1315.41,1320.83,64700
2025-07-15,1319.60,1346.58,1316.83,1334.77,51100
2025-07-16,1333.22,1336.01,1314.07,1322.73,58700
2025-07-17,1312.76,1322.59,1300.52,1318.25,52900
2025-07-18,1325.26,1334.05,1297.04,1297.53,57200
2025-07-21,1293.42,1300.60,1289.90,1293.76,69200
2025-07-22,1297.97,1304.94,1277.95,1278.43,86800
2025-07-23,1279.17,1283.79,1268.46,1268.54,50500
2025-07-24,1282.15,1288.42,1278.27,1287.73,48100
2025-07-25,1280.76,1308.04,1277.12,1293.97,60500
2025-07-28,1296.20,1299.36,1292.79,1295.87,52600
2025-07-29,1285.97,1294.33,1263.25,1273.85,71200
2025-07-30,1276.26,1290.64,1268.52,1279.49,66200
2025-07-31,1273.52,1282.87,1268.10,1279.47,62200
2025-08-01,1282.45,1296.61,1272.96,1276.63,64500
2025-08-04,1273.06,1283.54,1267.22,1281.79,57200
2025-08-05,1275.34,1305.55,1274.67,1293.61,49000
2025-08-06,1292.62,1294.00,1280.09,1288.60,45800
2025-08-07,1294.90,1294.99,1278.91,1281.61,53400
2025-08-08,1278.12,1292.76,1271.28,1288.04,51300
2025-08-11,1288.64,1290.80,1276.71,1277.27,54300
2025-08-12,1277.71,1281.35,1266.00,1267.47,59300
2025-08-13,1265.44,1272.94,1251.81,1259.47,60100
2025-08-14,1260.43,1270.18,1235.04,1238.33,53100
2025-08-15,1241.96,1243.81,1229.54,1230.23,56400
2025-08-18,1239.57,1240.70,1238.94,1239.40,68600
2025-08-19,1242.52,1261.25,1227.35,1230.79,67700
2025-08-20,1236.76,1243.76,1235.62,1238.48,37400
2025-08-21,1236.44,1252.86,1233.56,1249.65,91400
2025-08-22,1248.21,1270.37,1246.50,1268.33,60400
2025-08-25,1273.34,1280.55,1263.84,1265.53,76200
2025-08-26,1264.46,1270.62,1260.85,1270.39,62000
2025-08-27,1269.78,1272.20,1238.43,1247.59,66900
2025-08-28,1244.17,1263.00,1232.94,1236.57,55700
2025-08-29,1235.74,1261.17,1225.29,1259.41,72400
2025-09-02,1260.12,1277.60,1243.16,1275.34,82000
2025-09-03,1270.52,1279.18,1269.97,1273.80,48900
2025-09-04,1274.49,1276.30,1262.15,1272.14,65500
2025-09-05,1273.88,1278.85,1252.57,1258.18,55800
2025-09-08,1256.27,1270.49,1246.22,1266.69,55200
2025-09-09,1259.60,1269.37,1257.72,1269.21,41200
2025-09-10,1258.34,1307.68,1257.37,1292.50,66200
2025-09-11,1285.18,1314.56,1284.74,1300.94,66400
2025-09-12,1300.54,1323.07,1293.07,1310.41,57100
2025-09-15,1313.70,1318.31,1296.36,1305.51,51800
2025-09-16,1301.27,1309.53,1289.40,1304.77,62800
2025-09-17,1302.63,1310.94,1285.41,1303.46,64400
2025-09-18,1300.04,1314.73,1283.43,1284.89,30900
2025-09-19,1284.91,1287.62,1245.17,1259.54,54800
2025-09-22,1262.69,1285.47,1262.08,1280.85,58900
2025-09-23,1275.28,1293.72,1269.97,1290.59,41200
2025-09-24,1293.34,1305.69,1286.15,1295.60,95700
2025-09-25,1299.70,1305.10,1288.38,1297.57,74800
2025-09-26,1295.43,1303.94,1291.76,1299.49,71200
2025-09-29,1304.22,1316.74,1294.63,1295.08,59500
2025-09-30,1295.24,1306.14,1293.85,1303.09,56600
2025-10-01,1305.86,1313.59,1304.66,1306.25,50200
2025-10-02,1305.39,1332.30,1305.17,1320.36,80300
2025-10-03,1319.82,1320.80,1313.82,1320.78,65600
2025-10-06,1321.81,1330.03,1318.71,1325.87,48700
2025-10-07,1320.82,1341.80,1311.34,1341.02,61200
2025-10-08,1337.10,1363.75,1331.28,1361.87,68500
2025-10-09,1361.65,1368.62,1353.38,1360.11,55300
2025-10-10,1364.26,1394.15,1360.53,1389.00,67900
2025-10-14,1389.48,1389.84,1376.05,1378.61,65300
2025-10-15,1381.93,1396.82,1377.81,1386.87,44600
2025-10-16,1385.71,1392.11,1382.25,1388.90,52900
2025-10-17,1390.19,1397.65,1386.34,1388.32,74400
2025-10-20,1379.99,1430.31,1378.72,1418.69,69500
2025-10-21,1422.59,1423.38,1398.23,1408.21,77100
2025-10-22,1405.38,1405.73,1393.07,1401.53,70000
2025-10-23,1403.99,1414.33,1349.82,1359.19,42600
2025-10-24,1362.20,1392.05,1358.78,1383.27,51300
2025-10-27,1377.62,1381.06,1359.68,1365.02,78700
2025-10-28,1357.14,1392.12,1345.87,1385.42,59200
2025-10-29,1389.10,1390.31,1376.57,1380.14,65100
2025-10-30,1383.19,1405.29,1375.14,1393.26,62700
2025-10-31,1386.91,1403.01,1374.26,1398.44,56400
2025-11-03,1389.28,1416.77,1387.18,1415.85,59100
2025-11-04,1425.45,1433.34,1392.19,1402.86,52000
2025-11-05,1401.60,1424.26,1394.79,1418.62,43000
2025-11-06,1418.95,1429.73,1383.95,1388.92,71500
2025-11-07,1392.76,1400.04,1367.59,1369.49,50900
2025-11-10,1372.06,1379.65,1331.25,1335.08,58800
2025-11-12,1336.07,1367.24,1334.49,1352.89,72900
2025-11-13,1354.03,1397.51,1352.95,1395.97,70500
2025-11-14,1395.85,1402.18,1388.33,1398.20,75200
2025-11-17,1397.63,1401.74,1372.71,1375.91,55200
2025-11-18,1368.86,1371.53,1340.62,1365.57,61600
2025-11-19,1369.34,1370.56,1346.25,1356.92,63600
2025-11-20,1355.72,1362.49,1335.88,1347.70,84400
2025-11-21,1344.03,1357.53,1343.23,1354.01,49000
2025-11-24,1355.07,1374.95,1354.93,1374.80,79000
2025-11-25,1374.19,1380.57,1319.50,1328.78,60300
2025-11-26,1331.68,1335.72,1299.79,1308.18,54000
2025-11-28,1317.49,1320.73,1278.89,1292.49,50900
2025-12-01,1292.44,1312.59,1290.45,1301.35,65500
2025-12-02,1302.77,1307.12,1284.06,1284.83,79000
2025-12-03,1277.13,1290.17,1274.51,1289.52,46600
2025-12-04,1295.95,1303.91,1291.06,1291.20,73300
2025-12-05,1293.75,1298.50,1293.04,1295.99,72400
2025-12-08,1296.25,1297.95,1283.62,1292.59,67500
2025-12-09,1300.26,1303.00,1265.55,1274.55,48800
2025-12-10,1272.75,1285.96,1249.54,1250.24,63000
2025-12-11,1241.42,1255.81,1236.31,1252.35,70600
2025-12-12,1248.96,1279.08,1244.27,1273.08,63100
2025-12-15,1268.16,1280.42,1264.39,1278.32,77600
2025-12-16,1276.92,1278.54,1272.06,1278.45,48300
2025-12-17,1280.62,1287.19,1274.99,1283.40,49900
2025-12-18,1278.81,1283.81,1260.20,1263.82,71000
2025-12-19,1256.32,1266.34,1230.84,1231.38,35200
2025-12-22,1238.60,1252.21,1238.51,1245.71,48500
2025-12-23,1241.88,1243.53,1214.16,1227.80,61600
2025-12-24,1220.82,1226.32,1211.55,1216.75,54700
2025-12-26,1217.01,1223.54,1202.45,1202.66,69100
2025-12-29,1207.57,1239.61,1205.75,1225.39,54800
2025-12-30,1226.80,1244.94,1225.09,1232.81,66500
2025-12-31,1232.06,1252.72,1227.89,1251.78,56000
