Date,Open,High,Low,Close,Volume
2011-01-03,500.00,504.55,496.11,500.00,4136700
2011-01-04,503.58,505.02,498.08,503.71,7072000
2011-01-05,502.26,510.13,501.16,505.22,5455100
2011-01-06,506.72,510.45,500.93,504.93,5700200
2011-01-07,503.99,505.25,488.50,490.01,4720300
2011-01-10,489.79,494.09,484.94,492.91,6737800
2011-01-11,491.62,492.32,477.05,479.60,6435700
2011-01-12,479.72,490.17,475.92,485.49,4621000
2011-01-13,486.48,490.70,483.54,489.49,5555900
2011-01-14,485.64,498.10,484.29,494.94,8115900
2011-01-17,498.52,502.77,496.12,500.42,6412400
2011-01-18,503.19,504.34,498.94,502.47,5829600
2011-01-19,506.41,507.58,493.98,499.09,5749100
2011-01-20,500.47,503.64,496.65,497.21,6778000
2011-01-21,499.18,511.29,496.13,507.17,6119600
2011-01-24,506.51,507.40,503.13,503.43,5725600
2011-01-25,504.66,509.35,501.55,502.04,5694000
2011-01-26,500.88,501.23,491.61,497.43,5465700
2011-01-27,500.71,502.16,493.32,494.22,6420400
2011-01-28,494.16,494.45,489.80,492.38,7460800
2011-01-31,494.49,494.67,493.66,494.17,5744400
2011-02-01,494.64,494.66,490.34,492.42,5442700
2011-02-02,494.92,495.44,488.80,490.29,5960100
2011-02-03,491.56,492.81,486.14,486.52,4763500
2011-02-04,484.14,490.31,483.86,487.25,4285600
2011-02-07,483.58,484.18,477.66,478.97,6123900
2011-02-08,478.17,481.16,476.33,479.49,7676200
2011-02-09,479.20,488.83,478.46,487.92,5805400
2011-02-10,485.45,488.82,481.37,483.24,6558700
2011-02-11,484.95,487.22,482.94,483.13,5553500
2011-02-14,485.10,504.16,482.70,501.34,7213000
2011-02-15,502.80,505.62,493.28,495.02,5825300
2011-02-16,496.38,498.13,482.76,484.83,5877900
2011-02-17,485.56,488.01,480.35,482.32,4548700
2011-02-18,480.97,494.56,480.81,493.98,5862200
2011-02-21,495.09,508.55,493.27,507.37,7187700
2011-02-22,503.82,509.04,496.72,499.50,6944300
2011-02-23,499.90,504.11,497.38,503.34,6233600
2011-02-24,505.09,505.54,500.30,503.48,6990500
2011-02-25,499.89,501.23,499.11,499.75,6451300
2011-02-28,503.71,507.35,485.96,487.39,6521200
2011-03-01,485.54,497.70,479.79,494.09,7351800
2011-03-02,496.27,501.73,487.83,488.74,4336200
2011-03-03,488.16,492.41,486.19,490.81,8486900
2011-03-04,491.01,493.19,488.79,491.49,6832500
2011-03-07,490.13,506.91,489.38,503.75,6382000
2011-03-08,503.79,516.06,502.77,511.62,5356500
2011-03-09,511.52,512.54,503.89,504.08,6387300
2011-03-10,502.89,508.69,501.22,502.47,4849700
2011-03-11,504.65,513.90,502.38,509.41,5027400
2011-03-14,510.72,511.29,499.94,500.75,4259400
2011-03-15,501.41,506.35,493.91,498.33,5565300
2011-03-16,496.15,505.37,495.55,499.94,6082600
2011-03-17,501.14,506.93,487.03,489.68,4611000
2011-03-18,492.29,494.99,480.74,482.04,4367500
2011-03-21,484.16,487.02,464.78,471.67,6595500
2011-03-22,473.87,475.02,473.22,473.67,4673500
2011-03-23,474.68,474.71,468.87,470.45,5102700
2011-03-24,471.67,480.24,471.22,476.41,5840300
2011-03-25,474.70,480.20,472.78,477.33,6370900
2011-03-28,478.70,481.39,477.50,481.11,6375700
2011-03-29,480.56,482.42,475.86,480.79,6079700
2011-03-30,478.89,487.14,476.98,485.72,5106300
2011-03-31,486.42,490.73,480.86,485.26,4954100
2011-04-01,485.91,487.57,478.88,479.29,6818600
2011-04-04,480.37,487.65,478.78,486.93,6939800
2011-04-05,485.27,494.96,484.84,493.36,5885400
2011-04-06,493.91,508.86,489.29,508.28,5463300
2011-04-07,511.00,511.93,504.73,507.45,5985600
2011-04-08,508.83,510.06,501.38,503.75,5940600
2011-04-11,504.52,505.16,494.48,494.48,7001500
2011-04-12,495.33,496.82,470.36,470.44,5955000
2011-04-13,469.74,473.43,462.31,462.75,7422100
2011-04-14,463.96,470.48,463.27,465.96,6758900
2011-04-15,462.43,463.95,458.58,460.89,5610200
2011-04-18,458.98,465.29,442.86,445.87,6234600
2011-04-19,443.34,454.95,443.22,449.75,6677800
2011-04-20,445.66,446.78,445.61,446.62,6673400
2011-04-21,447.70,448.61,442.97,444.86,7235800
2011-04-22,444.16,444.18,441.50,442.70,6475400
2011-04-25,442.66,444.08,439.98,442.27,5794900
2011-04-26,442.24,450.05,440.25,445.36,7722900
2011-04-27,444.26,447.81,432.21,435.75,4611200
2011-04-28,436.84,438.60,434.31,434.84,6902700
2011-04-29,433.57,436.56,431.88,432.34,8929400
2011-05-02,432.82,441.05,430.04,439.16,7763700
2011-05-03,438.64,439.17,431.72,433.64,5303600
2011-05-04,431.90,444.08,429.81,443.36,2527900
2011-05-05,444.02,451.06,442.00,447.22,4563500
2011-05-06,450.13,458.21,449.63,457.11,7115000
2011-05-09,459.08,459.13,451.15,453.24,6296900
2011-05-10,456.02,460.05,455.13,458.34,6835800
2011-05-11,457.11,464.07,454.71,460.80,6327200
2011-05-12,463.79,464.80,451.07,452.20,5389600
2011-05-13,448.91,453.04,445.48,450.99,6684200
2011-05-16,451.50,452.44,448.45,448.67,6143800
2011-05-17,449.47,451.47,438.90,443.40,6105800
2011-05-18,444.56,448.51,437.72,439.34,6767500
2011-05-19,440.29,445.98,430.73,431.55,4709000
2011-05-20,431.21,434.00,426.75,429.32,5432700
2011-05-23,428.51,432.15,426.72,431.59,3792800
2011-05-24,432.22,433.54,427.52,427.63,6163700
2011-05-25,427.12,428.12,416.00,419.42,4966700
2011-05-26,416.62,428.21,412.65,425.59,6420000
2011-05-27,429.35,430.72,421.81,423.95,5824100
2011-05-30,423.34,428.45,421.61,424.52,6282500
2011-05-31,426.62,427.42,422.64,423.64,5638100
2011-06-01,423.73,425.43,417.59,421.09,6723200
2011-06-02,420.27,428.10,416.96,424.82,5457300
2011-06-03,424.68,425.10,422.24,422.32,5620600
2011-06-06,421.88,426.09,421.69,422.90,7587400
2011-06-07,421.95,425.28,414.05,415.44,5503900
2011-06-08,414.93,416.38,406.55,407.12,7707000
2011-06-09,405.91,409.61,401.49,405.53,5475200
2011-06-10,406.03,419.02,403.90,416.21,6371000
2011-06-13,416.47,419.98,415.90,417.64,6191100
2011-06-14,418.03,431.69,415.14,428.72,7670600
2011-06-15,426.20,434.04,423.92,431.65,4773000
2011-06-16,432.24,435.56,430.73,434.61,6538000
2011-06-17,437.50,437.62,429.86,431.71,5523700
2011-06-20,429.76,432.07,428.46,431.98,5657300
2011-06-21,432.21,445.19,430.67,442.57,5044700
2011-06-22,444.89,450.95,444.22,449.81,6592100
2011-06-23,449.71,454.79,443.24,446.50,6301700
2011-06-24,448.71,450.41,443.01,444.14,7741500
2011-06-27,443.52,458.20,440.86,452.29,4299200
2011-06-28,448.16,450.96,447.41,449.61,5964300
2011-06-29,453.51,455.81,450.83,455.37,7850900
2011-06-30,456.98,458.38,448.77,450.34,5945700
2011-07-01,447.78,457.66,446.11,454.37,6459300
2011-07-04,454.24,467.74,454.14,463.82,5969000
2011-07-05,463.82,470.63,463.65,469.18,6844500
2011-07-06,467.14,474.80,466.82,470.95,7738200
2011-07-07,466.63,473.53,459.58,472.09,5591300
2011-07-08,472.59,474.79,466.79,471.85,3911000
2011-07-11,472.44,475.92,471.47,471.98,5871600
2011-07-12,469.28,480.17,462.70,479.55,3841200
2011-07-13,476.04,492.72,470.78,487.05,7115000
2011-07-14,489.25,494.02,488.73,489.87,4331500
2011-07-15,490.36,499.14,481.72,482.12,6416700
2011-07-18,481.31,485.27,479.03,479.11,5375100
2011-07-19,480.75,485.35,480.55,481.22,6014400
2011-07-20,481.21,484.23,480.96,481.79,5353500
2011-07-21,479.28,480.59,472.19,473.63,6768100
2011-07-22,473.69,479.54,471.61,478.02,5168800
2011-07-25,482.47,499.38,477.20,494.71,5201700
2011-07-26,493.20,494.31,483.62,487.08,6606600
2011-07-27,488.71,489.99,485.77,487.71,4652800
2011-07-28,487.40,498.40,484.89,498.33,6240500
2011-07-29,499.31,504.10,494.82,495.82,3302000
2011-08-01,496.61,499.13,489.39,493.40,7244500
2011-08-02,495.16,496.87,490.62,494.69,5816000
2011-08-03,497.03,501.55,492.87,498.56,6244600
2011-08-04,498.22,499.59,495.07,496.09,5074400
2011-08-05,499.16,505.69,497.96,502.65,6981900
2011-08-08,503.47,504.42,489.46,490.53,8564800
2011-08-09,488.22,495.48,485.54,494.95,5594000
2011-08-10,500.79,501.87,496.87,497.54,6737000
2011-08-11,498.22,503.24,493.27,496.71,5411000
2011-08-12,495.29,502.78,492.29,499.42,4553200
2011-08-15,500.91,505.26,497.80,499.92,5283200
2011-08-16,501.07,513.05,494.71,508.83,6747600
2011-08-17,512.37,517.41,505.68,505.95,5384600
2011-08-18,509.20,513.48,503.55,505.84,8079200
2011-08-19,507.26,508.28,490.12,496.97,6317400
2011-08-22,498.16,498.99,485.34,489.95,5755000
2011-08-23,491.81,493.18,486.59,488.65,6426000
2011-08-24,490.53,495.16,476.15,479.10,6463300
2011-08-25,480.85,481.08,471.73,474.11,7675900
2011-08-26,475.77,479.37,465.65,466.29,5795200
2011-08-29,465.17,466.15,462.01,463.62,5869900
2011-08-30,465.75,470.50,463.47,464.65,5853800
2011-08-31,466.98,471.08,465.31,470.71,3134200
2011-09-01,472.80,474.09,457.31,459.27,4509700
2011-09-02,458.24,462.12,454.22,458.41,6838400
2011-09-05,458.54,467.34,458.37,463.95,6442800
2011-09-06,459.29,474.37,454.96,472.68,7182400
2011-09-07,468.52,485.57,461.16,481.70,4984300
2011-09-08,482.00,482.76,470.99,473.06,8073900
2011-09-09,474.09,474.37,469.92,470.20,7052800
2011-09-12,470.16,474.58,466.66,473.97,7988100
2011-09-13,474.54,481.88,472.34,480.09,6597100
2011-09-14,481.58,482.16,478.61,482.12,6845900
2011-09-15,480.75,490.02,478.70,484.06,5237900
2011-09-16,485.51,489.63,484.39,485.84,6709500
2011-09-19,487.76,491.24,480.37,481.27,5273900
2011-09-20,480.13,486.44,477.16,482.55,5936700
2011-09-21,484.48,490.00,481.70,487.94,6938700
2011-09-22,487.05,491.27,482.11,486.04,7441600
2011-09-23,486.40,497.39,482.41,493.77,7866900
2011-09-26,493.96,494.96,474.64,476.08,6155700
2011-09-27,476.05,476.64,473.48,474.35,4252200
2011-09-28,470.22,487.44,467.63,485.26,8096100
2011-09-29,488.60,494.19,486.46,491.06,8636700
2011-09-30,488.51,502.95,484.12,500.61,6672100
2011-10-03,501.27,505.92,500.48,501.77,7561500
2011-10-04,501.51,501.98,491.98,494.32,3228100
2011-10-05,494.44,495.29,487.40,491.28,7068100
2011-10-06,489.60,501.43,483.04,501.35,5622500
2011-10-07,501.09,501.29,486.65,489.72,5638600
2011-10-10,490.02,492.68,481.20,483.94,3924400
2011-10-11,485.26,485.51,471.89,473.54,6841700
2011-10-12,475.77,475.89,465.90,470.57,4640800
2011-10-13,471.01,472.98,467.37,468.31,3724600
2011-10-14,467.43,476.74,465.07,472.18,6226600
2011-10-17,473.14,475.46,465.80,467.46,6112700
2011-10-18,468.26,478.80,465.69,478.32,6459800
2011-10-19,479.98,487.42,479.97,482.66,5373100
2011-10-20,481.32,481.43,478.87,479.99,5845900
2011-10-21,481.10,482.81,472.22,474.13,5248700
2011-10-24,470.41,474.37,463.68,465.29,4419900
2011-10-25,466.98,471.54,462.65,466.37,7423700
2011-10-26,466.29,482.43,464.02,478.90,7526500
2011-10-27,481.20,481.67,470.99,478.19,4134700
2011-10-28,478.74,481.81,469.25,472.15,7505300
2011-10-31,474.11,477.22,467.24,472.12,6645600
2011-11-01,474.79,479.69,467.26,469.29,7462600
2011-11-02,467.11,467.15,459.85,464.15,5745900
2011-11-03,461.69,463.34,447.55,453.20,6914900
2011-11-04,454.79,454.96,452.10,453.27,5005800
2011-11-07,454.13,464.10,453.04,462.51,6020600
2011-11-08,460.90,470.80,456.36,470.33,8071200
2011-11-09,469.19,480.72,461.92,476.74,7134000
2011-11-10,475.51,479.19,463.52,478.38,6150900
2011-11-11,479.49,482.06,478.78,481.66,6890400
2011-11-14,479.42,489.87,478.90,488.37,7272300
2011-11-15,485.62,491.83,479.22,488.33,4163400
2011-11-16,487.41,494.89,481.97,490.44,6495700
2011-11-17,488.70,492.23,487.97,488.21,6035100
2011-11-18,489.21,496.08,487.52,495.78,5867600
2011-11-21,496.55,499.40,488.77,490.14,7150000
2011-11-22,487.99,495.74,487.86,494.82,5476000
2011-11-23,496.02,501.12,494.11,500.67,6448700
2011-11-24,502.09,512.50,501.35,506.44,4753600
2011-11-25,505.90,515.45,504.70,511.42,5909600
2011-11-28,509.75,510.12,507.85,508.60,6680700
2011-11-29,505.71,508.85,504.61,505.15,6273800
2011-11-30,505.71,507.06,501.89,502.74,5335300
2011-12-01,505.36,506.02,497.77,500.59,5674400
2011-12-02,502.73,503.62,492.96,493.61,6707400
2011-12-05,494.37,496.74,485.58,491.09,6482900
2011-12-06,496.57,497.11,485.35,487.38,4148300
2011-12-07,485.03,487.36,479.15,481.75,5850400
2011-12-08,483.27,487.90,482.62,484.41,6796800
2011-12-09,483.10,485.82,479.34,480.04,6107100
2011-12-12,480.87,482.20,479.09,481.98,5878400
2011-12-13,480.74,495.09,477.91,491.70,5230000
2011-12-14,491.07,503.14,487.15,502.98,4812500
2011-12-15,504.40,506.10,502.90,503.43,6915100
2011-12-16,500.77,510.69,497.30,510.50,5552800
2011-12-19,509.32,512.85,507.53,512.48,6108100
2011-12-20,510.27,529.13,505.17,529.00,6584200
2011-12-21,529.52,542.10,528.49,540.71,8014900
2011-12-22,541.72,555.89,541.05,548.86,5954500
2011-12-23,550.27,559.82,546.85,547.93,7598500
2011-12-26,544.48,547.09,539.40,546.35,5425500
2011-12-27,543.13,551.31,536.15,550.46,5452300
2011-12-28,551.00,554.98,545.62,550.41,6007100
2011-12-29,550.76,554.94,548.01,548.84,5754500
2011-12-30,546.70,560.95,539.97,554.03,6955800
2012-01-02,554.37,555.19,543.61,545.26,3619400
2012-01-03,545.83,546.45,529.26,531.42,5359500
2012-01-04,530.42,530.79,523.50,524.67,5799500
2012-01-05,530.82,531.76,514.99,517.07,4607800
2012-01-06,515.30,524.85,512.75,516.80,5940000
2012-01-09,519.02,523.13,510.42,511.25,7175700
2012-01-10,511.33,515.74,509.90,510.25,5978000
2012-01-11,510.43,511.51,496.62,497.24,8444800
2012-01-12,495.40,508.51,495.22,507.24,4681300
2012-01-13,506.40,511.08,505.21,510.18,6566600
2012-01-16,509.61,513.03,499.34,504.75,6418000
2012-01-17,503.79,508.82,501.81,507.15,5489600
2012-01-18,508.19,517.43,506.35,515.68,5857100
2012-01-19,517.18,528.25,512.93,521.66,6149600
2012-01-20,521.92,526.93,517.64,521.31,5787600
2012-01-23,522.76,528.09,520.01,525.77,6692000
2012-01-24,525.26,533.27,525.00,532.14,5294700
2012-01-25,530.51,534.20,523.90,524.02,8476300
2012-01-26,522.51,524.54,514.33,514.50,7140200
2012-01-27,512.63,514.85,508.13,510.80,7798400
2012-01-30,509.80,519.34,508.79,517.71,5886500
2012-01-31,516.90,528.55,516.26,528.08,5305600
2012-02-01,528.81,532.82,525.72,529.24,8076000
2012-02-02,528.40,544.43,528.03,540.00,5276700
2012-02-03,542.32,549.37,541.94,547.29,4426000
2012-02-06,549.07,553.86,543.65,546.95,7348600
2012-02-07,546.67,549.45,541.56,541.82,7171200
2012-02-08,539.20,542.80,535.43,537.48,6174900
2012-02-09,537.52,539.46,535.51,538.26,7813200
2012-02-10,538.71,553.47,538.66,548.46,5746200
2012-02-13,549.96,555.55,546.98,554.69,8103900
2012-02-14,556.34,559.38,543.19,545.45,7936000
2012-02-15,546.57,551.41,536.39,536.94,6410100
2012-02-16,537.94,546.66,536.42,542.91,5136700
2012-02-17,544.56,548.73,544.02,544.50,8700800
2012-02-20,548.43,548.54,534.79,537.99,7179700
2012-02-21,538.26,544.43,536.02,543.01,4524700
2012-02-22,542.25,553.74,536.99,553.01,3076200
2012-02-23,557.10,563.25,556.21,558.99,4824900
2012-02-24,560.55,560.97,557.72,559.93,5687800
2012-02-27,558.11,572.59,552.59,569.97,5286200
2012-02-28,570.08,572.34,566.21,567.22,6768000
2012-02-29,566.15,568.03,555.90,562.97,5322300
2012-03-01,566.14,568.09,551.08,556.37,5358700
2012-03-02,554.50,573.09,552.94,570.50,6205800
2012-03-05,569.24,589.72,564.97,586.71,5816600
2012-03-06,584.35,587.51,580.68,586.47,4654700
2012-03-07,582.78,594.07,579.03,591.11,6214400
2012-03-08,593.08,600.04,592.69,594.69,5289600
2012-03-09,589.32,605.65,586.27,602.08,2871200
2012-03-12,603.48,613.55,596.49,611.58,6952500
2012-03-13,610.59,621.49,609.31,617.06,3731800
2012-03-14,619.89,620.66,615.17,616.30,5261800
2012-03-15,615.90,616.80,607.18,612.13,3823600
2012-03-16,615.44,618.87,599.75,604.03,5865900
2012-03-19,607.61,608.53,579.67,583.77,3661600
2012-03-20,587.61,587.93,582.41,583.15,5128700
2012-03-21,584.75,590.30,576.60,576.96,4294300
2012-03-22,578.49,578.89,573.12,577.33,5550100
2012-03-23,579.14,579.65,574.61,576.69,8118100
2012-03-26,571.99,577.30,567.48,569.14,5422500
2012-03-27,573.83,575.54,564.50,565.60,6749300
2012-03-28,565.47,569.40,564.14,568.86,6177700
2012-03-29,568.49,571.71,567.89,570.29,6617200
2012-03-30,571.10,573.87,559.30,563.92,4812000
2012-04-02,565.38,571.63,553.14,558.59,6074100
2012-04-03,558.76,563.65,555.79,562.98,5323600
2012-04-04,561.23,567.91,560.51,564.93,5988400
2012-04-05,563.87,571.12,561.89,567.39,5495900
2012-04-06,570.28,571.98,563.79,566.36,5281200
2012-04-09,566.75,577.81,562.48,572.05,5598000
2012-04-10,571.26,573.28,568.91,572.92,5808800
2012-04-11,571.07,594.15,569.70,592.30,4718900
2012-04-12,589.93,596.84,584.01,588.75,6942200
2012-04-13,587.61,592.68,580.96,583.47,4242000
2012-04-16,584.27,603.82,577.86,596.30,6231600
2012-04-17,596.27,599.84,595.56,595.81,5749700
2012-04-18,592.32,593.09,589.53,589.84,5586400
2012-04-19,587.60,595.78,586.81,593.28,6530700
2012-04-20,588.64,593.65,570.82,575.70,5888200
2012-04-23,575.53,583.24,568.59,579.20,3379600
2012-04-24,580.70,584.14,575.32,579.46,5816200
2012-04-25,580.35,588.54,576.38,581.61,7149700
2012-04-26,585.39,586.12,574.68,575.66,5577200
2012-04-27,574.60,587.53,572.73,585.74,5017200
2012-04-30,589.89,591.05,587.86,588.24,2541000
2012-05-01,585.53,591.91,583.28,588.17,6914500
2012-05-02,588.70,591.14,585.81,591.03,5812200
2012-05-03,590.04,591.49,581.54,584.70,6715700
2012-05-04,584.91,593.20,582.32,583.81,4629500
2012-05-07,585.23,589.68,572.42,572.59,5492200
2012-05-08,570.83,571.56,564.43,564.53,3673200
2012-05-09,560.05,571.11,559.48,566.85,5296300
2012-05-10,564.66,572.07,561.20,567.86,6804400
2012-05-11,566.51,574.29,564.03,573.51,5019700
2012-05-14,571.44,572.87,566.46,568.68,7138400
2012-05-15,572.39,575.75,563.72,567.98,7311800
2012-05-16,566.94,567.12,561.37,563.03,5941800
2012-05-17,561.20,567.73,555.56,565.04,4482000
2012-05-18,566.59,571.64,564.96,570.94,5671800
2012-05-21,571.56,580.27,569.87,579.02,5905600
2012-05-22,578.06,590.03,577.59,583.39,6696600
2012-05-23,582.08,585.11,572.29,577.42,6612200
2012-05-24,578.44,582.77,573.26,579.04,5800100
2012-05-25,579.71,581.07,568.89,571.31,4014400
2012-05-28,572.87,575.51,553.23,557.25,6428800
2012-05-29,558.31,561.22,556.13,558.61,4823900
2012-05-30,555.98,562.46,552.19,559.30,4766100
2012-05-31,561.05,566.62,558.58,564.81,5484800
2012-06-01,560.87,573.53,557.00,570.94,6715000
2012-06-04,567.19,571.49,560.63,561.87,6965400
2012-06-05,557.87,564.19,553.31,555.31,8465800
2012-06-06,554.15,556.96,553.60,555.33,5701700
2012-06-07,559.57,562.74,555.21,555.90,7456300
2012-06-08,555.61,561.12,554.00,558.90,3447200
2012-06-11,558.85,562.80,546.72,549.50,7794500
2012-06-12,548.71,552.29,541.02,547.76,7633700
2012-06-13,550.48,552.90,550.29,552.40,5563600
2012-06-14,548.07,568.55,546.84,566.21,5487000
2012-06-15,566.88,568.70,556.63,557.02,6437500
2012-06-18,558.37,569.88,557.45,568.88,6932200
2012-06-19,572.28,575.11,560.54,566.71,5435800
2012-06-20,566.70,568.20,554.03,556.13,5694600
2012-06-21,555.47,570.07,552.89,565.82,7978100
2012-06-22,564.92,565.19,557.58,557.97,5254500
2012-06-25,554.13,556.60,546.30,549.53,6729400
2012-06-26,548.81,556.22,546.97,554.68,6309400
2012-06-27,554.73,566.22,554.64,562.17,5605200
2012-06-28,563.15,563.49,562.26,562.60,6877600
2012-06-29,564.28,567.66,553.96,557.27,6060900
2012-07-02,554.07,560.29,544.68,546.52,5999700
2012-07-03,544.13,548.51,537.94,547.26,4487400
2012-07-04,548.00,548.76,528.26,530.85,5865000
2012-07-05,527.96,528.25,518.48,520.92,7841400
2012-07-06,524.79,530.87,523.54,528.21,5627800
2012-07-09,524.98,533.87,524.48,532.50,5567400
2012-07-10,532.04,545.16,530.85,541.01,5486000
2012-07-11,539.11,544.30,538.95,543.84,6792900
2012-07-12,545.27,545.67,534.48,535.76,7091900
2012-07-13,534.10,541.47,530.17,539.01,5853600
2012-07-16,539.43,542.04,523.50,526.42,3671700
2012-07-17,525.78,535.13,524.03,531.18,7712700
2012-07-18,530.11,542.13,526.15,540.64,6113800
2012-07-19,541.07,543.14,533.04,533.56,6959000
2012-07-20,536.00,540.71,534.82,540.65,5755500
2012-07-23,541.66,542.57,538.65,540.82,7257800
2012-07-24,540.26,541.58,537.91,539.57,6536200
2012-07-25,536.63,537.36,521.87,525.79,6562700
2012-07-26,524.07,526.33,523.12,524.66,4713300
2012-07-27,521.08,534.85,520.18,530.55,5724600
2012-07-30,532.69,535.59,513.96,518.77,6576600
2012-07-31,516.48,518.16,511.65,515.49,7719800
2012-08-01,516.58,518.54,508.45,510.76,6987200
2012-08-02,513.20,515.93,494.19,500.05,8060700
2012-08-03,504.15,511.78,502.83,506.91,4728900
2012-08-06,509.06,509.44,506.96,507.04,5323000
2012-08-07,505.34,508.91,504.12,507.32,6033600
2012-08-08,507.53,515.10,507.31,513.84,7124000
2012-08-09,513.24,515.74,507.93,508.82,5984100
2012-08-10,506.16,533.89,499.27,530.81,5559600
2012-08-13,526.46,531.37,523.26,527.57,5349500
2012-08-14,529.88,531.57,516.87,519.59,5519600
2012-08-15,518.84,526.18,515.11,523.87,7937400
2012-08-16,525.07,527.15,524.74,526.45,6544000
2012-08-17,527.36,533.28,516.46,519.92,5325200
2012-08-20,519.23,519.65,509.66,513.89,6221200
2012-08-21,513.48,523.46,509.64,519.58,7170700
2012-08-22,521.94,524.34,518.30,521.66,5810500
2012-08-23,524.34,525.13,522.75,524.58,4139400
2012-08-24,527.17,531.69,521.44,530.67,5139100
2012-08-27,531.08,537.30,522.30,526.63,6120200
2012-08-28,527.82,542.46,526.14,535.49,4348500
2012-08-29,535.07,537.79,535.04,535.83,5056000
2012-08-30,532.25,544.43,529.89,541.02,6469200
2012-08-31,543.36,544.50,530.15,534.76,7462500
2012-09-03,532.22,547.72,529.74,540.20,5917000
2012-09-04,539.23,544.18,536.15,542.36,3765700
2012-09-05,539.77,561.29,538.79,560.31,8462000
2012-09-06,560.99,564.58,550.88,559.35,4913900
2012-09-07,563.16,575.71,558.52,570.74,6569400
2012-09-10,573.86,576.33,572.24,575.63,3826600
2012-09-11,574.77,593.70,574.02,587.63,5340800
2012-09-12,590.64,591.35,582.94,589.56,7006600
2012-09-13,585.78,595.59,585.14,593.38,5370600
2012-09-14,592.88,597.22,570.14,576.65,7743800
2012-09-17,574.38,574.95,566.79,567.34,5410900
2012-09-18,566.36,576.49,563.91,575.33,5222700
2012-09-19,576.44,579.00,572.33,578.71,6574500
2012-09-20,574.91,585.21,568.99,584.74,6343200
2012-09-21,587.94,588.39,579.89,582.93,5646400
2012-09-24,585.48,595.55,584.22,589.10,4785000
2012-09-25,590.82,592.78,583.81,586.54,6263800
2012-09-26,586.65,592.21,585.53,586.28,4762300
2012-09-27,588.34,596.21,586.78,595.80,4780200
2012-09-28,598.55,604.45,593.69,604.34,6910800
2012-10-01,603.73,604.36,597.34,601.05,5646800
2012-10-02,596.96,607.60,593.87,601.57,8506900
2012-10-03,600.38,605.68,598.21,603.55,7721400
2012-10-04,603.46,610.77,600.81,602.56,7013300
2012-10-05,597.91,605.06,595.30,601.90,6266400
2012-10-08,603.14,604.04,593.61,594.71,6155100
2012-10-09,593.76,600.86,587.97,599.25,5878400
2012-10-10,598.32,599.36,591.28,591.31,6969800
2012-10-11,594.19,594.82,577.02,584.12,7915400
2012-10-12,582.55,594.19,580.38,594.03,4818300
2012-10-15,591.73,609.66,591.08,608.44,5812700
2012-10-16,609.43,629.20,608.05,623.29,4738700
2012-10-17,621.08,627.04,620.21,626.20,6361300
2012-10-18,628.47,631.00,621.20,621.89,6567600
2012-10-19,620.14,632.78,615.31,627.95,7363600
2012-10-22,627.04,641.08,624.63,640.73,6249300
2012-10-23,642.70,644.06,639.41,641.68,6487100
2012-10-24,640.46,641.45,638.17,638.30,3223500
2012-10-25,635.94,641.20,622.90,624.63,5969100
2012-10-26,626.99,629.99,610.76,611.14,7984300
2012-10-29,607.05,625.15,605.96,624.99,6415300
2012-10-30,622.61,625.31,610.03,613.23,1971900
2012-10-31,614.90,618.00,606.86,608.00,5818900
2012-11-01,607.68,609.24,603.47,605.72,3041000
2012-11-02,607.77,611.62,603.65,607.73,6020500
2012-11-05,605.90,607.38,595.65,597.66,6779900
2012-11-06,598.59,602.28,597.26,602.19,4713300
2012-11-07,601.27,613.21,601.10,606.78,9373900
2012-11-08,610.37,612.98,605.36,607.39,7943000
2012-11-09,610.11,610.77,601.18,602.55,3807700
2012-11-12,606.01,612.82,594.72,599.71,6619500
2012-11-13,601.90,602.36,582.85,584.95,3985100
2012-11-14,585.72,590.62,585.20,589.81,6140200
2012-11-15,590.37,592.36,582.71,585.89,5532400
2012-11-16,585.08,585.71,571.04,575.65,6768600
2012-11-19,576.51,577.13,568.39,575.47,6435100
2012-11-20,573.86,583.04,567.73,579.27,6360600
2012-11-21,579.01,585.38,574.29,582.03,4147500
2012-11-22,577.99,593.09,572.35,586.80,4124400
2012-11-23,588.01,599.97,585.84,595.76,7647200
2012-11-26,596.00,599.63,589.96,591.69,4853500
2012-11-27,591.27,593.88,587.18,593.11,6566400
2012-11-28,592.23,599.71,588.17,595.03,4917200
2012-11-29,595.28,597.48,581.58,583.84,7291300
2012-11-30,581.93,592.56,578.44,592.10,6896400
2012-12-03,590.34,596.72,588.34,589.51,5407100
2012-12-04,592.73,593.47,587.66,591.31,5902100
2012-12-05,585.77,596.41,584.17,593.50,4043400
2012-12-06,595.13,597.24,586.44,587.14,7458800
2012-12-07,584.76,593.35,582.25,593.31,5354300
2012-12-10,594.14,603.99,593.42,600.71,6950100
2012-12-11,597.73,604.63,593.99,601.87,7569000
2012-12-12,600.74,606.73,574.67,579.53,7061200
2012-12-13,583.51,595.74,583.46,589.77,5409200
2012-12-14,587.29,591.46,586.61,588.51,6572400
2012-12-17,586.75,586.83,580.63,583.47,5918300
2012-12-18,584.15,584.34,577.58,578.95,3187800
2012-12-19,578.43,584.90,569.44,570.79,5698300
2012-12-20,569.14,571.19,566.78,568.01,6512200
2012-12-21,563.20,580.15,560.59,572.52,7019400
2012-12-24,570.81,571.15,559.44,564.30,6574300
2012-12-25,562.56,566.45,558.77,565.81,6101100
2012-12-26,566.96,573.55,556.83,561.42,5941100
2012-12-27,561.84,564.60,558.40,559.52,5209700
2012-12-28,555.47,557.66,551.37,556.82,4139100
2012-12-31,557.05,562.75,552.37,559.04,5350900
2013-01-01,560.92,569.35,559.86,566.40,6287500
2013-01-02,568.38,570.05,564.88,566.28,6185800
2013-01-03,566.81,572.91,561.41,572.87,5988100
2013-01-04,577.00,593.21,574.76,583.95,6541900
2013-01-07,580.30,581.23,570.98,572.98,5893800
2013-01-08,569.03,583.20,562.93,578.78,4788200
2013-01-09,582.70,586.94,574.64,576.46,7244100
2013-01-10,576.14,578.07,572.94,575.01,6501800
2013-01-11,576.03,584.77,574.61,582.27,5347900
2013-01-14,581.25,581.39,580.22,580.44,4962600
2013-01-15,580.03,583.40,572.20,575.67,6830200
2013-01-16,581.18,585.58,577.28,585.16,6174700
2013-01-17,589.16,597.87,584.96,593.15,7574000
2013-01-18,596.39,601.83,594.78,596.30,6189000
2013-01-21,595.87,619.45,595.28,618.51,4440000
2013-01-22,618.67,618.99,602.35,610.56,5070100
2013-01-23,605.36,605.90,590.53,597.77,6949000
2013-01-24,594.43,596.21,589.71,596.12,4291400
2013-01-25,595.97,597.84,584.57,587.42,5495400
2013-01-28,587.75,591.09,585.96,590.32,5723600
2013-01-29,589.87,590.96,582.78,585.88,6157100
2013-01-30,586.91,590.27,575.35,581.43,6861600
2013-01-31,584.84,585.18,578.48,581.60,6663500
2013-02-01,582.49,585.36,574.15,575.40,5679000
2013-02-04,573.27,576.50,557.85,561.38,7370800
2013-02-05,562.30,563.65,554.57,556.29,5560800
2013-02-06,556.20,567.12,552.34,561.59,6515200
2013-02-07,563.64,566.42,563.25,563.50,2245000
2013-02-08,564.24,575.04,560.24,570.55,5494600
2013-02-11,568.94,583.81,561.82,583.30,6496700
2013-02-12,583.81,591.04,581.80,590.09,4421800
2013-02-13,594.27,597.73,585.59,589.73,5664200
2013-02-14,595.53,601.86,579.48,584.11,5321800
2013-02-15,587.78,592.62,584.08,587.74,7853400
2013-02-18,586.57,604.76,576.62,600.21,5115500
2013-02-19,600.68,619.94,595.50,611.44,8019900
2013-02-20,612.58,619.94,610.94,618.92,6288800
2013-02-21,617.03,617.77,612.13,612.49,5679200
2013-02-22,612.97,620.41,611.93,617.14,5962200
2013-02-25,615.13,623.62,611.03,622.83,4763500
2013-02-26,617.45,634.32,616.74,632.78,7529300
2013-02-27,632.75,635.24,614.77,622.41,7136800
2013-02-28,621.33,623.17,616.09,616.79,6094800
2013-03-01,622.00,623.29,617.27,617.89,5710100
2013-03-04,620.08,620.91,617.29,618.89,3632000
2013-03-05,617.57,620.09,607.83,614.01,4173100
2013-03-06,612.26,620.52,609.76,618.03,6452700
2013-03-07,616.34,621.86,612.62,615.67,6550100
2013-03-08,622.22,628.32,620.05,624.58,6904200
2013-03-11,627.72,630.72,613.72,620.63,5102200
2013-03-12,619.98,629.18,618.43,622.22,4857200
2013-03-13,618.96,625.01,600.68,605.51,4625200
2013-03-14,608.79,617.40,606.76,607.16,5388100
2013-03-15,606.02,607.87,600.40,602.00,6174900
2013-03-18,598.68,611.31,594.52,607.63,5312400
2013-03-19,608.87,611.10,605.55,606.32,7575100
2013-03-20,606.80,622.02,605.95,616.11,3990600
2013-03-21,616.97,617.67,610.21,611.89,5480600
2013-03-22,612.55,615.40,597.84,600.64,5974900
2013-03-25,600.43,608.43,600.06,602.58,7439500
2013-03-26,603.06,608.50,598.77,607.20,5865200
2013-03-27,605.94,607.78,600.53,601.42,6767800
2013-03-28,604.27,607.24,590.20,591.47,6797400
2013-03-29,588.45,600.74,583.20,597.41,7328300
2013-04-01,599.86,606.42,599.14,605.71,7610400
2013-04-02,605.93,614.81,603.35,611.55,5930400
2013-04-03,608.35,612.93,605.71,612.31,4463900
2013-04-04,614.63,615.69,608.15,612.35,7078000
2013-04-05,612.46,627.25,609.37,625.49,4264100
2013-04-08,628.11,637.44,622.95,632.02,5405900
2013-04-09,638.28,644.20,620.47,624.60,4902600
2013-04-10,624.15,625.65,609.94,615.95,5364200
2013-04-11,614.86,621.64,609.44,621.01,5506800
2013-04-12,617.92,634.47,617.41,626.95,4152100
2013-04-15,623.27,626.73,618.58,621.99,4941800
2013-04-16,619.63,619.74,613.93,615.93,8568400
2013-04-17,618.34,624.71,612.29,623.74,5278600
2013-04-18,626.59,628.46,618.14,621.22,8097200
2013-04-19,618.73,632.09,615.01,628.02,6003400
2013-04-22,631.23,637.42,615.02,619.10,5946600
2013-04-23,621.94,622.38,608.31,611.28,2682600
2013-04-24,609.77,613.19,592.77,597.96,7588900
2013-04-25,596.25,599.61,595.96,597.85,4557200
2013-04-26,597.35,601.60,589.66,594.87,6710200
2013-04-29,592.49,592.61,580.29,582.21,7044200
2013-04-30,578.95,585.38,575.40,583.57,5817000
2013-05-01,583.97,587.95,578.26,579.77,5362100
2013-05-02,578.82,580.39,577.32,578.30,4718200
2013-05-03,573.05,593.37,570.40,589.07,4436700
2013-05-06,586.41,599.18,584.83,596.68,6258000
2013-05-07,595.69,605.16,592.35,600.64,5971400
2013-05-08,606.28,607.16,595.35,598.18,5329800
2013-05-09,599.75,601.16,588.87,589.16,7384800
2013-05-10,589.55,594.27,581.11,584.32,5809300
2013-05-13,583.79,584.94,576.43,581.66,3480900
2013-05-14,582.89,594.80,580.40,591.40,6051200
2013-05-15,590.41,593.51,583.81,584.49,6043200
2013-05-16,582.40,591.01,576.06,580.55,4860300
2013-05-17,585.84,587.50,578.54,580.66,5830600
2013-05-20,576.95,583.96,575.66,583.79,6721900
2013-05-21,583.68,597.83,582.34,592.21,5823000
2013-05-22,597.93,605.06,595.58,602.63,5655200
2013-05-23,605.27,608.95,600.18,601.56,5607300
2013-05-24,605.54,620.08,598.52,616.88,5408300
2013-05-27,611.68,623.67,611.42,622.32,4939200
2013-05-28,626.79,629.46,613.60,616.04,5716900
2013-05-29,618.30,624.22,602.46,608.33,4144800
2013-05-30,604.78,605.60,601.46,605.11,3998600
2013-05-31,611.22,613.53,601.09,603.22,4962500
2013-06-03,607.76,610.26,606.72,609.51,7588700
2013-06-04,607.56,611.33,600.64,603.16,5670800
2013-06-05,602.90,604.60,591.58,598.80,5771000
2013-06-06,599.81,604.65,584.57,592.34,6661400
2013-06-07,588.90,602.78,587.55,594.52,5439200
2013-06-10,593.50,599.72,578.31,583.54,5416300
2013-06-11,585.84,589.82,582.45,587.88,8070300
2013-06-12,587.88,591.53,579.10,582.02,5678100
2013-06-13,581.79,585.37,579.34,580.54,7537000
2013-06-14,580.93,588.74,577.91,583.97,5282900
2013-06-17,584.66,588.25,578.74,586.39,6700500
2013-06-18,587.27,610.74,585.60,608.08,7557700
2013-06-19,605.66,608.87,595.98,601.02,5333200
2013-06-20,606.65,608.77,581.91,585.07,5780000
2013-06-21,586.62,596.11,575.04,575.36,7819700
2013-06-24,576.26,581.88,569.81,581.76,5654000
2013-06-25,580.42,582.30,571.40,573.90,6147900
2013-06-26,571.69,582.30,568.67,581.79,6355800
2013-06-27,583.49,587.26,576.74,580.31,4963500
2013-06-28,577.55,587.34,571.79,586.09,3669900
2013-07-01,583.31,585.76,571.71,574.73,4226600
2013-07-02,573.68,585.35,570.16,582.73,5593000
2013-07-03,586.10,591.83,584.29,591.69,6300800
2013-07-04,591.28,595.37,575.86,584.71,5169200
2013-07-05,586.47,600.14,586.00,594.97,4821100
2013-07-08,592.87,615.86,587.62,615.76,5870600
2013-07-09,614.35,620.96,601.12,615.79,6112000
2013-07-10,613.62,615.53,608.20,608.40,5974000
2013-07-11,608.73,610.65,601.42,603.77,5787900
2013-07-12,600.24,603.62,596.56,601.61,7018000
2013-07-15,600.76,612.31,595.98,609.65,5538300
2013-07-16,606.30,626.97,605.46,624.37,6263000
2013-07-17,626.21,629.57,618.02,621.03,5899000
2013-07-18,622.86,623.74,612.29,619.25,5647200
2013-07-19,620.41,623.73,605.34,608.24,5446900
2013-07-22,605.71,607.50,603.26,604.22,2524300
2013-07-23,601.44,610.00,600.62,608.03,4488900
2013-07-24,605.00,607.01,586.80,592.48,6655000
2013-07-25,594.15,598.50,589.47,597.95,6531900
2013-07-26,597.13,608.67,595.11,605.07,6710900
2013-07-29,605.46,616.43,604.99,614.73,5264900
2013-07-30,617.04,623.29,608.63,610.26,6695400
2013-07-31,615.32,617.17,592.75,598.05,5940300
2013-08-01,598.36,599.97,592.57,596.03,6209700
2013-08-02,595.88,596.03,584.34,588.22,6271300
2013-08-05,586.70,587.83,571.88,575.09,5709100
2013-08-06,577.66,579.63,567.93,569.66,4633800
2013-08-07,567.82,570.36,555.48,559.69,6731300
2013-08-08,564.01,581.40,563.73,574.14,3885000
2013-08-09,573.43,579.99,573.16,579.96,6497600
2013-08-12,579.18,590.98,575.94,586.83,7859100
2013-08-13,587.56,589.85,576.19,578.61,6608400
2013-08-14,580.37,589.73,571.54,589.22,5894200
2013-08-15,589.09,591.30,584.31,586.54,5577200
2013-08-16,587.29,595.12,581.11,593.24,8214000
2013-08-19,590.08,593.50,583.01,585.60,6091700
2013-08-20,586.90,591.28,586.63,590.55,5892100
2013-08-21,588.89,591.30,573.22,578.02,7528600
2013-08-22,577.68,581.29,573.76,576.94,6327800
2013-08-23,576.10,579.94,572.94,575.34,6643500
2013-08-26,576.32,576.71,560.84,565.45,8475300
2013-08-27,566.44,568.65,564.76,565.91,3708100
2013-08-28,564.92,566.92,561.23,562.01,6452800
2013-08-29,564.70,567.35,558.25,559.41,5148600
2013-08-30,556.26,568.15,554.28,565.07,6520400
2013-09-02,557.43,575.22,552.96,574.93,6635600
2013-09-03,575.45,575.63,569.69,573.68,6087100
2013-09-04,578.59,588.63,570.52,583.56,6507800
2013-09-05,578.62,598.99,578.44,591.40,7013100
2013-09-06,590.11,599.46,587.23,597.33,6619500
2013-09-09,597.02,616.44,595.74,609.93,5212600
2013-09-10,609.21,614.00,595.13,598.25,6146400
2013-09-11,598.08,616.29,591.40,608.83,6007300
2013-09-12,608.72,612.70,602.69,611.94,5499700
2013-09-13,612.03,614.82,607.42,608.96,5116300
2013-09-16,608.10,609.65,606.35,607.76,6593100
2013-09-17,609.00,619.25,607.28,615.98,5347900
2013-09-18,614.08,627.15,610.99,625.77,6232200
2013-09-19,623.40,631.72,616.16,631.70,6691700
2013-09-20,628.21,634.10,618.86,622.34,7857500
2013-09-23,619.79,620.63,607.56,610.75,7222400
2013-09-24,605.59,615.34,604.85,611.27,7034600
2013-09-25,610.87,623.40,609.06,616.50,6347400
2013-09-26,616.23,616.88,610.21,611.17,6656600
2013-09-27,612.61,618.84,612.51,618.39,4365500
2013-09-30,616.24,624.73,613.80,623.47,6687000
2013-10-01,624.89,628.18,622.63,627.56,6657600
2013-10-02,626.99,627.87,616.93,621.54,6721900
2013-10-03,624.81,634.23,619.03,631.83,4886400
2013-10-04,632.46,641.68,629.54,639.98,4827500
2013-10-07,640.58,652.54,639.31,651.46,4560700
2013-10-08,649.65,656.57,643.03,654.77,6895700
2013-10-09,656.96,662.02,639.50,644.21,6205200
2013-10-10,643.03,649.41,641.92,647.53,5769000
2013-10-11,651.20,657.56,645.45,654.97,6285600
2013-10-14,656.99,657.82,650.13,653.88,5921200
2013-10-15,651.57,656.19,640.21,644.36,4514000
2013-10-16,644.29,651.16,639.90,649.18,6421400
2013-10-17,650.16,655.78,647.00,654.72,6228900
2013-10-18,658.68,660.02,637.07,644.26,6633000
2013-10-21,645.31,646.67,637.21,638.34,6870000
2013-10-22,638.69,644.75,626.40,626.60,6523800
2013-10-23,629.75,630.62,622.25,629.42,6816600
2013-10-24,627.31,634.46,625.48,631.02,4236800
2013-10-25,628.30,648.86,624.55,645.53,5961300
2013-10-28,642.55,642.82,633.12,637.98,5064600
2013-10-29,638.77,654.42,637.74,649.16,5614700
2013-10-30,645.62,647.86,643.02,647.35,5671300
2013-10-31,652.25,653.40,649.55,649.65,3816200
2013-11-01,650.09,652.26,634.39,639.35,6074900
2013-11-04,641.35,643.04,638.95,639.61,6605600
2013-11-05,640.51,643.89,632.96,635.29,5494200
2013-11-06,633.36,642.70,629.18,634.44,6254800
2013-11-07,632.69,639.17,632.36,636.02,6560500
2013-11-08,633.97,644.10,631.62,640.10,5761700
2013-11-11,642.02,652.41,640.93,647.10,4579100
2013-11-12,646.71,649.48,644.01,646.94,6169900
2013-11-13,639.65,641.22,632.97,639.53,4761500
2013-11-14,640.09,651.08,637.77,648.14,5282700
2013-11-15,651.15,657.31,645.08,648.86,4989000
2013-11-18,650.61,655.26,640.05,643.82,4883200
2013-11-19,644.18,659.73,644.10,655.41,6363600
2013-11-20,659.68,668.72,654.60,657.89,5876500
2013-11-21,658.27,669.87,657.00,664.10,6909300
2013-11-22,666.38,667.35,648.44,649.67,4945200
2013-11-25,650.00,654.56,639.39,644.49,6152900
2013-11-26,645.60,666.85,640.59,661.61,4931700
2013-11-27,662.10,669.06,661.98,665.94,4545000
2013-11-28,661.89,671.93,658.50,670.11,5383100
2013-11-29,670.42,670.76,661.53,663.95,6868800
2013-12-02,664.96,668.28,656.14,662.76,6771100
2013-12-03,663.06,671.83,660.05,665.94,5591200
2013-12-04,668.26,670.46,664.77,665.27,4793600
2013-12-05,667.68,667.91,660.33,664.27,5785400
2013-12-06,660.54,670.25,642.62,649.30,5873800
2013-12-09,651.08,657.43,633.48,642.64,4543200
2013-12-10,648.42,650.92,635.62,638.93,5549300
2013-12-11,639.77,644.28,630.34,643.66,7404700
2013-12-12,644.58,653.49,640.68,648.00,4285000
2013-12-13,644.53,649.33,636.57,647.88,5682300
2013-12-16,649.03,654.08,637.54,641.80,2766300
2013-12-17,644.25,645.47,631.64,635.80,4647200
2013-12-18,644.90,647.57,637.06,637.85,8219400
2013-12-19,641.57,644.72,624.62,626.76,6850400
2013-12-20,629.96,633.89,622.52,624.99,4967900
2013-12-23,624.77,626.72,621.31,622.48,6243500
2013-12-24,621.75,623.53,620.32,620.45,5741900
2013-12-25,621.33,635.51,615.74,633.94,3884800
2013-12-26,632.37,640.72,629.12,632.72,6152500
2013-12-27,634.29,644.16,632.72,639.78,7283900
2013-12-30,643.17,654.30,641.45,653.05,8684100
2013-12-31,652.25,657.57,647.89,657.29,6300500
2014-01-01,661.71,664.17,655.12,657.16,7073600
2014-01-02,657.10,659.73,642.12,646.44,5497700
2014-01-03,648.07,661.06,647.65,660.04,7472700
2014-01-06,658.77,660.09,649.86,650.46,5951200
2014-01-07,648.43,652.66,627.59,633.35,5204400
2014-01-08,634.91,644.31,634.17,642.06,6389400
2014-01-09,640.81,643.12,629.28,629.86,6614700
2014-01-10,631.42,637.48,619.37,620.07,7051000
2014-01-13,621.31,625.70,614.19,614.27,7199900
2014-01-14,611.57,613.84,603.66,604.82,5340100
2014-01-15,604.68,606.69,587.35,587.91,6434100
2014-01-16,589.83,592.40,585.66,589.34,7168100
2014-01-17,593.06,600.12,590.76,592.98,7280600
2014-01-20,594.80,601.42,593.36,598.73,4963200
2014-01-21,599.03,603.85,594.72,598.36,6911200
2014-01-22,596.98,601.82,594.34,595.13,4931900
2014-01-23,592.32,598.67,589.59,590.91,6861600
2014-01-24,591.83,603.55,587.98,600.15,6764400
2014-01-27,601.47,606.70,599.92,606.55,5639100
2014-01-28,607.96,610.74,602.60,602.89,8088900
2014-01-29,604.20,607.57,603.71,605.10,6872900
2014-01-30,608.06,612.94,594.87,595.70,3884200
2014-01-31,595.53,599.39,586.63,599.39,6632300
2014-02-03,600.26,601.03,590.72,590.91,5882100
2014-02-04,594.01,601.56,588.20,589.61,7820800
2014-02-05,587.68,597.70,586.46,587.64,7392800
2014-02-06,588.08,588.30,564.15,567.41,5684900
2014-02-07,568.08,576.44,565.60,572.25,6357500
2014-02-10,569.22,574.47,564.87,571.89,6197800
2014-02-11,567.98,568.29,563.71,565.98,4812000
2014-02-12,562.75,568.15,559.52,560.61,6297500
2014-02-13,562.13,564.77,559.11,559.73,6193400
2014-02-14,559.32,563.82,552.31,558.40,5590400
2014-02-17,555.93,561.86,555.45,561.50,6267700
2014-02-18,559.14,562.79,553.62,562.42,6158200
2014-02-19,561.78,567.97,560.05,566.68,6035800
2014-02-20,569.73,571.69,566.74,568.29,6585200
2014-02-21,572.61,581.36,555.64,557.97,5375800
2014-02-24,558.65,559.97,546.59,547.83,5609700
2014-02-25,547.15,554.62,544.28,551.07,5611700
2014-02-26,551.88,556.22,545.98,553.79,5971300
2014-02-27,552.81,554.29,550.88,553.67,5486300
2014-02-28,552.24,553.72,541.45,544.33,5293700
2014-03-03,541.45,543.56,538.82,539.37,6264600
2014-03-04,536.94,540.56,532.02,533.75,7179300
2014-03-05,534.15,540.40,531.50,538.37,8649800
2014-03-06,537.56,539.27,526.71,532.81,4714000
2014-03-07,532.70,536.14,521.61,523.62,7949900
2014-03-10,526.16,528.49,515.21,518.35,5448700
2014-03-11,516.11,523.15,513.72,520.51,7481800
2014-03-12,521.83,534.19,517.88,531.32,6265100
2014-03-13,529.70,532.68,527.06,528.01,8084300
2014-03-14,525.38,537.74,522.98,535.78,5134100
2014-03-17,539.62,543.71,528.42,532.77,6502700
2014-03-18,530.98,539.76,527.04,529.91,9532900
2014-03-19,529.12,530.83,524.16,524.24,5409500
2014-03-20,523.99,530.35,523.80,529.75,5321300
2014-03-21,531.72,535.17,521.99,526.60,5048400
2014-03-24,526.40,537.21,523.10,533.22,5133100
2014-03-25,535.58,540.28,527.56,530.61,7393900
2014-03-26,527.59,547.81,522.90,542.83,6774000
2014-03-27,543.19,547.98,537.72,544.53,4816800
2014-03-28,542.52,554.06,541.38,545.09,6317400
2014-03-31,545.42,546.35,536.69,537.00,6961200
2014-04-01,537.07,551.82,534.43,546.25,7103500
2014-04-02,544.20,551.24,539.99,548.63,5578700
2014-04-03,549.93,550.37,548.04,549.43,4496000
2014-04-04,549.32,551.00,545.95,549.87,5463400
2014-04-07,551.84,559.56,545.90,546.67,3465000
2014-04-08,546.33,546.77,541.69,543.36,6197700
2014-04-09,542.18,546.38,540.85,546.13,6497200
2014-04-10,543.78,548.05,538.42,540.88,4895900
2014-04-11,538.24,541.50,534.68,540.28,5655900
2014-04-14,535.68,561.00,534.15,556.66,7261300
2014-04-15,556.96,560.57,550.49,556.11,6681500
2014-04-16,556.03,557.67,554.07,554.46,6385000
2014-04-17,552.43,565.51,552.16,561.30,6802500
2014-04-18,562.06,562.64,553.54,554.65,4556500
2014-04-21,554.61,567.93,553.98,565.13,6892500
2014-04-22,562.79,568.61,562.36,565.54,6369600
2014-04-23,566.88,571.58,555.14,557.48,5689700
2014-04-24,558.76,562.24,552.64,556.86,5958000
2014-04-25,558.17,559.45,551.52,552.31,6017100
2014-04-28,553.26,557.88,550.61,557.67,7038300
2014-04-29,560.67,563.99,548.97,554.76,5171700
2014-04-30,555.07,565.81,554.64,560.36,6230800
2014-05-01,563.69,568.75,543.88,547.04,6250900
2014-05-02,550.33,554.64,541.48,544.40,6399400
2014-05-05,546.63,548.94,545.80,548.84,5898200
2014-05-06,550.15,553.08,548.61,552.86,5590200
2014-05-07,549.69,555.69,547.32,553.72,5695100
2014-05-08,555.40,562.51,551.55,559.51,5839900
2014-05-09,559.44,566.38,554.02,565.56,5164400
2014-05-12,570.01,572.64,564.19,565.92,6302600
2014-05-13,567.41,571.41,564.58,567.85,7578800
2014-05-14,567.60,576.02,567.08,574.84,8844700
2014-05-15,570.92,579.53,568.17,576.43,5452600
2014-05-16,573.55,579.91,556.89,558.06,5747800
2014-05-19,556.62,560.62,544.51,547.24,7233700
2014-05-20,546.57,547.68,538.18,543.08,4443700
2014-05-21,544.51,548.98,544.22,548.34,6644700
2014-05-22,549.81,552.24,545.63,549.24,3110200
2014-05-23,547.95,557.34,543.85,554.27,8034000
2014-05-26,549.55,563.30,549.30,561.91,8377800
2014-05-27,560.12,568.34,558.37,566.25,5367000
2014-05-28,568.12,569.74,551.66,559.76,5579800
2014-05-29,560.90,567.26,558.03,566.23,6948800
2014-05-30,568.22,569.49,556.44,556.80,7541900
2014-06-02,556.39,564.41,544.42,548.00,5858200
2014-06-03,548.78,550.73,545.04,545.22,3561600
2014-06-04,548.60,551.64,529.53,529.80,5874800
2014-06-05,536.33,547.63,534.30,541.66,7368800
2014-06-06,540.14,562.08,540.04,558.68,5458900
2014-06-09,558.93,560.59,557.15,557.61,6505000
2014-06-10,564.14,565.15,546.69,555.00,5200000
2014-06-11,554.00,557.58,532.79,540.33,5274300
2014-06-12,543.38,544.20,540.25,544.15,6494500
2014-06-13,544.96,546.11,535.65,539.32,4995600
2014-06-16,535.89,538.69,527.53,531.04,6630700
2014-06-17,528.74,529.74,520.44,521.68,6729400
2014-06-18,522.53,523.45,519.84,520.93,8524800
2014-06-19,522.26,523.91,515.21,519.51,3606200
2014-06-20,520.50,527.20,516.43,518.66,6489600
2014-06-23,518.45,519.61,512.95,514.57,3916700
2014-06-24,514.57,514.99,501.99,503.24,3871700
2014-06-25,502.67,513.82,500.82,512.68,4064500
2014-06-26,509.16,518.97,508.87,518.09,6863000
2014-06-27,522.41,523.16,513.64,514.14,6864200
2014-06-30,518.70,521.01,502.41,505.22,5303100
2014-07-01,509.00,510.66,497.23,498.69,8389000
2014-07-02,496.44,506.61,493.84,503.20,6610600
2014-07-03,503.96,508.22,501.51,506.52,4168900
2014-07-04,503.49,510.63,502.11,508.38,7159900
2014-07-07,507.09,517.67,504.13,516.29,7245300
2014-07-08,520.47,521.07,511.88,512.60,7162100
2014-07-09,510.21,523.31,509.82,522.16,6037300
2014-07-10,519.69,524.28,515.68,523.26,4689200
2014-07-11,525.01,525.27,516.63,518.18,6454000
2014-07-14,520.60,523.00,519.60,521.61,5119700
2014-07-15,520.71,523.88,516.00,523.76,3824400
2014-07-16,523.46,525.89,518.33,519.04,8396500
2014-07-17,518.27,533.45,517.36,531.21,3517000
2014-07-18,526.32,527.48,518.78,520.03,6175300
2014-07-21,520.02,522.63,518.20,521.78,7335200
2014-07-22,520.52,528.26,519.63,524.57,6096000
2014-07-23,525.76,526.78,517.37,519.78,4322300
2014-07-24,520.51,523.68,517.89,520.19,6339000
2014-07-25,516.35,529.95,512.34,529.13,5233300
2014-07-28,528.44,530.32,517.90,521.59,7706300
2014-07-29,520.36,520.38,512.96,514.42,7191400
2014-07-30,515.87,518.05,511.72,512.29,3554000
2014-07-31,513.21,519.74,513.08,515.80,3121600
2014-08-01,516.09,524.11,514.08,523.46,4755500
2014-08-04,523.08,529.36,520.93,527.52,7476600
2014-08-05,528.06,531.13,515.81,520.04,6948700
2014-08-06,520.93,530.09,518.45,527.71,6232200
2014-08-07,526.15,535.17,525.63,532.71,5020100
2014-08-08,531.79,543.08,526.30,539.92,4470800
2014-08-11,537.07,541.04,527.56,528.53,7086200
2014-08-12,526.34,528.46,511.28,517.13,4775900
2014-08-13,520.29,521.44,508.58,512.67,5546700
2014-08-14,513.23,515.59,508.96,509.68,5609900
2014-08-15,510.41,512.66,509.24,509.57,6148600
2014-08-18,509.64,511.48,495.90,502.36,5296200
2014-08-19,497.98,498.83,494.62,495.41,7555400
2014-08-20,494.34,502.70,492.11,498.11,7356600
2014-08-21,500.58,501.50,481.98,484.57,7500000
2014-08-22,485.74,486.04,475.67,477.20,5008700
2014-08-25,476.22,478.99,470.30,477.34,5946900
2014-08-26,478.94,484.45,476.48,481.97,6895000
2014-08-27,480.87,485.06,479.22,483.66,6195000
2014-08-28,486.29,495.15,486.05,493.69,5522600
2014-08-29,493.07,496.48,490.55,495.56,4189200
2014-09-01,498.72,504.82,492.83,500.03,5094700
2014-09-02,498.69,505.84,498.32,505.20,4610100
2014-09-03,502.67,507.74,499.97,505.35,4793000
2014-09-04,505.19,507.71,494.31,496.69,4923800
2014-09-05,497.11,498.90,493.66,494.75,5618700
2014-09-08,489.73,495.05,487.70,493.29,6939200
2014-09-09,492.12,494.38,486.66,487.62,7914600
2014-09-10,486.14,493.10,482.05,491.68,5963000
2014-09-11,490.00,490.63,484.23,488.14,4283700
2014-09-12,487.44,489.44,475.25,478.64,6355500
2014-09-15,476.67,479.24,475.44,478.39,7150600
2014-09-16,477.17,478.49,470.69,472.02,6642200
2014-09-17,472.21,477.96,469.66,475.07,5625100
2014-09-18,473.77,473.95,458.07,459.09,5184000
2014-09-19,462.01,464.09,446.11,448.99,5257300
2014-09-22,446.62,449.83,444.93,448.93,6758200
2014-09-23,446.69,453.41,441.43,450.28,5163600
2014-09-24,448.44,451.63,446.19,450.64,4947800
2014-09-25,451.30,464.10,450.35,459.44,6609500
2014-09-26,456.78,459.03,454.45,457.83,5520400
2014-09-29,461.79,467.34,453.29,454.67,6185500
2014-09-30,456.33,461.02,455.00,459.44,3746700
2014-10-01,459.37,461.58,457.32,457.39,5838000
2014-10-02,455.83,462.40,454.81,459.60,5729500
2014-10-03,459.83,472.25,456.32,467.02,5701300
2014-10-06,465.70,466.87,465.17,465.91,4212300
2014-10-07,465.40,466.19,464.86,465.13,7578700
2014-10-08,468.02,471.78,459.96,461.39,3865100
2014-10-09,461.32,467.42,460.59,463.64,5396600
2014-10-10,465.02,469.42,462.16,467.31,5998200
2014-10-13,468.25,475.73,462.62,473.53,7519400
2014-10-14,476.09,483.43,474.36,477.56,7910800
2014-10-15,476.62,491.16,475.18,489.97,6664700
2014-10-16,493.15,498.42,490.37,490.90,6309100
2014-10-17,495.81,500.16,489.42,491.70,7028300
2014-10-20,490.53,493.12,486.83,489.91,5757000
2014-10-21,491.59,498.70,491.37,498.06,2289200
2014-10-22,497.67,499.32,495.21,498.62,5641500
2014-10-23,499.27,501.32,495.41,496.83,5750100
2014-10-24,496.00,501.42,484.36,488.65,7086100
2014-10-27,487.62,489.28,486.59,487.96,6259800
2014-10-28,487.95,496.26,487.67,493.55,5405400
2014-10-29,492.70,492.70,476.60,477.55,5143400
2014-10-30,477.28,480.25,469.08,470.98,7458300
2014-10-31,469.45,472.98,464.83,465.70,5164100
2014-11-03,462.02,462.47,457.44,461.09,4527300
2014-11-04,464.04,464.42,460.95,461.66,6994300
2014-11-05,461.56,461.68,455.15,459.71,5727200
2014-11-06,458.59,460.88,454.87,460.82,4508000
2014-11-07,458.18,463.99,457.31,462.87,7508500
2014-11-10,464.94,473.33,463.37,471.32,6552800
2014-11-11,469.75,472.20,468.47,470.13,4054300
2014-11-12,471.82,476.60,469.29,472.57,5337400
2014-11-13,472.03,475.42,469.25,471.55,5789300
2014-11-14,475.49,476.59,472.75,472.90,5975500
2014-11-17,472.28,475.32,468.12,471.19,4521400
2014-11-18,472.77,473.15,464.32,464.67,8447400
2014-11-19,463.38,468.27,459.98,467.45,6643300
2014-11-20,467.50,476.79,463.88,474.43,8539700
2014-11-21,478.83,479.95,467.38,469.15,6080800
2014-11-24,468.64,470.03,464.98,469.39,5600700
2014-11-25,469.99,472.60,460.95,469.62,5338700
2014-11-26,467.11,469.64,456.65,457.42,7325000
2014-11-27,455.30,471.90,453.15,469.42,5845100
2014-11-28,469.73,482.43,469.06,478.75,6081200
2014-12-01,480.10,490.99,476.74,486.46,6116000
2014-12-02,487.45,494.51,483.39,493.10,3827800
2014-12-03,492.18,494.73,486.95,488.08,6147700
2014-12-04,487.87,490.08,471.92,473.36,5295300
2014-12-05,475.26,475.99,472.26,473.41,4136300
2014-12-08,472.48,477.35,471.03,474.33,5811000
2014-12-09,474.65,474.92,470.11,473.11,7197800
2014-12-10,473.37,476.73,468.96,470.86,8040400
2014-12-11,469.57,477.38,464.90,477.29,3665600
2014-12-12,475.65,484.81,472.89,482.49,5021200
2014-12-15,483.14,488.38,478.37,482.75,5121200
2014-12-16,484.03,486.82,475.51,480.02,4411600
2014-12-17,482.36,496.70,479.02,494.64,5852100
2014-12-18,493.78,504.35,490.77,500.28,5225000
2014-12-19,501.02,501.53,494.22,501.27,5631100
2014-12-22,504.07,506.96,490.39,493.28,6886700
2014-12-23,495.86,500.17,482.20,483.92,5803300
2014-12-24,481.54,482.02,466.38,467.41,3880500
2014-12-25,466.60,468.29,461.89,466.32,6634600
2014-12-26,465.03,471.89,463.51,468.51,5594400
2014-12-29,469.93,471.19,466.85,467.87,5425300
2014-12-30,466.54,468.86,463.10,468.28,5628800
2014-12-31,470.46,470.75,467.95,470.18,5229500
2015-01-01,471.15,478.39,468.30,475.68,9858300
2015-01-02,473.14,474.51,464.84,465.37,6628800
2015-01-05,463.52,466.44,457.50,458.42,6044400
2015-01-06,459.74,467.46,456.79,464.15,4608400
2015-01-07,464.38,471.17,461.81,466.27,5985700
2015-01-08,466.54,472.06,465.45,469.74,5702500
2015-01-09,468.46,472.81,463.10,464.16,3885500
2015-01-12,463.57,474.42,460.62,473.72,5927100
2015-01-13,473.46,476.40,472.51,474.90,7750500
2015-01-14,475.52,476.35,473.62,473.94,6680000
2015-01-15,475.86,478.34,466.70,469.05,6402000
2015-01-16,467.35,470.91,467.31,470.70,6472400
2015-01-19,473.05,473.49,469.95,472.21,7097200
2015-01-20,472.99,473.16,471.99,472.02,7036100
2015-01-21,470.41,484.99,469.42,482.49,7322600
2015-01-22,484.95,491.30,479.05,490.45,5597600
2015-01-23,489.66,493.31,488.56,490.90,5442100
2015-01-26,493.91,495.24,485.02,487.77,6491100
2015-01-27,488.51,490.94,483.15,485.56,5380400
2015-01-28,487.24,492.04,484.69,488.27,4437500
2015-01-29,489.16,491.61,470.03,471.67,6715400
2015-01-30,473.07,477.18,468.21,474.18,5975300
2015-02-02,470.84,480.10,467.82,473.47,6323300
2015-02-03,474.13,487.97,472.45,487.31,6484700
2015-02-04,488.48,491.71,487.56,490.73,6589900
2015-02-05,491.09,494.64,488.08,490.33,4990100
2015-02-06,488.26,494.81,486.41,491.33,5155000
2015-02-09,495.29,496.10,486.45,488.04,6065100
2015-02-10,492.14,493.84,483.19,484.39,7122700
2015-02-11,483.05,485.26,479.08,484.73,3579300
2015-02-12,483.46,485.53,469.73,473.10,6660800
2015-02-13,471.17,473.92,470.68,473.91,6221900
2015-02-16,476.36,477.35,463.58,464.54,5907100
2015-02-17,463.27,464.87,460.77,461.07,6865800
2015-02-18,459.27,459.47,454.59,457.56,5558900
2015-02-19,455.03,462.92,454.23,462.52,8956700
2015-02-20,462.41,473.67,461.84,472.78,5746200
2015-02-23,472.06,482.81,469.57,482.36,5376500
2015-02-24,479.00,481.35,477.95,480.15,5645700
2015-02-25,479.37,482.60,478.43,479.52,4591400
2015-02-26,480.27,483.11,480.24,480.56,5912700
2015-02-27,478.52,482.81,472.23,482.34,4223800
2015-03-02,481.91,494.05,479.90,490.18,7804900
2015-03-03,491.26,495.47,489.18,495.28,6431300
2015-03-04,496.54,497.00,494.01,496.04,7163000
2015-03-05,497.27,510.85,496.35,509.33,6094300
2015-03-06,507.25,520.71,502.82,516.07,7485600
2015-03-09,517.33,532.49,516.21,529.26,6546600
2015-03-10,528.21,533.99,527.40,529.63,6908800
2015-03-11,529.52,542.05,524.42,534.36,7603300
2015-03-12,535.75,539.30,528.27,537.45,6593600
2015-03-13,538.02,542.18,533.78,539.47,5669300
2015-03-16,539.91,550.38,532.81,533.03,8644100
2015-03-17,533.93,538.69,529.76,535.60,7612700
2015-03-18,534.12,536.93,523.85,526.43,5469100
2015-03-19,522.75,532.29,521.18,529.91,5853600
2015-03-20,532.36,543.44,531.49,542.69,6833400
2015-03-23,541.29,552.97,538.37,551.57,6575300
2015-03-24,552.01,554.73,551.73,554.53,6335100
2015-03-25,550.61,556.04,547.78,553.27,5034500
2015-03-26,558.17,561.99,557.92,559.59,6418800
2015-03-27,560.02,560.08,552.08,552.91,4088700
2015-03-30,552.09,553.10,541.39,545.17,6091700
2015-03-31,546.94,548.24,531.43,536.90,5384400
2015-04-01,537.54,542.14,534.79,540.46,6206600
2015-04-02,539.38,542.05,528.87,532.16,4228500
2015-04-03,531.94,540.23,530.78,537.08,5131000
2015-04-06,540.64,549.15,538.59,545.01,6124400
2015-04-07,548.16,554.19,541.45,550.66,5159400
2015-04-08,549.12,553.61,539.40,550.70,5994900
2015-04-09,553.37,555.77,550.47,554.50,6062100
2015-04-10,557.70,560.81,539.81,546.74,4616700
2015-04-13,546.06,550.94,539.89,548.94,7959400
2015-04-14,552.08,562.26,549.80,561.73,5326000
2015-04-15,557.70,573.43,552.74,573.16,4662100
2015-04-16,572.67,574.54,559.76,562.27,6758100
2015-04-17,561.64,566.58,561.46,562.46,7791000
2015-04-20,561.35,562.65,559.38,560.74,7007800
2015-04-21,562.42,570.05,558.99,568.08,5798700
2015-04-22,568.48,571.02,567.14,570.77,5941100
2015-04-23,569.06,574.41,567.49,570.70,6371600
2015-04-24,568.68,570.56,562.74,566.67,5711000
2015-04-27,564.93,571.42,559.33,568.46,6414600
2015-04-28,567.57,569.37,564.06,568.06,6971500
2015-04-29,564.51,572.14,562.31,569.16,5403700
2015-04-30,568.68,574.38,566.99,568.70,6427700
2015-05-01,570.55,571.18,559.41,560.37,8588000
2015-05-04,561.25,569.07,560.96,564.00,4353500
2015-05-05,559.52,568.38,557.84,567.95,7121400
2015-05-06,564.70,573.99,562.16,570.19,8102200
2015-05-07,569.78,573.05,565.19,572.73,5945500
2015-05-08,574.24,583.61,569.18,582.44,6935200
2015-05-11,589.29,592.53,584.16,591.26,5796600
2015-05-12,590.97,613.95,587.97,604.62,7132700
2015-05-13,606.06,613.16,603.33,610.61,6778500
2015-05-14,607.22,621.02,605.41,617.85,7437100
2015-05-15,617.92,623.14,617.19,618.80,6418700
2015-05-18,616.32,617.33,610.43,611.07,7400300
2015-05-19,611.03,620.35,600.45,602.47,5586100
2015-05-20,605.29,607.70,604.51,607.08,5555800
2015-05-21,605.95,611.28,603.52,608.63,4937100
2015-05-22,613.19,620.89,612.81,613.48,3677200
2015-05-25,614.60,614.90,594.73,596.01,7044500
2015-05-26,597.13,597.51,592.88,594.83,4639300
2015-05-27,598.34,599.45,591.79,596.11,5097600
2015-05-28,594.93,596.53,589.97,593.61,6864600
2015-05-29,596.08,598.48,588.85,591.90,6844500
2015-06-01,590.10,593.85,573.07,578.60,5029100
2015-06-02,578.81,580.32,574.40,578.04,6441100
2015-06-03,578.85,590.89,577.62,587.74,4224900
2015-06-04,586.06,588.48,576.94,579.32,5421900
2015-06-05,581.58,586.17,578.58,583.60,6471800
2015-06-08,583.39,583.58,573.22,578.34,7704000
2015-06-09,580.95,584.28,576.13,579.83,7551400
2015-06-10,580.84,593.93,579.98,590.76,4282700
2015-06-11,586.35,593.48,584.05,591.31,7010600
2015-06-12,590.13,596.58,586.64,594.29,6528200
2015-06-15,593.24,603.57,590.36,599.39,7720200
2015-06-16,596.47,605.42,594.71,599.30,6612800
2015-06-17,600.78,609.85,594.74,609.25,3615400
2015-06-18,606.29,607.52,592.01,593.84,5301800
2015-06-19,595.44,599.25,590.01,591.58,5757100
2015-06-22,593.57,598.27,566.37,577.38,6667600
2015-06-23,576.69,584.40,563.11,566.41,6271100
2015-06-24,564.98,568.11,559.57,566.62,5284800
2015-06-25,565.06,566.42,555.33,558.13,2416700
2015-06-26,555.33,559.15,546.89,555.52,5792000
2015-06-29,555.99,566.62,554.67,565.64,8028300
2015-06-30,563.44,572.11,560.25,569.93,6494400
2015-07-01,573.38,599.57,571.74,598.55,8158900
2015-07-02,599.78,602.28,595.92,597.97,5387600
2015-07-03,601.99,605.24,596.29,598.73,4159900
2015-07-06,596.99,597.98,579.67,580.16,4798300
2015-07-07,578.84,580.98,577.10,580.31,6784800
2015-07-08,581.35,584.89,574.80,577.19,3376500
2015-07-09,581.75,581.80,578.07,581.08,5424100
2015-07-10,581.17,584.42,580.29,581.68,8326000
2015-07-13,577.28,581.90,573.15,577.15,7751800
2015-07-14,575.80,577.05,562.17,563.05,5501700
2015-07-15,561.41,570.86,560.62,569.02,6378900
2015-07-16,565.80,566.50,559.67,564.18,7001600
2015-07-17,561.41,561.85,549.87,552.02,5200200
2015-07-20,552.85,558.82,550.72,555.15,4007600
2015-07-21,555.66,557.48,534.76,541.24,7175900
2015-07-22,533.36,542.33,531.02,537.21,7018400
2015-07-23,538.07,539.66,522.12,523.26,6217200
2015-07-24,520.62,521.68,515.35,521.57,4044900
2015-07-27,522.02,523.70,508.37,510.50,6037800
2015-07-28,514.55,531.62,513.22,530.44,5268200
2015-07-29,527.64,540.25,527.02,538.42,6348800
2015-07-30,537.47,545.81,535.47,541.87,4735200
2015-07-31,545.30,548.05,542.70,544.44,5008100
2015-08-03,544.99,556.45,539.97,549.20,5578500
2015-08-04,550.53,557.98,549.49,555.37,5135200
2015-08-05,554.23,558.37,553.70,557.42,6388700
2015-08-06,559.71,565.53,543.64,549.60,7783700
2015-08-07,544.98,551.25,544.98,550.85,5354500
2015-08-10,551.17,555.17,532.19,539.81,6354700
2015-08-11,535.28,538.11,529.38,537.38,7205900
2015-08-12,537.67,543.83,532.74,540.32,5810400
2015-08-13,540.20,540.92,527.68,532.82,7755400
2015-08-14,533.62,536.26,529.76,536.01,4599200
2015-08-17,534.41,540.96,530.20,532.77,5659200
2015-08-18,533.62,550.09,531.89,549.70,5473100
2015-08-19,550.38,557.50,546.45,547.07,7310200
2015-08-20,548.15,551.68,539.83,550.72,6188700
2015-08-21,549.17,560.50,546.44,555.27,5065200
2015-08-24,553.76,563.71,552.25,556.38,8149200
2015-08-25,555.54,560.94,553.44,558.81,6748200
2015-08-26,557.08,560.92,556.33,556.99,3958200
2015-08-27,557.83,560.14,554.33,558.11,6325000
2015-08-28,557.65,561.96,555.51,559.56,5012300
2015-08-31,560.45,567.62,558.26,565.81,4055800
2015-09-01,567.45,579.19,564.89,575.46,5940500
2015-09-02,575.24,576.48,573.94,575.59,4064100
2015-09-03,577.54,589.29,576.00,586.58,6564900
2015-09-04,587.38,588.42,580.76,586.86,6299800
2015-09-07,581.58,583.76,577.08,580.03,6778600
2015-09-08,585.21,587.04,574.26,577.17,5236100
2015-09-09,579.54,585.40,570.23,572.66,4963400
2015-09-10,570.66,573.71,569.47,571.49,7943000
2015-09-11,576.38,578.25,571.70,572.51,4875200
2015-09-14,570.29,577.75,567.99,574.71,7872300
2015-09-15,574.69,587.84,570.74,584.13,6559000
2015-09-16,585.82,595.61,582.51,590.37,5627500
2015-09-17,590.24,590.75,587.12,587.63,4295800
2015-09-18,587.19,599.57,586.91,592.41,5855000
2015-09-21,594.65,598.66,592.13,592.42,5804800
2015-09-22,593.80,601.82,591.33,598.96,5665100
2015-09-23,602.49,614.75,594.96,609.24,7003600
2015-09-24,610.51,615.17,606.35,608.85,5609100
2015-09-25,607.88,617.62,606.85,615.48,7078700
2015-09-28,616.28,629.83,612.54,627.11,6060300
2015-09-29,631.73,634.85,629.08,630.64,4081400
2015-09-30,630.88,632.52,620.17,622.21,6455500
2015-10-01,626.24,630.48,617.46,621.81,5775200
2015-10-02,625.11,627.62,613.38,615.12,7883300
2015-10-05,614.98,625.13,613.96,623.67,6529500
2015-10-06,619.65,626.57,616.87,625.81,4270200
2015-10-07,624.23,637.79,623.60,628.91,7573700
2015-10-08,626.26,645.29,623.30,644.09,7358300
2015-10-09,644.69,653.49,641.86,650.82,4998500
2015-10-12,649.88,657.30,649.77,652.41,7852700
2015-10-13,651.74,654.37,636.15,637.65,5513600
2015-10-14,639.63,645.98,633.67,633.76,5448900
2015-10-15,637.29,640.34,624.17,628.52,6944200
2015-10-16,628.99,632.97,622.31,627.41,4936500
2015-10-19,632.99,633.39,614.02,617.79,8516900
2015-10-20,613.46,626.34,609.04,623.29,5691900
2015-10-21,624.27,636.41,619.89,633.95,6446200
2015-10-22,642.34,644.05,629.57,631.42,5152100
2015-10-23,631.25,641.32,616.20,619.93,6115300
2015-10-26,618.19,623.20,617.56,621.22,4313100
2015-10-27,618.95,624.71,617.81,619.73,7277500
2015-10-28,620.03,628.37,611.17,628.23,5702200
2015-10-29,629.38,629.50,623.93,628.15,6276700
2015-10-30,631.11,631.61,618.37,622.50,6437400
2015-11-02,619.18,620.13,610.84,611.80,5444700
2015-11-03,610.02,622.35,606.13,612.33,6760000
2015-11-04,611.70,615.14,588.91,594.45,6104300
2015-11-05,594.65,595.43,580.01,586.47,5695600
2015-11-06,585.10,595.60,582.83,592.49,5486500
2015-11-09,595.37,601.94,588.83,591.79,8319900
2015-11-10,592.07,596.00,589.93,591.95,7861900
2015-11-11,589.74,591.30,587.86,590.62,6029800
2015-11-12,589.95,591.90,579.83,580.57,5686600
2015-11-13,582.23,582.35,575.90,578.17,8429200
2015-11-16,579.90,587.27,579.29,582.18,5424400
2015-11-17,584.23,589.80,578.34,586.64,7920600
2015-11-18,587.05,592.67,573.96,579.28,8200500
2015-11-19,580.40,583.26,571.24,580.40,7134100
2015-11-20,577.90,596.85,572.88,587.94,6599900
2015-11-23,587.61,591.13,581.59,590.38,4735400
2015-11-24,589.79,603.87,587.08,602.63,4671100
2015-11-25,604.81,605.29,601.84,603.19,5496000
2015-11-26,595.82,597.19,590.28,590.97,7227900
2015-11-27,589.57,593.34,588.21,591.39,4100500
2015-11-30,591.75,594.06,589.75,593.12,4445200
2015-12-01,590.10,602.37,586.87,598.83,6835000
2015-12-02,595.51,605.29,595.02,603.25,6135300
2015-12-03,603.78,620.69,602.91,615.76,4538500
2015-12-04,616.52,622.30,614.89,621.07,8358400
2015-12-07,618.57,629.72,616.94,623.11,5686400
2015-12-08,625.14,627.18,614.69,619.37,4050300
2015-12-09,620.29,625.31,613.19,617.95,4360300
2015-12-10,617.69,632.26,616.19,629.00,5475500
2015-12-11,628.38,646.53,625.05,645.17,5526300
2015-12-14,638.85,651.01,634.97,648.56,7254300
2015-12-15,654.05,655.84,648.52,650.64,4828100
2015-12-16,653.26,655.31,646.39,649.39,6200900
2015-12-17,650.95,652.24,650.12,651.85,6259900
2015-12-18,651.46,657.88,650.02,652.76,5551500
2015-12-21,655.02,657.79,648.01,649.01,6090200
2015-12-22,646.67,660.26,643.22,657.08,5692100
2015-12-23,654.40,656.85,648.21,648.21,7681500
2015-12-24,647.43,653.46,641.17,649.90,4389100
2015-12-25,654.45,658.51,647.16,651.73,3881400
2015-12-28,650.64,663.12,644.06,657.73,5177700
2015-12-29,658.41,659.62,653.75,656.80,5430400
2015-12-30,653.65,662.99,648.39,649.14,6852700
2015-12-31,651.98,653.46,646.20,648.75,7210500
2016-01-01,646.39,650.42,640.22,640.58,4625200
2016-01-04,639.06,640.45,634.08,638.08,4680600
2016-01-05,637.70,637.76,631.87,632.24,4604900
2016-01-06,628.53,658.83,624.62,652.87,5184700
2016-01-07,650.62,651.28,631.95,635.16,7414600
2016-01-08,635.34,637.36,623.10,625.78,3767300
2016-01-11,625.09,638.62,624.64,636.31,5303400
2016-01-12,639.05,640.42,630.72,635.04,6556300
2016-01-13,631.33,636.53,621.55,624.27,6635500
2016-01-14,622.73,630.50,618.64,629.82,4403300
2016-01-15,631.45,659.35,624.26,647.70,5066500
2016-01-18,650.79,651.24,644.86,648.39,5755700
2016-01-19,651.39,657.77,644.45,656.18,6862400
2016-01-20,657.52,660.07,643.83,645.27,5207300
2016-01-21,646.21,651.12,637.41,640.84,4635400
2016-01-22,642.96,649.90,637.04,642.96,7305100
2016-01-25,647.19,649.65,641.21,644.90,8237800
2016-01-26,639.46,640.53,635.96,639.72,7976900
2016-01-27,639.69,650.42,631.79,635.35,4338400
2016-01-28,631.07,631.92,630.58,630.73,3874900
2016-01-29,626.71,629.09,624.14,624.81,4095800
2016-02-01,619.00,624.85,618.56,620.87,7004200
2016-02-02,619.58,624.37,614.32,616.80,5646000
2016-02-03,622.48,622.81,617.28,620.91,6826500
2016-02-04,620.70,620.82,608.23,610.09,5578900
2016-02-05,609.20,616.16,602.88,614.54,4423500
2016-02-08,612.06,635.17,609.97,629.14,6874900
2016-02-09,629.04,636.89,622.72,630.94,4040000
2016-02-10,634.05,638.65,624.03,627.58,5264200
2016-02-11,623.97,625.03,615.11,620.52,5829100
2016-02-12,620.21,621.33,613.35,616.87,6660100
2016-02-15,618.00,619.85,606.48,607.79,5709200
2016-02-16,609.25,610.81,609.00,610.31,5370700
2016-02-17,607.78,610.78,606.35,610.03,7195300
2016-02-18,608.53,617.35,607.17,616.61,6442700
2016-02-19,616.91,622.24,616.84,619.31,4152700
2016-02-22,616.94,627.40,615.63,626.33,5574900
2016-02-23,627.79,645.44,624.88,639.27,8849600
2016-02-24,640.09,650.50,633.26,647.94,4936600
2016-02-25,652.79,682.48,651.85,672.14,7069700
2016-02-26,670.54,684.21,668.17,682.85,5435300
2016-02-29,685.28,692.73,678.82,679.51,5145800
2016-03-01,675.69,689.94,669.96,685.70,5584400
2016-03-02,684.66,695.42,684.51,693.33,6144300
2016-03-03,689.22,699.34,688.24,695.19,3425300
2016-03-04,695.16,703.80,690.57,702.81,4862100
2016-03-07,705.21,712.23,703.14,709.01,7497800
2016-03-08,712.84,724.94,710.28,722.31,5621000
2016-03-09,721.67,727.53,713.20,722.13,6600300
2016-03-10,722.38,726.60,708.91,714.36,4506200
2016-03-11,709.60,711.51,706.21,711.30,7485900
2016-03-14,710.27,713.36,690.88,694.65,5886500
2016-03-15,696.15,696.83,667.45,671.96,6080700
2016-03-16,671.30,677.08,661.44,663.74,5984500
2016-03-17,665.13,665.41,650.52,660.00,7806000
2016-03-18,657.03,658.18,654.10,654.80,4695900
2016-03-21,650.37,669.95,649.32,665.66,7077400
2016-03-22,665.01,666.52,649.75,656.93,6849200
2016-03-23,662.65,664.64,647.13,647.27,6256600
2016-03-24,647.09,671.67,646.36,664.84,8923900
2016-03-25,666.68,667.80,647.67,652.32,7019900
2016-03-28,650.31,663.86,649.40,659.52,6507300
2016-03-29,657.10,661.28,655.28,659.24,6145400
2016-03-30,653.92,660.89,636.78,638.34,5118700
2016-03-31,637.68,648.88,636.90,647.27,5856600
2016-04-01,649.63,654.68,638.45,645.20,5893500
2016-04-04,643.15,649.13,640.19,649.11,5046500
2016-04-05,648.63,652.45,643.80,651.72,4881300
2016-04-06,655.26,658.51,653.95,655.33,6875800
2016-04-07,658.49,663.87,656.73,663.80,6438800
2016-04-08,664.49,686.37,664.25,683.59,6714300
2016-04-11,685.21,689.02,678.42,686.66,6036200
2016-04-12,691.06,694.98,685.56,685.64,6826700
2016-04-13,684.20,698.73,679.35,694.43,4188000
2016-04-14,689.91,702.63,688.40,699.33,5064200
2016-04-15,699.12,703.19,674.34,677.33,7693800
2016-04-18,678.17,686.24,677.82,682.00,5761900
2016-04-19,684.13,685.43,674.55,679.20,7134400
2016-04-20,674.25,683.71,669.54,677.76,7413600
2016-04-21,675.78,677.84,663.03,665.77,7273600
2016-04-22,664.30,684.92,659.88,683.15,6853300
2016-04-25,682.79,688.40,682.13,688.22,8096900
2016-04-26,693.39,699.62,683.27,684.80,7360900
2016-04-27,685.23,685.61,679.02,681.65,5931400
2016-04-28,680.83,680.87,680.02,680.60,7139900
2016-04-29,678.24,683.74,674.62,680.24,4112600
2016-05-02,685.39,689.86,681.58,687.84,7003200
2016-05-03,686.70,693.46,684.65,691.90,5939900
2016-05-04,686.55,693.62,683.43,687.87,5360700
2016-05-05,684.60,687.55,679.62,686.27,6056500
2016-05-06,686.23,700.80,686.08,692.28,6277000
2016-05-09,690.01,695.68,676.44,684.09,6060500
2016-05-10,684.22,687.06,677.46,681.01,4822900
2016-05-11,680.36,694.52,675.83,690.16,6877100
2016-05-12,690.94,698.23,689.27,690.75,8716300
2016-05-13,690.18,705.08,687.93,704.42,5354900
2016-05-16,703.12,705.17,693.71,694.65,6746400
2016-05-17,697.92,705.37,689.14,691.24,4873200
2016-05-18,688.96,690.75,681.74,684.72,5955900
2016-05-19,681.83,691.12,677.79,677.81,4915400
2016-05-20,680.42,691.66,675.62,685.33,4794100
2016-05-23,688.49,700.57,687.06,695.67,4423600
2016-05-24,689.71,698.02,682.91,697.40,5137500
2016-05-25,698.93,705.94,695.36,697.25,5401800
2016-05-26,700.38,718.60,699.16,714.55,5620900
2016-05-27,713.72,732.98,712.58,730.61,3099400
2016-05-30,729.13,730.61,706.64,712.18,5001900
2016-05-31,711.50,715.94,710.14,712.41,6970200
2016-06-01,713.96,717.68,691.06,694.87,3838000
2016-06-02,693.97,698.70,676.11,682.08,6613700
2016-06-03,681.34,683.16,677.25,677.30,3279400
2016-06-06,676.86,685.22,668.17,668.30,4146800
2016-06-07,668.95,678.34,666.87,674.60,7016500
2016-06-08,675.11,678.50,671.87,671.99,5813200
2016-06-09,675.03,677.18,670.31,671.02,7108800
2016-06-10,671.21,678.44,670.65,671.37,6922200
2016-06-13,669.12,693.51,667.10,687.82,6531700
2016-06-14,681.57,694.19,678.75,691.62,6464100
2016-06-15,686.69,701.75,686.06,700.96,5538600
2016-06-16,702.71,708.87,701.15,706.80,6544300
2016-06-17,703.73,723.98,696.63,719.08,5279700
2016-06-20,718.23,725.13,712.16,720.54,5626200
2016-06-21,720.50,724.58,718.17,720.98,4247500
2016-06-22,723.69,734.87,722.46,734.10,6180800
2016-06-23,729.37,739.30,724.66,736.68,5383800
2016-06-24,741.68,741.99,719.82,722.49,5585900
2016-06-27,719.27,719.74,710.51,711.73,4864100
2016-06-28,707.95,709.14,704.47,708.72,5672800
2016-06-29,713.05,718.18,711.90,714.34,6947600
2016-06-30,713.90,719.71,697.41,708.20,6647100
2016-07-01,710.48,723.48,705.64,723.15,3912400
2016-07-04,721.31,731.86,721.22,728.09,7123600
2016-07-05,730.43,734.14,723.60,726.58,6365600
2016-07-06,725.01,726.50,716.02,716.12,5083600
2016-07-07,717.40,727.19,709.38,723.69,6364100
2016-07-08,724.82,731.53,722.11,730.47,6130100
2016-07-11,728.89,729.65,720.38,720.47,6734700
2016-07-12,724.94,737.61,723.25,733.88,4900300
2016-07-13,735.22,750.23,733.24,746.52,6442500
2016-07-14,748.04,764.51,746.99,761.81,6608900
2016-07-15,764.28,771.08,755.98,762.28,8124300
2016-07-18,760.13,772.50,751.57,772.33,3224500
2016-07-19,772.07,775.07,745.43,752.75,7464600
2016-07-20,755.40,757.71,749.15,757.57,7261500
2016-07-21,751.24,759.62,742.59,754.18,4963000
2016-07-22,756.70,757.86,746.49,753.90,5996400
2016-07-25,756.47,762.30,754.60,758.96,7097600
2016-07-26,758.85,763.17,748.58,752.65,5268400
2016-07-27,752.62,755.31,749.09,751.41,6964600
2016-07-28,747.65,748.21,741.19,742.36,5514100
2016-07-29,744.83,752.75,731.89,735.32,6486600
2016-08-01,730.86,735.62,719.23,725.22,5122300
2016-08-02,727.13,732.88,725.72,729.05,6138800
2016-08-03,724.38,742.38,718.98,741.57,4932400
2016-08-04,741.22,749.43,726.14,732.81,6221300
2016-08-05,727.37,740.23,712.61,718.28,4990900
2016-08-08,720.32,727.98,716.67,716.77,5949300
2016-08-09,716.41,726.95,716.22,720.97,6861900
2016-08-10,720.02,729.26,714.67,723.82,5558900
2016-08-11,721.55,727.09,707.85,713.35,6770200
2016-08-12,709.30,716.45,708.77,713.79,4614500
2016-08-15,710.43,710.97,695.48,706.42,2982900
2016-08-16,705.91,713.29,698.60,702.99,6680100
2016-08-17,703.72,709.58,702.10,702.20,5749100
2016-08-18,704.75,710.72,697.63,698.68,6067300
2016-08-19,697.27,705.79,691.70,703.22,6042100
2016-08-22,697.30,701.45,695.81,698.99,5577600
2016-08-23,697.91,719.66,693.46,713.18,3159000
2016-08-24,708.68,715.21,703.21,714.60,5050000
2016-08-25,717.88,718.39,698.82,704.58,4623700
2016-08-26,703.69,714.65,703.06,713.94,7779700
2016-08-29,712.11,725.11,708.82,722.24,3850100
2016-08-30,720.10,727.95,711.16,725.03,6057100
2016-08-31,726.47,732.10,723.10,725.33,3741300
2016-09-01,726.94,734.05,725.42,728.82,3535200
2016-09-02,723.13,743.29,722.84,737.22,6554100
2016-09-05,740.97,744.50,733.05,736.30,7367000
2016-09-06,733.47,745.00,729.89,744.48,5528200
2016-09-07,742.11,743.64,735.92,739.28,4878800
2016-09-08,739.75,745.34,735.70,744.32,8346000
2016-09-09,743.84,748.67,730.43,735.09,6610200
2016-09-12,738.66,739.39,733.83,738.68,6210800
2016-09-13,741.29,746.73,735.50,744.44,4599500
2016-09-14,746.61,747.78,738.43,739.55,6579300
2016-09-15,738.07,749.87,737.51,743.31,6664900
2016-09-16,747.72,751.72,724.78,725.99,3098400
2016-09-19,721.69,726.51,720.80,725.41,6818100
2016-09-20,723.45,724.53,721.95,723.32,3780800
2016-09-21,719.56,731.81,705.41,729.52,5352900
2016-09-22,732.02,735.66,717.86,729.48,4112100
2016-09-23,728.95,743.51,727.04,739.45,6106200
2016-09-26,740.79,759.76,740.13,758.10,7775700
2016-09-27,753.53,760.11,752.82,759.34,7226400
2016-09-28,763.32,770.38,758.01,768.25,6140800
2016-09-29,766.43,788.25,766.27,785.23,5533700
2016-09-30,788.39,796.15,783.78,795.14,6592600
2016-10-03,797.76,808.22,791.22,806.63,4071000
2016-10-04,804.96,807.28,799.86,804.71,7275000
2016-10-05,803.19,817.86,799.60,809.06,5884600
2016-10-06,808.64,817.29,792.30,799.03,6345000
2016-10-07,801.84,811.64,797.18,808.41,6171900
2016-10-10,805.54,822.77,799.20,813.28,3550400
2016-10-11,807.68,820.90,804.18,818.22,5188800
2016-10-12,822.63,828.89,799.07,799.43,5196800
2016-10-13,802.65,815.52,793.02,810.57,6309600
2016-10-14,804.26,830.34,795.26,827.18,3647700
2016-10-17,826.13,843.47,814.32,842.68,8672500
2016-10-18,842.47,852.68,840.00,848.25,7834400
2016-10-19,849.14,863.97,847.62,863.47,7315800
2016-10-20,861.63,865.53,859.17,864.54,7818800
2016-10-21,866.55,867.87,854.22,858.08,8370900
2016-10-24,859.86,860.42,852.88,858.26,6066100
2016-10-25,860.04,861.55,848.21,851.15,5944600
2016-10-26,856.24,876.88,856.24,871.18,6523800
2016-10-27,874.29,875.38,843.90,844.93,6904400
2016-10-28,846.41,849.05,837.93,848.31,7719800
2016-10-31,846.96,850.67,836.94,839.81,2868800
2016-11-01,838.42,838.62,830.08,834.61,6077600
2016-11-02,834.71,843.23,827.41,842.91,5133400
2016-11-03,843.60,851.96,832.88,842.78,6916500
2016-11-04,847.41,855.91,838.72,855.21,5899300
2016-11-07,859.89,860.39,853.05,854.17,4272400
2016-11-08,853.12,860.58,848.24,853.28,6398200
2016-11-09,852.99,858.67,850.38,854.78,5151800
2016-11-10,857.67,869.50,855.91,868.82,5628200
2016-11-11,871.08,875.80,856.70,861.60,5758400
2016-11-14,859.03,860.56,853.15,858.46,4904800
2016-11-15,864.38,869.86,848.59,852.70,5844300
2016-11-16,854.49,855.59,836.09,847.96,5635500
2016-11-17,847.20,852.79,826.50,835.00,7422700
2016-11-18,832.00,834.13,829.28,831.95,4783600
2016-11-21,834.17,844.01,831.51,836.81,4975200
2016-11-22,837.33,863.68,836.05,852.09,5434500
2016-11-23,852.24,860.16,846.26,857.24,6030300
2016-11-24,862.26,864.66,840.33,850.95,7357800
2016-11-25,852.92,868.33,844.89,866.75,5728300
2016-11-28,870.13,874.25,845.35,847.98,6570900
2016-11-29,853.61,856.42,851.97,853.29,7000900
2016-11-30,851.72,862.42,834.57,840.29,6319900
2016-12-01,839.87,845.47,832.17,838.93,5648100
2016-12-02,839.94,841.67,816.47,824.81,5353400
2016-12-05,825.50,828.64,807.30,809.10,7632200
2016-12-06,809.44,811.22,803.50,803.60,7022100
2016-12-07,807.37,826.06,805.51,822.05,6654900
2016-12-08,818.92,827.89,816.11,825.84,7937600
2016-12-09,824.18,845.72,823.25,835.37,4966600
2016-12-12,834.91,844.19,824.03,831.90,7397600
2016-12-13,831.03,833.53,830.18,832.20,5846400
2016-12-14,824.33,828.02,823.06,824.25,4037400
2016-12-15,821.67,829.94,816.28,818.28,4894600
2016-12-16,824.98,832.34,811.80,815.05,6238100
2016-12-19,813.90,827.99,809.75,825.09,7556500
2016-12-20,834.63,837.85,826.54,828.65,3488300
2016-12-21,820.47,821.37,810.79,821.10,7334200
2016-12-22,821.73,821.83,817.36,819.48,5710500
2016-12-23,817.92,818.51,804.22,810.70,6107200
2016-12-26,812.69,822.71,809.47,816.43,6630700
2016-12-27,820.31,824.32,818.68,819.38,4164300
2016-12-28,824.75,826.53,818.49,822.23,6296600
2016-12-29,822.88,832.24,815.52,829.86,5659200
2016-12-30,828.13,840.02,821.38,836.04,5988000
2017-01-02,838.81,855.54,838.28,851.88,8682900
2017-01-03,850.60,854.48,838.88,844.12,6354000
2017-01-04,845.14,858.01,842.79,852.35,5819200
2017-01-05,850.39,854.54,845.62,850.77,6134500
2017-01-06,846.71,864.80,845.82,861.15,8704500
2017-01-09,856.99,857.03,852.86,856.01,7863100
2017-01-10,861.04,861.24,833.82,838.70,7141400
2017-01-11,839.49,844.51,831.27,834.66,6154700
2017-01-12,836.61,839.21,828.37,828.49,6089200
2017-01-13,828.43,838.16,817.05,817.69,4602100
2017-01-16,818.79,819.01,809.19,814.32,4324400
2017-01-17,815.90,834.38,813.58,826.77,7572600
2017-01-18,827.66,832.23,820.93,823.77,6952800
2017-01-19,821.51,834.56,817.65,831.39,6177000
2017-01-20,830.46,853.44,825.97,846.42,5971800
2017-01-23,848.79,859.67,847.11,857.92,4720700
2017-01-24,848.94,865.18,848.87,863.42,7232200
2017-01-25,860.31,876.23,858.52,873.93,6430600
2017-01-26,875.90,878.87,868.78,869.59,6410800
2017-01-27,868.78,870.39,852.65,855.80,4535200
2017-01-30,851.92,859.85,836.55,840.06,8278900
2017-01-31,839.76,859.19,838.10,850.46,5641200
2017-02-01,847.40,865.68,846.71,865.62,5021100
2017-02-02,865.08,865.40,853.52,862.73,5848600
2017-02-03,863.62,873.45,855.46,863.38,5623500
2017-02-06,858.63,859.37,834.29,838.92,7204600
2017-02-07,841.86,852.43,839.28,847.07,6224200
2017-02-08,852.63,853.28,843.01,846.31,4826100
2017-02-09,843.70,848.74,822.14,827.07,4144800
2017-02-10,821.80,835.05,819.74,832.72,3728300
2017-02-13,832.69,841.42,827.81,839.51,4924300
2017-02-14,838.19,852.19,828.26,848.87,6330700
2017-02-15,847.55,858.13,846.55,848.09,4534600
2017-02-16,847.24,852.85,840.57,851.25,6043900
2017-02-17,852.42,863.83,838.99,842.35,4084600
2017-02-20,835.50,868.18,833.40,857.90,5932200
2017-02-21,859.80,866.80,854.19,854.72,5571900
2017-02-22,858.19,871.65,858.09,868.94,4633300
2017-02-23,868.51,878.17,860.81,875.34,6617500
2017-02-24,872.68,874.83,865.25,873.30,7434500
2017-02-27,866.14,890.44,861.77,888.43,5697600
2017-02-28,889.82,892.80,879.78,881.60,5751300
2017-03-01,880.63,886.57,879.49,886.31,5393300
2017-03-02,889.17,889.94,882.96,888.50,6126400
2017-03-03,891.94,896.30,878.88,887.66,6652700
2017-03-06,889.09,897.92,884.46,890.42,7136600
2017-03-07,886.74,906.12,886.57,899.07,5885400
2017-03-08,900.47,902.45,891.80,895.43,8610700
2017-03-09,897.09,897.33,881.28,890.47,9685600
2017-03-10,893.65,898.33,883.04,888.89,9063000
2017-03-13,895.73,897.97,876.52,883.35,3553800
2017-03-14,886.33,891.03,869.48,873.03,4373500
2017-03-15,880.00,883.35,872.01,876.66,5201100
2017-03-16,875.54,885.80,854.39,858.17,6140600
2017-03-17,857.14,860.09,855.17,857.63,7246600
2017-03-20,857.45,858.87,847.58,852.82,5475800
2017-03-21,854.52,860.43,854.05,854.70,5047900
2017-03-22,854.84,862.89,844.69,859.83,5443600
2017-03-23,854.42,872.30,849.73,862.61,4701900
2017-03-24,857.58,877.05,850.85,862.51,4870000
2017-03-27,861.36,881.11,861.18,877.00,6039500
2017-03-28,874.01,875.65,869.99,871.16,2167800
2017-03-29,872.87,875.73,856.22,858.06,8444600
2017-03-30,864.53,864.56,855.01,855.48,6574400
2017-03-31,855.15,865.17,853.98,863.09,6635500
2017-04-03,858.75,889.26,850.93,882.99,7690000
2017-04-04,881.68,913.43,881.67,906.58,5274700
2017-04-05,910.75,919.78,909.03,910.86,5717800
2017-04-06,909.61,927.03,903.51,924.40,6242100
2017-04-07,926.33,951.75,922.95,943.65,4992200
2017-04-10,947.96,948.06,936.34,938.08,6052000
2017-04-11,937.12,960.62,934.71,956.13,6156800
2017-04-12,962.45,972.12,957.26,961.69,6561900
2017-04-13,958.49,962.13,954.99,960.46,7362100
2017-04-14,956.81,969.41,954.95,967.38,6757400
2017-04-17,967.61,983.34,957.96,975.64,5379100
2017-04-18,978.20,978.57,943.50,951.43,4734000
2017-04-19,943.25,962.29,940.79,952.62,5273400
2017-04-20,952.48,956.75,949.18,955.44,6813600
2017-04-21,955.83,960.39,944.98,947.18,3344100
2017-04-24,950.01,951.75,948.53,949.47,6335400
2017-04-25,947.50,948.29,927.16,944.85,4621900
2017-04-26,947.40,952.43,932.67,935.38,5109600
2017-04-27,930.70,943.15,927.63,934.02,5816500
2017-04-28,930.74,932.81,906.06,910.89,4163600
2017-05-01,910.13,919.64,909.87,915.84,6141600
2017-05-02,916.63,925.64,913.90,922.08,5959800
2017-05-03,929.15,935.35,924.05,925.73,5989600
2017-05-04,925.16,933.14,921.20,932.17,4864800
2017-05-05,937.39,939.81,926.62,927.00,8744700
2017-05-08,923.12,928.09,907.47,920.30,6087800
2017-05-09,917.78,923.19,888.21,899.99,7387600
2017-05-10,898.22,900.31,877.70,880.44,6825800
2017-05-11,882.89,889.79,864.50,872.13,4434100
2017-05-12,873.06,884.07,865.15,882.27,6476700
2017-05-15,886.11,894.65,877.58,881.94,7326100
2017-05-16,880.88,905.50,873.53,896.90,4885500
2017-05-17,897.06,913.00,889.82,905.53,6990700
2017-05-18,903.38,903.98,878.11,893.80,7890100
2017-05-19,891.23,895.23,886.80,887.01,5315900
2017-05-22,884.66,885.22,872.37,874.75,5739900
2017-05-23,880.09,887.49,855.77,858.77,5201500
2017-05-24,856.40,867.19,851.21,861.46,5301600
2017-05-25,862.11,871.11,861.07,868.73,7460900
2017-05-26,867.87,874.94,853.30,858.83,4840600
2017-05-29,858.13,871.95,850.19,870.38,3976200
2017-05-30,872.93,880.38,872.57,880.11,5209700
2017-05-31,890.08,891.99,865.33,873.79,8320700
2017-06-01,868.80,882.97,860.43,877.62,5808000
2017-06-02,875.88,884.67,862.30,867.03,6331400
2017-06-05,863.66,869.09,858.64,867.33,6893700
2017-06-06,869.79,879.21,866.48,873.24,6650500
2017-06-07,874.05,878.33,852.18,853.12,7174400
2017-06-08,855.18,875.01,854.83,869.32,8165900
2017-06-09,869.83,873.22,849.27,850.98,5994800
2017-06-12,849.64,855.39,845.20,852.21,6576400
2017-06-13,843.15,850.40,841.07,847.26,7340800
2017-06-14,846.69,862.05,839.57,857.09,4595700
2017-06-15,853.58,855.58,838.37,847.95,8031600
2017-06-16,849.60,856.50,839.19,843.10,4917600
2017-06-19,846.72,882.49,845.80,877.58,8374800
2017-06-20,872.67,900.44,866.31,897.10,5130100
2017-06-21,898.29,913.25,893.14,907.37,6878000
2017-06-22,903.71,904.20,896.43,899.55,4813000
2017-06-23,891.73,907.53,891.60,903.88,5779900
2017-06-26,903.50,906.91,881.80,885.39,5566000
2017-06-27,889.71,898.11,876.08,876.88,5688700
2017-06-28,880.23,886.98,877.06,882.08,6246100
2017-06-29,883.00,892.92,875.42,891.34,5312300
2017-06-30,887.58,893.38,883.12,887.73,5132100
2017-07-03,892.69,905.22,890.09,896.35,7659700
2017-07-04,894.41,917.99,893.00,906.22,4811200
2017-07-05,900.31,901.81,892.59,895.15,4018100
2017-07-06,893.42,904.89,889.07,898.21,8090300
2017-07-07,899.61,909.79,890.73,897.85,8648700
2017-07-10,894.98,917.36,887.91,914.59,5404700
2017-07-11,915.20,918.04,900.15,900.33,7004300
2017-07-12,899.21,912.41,896.44,905.69,5923100
2017-07-13,909.64,912.61,903.34,904.00,7073200
2017-07-14,903.86,932.51,897.08,927.92,6239000
2017-07-17,927.65,934.59,900.99,901.18,5071600
2017-07-18,895.37,924.60,895.24,921.13,6847800
2017-07-19,924.70,930.71,909.89,918.92,8982200
2017-07-20,922.60,927.38,918.75,925.27,5074400
2017-07-21,926.59,929.50,907.32,907.73,7798300
2017-07-24,908.58,915.97,888.70,892.67,3554100
2017-07-25,891.12,892.09,885.57,889.83,5567900
2017-07-26,888.12,894.01,887.32,890.74,7334100
2017-07-27,892.36,900.93,862.56,863.28,7622900
2017-07-28,864.03,871.06,849.25,856.10,5339700
2017-07-31,854.01,854.82,845.87,851.18,7245500
2017-08-01,847.56,852.42,845.41,849.50,6291000
2017-08-02,847.75,857.01,845.78,856.97,6983200
2017-08-03,859.92,863.65,859.12,860.42,7528100
2017-08-04,858.15,860.93,851.62,857.55,4711700
2017-08-07,865.04,865.77,842.25,844.17,5710500
2017-08-08,844.22,845.06,822.54,826.91,4023500
2017-08-09,823.12,828.64,821.32,828.07,8027300
2017-08-10,828.95,847.92,820.86,843.88,5603400
2017-08-11,853.48,853.94,843.63,844.07,4863400
2017-08-14,848.79,854.50,846.34,854.23,3551500
2017-08-15,853.53,855.84,836.32,841.93,5986900
2017-08-16,838.36,856.60,834.76,852.09,4494600
2017-08-17,856.15,858.47,848.42,849.94,5388200
2017-08-18,846.67,851.48,835.46,851.25,7614800
2017-08-21,851.88,862.02,849.54,858.67,6371300
2017-08-22,860.60,869.34,858.54,867.24,6043700
2017-08-23,863.78,871.39,862.85,870.29,7641900
2017-08-24,869.14,878.53,867.58,874.75,8129400
2017-08-25,871.89,879.69,860.67,878.56,6043800
2017-08-28,875.41,876.77,864.25,870.68,5042000
2017-08-29,863.09,874.06,854.02,867.38,5059900
2017-08-30,872.30,879.92,862.19,867.65,5824100
2017-08-31,866.96,887.37,857.94,886.18,7037600
2017-09-01,881.37,886.04,868.36,872.88,7448000
2017-09-04,873.61,876.88,868.80,874.09,3918400
2017-09-05,874.22,890.80,873.26,885.46,6138300
2017-09-06,886.82,901.77,886.41,893.38,6579300
2017-09-07,891.64,903.69,882.07,882.89,7088000
2017-09-08,886.59,893.90,868.02,868.86,8505300
2017-09-11,862.50,871.61,862.09,863.02,6794400
2017-09-12,864.01,866.56,855.77,866.49,5835200
2017-09-13,874.61,883.90,869.32,875.69,4823400
2017-09-14,877.64,887.17,871.79,873.43,4134900
2017-09-15,869.58,889.64,867.76,874.88,7490600
2017-09-18,873.10,875.16,868.05,870.56,5048000
2017-09-19,871.75,876.25,860.49,861.44,5391100
2017-09-20,857.81,878.86,843.76,875.11,7045700
2017-09-21,868.13,895.08,863.28,895.05,6790200
2017-09-22,892.63,893.61,890.83,893.37,6349600
2017-09-25,887.52,890.00,877.43,884.10,7259300
2017-09-26,884.57,892.88,881.24,891.59,4551900
2017-09-27,883.24,883.62,872.42,875.04,6060300
2017-09-28,872.12,872.14,853.38,860.33,6790300
2017-09-29,867.53,875.51,847.76,862.11,6075300
2017-10-02,862.13,890.60,857.01,882.58,4615700
2017-10-03,886.72,888.89,872.72,878.33,3920900
2017-10-04,879.72,881.81,878.68,879.11,6750700
2017-10-05,871.68,900.95,857.07,896.77,6567000
2017-10-06,895.02,897.99,883.35,883.39,4999100
2017-10-09,880.65,884.09,864.63,866.03,4868800
2017-10-10,867.98,898.19,859.93,890.53,6685600
2017-10-11,884.53,906.24,876.80,902.23,6609900
2017-10-12,903.67,907.43,893.80,897.72,5029900
2017-10-13,893.28,907.72,889.63,903.76,5116000
2017-10-16,907.20,917.94,904.48,914.39,5992600
2017-10-17,915.95,919.09,909.42,911.29,4739200
2017-10-18,913.40,944.12,911.41,941.26,6587700
2017-10-19,948.59,950.48,917.81,921.57,4357800
2017-10-20,920.73,943.50,917.61,940.81,3953100
2017-10-23,941.29,946.37,938.29,945.47,7675700
2017-10-24,941.51,954.74,937.94,947.64,3865400
2017-10-25,946.27,950.89,944.87,950.73,5247400
2017-10-26,947.08,955.08,936.12,942.87,6566000
2017-10-27,944.21,949.30,940.07,940.46,4610400
2017-10-30,936.96,945.37,931.90,934.43,8626100
2017-10-31,934.58,934.78,914.62,917.25,5579700
2017-11-01,923.78,926.40,918.20,924.28,6496700
2017-11-02,922.32,931.60,907.51,908.60,4364700
2017-11-03,908.63,910.22,887.78,897.40,5451500
2017-11-06,893.81,924.59,890.62,920.14,4382600
2017-11-07,924.15,929.28,913.94,913.99,7714300
2017-11-08,917.86,938.80,914.67,932.17,5031500
2017-11-09,934.60,948.34,931.82,948.02,6367100
2017-11-10,951.01,952.14,941.83,950.44,5266600
2017-11-13,955.33,971.68,954.52,969.46,6661000
2017-11-14,969.69,970.65,951.37,962.10,6201300
2017-11-15,959.26,970.24,949.32,950.89,6408200
2017-11-16,951.80,956.04,941.69,944.90,8804400
2017-11-17,937.61,950.74,928.67,940.26,5084100
2017-11-20,936.28,951.17,934.19,946.00,6269100
2017-11-21,941.28,971.23,940.65,969.86,6219900
2017-11-22,966.74,970.99,954.80,958.99,8157200
2017-11-23,961.44,971.14,946.42,955.15,5073500
2017-11-24,947.32,962.95,937.09,954.43,7473300
2017-11-27,958.16,958.66,955.16,957.28,6741900
2017-11-28,951.30,954.71,944.92,952.83,5818900
2017-11-29,955.65,969.92,949.63,969.38,7801100
2017-11-30,963.91,966.35,958.14,963.97,5984400
2017-12-01,963.83,968.64,948.05,951.91,6189600
2017-12-04,946.75,973.50,941.43,972.36,6430100
2017-12-05,974.99,992.26,971.65,989.69,4887800
2017-12-06,989.26,999.62,987.02,989.00,5733000
2017-12-07,979.80,987.41,962.96,977.22,5761600
2017-12-08,981.43,989.44,978.42,978.83,5593000
2017-12-11,977.08,998.74,972.34,987.59,5989100
2017-12-12,986.71,1011.43,983.56,1007.35,6797300
2017-12-13,1000.86,1029.75,995.81,1028.63,6750100
2017-12-14,1031.15,1036.89,1014.63,1024.42,5766900
2017-12-15,1023.17,1036.42,1019.59,1025.10,6224700
2017-12-18,1018.90,1027.43,1012.86,1022.22,5697700
2017-12-19,1022.45,1025.11,1015.43,1022.70,4709500
2017-12-20,1021.44,1023.33,1016.26,1016.46,5860300
2017-12-21,1012.75,1017.79,1010.56,1011.46,6118200
2017-12-22,1012.32,1018.00,1004.82,1009.17,5419100
2017-12-25,1001.02,1017.46,994.37,1010.44,3124500
2017-12-26,1010.41,1015.89,983.40,986.85,8069000
2017-12-27,985.75,987.27,980.87,981.64,5392000
2017-12-28,983.07,991.72,977.62,990.95,5081400
2017-12-29,988.20,1002.58,986.37,996.60,4699000
2018-01-01,994.83,1006.84,993.05,1005.48,6549400
2018-01-02,1007.11,1015.18,1002.54,1015.07,5322500
2018-01-03,1017.45,1025.72,1011.87,1021.94,4856500
2018-01-04,1025.46,1048.85,1023.70,1035.67,4978300
2018-01-05,1035.99,1043.42,1028.32,1035.81,6588900
2018-01-08,1039.92,1041.37,1011.47,1019.41,4639800
2018-01-09,1014.19,1040.07,1010.57,1035.84,5260100
2018-01-10,1041.28,1041.99,1040.25,1040.33,5941400
2018-01-11,1049.03,1060.69,1000.38,1017.32,6198600
2018-01-12,1014.15,1035.17,1006.92,1028.35,5447800
2018-01-15,1023.49,1042.54,1023.06,1038.64,5325800
2018-01-16,1035.00,1035.49,1017.01,1021.02,5427200
2018-01-17,1025.92,1034.41,1022.95,1026.51,6641200
2018-01-18,1027.95,1036.64,1022.70,1025.66,7474100
2018-01-19,1017.87,1033.65,1012.84,1030.24,5284900
2018-01-22,1023.51,1025.68,1016.31,1022.37,6435100
2018-01-23,1024.73,1053.33,1021.18,1044.51,6756800
2018-01-24,1042.61,1048.61,1023.64,1031.45,5997600
2018-01-25,1027.06,1035.33,1015.51,1017.18,6459100
2018-01-26,1013.51,1016.73,1004.96,1011.11,4382100
2018-01-29,1008.00,1019.59,1005.10,1010.06,7196000
2018-01-30,1001.72,1012.20,996.22,1002.19,4661700
2018-01-31,997.57,1021.17,995.01,1021.09,4360600
2018-02-01,1019.77,1022.89,1006.03,1007.31,6144900
2018-02-02,1009.58,1040.36,1007.57,1037.39,5603200
2018-02-05,1040.02,1045.66,1013.09,1017.89,8343300
2018-02-06,1011.84,1029.19,1004.80,1023.31,6095400
2018-02-07,1025.80,1053.24,1020.25,1046.09,8282700
2018-02-08,1040.59,1084.37,1035.39,1077.37,4812600
2018-02-09,1083.89,1086.74,1071.62,1073.78,9877700
2018-02-12,1076.74,1081.10,1048.32,1052.83,5607400
2018-02-13,1059.77,1060.93,1031.07,1042.78,7288200
2018-02-14,1043.45,1046.01,1032.51,1035.51,3813400
2018-02-15,1030.71,1046.70,1028.13,1044.18,6275700
2018-02-16,1047.19,1055.72,1027.47,1031.09,4725800
2018-02-19,1030.90,1055.00,1029.15,1043.53,5994000
2018-02-20,1042.92,1045.89,1029.21,1030.87,4206800
2018-02-21,1025.98,1047.29,1024.86,1041.51,8205600
2018-02-22,1048.65,1080.86,1047.39,1076.14,7002100
2018-02-23,1077.58,1100.59,1077.23,1086.58,7708300
2018-02-26,1090.95,1105.35,1085.15,1103.19,7477600
2018-02-27,1107.53,1122.64,1104.33,1105.97,5154000
2018-02-28,1104.44,1113.45,1101.56,1101.72,5675800
2018-03-01,1107.63,1113.54,1102.65,1109.41,6563900
2018-03-02,1110.03,1120.10,1106.50,1118.37,9122900
2018-03-05,1121.22,1125.98,1077.03,1078.01,6424200
2018-03-06,1075.06,1081.33,1064.73,1067.32,6628200
2018-03-07,1070.61,1098.26,1067.33,1096.97,4846800
2018-03-08,1093.85,1115.36,1083.16,1105.70,6182400
2018-03-09,1112.94,1116.54,1105.12,1108.90,4968900
2018-03-12,1108.09,1111.48,1099.95,1103.61,7037900
2018-03-13,1095.82,1101.31,1079.86,1098.53,7249100
2018-03-14,1105.60,1116.47,1091.12,1096.69,6890300
2018-03-15,1091.90,1097.80,1045.78,1052.06,5488900
2018-03-16,1050.68,1078.76,1047.10,1076.04,6480400
2018-03-19,1076.36,1084.74,1058.56,1081.66,6347600
2018-03-20,1082.62,1095.76,1064.50,1070.76,4495800
2018-03-21,1071.70,1095.72,1070.84,1089.35,7918400
2018-03-22,1091.45,1098.03,1082.68,1087.59,4997200
2018-03-23,1093.48,1116.37,1088.45,1107.57,5413700
2018-03-26,1102.92,1112.93,1094.47,1098.64,3609600
2018-03-27,1099.47,1117.53,1083.17,1110.38,6340200
2018-03-28,1112.91,1120.68,1074.43,1086.73,5075400
2018-03-29,1087.42,1106.09,1082.05,1098.93,6674500
2018-03-30,1096.01,1104.47,1075.34,1077.69,7761100
2018-04-02,1082.20,1087.31,1073.79,1077.88,8298400
2018-04-03,1075.21,1088.90,1069.74,1083.58,5980900
2018-04-04,1084.34,1090.16,1060.04,1061.03,6326300
2018-04-05,1061.90,1065.90,1047.94,1062.94,8164700
2018-04-06,1066.44,1068.24,1054.99,1056.80,5032100
2018-04-09,1054.52,1063.44,1047.91,1058.54,4376600
2018-04-10,1057.86,1076.28,1052.24,1072.17,3495300
2018-04-11,1074.60,1077.46,1066.45,1072.33,4617400
2018-04-12,1070.10,1090.55,1066.67,1090.04,6054400
2018-04-13,1094.19,1094.50,1064.36,1078.51,6929400
2018-04-16,1080.19,1080.91,1053.21,1065.28,5486900
2018-04-17,1064.16,1084.19,1062.86,1078.58,5822900
2018-04-18,1073.96,1081.38,1055.80,1064.13,7108200
2018-04-19,1064.19,1074.17,1055.77,1069.19,7383500
2018-04-20,1070.92,1077.82,1047.03,1057.46,5500400
2018-04-23,1054.45,1058.20,1043.89,1056.61,4254500
2018-04-24,1059.81,1065.06,1056.68,1062.14,6289600
2018-04-25,1061.89,1064.06,1045.09,1051.92,8389700
2018-04-26,1056.41,1069.45,1038.70,1042.50,6112700
2018-04-27,1041.97,1042.60,1016.10,1023.09,5058800
2018-04-30,1016.37,1035.30,1004.29,1033.92,4455100
2018-05-01,1033.55,1034.09,1018.59,1021.91,4760100
2018-05-02,1016.55,1022.81,1003.67,1009.16,5972500
2018-05-03,1010.71,1021.87,1004.92,1007.97,6318500
2018-05-04,1009.04,1009.17,997.44,1003.01,5047500
2018-05-07,994.42,994.44,990.42,992.08,3929300
2018-05-08,989.52,998.20,988.94,995.90,6765700
2018-05-09,999.75,1007.41,984.38,996.64,6320600
2018-05-10,999.50,1000.35,979.42,987.30,6733000
2018-05-11,989.86,990.57,978.15,980.45,3725100
2018-05-14,981.85,997.62,981.48,995.98,5229500
2018-05-15,990.63,1008.46,988.86,996.60,6521200
2018-05-16,990.96,992.53,988.01,989.13,5471400
2018-05-17,996.13,1004.84,980.68,987.08,4763100
2018-05-18,982.36,1007.36,964.48,993.25,8306600
2018-05-21,996.80,1029.23,982.51,1017.16,5838400
2018-05-22,1020.53,1024.02,996.20,1000.91,6326900
2018-05-23,998.07,1011.61,981.35,1005.67,5334700
2018-05-24,1005.60,1008.40,995.76,997.70,5898600
2018-05-25,997.96,1004.31,997.36,1000.88,4484900
2018-05-28,1001.93,1002.52,987.76,993.01,6396200
2018-05-29,989.96,994.12,981.56,983.01,5656800
2018-05-30,981.45,982.69,965.65,972.89,7755700
2018-05-31,968.74,971.63,958.77,966.09,5466700
2018-06-01,966.90,976.47,963.27,969.08,5428400
2018-06-04,971.36,998.98,955.47,992.64,5176200
2018-06-05,992.11,1005.76,977.01,979.24,7336100
2018-06-06,984.00,986.16,967.30,968.49,7066500
2018-06-07,971.05,975.09,962.01,962.35,6001500
2018-06-08,959.53,988.11,954.08,981.13,5302300
2018-06-11,976.57,1005.27,974.26,999.56,3648200
2018-06-12,998.82,1018.94,996.02,1017.57,6406700
2018-06-13,1018.70,1026.16,1016.24,1024.22,6290700
2018-06-14,1021.89,1026.21,1001.47,1023.78,6466700
2018-06-15,1024.40,1032.88,1005.95,1007.82,2695500
2018-06-18,1009.54,1020.87,1001.62,1008.36,6164200
2018-06-19,1004.84,1015.48,1001.86,1012.02,5681300
2018-06-20,1010.75,1011.32,996.26,1005.81,4688000
2018-06-21,1009.12,1012.58,992.96,997.22,6568500
2018-06-22,993.74,998.86,980.56,981.80,7844600
2018-06-25,981.25,988.45,976.23,986.74,7865200
2018-06-26,988.55,993.31,970.54,984.85,3573600
2018-06-27,987.91,999.55,986.59,996.19,6333400
2018-06-28,993.72,996.36,984.74,987.68,7690800
2018-06-29,978.08,980.96,973.96,979.79,6567600
2018-07-02,970.57,995.69,969.41,994.44,5238900
2018-07-03,994.72,996.43,989.65,995.16,5659300
2018-07-04,996.44,997.14,966.89,975.05,5794700
2018-07-05,969.45,983.13,958.37,965.51,6207200
2018-07-06,967.23,967.41,949.45,952.61,4545100
2018-07-09,952.47,957.83,946.58,949.96,3888100
2018-07-10,945.01,953.73,919.64,926.77,6992300
2018-07-11,923.57,936.33,915.30,934.60,6479100
2018-07-12,938.74,947.55,936.19,942.39,5762000
2018-07-13,942.58,945.84,934.29,940.89,7267300
2018-07-16,943.91,952.99,936.55,939.53,5096900
2018-07-17,938.38,941.37,938.06,938.17,5226400
2018-07-18,939.41,943.65,927.96,931.94,6145300
2018-07-19,933.81,947.39,931.02,944.87,5261500
2018-07-20,952.38,959.84,923.08,932.50,6895100
2018-07-23,937.79,962.09,932.48,961.32,7737000
2018-07-24,958.30,960.52,940.29,947.85,5060500
2018-07-25,950.12,953.00,945.15,951.09,6218700
2018-07-26,949.56,953.00,937.44,939.12,6158000
2018-07-27,939.22,943.76,927.38,929.70,6463700
2018-07-30,928.95,935.64,927.06,927.52,4545200
2018-07-31,929.35,932.20,902.97,909.58,4485700
2018-08-01,910.01,920.52,908.91,915.90,4595100
2018-08-02,910.30,928.03,901.53,918.11,6378500
2018-08-03,917.90,932.73,909.39,924.68,5464700
2018-08-06,928.17,941.93,926.12,933.65,5908500
2018-08-07,931.09,932.19,909.16,923.94,5316200
2018-08-08,923.30,925.87,917.56,921.71,5454200
2018-08-09,923.06,925.32,917.16,919.01,5854800
2018-08-10,917.12,933.49,915.69,932.45,7747400
2018-08-13,940.57,945.99,930.06,931.03,6196800
2018-08-14,929.69,936.95,920.45,920.87,5779300
2018-08-15,917.89,931.17,915.23,925.08,6028700
2018-08-16,918.23,925.23,917.80,920.21,7171300
2018-08-17,925.99,938.02,917.50,930.59,4465400
2018-08-20,935.23,948.54,925.61,947.21,4783400
2018-08-21,956.31,968.03,955.40,959.36,4329000
2018-08-22,956.69,960.18,944.35,949.81,7668500
2018-08-23,949.29,964.96,945.11,960.84,6271700
2018-08-24,960.34,961.71,948.17,950.03,6295700
2018-08-27,955.07,960.71,939.48,945.63,7625600
2018-08-28,939.69,959.25,935.92,957.47,5865400
2018-08-29,956.77,964.49,956.33,960.29,6839800
2018-08-30,954.25,989.46,949.87,983.55,6311100
2018-08-31,979.43,995.12,979.25,994.09,5235300
2018-09-03,987.40,999.40,986.30,996.51,7975500
2018-09-04,998.05,1015.45,992.82,1011.10,8319500
2018-09-05,1007.12,1012.95,996.74,1012.16,4801200
2018-09-06,1010.89,1029.93,1009.78,1029.20,6063000
2018-09-07,1018.28,1029.76,995.62,999.98,4304900
2018-09-10,1004.41,1007.79,997.89,998.58,8309400
2018-09-11,997.69,1000.17,985.37,986.52,5853400
2018-09-12,987.94,988.80,979.91,984.46,4528800
2018-09-13,984.44,986.02,974.62,977.00,6018600
2018-09-14,975.18,1005.26,971.17,1001.50,7153300
2018-09-17,1001.28,1014.26,996.37,1008.64,6289000
2018-09-18,1013.08,1019.79,1005.46,1006.89,6750600
2018-09-19,1007.82,1019.34,1002.19,1018.00,6039500
2018-09-20,1013.64,1017.19,981.89,985.46,6754200
2018-09-21,988.48,1006.20,980.42,1002.55,5679700
2018-09-24,993.38,998.52,969.64,975.71,5573500
2018-09-25,979.04,983.66,973.03,977.10,4632300
2018-09-26,970.35,1006.24,963.23,1001.62,4271300
2018-09-27,1004.01,1006.61,985.78,986.38,6705800
2018-09-28,989.31,997.33,967.22,974.51,5586500
2018-10-01,968.92,977.85,943.67,946.31,6705600
2018-10-02,940.31,953.77,920.60,923.50,6148900
2018-10-03,927.65,933.49,925.91,926.42,6028400
2018-10-04,922.67,934.40,911.34,928.16,6264300
2018-10-05,924.32,929.04,921.53,922.35,4225400
2018-10-08,920.88,926.93,920.79,926.42,6244500
2018-10-09,923.50,925.22,913.97,920.69,5892300
2018-10-10,918.38,927.79,897.26,909.90,3142900
2018-10-11,907.38,908.99,901.48,905.02,4751300
2018-10-12,900.30,904.62,885.03,891.08,6123500
2018-10-15,891.53,900.08,856.24,864.68,7079000
2018-10-16,864.68,875.14,858.46,861.87,5183200
2018-10-17,862.88,868.10,862.46,866.54,6849700
2018-10-18,869.75,880.34,867.17,880.02,7259900
2018-10-19,881.96,891.43,879.54,887.33,7090300
2018-10-22,890.11,898.22,878.36,883.94,6629200
2018-10-23,883.96,885.57,873.52,874.48,5416300
2018-10-24,877.29,885.62,872.83,873.49,4610000
2018-10-25,879.59,885.91,873.00,877.35,5145700
2018-10-26,875.52,881.21,866.75,876.82,6375800
2018-10-29,877.12,881.47,867.24,871.24,2531600
2018-10-30,871.51,882.67,870.88,875.75,5827700
2018-10-31,876.99,883.28,842.87,850.21,5775400
2018-11-01,853.82,861.15,847.13,857.64,7013000
2018-11-02,852.54,885.26,846.90,877.22,5127300
2018-11-05,880.29,883.48,860.24,863.28,7468900
2018-11-06,861.79,872.72,858.03,870.41,5498600
2018-11-07,870.70,871.21,861.83,866.22,6097000
2018-11-08,866.05,873.07,850.75,858.10,5015400
2018-11-09,854.93,867.55,846.25,866.02,5146000
2018-11-12,864.99,885.58,862.09,873.47,4834500
2018-11-13,875.34,886.43,863.57,871.84,5043000
2018-11-14,871.07,896.71,864.43,892.33,5882700
2018-11-15,893.75,910.93,888.52,898.87,4213900
2018-11-16,898.92,908.58,877.31,878.32,6991300
2018-11-19,881.32,900.69,877.12,896.49,6947300
2018-11-20,898.65,903.04,896.90,898.36,5204400
2018-11-21,903.41,928.73,899.03,917.71,5708500
2018-11-22,917.09,917.87,902.31,906.46,4035100
2018-11-23,899.24,902.96,894.65,896.27,6070500
2018-11-26,892.97,894.62,881.34,891.46,8082800
2018-11-27,890.88,902.29,883.63,895.84,5551400
2018-11-28,897.78,909.63,888.69,904.85,6752900
2018-11-29,904.17,912.09,888.50,896.57,4742400
2018-11-30,902.42,941.80,897.46,938.02,9980900
2018-12-03,937.19,938.41,919.21,926.97,6118000
2018-12-04,926.53,930.31,918.52,922.35,7979000
2018-12-05,922.68,954.45,919.43,947.30,5247500
2018-12-06,947.70,984.08,939.89,971.08,5592600
2018-12-07,973.52,999.24,970.05,990.65,7877900
2018-12-10,985.93,1009.10,976.66,995.72,6037800
2018-12-11,989.50,997.58,984.87,997.50,5704600
2018-12-12,997.35,1029.64,993.76,1027.18,6323400
2018-12-13,1026.33,1040.20,1008.21,1010.28,3960900
2018-12-14,1010.33,1011.74,997.06,1002.50,5993900
2018-12-17,995.62,1006.07,991.74,1002.98,5398800
2018-12-18,1007.82,1007.88,1004.47,1005.47,4463200
2018-12-19,1015.55,1022.27,1008.42,1019.28,6308700
2018-12-20,1020.79,1021.69,1015.53,1020.55,5755500
2018-12-21,1013.21,1040.13,1009.81,1024.43,6038300
2018-12-24,1031.11,1035.75,1028.88,1030.41,4935200
2018-12-25,1033.07,1033.56,1022.99,1026.12,6706000
2018-12-26,1027.24,1029.33,1013.71,1029.01,6720400
2018-12-27,1030.87,1037.36,1005.30,1013.32,6162700
2018-12-28,1014.58,1017.23,994.34,1001.00,5516200
2018-12-31,1002.74,1008.41,993.55,1000.85,3093300
2019-01-01,1000.62,1003.16,995.02,996.03,5205800
2019-01-02,1002.59,1007.86,996.62,1003.76,5499600
2019-01-03,1003.00,1016.69,996.82,1004.03,4103600
2019-01-04,1001.46,1013.70,998.03,1007.30,8259100
2019-01-07,1010.05,1023.09,1008.52,1019.55,4975800
2019-01-08,1027.33,1032.29,991.96,996.46,5246500
2019-01-09,999.30,1000.21,975.43,981.97,4338000
2019-01-10,976.70,980.60,971.20,977.68,3673300
2019-01-11,981.66,1005.85,974.87,1000.61,5717700
2019-01-14,995.17,996.67,991.04,994.81,5792000
2019-01-15,990.50,1030.10,986.28,1018.02,6550800
2019-01-16,1015.71,1042.18,1009.61,1031.12,6787700
2019-01-17,1031.82,1033.74,1030.97,1032.26,6437800
2019-01-18,1028.71,1046.73,1026.56,1037.49,5091600
2019-01-21,1041.53,1048.96,1039.89,1045.04,6831100
2019-01-22,1037.54,1044.01,1028.19,1038.93,4467300
2019-01-23,1035.99,1062.91,1030.51,1058.59,8218600
2019-01-24,1056.94,1067.62,1055.94,1064.46,6268400
2019-01-25,1058.73,1067.87,1057.96,1064.09,7833000
2019-01-28,1057.25,1061.36,1051.27,1055.44,8592600
2019-01-29,1055.47,1064.03,1045.12,1062.92,2475900
2019-01-30,1059.73,1073.88,1054.39,1070.45,5428700
2019-01-31,1079.38,1089.04,1072.99,1081.96,6601600
2019-02-01,1081.66,1114.72,1069.29,1114.07,5507100
2019-02-04,1108.52,1126.85,1104.24,1122.87,5752200
2019-02-05,1123.80,1133.43,1112.83,1113.52,6875600
2019-02-06,1121.93,1122.74,1097.20,1103.73,6879200
2019-02-07,1102.58,1102.72,1079.76,1085.70,7206800
2019-02-08,1084.26,1089.97,1070.87,1071.95,5531100
2019-02-11,1073.04,1078.83,1051.65,1054.05,6490800
2019-02-12,1057.36,1071.86,1055.19,1067.12,6013600
2019-02-13,1066.88,1078.78,1036.78,1036.90,6077200
2019-02-14,1038.86,1065.97,1033.65,1056.22,6188600
2019-02-15,1060.41,1065.30,1046.26,1047.57,5001100
2019-02-18,1045.89,1052.41,1021.27,1029.19,6411800
2019-02-19,1020.49,1023.92,1017.02,1018.18,5146100
2019-02-20,1022.46,1029.42,1014.87,1017.37,7202000
2019-02-21,1015.71,1027.16,1014.13,1017.97,5879400
2019-02-22,1019.77,1026.32,999.03,1011.28,6500400
2019-02-25,1010.58,1030.76,1009.09,1024.95,4645100
2019-02-26,1025.70,1028.17,1006.76,1007.74,5576100
2019-02-27,1011.70,1015.05,992.53,995.61,3822200
2019-02-28,990.03,1005.17,982.12,1004.80,3832400
2019-03-01,1012.41,1014.28,987.88,988.00,6451400
2019-03-04,989.06,993.10,973.66,978.08,5093700
2019-03-05,972.24,991.87,968.45,984.92,5026100
2019-03-06,983.58,994.34,975.71,992.72,7694200
2019-03-07,992.21,1003.80,991.98,1000.34,4596200
2019-03-08,1004.78,1017.98,995.91,1008.96,5846000
2019-03-11,1005.02,1011.25,1001.72,1008.78,5183700
2019-03-12,1010.22,1014.22,1002.03,1011.49,6255300
2019-03-13,1013.80,1028.50,1008.43,1013.46,4974500
2019-03-14,1012.95,1020.48,1011.51,1012.82,3651700
2019-03-15,1005.07,1025.74,998.52,1025.25,4246800
2019-03-18,1025.31,1035.44,1023.84,1025.68,5995300
2019-03-19,1029.09,1038.58,1027.27,1037.34,7274400
2019-03-20,1034.95,1044.88,1033.93,1037.59,4781900
2019-03-21,1037.33,1061.09,1035.53,1050.04,5929700
2019-03-22,1049.23,1055.70,1017.21,1019.04,6039200
2019-03-25,1015.57,1047.01,1008.11,1046.17,5681500
2019-03-26,1042.57,1043.58,1030.36,1034.60,7317900
2019-03-27,1036.86,1039.04,1026.41,1030.33,5756000
2019-03-28,1033.14,1034.22,1011.96,1024.17,7393700
2019-03-29,1026.34,1055.95,1019.42,1049.87,7601900
2019-04-01,1047.66,1050.30,1028.95,1030.74,5138900
2019-04-02,1030.36,1030.37,1022.03,1026.60,4896200
2019-04-03,1028.73,1028.84,1017.75,1023.41,4698400
2019-04-04,1015.26,1056.62,1006.44,1055.47,6643000
2019-04-05,1053.24,1084.58,1050.69,1074.86,5275800
2019-04-08,1073.64,1094.48,1060.65,1062.86,5015700
2019-04-09,1057.75,1061.46,1048.28,1059.24,6952100
2019-04-10,1057.21,1066.04,1054.92,1061.25,5687000
2019-04-11,1056.54,1064.76,1048.84,1050.63,9419700
2019-04-12,1054.15,1072.52,1049.66,1070.49,6707100
2019-04-15,1064.33,1087.64,1061.67,1075.01,7461300
2019-04-16,1074.54,1078.97,1044.45,1051.83,6180600
2019-04-17,1052.48,1056.84,1044.99,1052.95,6961500
2019-04-18,1058.66,1063.92,1049.26,1052.30,6113400
2019-04-19,1055.87,1060.98,1045.71,1045.87,6585200
2019-04-22,1041.94,1060.15,1038.45,1049.44,5870500
2019-04-23,1057.69,1065.33,1055.39,1059.19,7686400
2019-04-24,1063.60,1070.37,1046.95,1055.73,6370100
2019-04-25,1058.61,1067.50,1039.37,1047.29,6033100
2019-04-26,1038.69,1053.57,1032.96,1052.27,5124600
2019-04-29,1050.61,1059.64,1025.18,1028.99,7419100
2019-04-30,1025.11,1044.76,1022.05,1042.44,6634300
2019-05-01,1046.34,1046.90,1020.95,1024.70,4541300
2019-05-02,1024.24,1028.88,1013.19,1026.75,6221800
2019-05-03,1028.49,1030.11,1016.76,1024.44,8994000
2019-05-06,1024.89,1035.04,1019.94,1031.71,5761400
2019-05-07,1029.33,1034.44,1024.08,1024.15,6388200
2019-05-08,1014.43,1045.17,1011.11,1029.62,7323300
2019-05-09,1033.57,1034.78,1005.75,1007.98,5621800
2019-05-10,1004.82,1035.13,1002.99,1026.42,7083800
2019-05-13,1026.63,1036.12,1023.21,1033.97,7038700
2019-05-14,1039.85,1050.57,1035.49,1046.79,6164600
2019-05-15,1046.16,1054.71,1039.51,1039.71,4522300
2019-05-16,1040.49,1043.00,1039.68,1042.98,7675400
2019-05-17,1037.02,1039.52,1032.95,1037.39,5170200
2019-05-20,1038.32,1054.60,1032.57,1037.10,4410200
2019-05-21,1038.85,1041.04,1018.06,1022.59,5106400
2019-05-22,1025.40,1033.14,1015.42,1021.67,8230400
2019-05-23,1012.61,1018.29,983.28,987.67,5145600
2019-05-24,987.31,1005.44,982.75,1002.03,4956200
2019-05-27,1000.48,1003.11,981.81,986.22,6000900
2019-05-28,979.04,1001.79,977.10,997.67,5535500
2019-05-29,995.09,1018.96,988.83,1015.83,4955800
2019-05-30,1012.07,1026.51,1004.19,1025.15,4712400
2019-05-31,1027.59,1027.60,1002.52,1010.12,6035800
2019-06-03,1009.44,1018.12,1008.74,1014.52,5357400
2019-06-04,1015.57,1028.41,1012.16,1024.17,4507500
2019-06-05,1028.37,1045.76,1025.55,1034.75,8469700
2019-06-06,1035.71,1044.35,1034.14,1040.55,7082000
2019-06-07,1042.89,1053.73,1039.01,1041.74,5077500
2019-06-10,1046.00,1059.91,1036.67,1037.61,6563900
2019-06-11,1036.85,1044.97,1028.93,1034.19,7634900
2019-06-12,1045.59,1058.20,1027.14,1036.61,6421700
2019-06-13,1036.42,1037.74,1033.17,1035.71,5551400
2019-06-14,1035.64,1038.98,1024.30,1031.74,7575300
2019-06-17,1036.49,1039.55,1021.39,1027.09,6134300
2019-06-18,1024.55,1032.68,1020.61,1027.95,6814100
2019-06-19,1028.29,1035.21,1012.12,1020.38,5591500
2019-06-20,1013.73,1038.10,1010.42,1032.95,6073800
2019-06-21,1023.19,1034.32,1021.64,1033.90,8441700
2019-06-24,1034.45,1052.45,1033.05,1049.97,7177300
2019-06-25,1048.97,1060.38,1037.43,1040.37,5825200
2019-06-26,1041.13,1052.39,1020.36,1028.57,7004400
2019-06-27,1022.35,1023.53,1018.70,1021.54,6366300
2019-06-28,1025.31,1030.14,1017.70,1020.19,5734200
2019-07-01,1026.48,1030.25,1015.42,1020.36,5990900
2019-07-02,1024.25,1035.90,1017.11,1033.67,5839300
2019-07-03,1029.59,1029.82,996.53,1006.46,6077300
2019-07-04,1010.52,1015.15,1004.81,1009.95,5765800
2019-07-05,1006.41,1013.89,986.92,988.98,6800600
2019-07-08,994.55,1000.37,976.17,977.39,5951300
2019-07-09,974.76,980.36,971.78,975.35,5171200
2019-07-10,978.98,979.71,975.92,976.28,6759000
2019-07-11,978.41,996.03,974.30,993.46,6237400
2019-07-12,995.08,1005.26,987.40,990.84,3878600
2019-07-15,991.83,1019.96,989.93,1006.97,4847200
2019-07-16,1003.71,1017.61,1003.30,1015.45,6597300
2019-07-17,1007.98,1017.74,1004.60,1013.19,6986600
2019-07-18,1013.65,1027.25,1002.84,1025.71,7426800
2019-07-19,1028.04,1028.75,1014.42,1020.10,4709900
2019-07-22,1018.20,1028.84,1013.61,1027.85,7500400
2019-07-23,1028.87,1059.01,1027.82,1053.73,6450500
2019-07-24,1060.18,1065.40,1058.49,1063.66,6340100
2019-07-25,1062.27,1073.02,1060.39,1063.14,5345600
2019-07-26,1066.56,1070.20,1048.63,1054.27,6770400
2019-07-29,1053.67,1057.70,1048.83,1050.69,5748400
2019-07-30,1050.86,1055.82,1038.90,1042.48,5986700
2019-07-31,1037.14,1071.90,1034.41,1067.22,8759600
2019-08-01,1068.81,1083.11,1060.19,1079.28,5482900
2019-08-02,1070.13,1083.20,1065.68,1081.84,5858700
2019-08-05,1076.64,1090.29,1076.46,1088.67,5749900
2019-08-06,1091.67,1131.63,1091.53,1117.21,4414500
2019-08-07,1112.32,1117.26,1103.48,1114.37,5466700
2019-08-08,1108.50,1114.36,1101.04,1110.15,5341600
2019-08-09,1110.82,1138.57,1109.67,1133.15,4924000
2019-08-12,1136.17,1152.91,1125.89,1144.41,7064200
2019-08-13,1139.93,1144.24,1127.56,1129.83,8145800
2019-08-14,1134.13,1145.22,1131.81,1139.60,6056300
2019-08-15,1139.64,1142.83,1127.85,1139.96,5689100
2019-08-16,1134.43,1144.64,1128.65,1136.96,6612800
2019-08-19,1133.19,1139.69,1129.79,1132.07,6056100
2019-08-20,1142.22,1151.33,1125.70,1125.73,7262000
2019-08-21,1126.48,1143.20,1123.33,1128.62,4891600
2019-08-22,1132.76,1143.45,1126.72,1141.62,5698300
2019-08-23,1144.74,1161.79,1124.48,1128.53,8516200
2019-08-26,1129.09,1138.08,1128.23,1135.83,6230400
2019-08-27,1137.41,1140.52,1111.63,1114.67,7620300
2019-08-28,1119.01,1121.28,1101.96,1111.73,8028600
2019-08-29,1110.05,1131.97,1100.78,1126.62,6374900
2019-08-30,1134.60,1139.99,1125.33,1127.28,5523200
2019-09-02,1131.82,1134.44,1120.37,1123.24,5303500
2019-09-03,1123.99,1154.24,1114.23,1145.96,2453700
2019-09-04,1144.91,1155.68,1143.67,1155.21,6823300
2019-09-05,1157.09,1161.40,1155.99,1160.70,4683700
2019-09-06,1159.01,1171.18,1150.43,1170.39,8478000
2019-09-09,1176.91,1178.60,1136.35,1151.88,5960100
2019-09-10,1158.69,1162.58,1142.49,1148.68,1739100
2019-09-11,1145.11,1178.51,1130.77,1176.73,5912500
2019-09-12,1171.04,1199.12,1168.77,1189.27,4697700
2019-09-13,1192.33,1222.91,1191.27,1216.02,6638900
2019-09-16,1213.98,1217.08,1202.55,1202.90,5755300
2019-09-17,1205.01,1206.31,1185.71,1197.83,6203300
2019-09-18,1187.00,1224.60,1171.91,1211.90,5368600
2019-09-19,1213.31,1230.61,1212.49,1227.07,5224100
2019-09-20,1223.21,1226.78,1194.27,1196.66,3906800
2019-09-23,1203.94,1207.62,1187.76,1198.54,4270400
2019-09-24,1196.84,1200.68,1191.69,1195.48,3836700
2019-09-25,1191.91,1203.28,1178.53,1186.65,6545700
2019-09-26,1185.47,1195.52,1183.17,1193.21,7167100
2019-09-27,1197.16,1199.95,1178.93,1179.65,6306000
2019-09-30,1182.53,1186.88,1175.18,1184.86,5608700
2019-10-01,1187.75,1196.45,1177.28,1193.08,5317300
2019-10-02,1193.66,1198.90,1172.82,1182.79,4677700
2019-10-03,1175.05,1186.35,1172.11,1181.34,7278800
2019-10-04,1181.63,1187.40,1135.98,1143.75,2594600
2019-10-07,1141.85,1153.69,1133.78,1148.64,5821800
2019-10-08,1151.10,1160.27,1138.39,1145.91,4011000
2019-10-09,1143.22,1144.04,1107.97,1118.22,7781300
2019-10-10,1118.82,1118.94,1090.99,1091.06,4356700
2019-10-11,1087.94,1098.48,1080.16,1086.76,4466200
2019-10-14,1082.66,1118.78,1066.35,1114.30,6004100
2019-10-15,1116.33,1120.14,1106.85,1114.18,7126200
2019-10-16,1120.60,1134.63,1088.55,1095.36,6050900
2019-10-17,1089.95,1091.75,1088.41,1088.66,5246600
2019-10-18,1085.81,1090.25,1056.41,1057.31,4798900
2019-10-21,1055.32,1064.55,1043.36,1046.22,4678400
2019-10-22,1054.57,1061.23,1028.78,1032.81,4722600
2019-10-23,1032.00,1035.58,1025.93,1031.89,5921500
2019-10-24,1034.55,1053.20,1031.83,1045.36,6749600
2019-10-25,1045.66,1052.04,1029.40,1038.95,5285500
2019-10-28,1042.29,1068.62,1039.65,1063.43,5120400
2019-10-29,1063.70,1070.06,1054.81,1060.15,5879600
2019-10-30,1065.80,1073.51,1058.60,1061.54,4649700
2019-10-31,1063.28,1065.65,1049.88,1056.87,4609600
2019-11-01,1059.45,1059.80,1034.34,1040.58,7705500
2019-11-04,1035.88,1040.95,1026.98,1029.46,5362800
2019-11-05,1023.41,1027.45,1018.73,1021.49,7353400
2019-11-06,1023.27,1042.86,1009.56,1039.59,6845400
2019-11-07,1033.91,1035.92,1020.88,1035.46,4468300
2019-11-08,1031.93,1034.97,1008.01,1014.35,7798200
2019-11-11,1015.03,1019.73,1009.32,1016.59,6260500
2019-11-12,1020.70,1034.91,1010.78,1019.10,6702400
2019-11-13,1014.74,1019.40,991.21,1003.21,7372000
2019-11-14,1002.70,1009.47,1000.62,1007.10,5257900
2019-11-15,1009.32,1015.80,1002.46,1008.20,5223300
2019-11-18,1002.26,1005.66,986.60,989.88,4544100
2019-11-19,994.06,1009.44,993.27,1000.41,6603200
2019-11-20,1006.23,1011.80,978.88,981.19,2757400
2019-11-21,982.54,990.59,962.20,969.15,6032900
2019-11-22,968.79,982.38,966.49,976.07,5909200
2019-11-25,982.12,985.05,953.55,955.34,5582900
2019-11-26,952.74,961.80,922.28,922.92,5194300
2019-11-27,922.91,925.10,912.97,914.43,4442800
2019-11-28,912.77,915.70,912.22,915.31,6090300
2019-11-29,917.43,918.59,909.95,914.56,6784500
2019-12-02,915.21,916.89,900.19,908.39,5660700
2019-12-03,908.33,915.38,888.11,891.96,8438600
2019-12-04,891.73,906.20,887.10,903.99,6596800
2019-12-05,898.26,917.34,890.23,914.15,6030400
2019-12-06,917.75,928.85,915.51,915.55,6404700
2019-12-09,911.04,929.09,904.75,920.61,5505200
2019-12-10,917.39,918.81,888.28,898.71,5112200
2019-12-11,905.30,914.53,905.18,906.09,5282800
2019-12-12,910.16,926.61,906.44,921.60,6527200
2019-12-13,921.94,935.56,911.72,930.82,7219100
2019-12-16,927.62,946.34,923.68,941.25,6300200
2019-12-17,941.41,945.19,940.01,943.65,7336400
2019-12-18,949.03,951.88,936.73,945.41,5408200
2019-12-19,951.45,954.77,909.82,918.64,5400600
2019-12-20,921.92,922.02,904.01,912.10,5027100
2019-12-23,911.08,915.37,893.72,914.46,6558700
2019-12-24,906.59,909.99,900.19,903.13,4338200
2019-12-25,904.62,910.21,881.38,885.64,6277000
2019-12-26,882.18,886.57,872.18,881.03,6121600
2019-12-27,878.98,884.75,867.91,870.86,5522800
2019-12-30,867.00,885.17,865.49,884.65,6208400
2019-12-31,888.44,890.54,868.15,880.33,6699500
2020-01-01,879.55,881.74,872.71,878.83,7155000
2020-01-02,881.27,900.94,870.54,894.26,4275100
2020-01-03,895.55,901.12,880.93,882.12,6477100
2020-01-06,878.74,892.62,877.65,885.48,5654200
2020-01-07,890.90,906.28,887.11,903.79,4385500
2020-01-08,895.16,901.86,891.80,893.92,5232300
2020-01-09,892.75,893.81,888.94,889.48,5625700
2020-01-10,890.54,901.58,880.81,901.19,5392300
2020-01-13,906.77,914.04,905.29,912.00,3461600
2020-01-14,914.58,919.21,903.60,905.62,4456200
2020-01-15,903.76,907.30,888.30,899.76,5556000
2020-01-16,900.86,909.01,891.43,893.63,6226600
2020-01-17,894.33,900.24,878.29,884.86,7164500
2020-01-20,885.17,897.11,883.38,893.38,4446200
2020-01-21,902.22,912.12,887.43,890.34,7487000
2020-01-22,886.53,891.11,879.26,882.44,5693900
2020-01-23,884.36,887.74,873.60,874.57,6552300
2020-01-24,874.53,889.39,870.91,884.77,6499800
2020-01-27,881.93,890.91,849.63,854.12,6534700
2020-01-28,850.55,855.41,842.93,850.17,4063500
2020-01-29,853.27,853.66,851.10,853.46,5642300
2020-01-30,855.29,860.09,842.60,846.59,6385900
2020-01-31,843.52,846.02,835.93,836.66,5989300
2020-02-03,842.65,850.48,841.81,842.86,7515600
2020-02-04,839.62,848.71,836.90,846.12,7516800
2020-02-05,848.26,876.12,837.00,868.25,5726000
2020-02-06,864.43,865.42,855.19,861.75,7143400
2020-02-07,867.21,869.64,866.39,867.07,4963300
2020-02-10,868.31,869.41,855.05,856.34,3594300
2020-02-11,857.79,871.89,852.33,870.54,6840800
2020-02-12,868.94,882.73,867.15,882.52,7233000
2020-02-13,883.73,896.37,875.10,890.36,7570300
2020-02-14,886.05,905.80,882.61,903.04,6744300
2020-02-17,901.29,914.00,901.23,912.09,4995000
2020-02-18,907.23,922.43,900.38,918.15,6731800
2020-02-19,918.95,924.37,917.32,918.87,4981600
2020-02-20,922.28,932.20,920.68,930.54,7341000
2020-02-21,930.36,938.19,927.72,937.93,6686000
2020-02-24,942.92,943.14,933.16,934.74,5518200
2020-02-25,931.19,938.86,929.02,934.92,7782400
2020-02-26,940.73,948.30,933.32,937.98,6305000
2020-02-27,944.56,962.57,943.30,957.18,6989400
2020-02-28,954.30,966.62,954.24,958.73,4173100
2020-03-02,960.66,961.97,957.78,957.98,5949400
2020-03-03,960.46,960.50,940.09,943.54,6511700
2020-03-04,937.68,960.33,932.32,954.20,7556700
2020-03-05,950.50,966.97,943.87,958.26,6815000
2020-03-06,954.63,972.73,952.55,961.50,5931500
2020-03-09,965.73,966.28,962.32,964.73,5541400
2020-03-10,964.13,972.73,963.75,972.57,4861700
2020-03-11,970.10,970.93,947.17,953.48,6469300
2020-03-12,962.32,964.05,929.85,943.52,8403000
2020-03-13,939.37,950.63,930.96,941.34,5428100
2020-03-16,944.06,956.46,940.34,951.96,6045200
2020-03-17,950.73,960.65,945.17,958.44,3945000
2020-03-18,957.22,978.58,954.67,970.49,6311600
2020-03-19,971.86,977.70,970.05,975.75,4420800
2020-03-20,975.82,990.25,974.22,984.34,4790600
2020-03-23,987.32,989.44,974.94,976.62,5582900
2020-03-24,978.26,987.65,969.74,970.99,3840200
2020-03-25,968.84,973.56,957.82,969.21,7387100
2020-03-26,964.39,969.74,958.10,966.90,8066500
2020-03-27,952.69,980.05,950.34,976.11,6231800
2020-03-30,972.65,985.00,971.94,977.22,6568000
2020-03-31,975.67,984.27,970.09,978.55,5261300
2020-04-01,975.37,990.96,972.00,978.75,7897800
2020-04-02,981.28,999.48,972.22,997.51,7095400
2020-04-03,995.25,1001.82,991.20,992.55,4143300
2020-04-06,1001.80,1009.66,993.96,1001.53,4826200
2020-04-07,1006.06,1009.39,993.25,995.62,6167900
2020-04-08,999.40,1002.19,995.88,1000.81,8535500
2020-04-09,1003.64,1010.27,998.73,1006.16,6522300
2020-04-10,1000.41,1006.67,996.50,1004.33,4415500
2020-04-13,1000.82,1000.97,991.57,992.32,4975700
2020-04-14,990.83,999.36,988.39,997.41,7854100
2020-04-15,997.27,1009.17,988.66,1000.81,7755100
2020-04-16,1001.59,1006.28,990.61,998.51,7154400
2020-04-17,999.91,1010.12,989.18,997.47,5770100
2020-04-20,996.26,1002.61,991.69,994.38,6292900
2020-04-21,995.51,1033.04,991.20,1024.95,5952900
2020-04-22,1019.79,1021.93,1017.24,1019.94,5447500
2020-04-23,1011.48,1017.03,989.00,1000.92,3942900
2020-04-24,1001.26,1005.39,981.19,981.24,3236800
2020-04-27,986.27,998.29,985.95,990.77,7021800
2020-04-28,991.92,994.33,968.91,969.43,6446800
2020-04-29,967.34,978.44,962.53,977.19,7363700
2020-04-30,981.55,993.55,965.95,971.51,6061700
2020-05-01,977.77,986.83,961.71,974.63,7489500
2020-05-04,973.53,977.15,973.32,975.18,4753600
2020-05-05,972.04,999.44,969.73,986.66,7270200
2020-05-06,982.86,984.87,976.16,981.10,5149300
2020-05-07,976.02,983.43,973.53,980.19,6332900
2020-05-08,986.84,999.55,965.30,969.62,6834600
2020-05-11,966.44,966.80,941.86,943.93,5997100
2020-05-12,944.00,966.97,942.35,959.32,7033600
2020-05-13,959.07,974.56,938.69,942.66,5654200
2020-05-14,940.19,952.62,935.34,949.24,8047600
2020-05-15,956.56,962.88,953.61,961.13,6730200
2020-05-18,962.56,971.10,960.69,965.97,5769900
2020-05-19,960.96,962.81,948.65,954.95,8824700
2020-05-20,955.34,977.56,947.54,975.44,5314900
2020-05-21,984.14,985.84,958.39,961.11,6376400
2020-05-22,959.49,980.08,952.27,973.66,7400500
2020-05-25,976.43,990.70,974.08,989.48,6553500
2020-05-26,994.91,1001.57,970.28,973.65,5113600
2020-05-27,973.97,984.01,966.13,982.97,7110600
2020-05-28,981.25,985.99,972.20,973.14,3498100
2020-05-29,973.31,993.69,971.78,980.59,5412800
2020-06-01,976.26,983.93,954.64,957.21,6660000
2020-06-02,959.06,981.40,951.75,980.92,6209800
2020-06-03,975.99,1000.44,973.16,991.49,5355700
2020-06-04,992.92,997.40,987.52,994.06,5765400
2020-06-05,995.09,1011.33,986.44,991.45,6163900
2020-06-08,994.69,1017.27,986.49,1012.50,6259100
2020-06-09,1005.12,1032.43,1003.37,1021.04,6656800
2020-06-10,1018.94,1029.27,1018.63,1028.50,4911700
2020-06-11,1026.97,1034.39,1021.24,1025.49,4683900
2020-06-12,1029.92,1038.15,1018.26,1023.67,7795500
2020-06-15,1020.25,1031.74,1017.66,1024.66,5073600
2020-06-16,1023.11,1024.36,1007.55,1016.15,4736100
2020-06-17,1011.08,1026.75,1003.87,1021.53,6446500
2020-06-18,1025.27,1050.09,1020.86,1047.91,7563900
2020-06-19,1048.80,1060.57,1043.09,1057.91,5591200
2020-06-22,1056.43,1076.60,1054.17,1072.12,7441900
2020-06-23,1067.55,1085.83,1062.01,1081.74,6699600
2020-06-24,1078.09,1125.41,1072.33,1117.91,7211200
2020-06-25,1112.70,1122.25,1109.84,1114.03,6860200
2020-06-26,1112.96,1120.68,1081.24,1091.10,4813400
2020-06-29,1088.27,1093.96,1046.58,1053.27,5738900
2020-06-30,1049.73,1052.33,1048.47,1049.88,5865800
2020-07-01,1054.34,1060.26,1049.09,1057.26,8002100
2020-07-02,1057.50,1075.43,1050.21,1075.41,7563600
2020-07-03,1082.60,1088.97,1055.62,1058.81,7193000
2020-07-06,1055.81,1057.64,1054.59,1054.78,5911700
2020-07-07,1063.06,1085.22,1062.74,1079.17,5837600
2020-07-08,1082.59,1100.05,1056.95,1060.55,3956100
2020-07-09,1057.22,1066.24,1044.67,1051.12,7604400
2020-07-10,1049.95,1051.07,1045.31,1050.00,5667000
2020-07-13,1052.83,1057.30,1033.05,1039.03,5921300
2020-07-14,1030.20,1043.96,1022.87,1041.64,4486200
2020-07-15,1045.04,1049.05,1017.26,1018.75,5682600
2020-07-16,1013.43,1030.53,1003.56,1012.17,9457800
2020-07-17,1010.16,1010.57,1000.62,1006.59,7320800
2020-07-20,1007.89,1023.56,1005.01,1021.85,7669200
2020-07-21,1018.78,1038.96,1017.77,1030.83,6514200
2020-07-22,1029.53,1052.60,1026.36,1040.63,5825400
2020-07-23,1042.29,1047.91,1025.68,1028.15,3341600
2020-07-24,1030.41,1047.44,1022.48,1046.97,5277100
2020-07-27,1037.30,1055.03,1029.43,1046.07,4866800
2020-07-28,1049.76,1069.93,1044.79,1065.48,5883800
2020-07-29,1062.51,1063.38,1038.94,1044.99,6578800
2020-07-30,1043.08,1044.90,1026.23,1030.65,7222500
2020-07-31,1023.62,1023.82,1017.37,1022.90,6692700
2020-08-03,1019.26,1052.78,1016.00,1043.08,6349100
2020-08-04,1048.36,1062.50,1024.62,1029.70,6859100
2020-08-05,1022.99,1043.08,1019.20,1029.91,6631800
2020-08-06,1030.12,1036.49,1022.96,1024.49,6035500
2020-08-07,1030.80,1040.73,1029.95,1037.55,7228900
2020-08-10,1041.71,1044.08,1027.02,1036.43,4108900
2020-08-11,1036.64,1070.51,1031.04,1059.93,9813900
2020-08-12,1055.31,1063.09,1047.16,1047.82,4506700
2020-08-13,1047.28,1081.75,1035.40,1078.54,6620400
2020-08-14,1078.08,1083.52,1076.02,1079.65,7699400
2020-08-17,1076.64,1077.24,1059.36,1063.53,5908900
2020-08-18,1060.77,1076.40,1054.02,1074.76,7093800
2020-08-19,1073.10,1075.03,1067.04,1074.56,5417200
2020-08-20,1071.58,1072.45,1061.95,1063.13,6046100
2020-08-21,1065.15,1084.70,1063.90,1082.94,8605500
2020-08-24,1084.93,1086.90,1073.79,1077.09,4719100
2020-08-25,1071.04,1072.38,1057.94,1061.52,5444300
2020-08-26,1064.65,1073.20,1052.88,1066.90,7030500
2020-08-27,1064.36,1079.26,1061.03,1078.69,8405400
2020-08-28,1071.36,1090.18,1062.89,1089.70,6561500
2020-08-31,1091.40,1092.98,1069.04,1069.73,4795500
2020-09-01,1070.47,1097.94,1070.09,1093.15,4967600
2020-09-02,1087.81,1103.71,1081.82,1097.31,7419300
2020-09-03,1100.36,1108.46,1096.47,1106.54,4674500
2020-09-04,1112.60,1113.08,1084.81,1091.25,5843100
2020-09-07,1087.61,1093.60,1077.69,1080.05,6259000
2020-09-08,1086.45,1088.46,1063.69,1072.71,7431100
2020-09-09,1071.23,1078.25,1069.38,1073.52,7734400
2020-09-10,1071.12,1108.79,1063.39,1105.43,5314000
2020-09-11,1103.59,1111.14,1100.97,1109.16,5123200
2020-09-14,1110.12,1117.16,1105.95,1111.79,9198000
2020-09-15,1114.43,1134.46,1112.58,1132.76,6664100
2020-09-16,1136.37,1170.59,1133.05,1157.11,5386700
2020-09-17,1153.31,1172.95,1149.67,1171.52,7911600
2020-09-18,1172.62,1174.95,1165.28,1165.51,7228400
2020-09-21,1169.67,1172.98,1129.99,1141.25,6243500
2020-09-22,1131.36,1136.43,1098.73,1108.37,4942400
2020-09-23,1104.29,1104.94,1093.24,1103.67,3188800
2020-09-24,1103.66,1107.74,1090.07,1094.04,6942300
2020-09-25,1097.10,1112.95,1096.17,1106.65,6822600
2020-09-28,1103.01,1139.71,1092.04,1136.15,6880200
2020-09-29,1134.34,1141.18,1123.54,1130.01,5133700
2020-09-30,1133.22,1137.95,1124.55,1127.34,6363800
2020-10-01,1130.11,1133.11,1117.11,1128.53,6731900
2020-10-02,1129.46,1134.28,1094.37,1101.54,6319300
2020-10-05,1098.79,1104.97,1096.67,1103.29,3956200
2020-10-06,1099.34,1125.94,1099.34,1118.61,4596000
2020-10-07,1126.87,1166.17,1120.08,1161.85,5918100
2020-10-08,1164.49,1174.87,1138.86,1142.72,6242800
2020-10-09,1147.40,1176.64,1147.31,1158.35,7725000
2020-10-12,1161.82,1196.92,1158.70,1185.97,5689700
2020-10-13,1189.46,1194.40,1168.76,1171.18,4529000
2020-10-14,1168.82,1180.39,1164.93,1170.94,4597600
2020-10-15,1171.35,1196.08,1167.09,1195.95,7237100
2020-10-16,1203.90,1208.34,1185.95,1189.12,4678300
2020-10-19,1191.64,1196.56,1186.55,1187.41,5793300
2020-10-20,1186.61,1207.66,1177.07,1195.47,4480500
2020-10-21,1200.75,1226.83,1178.74,1219.73,6594500
2020-10-22,1225.45,1233.04,1221.98,1230.55,7191700
2020-10-23,1230.83,1242.16,1223.68,1226.68,4181600
2020-10-26,1245.40,1260.95,1231.79,1241.46,4602700
2020-10-27,1238.43,1244.16,1228.29,1229.47,8665800
2020-10-28,1233.50,1244.78,1202.18,1211.35,6986200
2020-10-29,1208.48,1212.06,1207.54,1209.59,4604000
2020-10-30,1210.90,1212.50,1206.77,1209.82,5557600
2020-11-02,1216.09,1219.71,1208.87,1215.32,7561600
2020-11-03,1218.78,1232.56,1214.24,1221.95,6453900
2020-11-04,1223.97,1233.91,1209.23,1216.64,7568200
2020-11-05,1215.11,1225.81,1179.19,1189.33,6571600
2020-11-06,1180.36,1182.83,1157.95,1164.22,7595800
2020-11-09,1159.45,1167.23,1152.28,1161.41,6502100
2020-11-10,1154.11,1176.91,1148.45,1176.31,5646400
2020-11-11,1174.92,1176.84,1161.18,1164.65,6383900
2020-11-12,1163.62,1171.19,1155.58,1158.55,6045600
2020-11-13,1154.75,1179.41,1150.67,1170.95,5764200
2020-11-16,1166.40,1168.97,1142.76,1153.77,5999700
2020-11-17,1162.09,1181.25,1159.75,1167.36,5591900
2020-11-18,1159.54,1173.26,1155.29,1162.36,7328000
2020-11-19,1156.33,1159.18,1148.16,1156.75,5479200
2020-11-20,1157.40,1172.22,1155.18,1168.89,5796000
2020-11-23,1166.51,1168.87,1159.13,1161.62,5835900
2020-11-24,1157.78,1180.57,1156.51,1179.30,6093800
2020-11-25,1177.32,1178.20,1153.34,1164.84,5170200
2020-11-26,1164.90,1170.05,1146.77,1154.16,7054300
2020-11-27,1151.10,1153.67,1142.04,1149.04,6212300
2020-11-30,1151.59,1166.02,1142.58,1162.59,6506300
2020-12-01,1159.50,1164.46,1135.64,1150.01,3793700
2020-12-02,1145.03,1159.85,1143.79,1156.51,5975800
2020-12-03,1148.17,1173.61,1141.05,1165.03,5914700
2020-12-04,1166.15,1188.26,1161.36,1184.55,5156500
2020-12-07,1179.66,1180.46,1168.76,1177.65,6881200
2020-12-08,1177.02,1190.71,1170.10,1185.91,5658300
2020-12-09,1180.59,1205.03,1169.08,1202.08,6233600
2020-12-10,1198.91,1241.14,1197.24,1235.89,5589300
2020-12-11,1231.23,1247.06,1231.21,1237.70,6569800
2020-12-14,1237.53,1251.24,1234.71,1247.00,6728300
2020-12-15,1243.05,1254.81,1235.28,1251.73,7560800
2020-12-16,1243.39,1248.06,1194.46,1199.56,7478600
2020-12-17,1198.14,1203.61,1188.55,1202.70,7231300
2020-12-18,1209.55,1210.16,1200.19,1201.66,5375200
2020-12-21,1195.71,1197.45,1172.18,1184.11,5483900
2020-12-22,1186.96,1194.40,1170.01,1171.18,7041400
2020-12-23,1169.51,1183.30,1168.03,1168.85,6049100
2020-12-24,1163.61,1175.64,1162.83,1170.86,5170200
2020-12-25,1167.16,1177.73,1158.62,1170.29,6507500
2020-12-28,1166.41,1168.06,1162.51,1162.93,6622500
2020-12-29,1158.12,1166.33,1149.10,1164.05,7875700
2020-12-30,1161.69,1184.04,1156.72,1178.66,5695400
2020-12-31,1174.72,1183.13,1171.44,1177.03,5408500
2021-01-01,1179.16,1208.64,1176.46,1197.60,4473800
2021-01-04,1198.76,1224.52,1198.73,1223.32,5890800
2021-01-05,1222.30,1247.51,1211.66,1241.28,4961600
2021-01-06,1249.12,1251.62,1230.78,1234.52,5080300
2021-01-07,1244.26,1246.13,1231.53,1232.09,6881300
2021-01-08,1231.06,1238.30,1185.33,1190.07,7363100
2021-01-11,1191.97,1194.88,1186.38,1186.43,6483500
2021-01-12,1194.92,1201.70,1166.13,1180.28,6519900
2021-01-13,1185.13,1189.84,1160.17,1166.20,4879800
2021-01-14,1169.77,1179.80,1119.51,1129.85,7224100
2021-01-15,1127.80,1151.17,1124.40,1141.51,4572100
2021-01-18,1137.93,1164.22,1128.53,1156.94,6710900
2021-01-19,1168.44,1171.59,1151.12,1152.62,5795200
2021-01-20,1144.92,1182.51,1144.80,1164.81,5027700
2021-01-21,1163.48,1166.73,1155.01,1158.27,4069400
2021-01-22,1153.49,1160.77,1122.12,1126.53,7321800
2021-01-25,1130.68,1131.78,1114.05,1124.34,8340000
2021-01-26,1125.50,1129.51,1101.60,1116.36,7520500
2021-01-27,1118.71,1120.51,1109.27,1111.20,4228700
2021-01-28,1117.08,1127.46,1103.64,1108.36,6280700
2021-01-29,1106.31,1119.19,1090.52,1090.97,4872700
2021-02-01,1100.56,1110.31,1064.17,1066.56,8576200
2021-02-02,1069.74,1086.07,1065.21,1080.46,4706100
2021-02-03,1082.56,1089.29,1080.89,1081.19,5279800
2021-02-04,1074.01,1091.16,1066.34,1086.31,4127300
2021-02-05,1095.02,1098.40,1062.58,1069.01,5282900
2021-02-08,1073.09,1075.04,1024.59,1031.09,5070000
2021-02-09,1037.35,1038.05,993.45,1009.83,7319400
2021-02-10,1010.83,1026.84,1010.76,1026.15,6133400
2021-02-11,1021.01,1035.78,1018.08,1032.62,6521600
2021-02-12,1034.45,1034.78,1000.82,1004.05,5413500
2021-02-15,1003.32,1006.70,990.30,993.64,6348300
2021-02-16,990.49,999.20,972.94,976.86,6287300
2021-02-17,980.95,988.14,974.66,977.09,7072900
2021-02-18,970.05,1000.72,966.61,1000.59,7285800
2021-02-19,1001.22,1001.93,990.37,992.42,6589400
2021-02-22,994.92,1002.56,994.27,997.94,7318200
2021-02-23,994.24,997.59,984.58,995.99,7016100
2021-02-24,1000.10,1003.30,972.32,989.95,8214700
2021-02-25,983.66,990.48,973.07,976.85,6835100
2021-02-26,976.27,983.34,966.36,968.65,3721300
2021-03-01,960.44,979.75,960.33,976.65,5763800
2021-03-02,980.82,988.21,972.88,983.10,5026400
2021-03-03,986.27,997.36,979.77,993.31,6252700
2021-03-04,996.22,1007.90,983.76,983.79,6915800
2021-03-05,985.36,987.69,973.09,975.70,5400600
2021-03-08,980.15,984.95,975.53,978.32,8304700
2021-03-09,977.07,977.74,974.12,976.92,5118600
2021-03-10,974.95,980.72,963.61,966.16,7266200
2021-03-11,968.80,972.58,951.71,960.44,5367600
2021-03-12,962.65,986.54,956.88,982.14,5245800
2021-03-15,983.37,985.98,979.89,980.83,5885600
2021-03-16,982.09,1002.70,978.49,989.02,7200700
2021-03-17,989.34,1012.15,980.36,1002.39,5755800
2021-03-18,1009.59,1019.80,997.59,1001.64,4862900
2021-03-19,994.30,1030.93,988.39,1026.89,3258900
2021-03-22,1027.16,1035.16,1018.25,1032.13,6194100
2021-03-23,1031.42,1049.01,1029.26,1044.60,8390300
2021-03-24,1044.20,1044.45,1038.50,1040.27,5476500
2021-03-25,1043.67,1059.88,1036.98,1051.69,5898700
2021-03-26,1045.09,1054.13,1036.23,1052.61,5981700
2021-03-29,1059.63,1064.69,1059.43,1062.92,5120200
2021-03-30,1061.96,1063.90,1044.58,1055.86,7689100
2021-03-31,1050.37,1052.33,1043.00,1049.10,7061900
2021-04-01,1051.13,1055.96,1043.13,1049.27,7113000
2021-04-02,1039.07,1073.41,1033.18,1061.12,3518800
2021-04-05,1055.57,1060.53,1036.11,1044.16,6914600
2021-04-06,1043.16,1050.04,1042.17,1046.72,6862800
2021-04-07,1048.20,1053.44,1041.13,1047.22,7368900
2021-04-08,1043.80,1072.48,1042.76,1064.13,8624400
2021-04-09,1062.82,1070.49,1029.83,1033.98,4590000
2021-04-12,1039.59,1040.00,1013.68,1015.26,5960300
2021-04-13,1014.13,1028.38,1012.22,1027.56,5348900
2021-04-14,1032.23,1036.44,1027.66,1034.04,6560100
2021-04-15,1034.15,1043.95,1019.98,1043.07,5208200
2021-04-16,1039.91,1049.29,1033.06,1045.31,7937100
2021-04-19,1043.09,1055.02,1036.01,1051.70,5545500
2021-04-20,1044.26,1067.71,1037.52,1059.87,4959100
2021-04-21,1057.09,1082.45,1055.81,1074.41,4273000
2021-04-22,1076.90,1085.40,1055.06,1058.11,6296800
2021-04-23,1057.47,1058.16,1046.89,1048.54,6283300
2021-04-26,1047.32,1071.65,1043.51,1065.83,7185700
2021-04-27,1066.28,1094.11,1064.69,1083.14,5019600
2021-04-28,1082.24,1083.66,1067.06,1071.21,6495700
2021-04-29,1072.27,1102.86,1069.19,1097.57,7791600
2021-04-30,1097.34,1112.00,1091.81,1107.28,4597900
2021-05-03,1105.62,1124.74,1102.02,1122.29,6102100
2021-05-04,1121.96,1129.18,1113.50,1120.54,6727200
2021-05-05,1129.16,1130.24,1094.43,1109.51,5740100
2021-05-06,1110.18,1112.30,1100.02,1111.35,7197000
2021-05-07,1110.85,1116.50,1099.19,1111.79,6827100
2021-05-10,1110.17,1113.20,1094.39,1096.91,5719200
2021-05-11,1097.17,1103.53,1092.88,1099.66,6985400
2021-05-12,1101.48,1102.49,1093.75,1101.50,5209800
2021-05-13,1111.01,1111.87,1076.73,1078.94,5950000
2021-05-14,1068.41,1069.00,1063.97,1068.60,7440600
2021-05-17,1070.98,1082.06,1061.06,1067.91,6095200
2021-05-18,1067.47,1071.86,1053.50,1057.99,6531500
2021-05-19,1056.52,1083.18,1054.68,1068.54,7192500
2021-05-20,1077.44,1092.55,1070.02,1086.44,6226300
2021-05-21,1081.64,1086.04,1059.44,1072.48,5660700
2021-05-24,1073.88,1084.47,1067.70,1076.58,6420500
2021-05-25,1079.90,1085.13,1078.77,1083.30,6785000
2021-05-26,1095.08,1102.99,1091.66,1096.72,2944300
2021-05-27,1096.07,1098.02,1066.02,1075.52,5991300
2021-05-28,1078.28,1078.29,1054.49,1062.24,6517600
2021-05-31,1067.53,1071.92,1065.76,1068.24,7326800
2021-06-01,1069.07,1095.91,1062.47,1085.26,5338800
2021-06-02,1083.61,1092.12,1079.72,1090.42,5377000
2021-06-03,1089.31,1089.37,1075.87,1078.93,6887900
2021-06-04,1080.95,1096.71,1079.77,1086.42,4635900
2021-06-07,1084.15,1093.46,1066.43,1076.71,6182600
2021-06-08,1072.51,1077.70,1050.50,1057.00,5027300
2021-06-09,1052.30,1065.68,1045.03,1059.69,4725000
2021-06-10,1060.32,1076.69,1057.74,1073.38,4133700
2021-06-11,1063.67,1090.38,1054.83,1088.46,6055400
2021-06-14,1085.14,1097.08,1085.07,1092.29,6474000
2021-06-15,1090.72,1103.71,1072.07,1082.49,5577700
2021-06-16,1090.77,1096.79,1066.44,1066.56,5267400
2021-06-17,1068.64,1079.17,1067.17,1076.65,5255600
2021-06-18,1072.79,1085.43,1056.27,1063.56,5986700
2021-06-21,1062.76,1070.42,1055.52,1068.04,4597600
2021-06-22,1065.99,1087.70,1058.42,1073.91,5895900
2021-06-23,1077.40,1078.40,1058.74,1065.00,7084300
2021-06-24,1071.61,1076.69,1059.79,1063.05,7280000
2021-06-25,1064.53,1067.39,1060.22,1062.78,4931300
2021-06-28,1067.82,1077.64,1058.00,1073.47,6479400
2021-06-29,1073.68,1075.17,1062.50,1064.99,6221400
2021-06-30,1065.87,1068.89,1063.05,1064.02,7730800
2021-07-01,1062.63,1070.45,1052.06,1067.72,6949300
2021-07-02,1059.52,1059.70,1048.00,1051.71,5834000
2021-07-05,1057.05,1063.54,1045.35,1045.85,6081500
2021-07-06,1045.82,1048.03,1035.28,1039.71,7592100
2021-07-07,1034.89,1048.78,1020.66,1042.74,4855300
2021-07-08,1037.55,1041.13,1023.16,1028.20,5565900
2021-07-09,1031.85,1036.88,1026.22,1028.29,7432200
2021-07-12,1030.43,1038.50,1030.28,1033.23,7221200
2021-07-13,1031.52,1054.10,1029.11,1053.07,6690200
2021-07-14,1048.98,1057.46,1040.82,1054.53,5075600
2021-07-15,1060.77,1088.50,1056.50,1076.78,5865500
2021-07-16,1080.79,1090.74,1076.99,1083.85,3831900
2021-07-19,1085.80,1094.87,1074.16,1094.43,4840700
2021-07-20,1094.10,1099.38,1084.41,1085.15,5670400
2021-07-21,1089.07,1094.11,1074.88,1077.73,7945600
2021-07-22,1078.07,1085.80,1069.29,1085.23,8240900
2021-07-23,1082.52,1084.63,1075.18,1077.33,6704500
2021-07-26,1073.17,1105.26,1063.94,1100.87,5829600
2021-07-27,1096.49,1105.99,1090.94,1104.13,6004100
2021-07-28,1098.38,1147.17,1096.52,1143.64,4537000
2021-07-29,1140.00,1140.22,1130.21,1135.91,6603800
2021-07-30,1141.96,1149.83,1138.83,1145.89,4897900
2021-08-02,1137.18,1159.61,1122.63,1154.38,5117600
2021-08-03,1149.76,1162.89,1143.26,1157.70,5205800
2021-08-04,1155.18,1165.13,1153.95,1164.43,5686400
2021-08-05,1170.54,1176.17,1131.55,1133.78,5219800
2021-08-06,1133.60,1141.43,1129.87,1135.67,4815600
2021-08-09,1134.36,1153.32,1122.64,1152.12,4378600
2021-08-10,1157.19,1165.25,1148.67,1151.79,6545700
2021-08-11,1149.98,1154.54,1128.01,1133.06,4931300
2021-08-12,1123.87,1144.72,1121.91,1127.94,7221900
2021-08-13,1133.56,1139.44,1124.90,1129.15,7990300
2021-08-16,1125.91,1155.11,1119.87,1142.80,5344100
2021-08-17,1150.21,1153.24,1129.94,1133.61,5891500
2021-08-18,1133.53,1159.42,1131.64,1150.70,4056400
2021-08-19,1159.03,1170.16,1138.37,1140.09,7613100
2021-08-20,1139.01,1163.11,1129.18,1154.80,4320900
2021-08-23,1151.60,1165.92,1142.67,1158.90,6157800
2021-08-24,1151.74,1194.90,1137.09,1194.35,6564500
2021-08-25,1194.50,1209.14,1184.88,1204.78,5506000
2021-08-26,1211.69,1227.17,1195.64,1224.22,5071000
2021-08-27,1233.59,1235.66,1211.86,1219.11,4977600
2021-08-30,1227.50,1235.21,1186.50,1188.73,5016800
2021-08-31,1186.47,1194.45,1180.72,1189.28,4249700
2021-09-01,1192.01,1199.46,1184.91,1190.52,4932600
2021-09-02,1197.88,1207.51,1174.01,1179.61,5924900
2021-09-03,1180.58,1181.52,1172.66,1179.07,6307600
2021-09-06,1168.35,1170.66,1148.53,1150.80,6897000
2021-09-07,1149.39,1158.02,1143.11,1146.59,6537600
2021-09-08,1150.72,1156.52,1137.10,1137.21,4067500
2021-09-09,1139.82,1162.50,1128.83,1157.92,5166700
2021-09-10,1161.30,1173.87,1156.10,1158.15,8080300
2021-09-13,1163.24,1165.82,1146.29,1158.66,5211100
2021-09-14,1163.52,1166.37,1154.53,1158.30,6171700
2021-09-15,1157.45,1159.67,1115.04,1129.08,8606800
2021-09-16,1126.95,1129.23,1105.74,1114.02,6545200
2021-09-17,1117.48,1131.87,1106.54,1131.49,5187000
2021-09-20,1127.75,1146.82,1119.92,1139.33,5784200
2021-09-21,1143.94,1149.18,1113.61,1118.34,3984100
2021-09-22,1119.49,1121.05,1115.48,1120.97,4419800
2021-09-23,1114.56,1123.18,1106.15,1113.99,5192100
2021-09-24,1111.35,1122.18,1104.69,1119.30,3620700
2021-09-27,1116.77,1123.49,1108.06,1119.61,8690900
2021-09-28,1119.19,1120.59,1114.68,1117.87,6973400
2021-09-29,1114.63,1121.36,1079.75,1097.44,6004300
2021-09-30,1099.02,1105.21,1090.31,1091.57,7044800
2021-10-01,1096.60,1111.11,1073.18,1078.45,5843200
2021-10-04,1083.51,1085.19,1068.27,1073.41,4220200
2021-10-05,1068.37,1085.15,1046.41,1084.77,5098900
2021-10-06,1077.10,1091.20,1076.12,1088.89,4529600
2021-10-07,1093.65,1096.65,1093.61,1095.38,6833500
2021-10-08,1089.57,1106.00,1086.38,1105.14,6147100
2021-10-11,1100.26,1109.13,1082.16,1087.41,5010800
2021-10-12,1086.17,1087.49,1072.75,1082.47,4421800
2021-10-13,1087.37,1096.15,1077.91,1095.44,5930600
2021-10-14,1102.07,1112.56,1100.60,1111.49,5811000
2021-10-15,1107.21,1112.82,1074.97,1079.08,5451900
2021-10-18,1062.27,1072.64,1061.18,1063.49,5235700
2021-10-19,1066.17,1073.19,1064.38,1067.50,4544900
2021-10-20,1068.61,1112.73,1061.21,1109.27,6726700
2021-10-21,1103.31,1115.04,1092.04,1097.78,4096100
2021-10-22,1098.39,1100.13,1085.86,1094.04,6654400
2021-10-25,1104.31,1106.45,1094.78,1095.51,6071300
2021-10-26,1102.35,1107.65,1097.71,1106.45,5906900
2021-10-27,1107.83,1109.52,1083.07,1085.07,5583200
2021-10-28,1082.63,1087.93,1071.24,1074.70,6316300
2021-10-29,1083.29,1086.41,1057.79,1066.54,8027600
2021-11-01,1060.34,1067.25,1051.79,1055.70,7599200
2021-11-02,1058.41,1064.05,1045.86,1046.77,6687800
2021-11-03,1049.87,1053.26,1042.79,1052.31,6445500
2021-11-04,1056.06,1073.71,1053.67,1068.26,6127700
2021-11-05,1074.93,1077.74,1067.82,1075.30,6484600
2021-11-08,1079.57,1091.71,1073.59,1077.38,3660000
2021-11-09,1067.70,1080.16,1066.43,1075.37,6806500
2021-11-10,1078.51,1087.94,1056.69,1064.62,4374900
2021-11-11,1067.42,1076.33,1040.08,1046.29,6530100
2021-11-12,1048.83,1049.08,1026.67,1028.85,3760900
2021-11-15,1029.37,1048.71,1024.46,1042.94,6396900
2021-11-16,1049.57,1061.32,1049.40,1058.38,5383000
2021-11-17,1056.38,1067.12,1047.63,1064.88,5526800
2021-11-18,1061.37,1077.30,1058.71,1068.16,5824800
2021-11-19,1069.25,1072.45,1062.04,1067.82,7266500
2021-11-22,1066.72,1078.15,1062.76,1073.41,4557700
2021-11-23,1075.02,1077.15,1058.72,1066.65,4902800
2021-11-24,1067.04,1068.17,1043.31,1053.08,6914600
2021-11-25,1056.72,1060.12,1025.86,1033.38,8148900
2021-11-26,1034.06,1036.87,1027.24,1034.29,4375800
2021-11-29,1033.90,1048.59,1013.78,1020.66,7713300
2021-11-30,1020.06,1021.15,989.15,995.38,5166900
2021-12-01,996.35,1001.18,988.91,989.42,5999200
2021-12-02,989.84,991.39,977.59,978.12,4576700
2021-12-03,975.59,992.23,973.75,987.77,4820800
2021-12-06,988.15,1015.46,987.79,1006.23,6093600
2021-12-07,999.11,1026.82,986.65,1013.76,6155100
2021-12-08,1016.88,1025.42,1015.19,1025.26,4867400
2021-12-09,1025.27,1057.15,1021.70,1051.62,7061000
2021-12-10,1051.35,1061.05,1026.45,1034.26,8702300
2021-12-13,1036.00,1038.39,1016.38,1017.95,7253900
2021-12-14,1015.29,1022.01,1015.28,1018.52,3844900
2021-12-15,1015.30,1017.85,1013.75,1013.83,4783800
2021-12-16,1006.93,1020.62,991.58,1017.50,5791300
2021-12-17,1017.97,1036.04,1014.24,1033.19,5788500
2021-12-20,1033.04,1037.58,1026.28,1033.24,5210900
2021-12-21,1031.83,1032.77,1002.31,1010.36,4989700
2021-12-22,1016.71,1054.46,1012.08,1048.55,6824300
2021-12-23,1040.69,1044.55,1030.54,1034.64,4038600
2021-12-24,1040.49,1050.82,1013.51,1017.94,5852900
2021-12-27,1013.79,1034.22,1003.96,1033.17,6613100
2021-12-28,1034.70,1038.24,1008.56,1011.07,4093700
2021-12-29,1004.66,1010.98,992.69,996.18,6066600
2021-12-30,994.06,999.22,988.66,997.06,7034300
2021-12-31,992.39,995.57,982.85,987.13,5002100
2022-01-03,986.65,994.59,979.85,989.74,7251100
2022-01-04,990.97,1008.73,985.32,1005.01,6406700
2022-01-05,1008.67,1013.03,1004.53,1006.85,5852600
2022-01-06,1008.31,1026.17,998.47,1002.29,5903500
2022-01-07,1007.94,1010.85,1001.58,1010.10,5713300
2022-01-10,1011.03,1026.73,996.84,1014.87,5777200
2022-01-11,1021.25,1055.27,1011.96,1054.62,6873900
2022-01-12,1055.68,1058.36,1036.53,1041.97,7875800
2022-01-13,1041.71,1061.31,1036.48,1060.39,4023400
2022-01-14,1064.01,1072.11,1054.26,1057.15,6067400
2022-01-17,1046.94,1069.42,1045.46,1063.51,7572100
2022-01-18,1061.79,1073.01,1027.55,1036.27,4557400
2022-01-19,1039.82,1043.41,1018.54,1021.90,5865800
2022-01-20,1019.70,1020.00,995.95,1005.80,6281000
2022-01-21,1003.11,1027.54,981.89,983.75,4998700
2022-01-24,991.01,1002.17,971.98,975.95,6075400
2022-01-25,979.69,1006.49,973.54,996.05,4389700
2022-01-26,996.02,1002.33,972.20,974.75,7384900
2022-01-27,972.87,993.65,972.75,992.82,6511300
2022-01-28,995.56,1006.52,990.21,990.69,3846600
2022-01-31,991.62,998.90,981.58,990.56,3853400
2022-02-01,992.02,992.15,968.99,972.11,6078700
2022-02-02,968.46,975.73,967.62,974.38,8180600
2022-02-03,969.23,1000.63,966.30,992.73,5176500
2022-02-04,991.10,992.62,983.79,984.73,8574400
2022-02-07,983.06,987.62,981.27,985.40,6943100
2022-02-08,979.71,987.30,977.08,984.83,7222400
2022-02-09,984.46,987.96,972.92,979.05,8087300
2022-02-10,969.70,984.35,965.75,965.90,8412400
2022-02-11,961.74,984.05,951.68,980.56,5513000
2022-02-14,978.66,994.45,978.29,990.54,6872700
2022-02-15,990.59,1006.84,978.44,981.24,7301100
2022-02-16,983.13,1000.79,979.97,996.47,5619200
2022-02-17,995.20,999.64,983.65,984.76,4225500
2022-02-18,987.19,988.97,980.77,985.46,6100500
2022-02-21,982.66,988.59,963.76,964.56,4258200
2022-02-22,966.26,968.23,938.93,940.09,5482100
2022-02-23,943.85,951.20,928.71,933.58,4674200
2022-02-24,940.82,960.32,936.63,955.14,7298300
2022-02-25,952.36,956.81,946.92,956.68,5035400
2022-02-28,960.16,972.86,955.93,970.66,6115100
2022-03-01,975.73,996.48,970.14,993.39,5228100
2022-03-02,995.77,999.23,989.61,998.11,4905800
2022-03-03,993.27,1001.13,977.91,987.59,4198800
2022-03-04,995.35,997.26,988.38,989.26,7713900
2022-03-07,984.79,990.15,980.50,982.95,7109500
2022-03-08,978.79,995.50,976.99,990.16,8194900
2022-03-09,986.25,997.20,970.60,983.16,5738700
2022-03-10,982.88,1009.07,976.95,1001.57,6631200
2022-03-11,1002.47,1022.44,1002.45,1016.72,4025100
2022-03-14,1013.18,1020.39,1007.98,1020.31,7878100
2022-03-15,1020.71,1025.42,1020.33,1022.21,7452900
2022-03-16,1024.27,1034.99,1021.53,1029.25,4090800
2022-03-17,1029.44,1030.39,1027.45,1029.14,5055100
2022-03-18,1028.85,1037.98,1023.70,1032.31,6483100
2022-03-21,1031.62,1055.38,1030.36,1046.10,6347000
2022-03-22,1047.94,1052.00,1031.43,1037.39,3023000
2022-03-23,1038.35,1042.54,1023.53,1032.58,5863600
2022-03-24,1030.76,1040.94,1028.97,1030.32,5732300
2022-03-25,1033.09,1046.83,1000.99,1001.17,6517800
2022-03-28,995.14,1025.19,994.22,1019.61,6639000
2022-03-29,1028.89,1036.49,1006.77,1016.13,3469300
2022-03-30,1016.42,1047.30,1012.29,1036.99,7153300
2022-03-31,1033.77,1040.89,1004.13,1010.50,8215800
2022-04-01,1009.33,1013.15,977.03,983.59,5429900
2022-04-04,984.71,992.09,972.73,979.71,5570700
2022-04-05,978.73,981.92,965.85,981.36,5518500
2022-04-06,978.12,997.11,972.80,994.87,3936500
2022-04-07,996.29,1008.04,993.40,1006.37,6706000
2022-04-08,1005.99,1028.82,1000.65,1025.32,5264400
2022-04-11,1020.56,1027.51,1016.90,1027.12,5159800
2022-04-12,1036.26,1064.49,1033.31,1062.82,4455800
2022-04-13,1062.56,1078.98,1058.67,1075.37,6194500
2022-04-14,1074.25,1075.08,1044.94,1051.39,5444100
2022-04-15,1046.82,1049.86,1037.82,1040.85,5983100
2022-04-18,1043.02,1044.00,1029.87,1030.24,6454400
2022-04-19,1038.84,1038.92,1022.60,1029.35,5496200
2022-04-20,1028.19,1030.87,1018.03,1020.63,5622900
2022-04-21,1021.24,1030.39,1015.07,1024.82,6682400
2022-04-22,1027.66,1052.41,1026.85,1042.63,5155100
2022-04-25,1038.29,1045.62,1016.98,1022.39,4658900
2022-04-26,1018.13,1022.01,1010.20,1014.50,5438300
2022-04-27,1009.71,1042.71,1006.74,1039.53,6227600
2022-04-28,1041.22,1070.72,1037.34,1064.75,5540700
2022-04-29,1069.19,1102.82,1063.55,1092.12,7316400
2022-05-02,1095.59,1103.31,1084.87,1096.63,6427900
2022-05-03,1095.77,1119.50,1089.83,1115.93,5835300
2022-05-04,1114.28,1125.37,1109.50,1122.85,6284700
2022-05-05,1128.28,1144.31,1093.27,1098.97,5459100
2022-05-06,1096.63,1106.87,1086.50,1089.90,6299300
2022-05-09,1091.74,1107.49,1089.78,1100.76,5058100
2022-05-10,1106.47,1112.82,1101.88,1102.71,7401900
2022-05-11,1099.36,1111.63,1088.68,1089.88,6879300
2022-05-12,1091.95,1094.09,1069.47,1075.79,3174700
2022-05-13,1073.07,1085.71,1067.75,1082.25,6465400
2022-05-16,1086.15,1092.32,1078.87,1086.16,4194500
2022-05-17,1090.68,1091.89,1071.96,1078.56,5383900
2022-05-18,1077.58,1101.89,1066.48,1101.35,5320500
2022-05-19,1101.30,1107.57,1088.92,1094.56,6358000
2022-05-20,1089.03,1089.54,1087.28,1088.13,6317400
2022-05-23,1084.50,1089.48,1080.88,1088.96,4543100
2022-05-24,1081.72,1092.10,1070.88,1088.17,5636400
2022-05-25,1087.18,1092.81,1077.83,1086.64,6895100
2022-05-26,1089.37,1095.14,1055.64,1058.41,5517000
2022-05-27,1061.90,1096.67,1061.80,1093.27,5629400
2022-05-30,1093.38,1110.36,1092.62,1102.50,5754800
2022-05-31,1099.60,1109.99,1091.53,1108.30,7042400
2022-06-01,1110.69,1118.55,1085.45,1099.92,5723500
2022-06-02,1093.22,1108.20,1078.97,1098.32,6353700
2022-06-03,1099.57,1107.80,1089.47,1105.45,6616500
2022-06-06,1106.23,1110.23,1087.96,1096.44,8381000
2022-06-07,1086.35,1118.71,1079.69,1108.82,6536600
2022-06-08,1115.30,1122.00,1109.70,1118.99,6262900
2022-06-09,1116.77,1123.03,1110.01,1114.74,6670800
2022-06-10,1115.33,1121.72,1099.73,1104.28,5970600
2022-06-13,1099.79,1127.82,1093.80,1115.76,4802500
2022-06-14,1115.63,1159.48,1114.82,1151.04,5373200
2022-06-15,1148.35,1155.99,1139.71,1155.13,5641400
2022-06-16,1152.28,1178.25,1143.93,1170.78,6958600
2022-06-17,1161.05,1178.56,1149.34,1169.14,5356600
2022-06-20,1177.97,1190.51,1155.98,1157.00,5449700
2022-06-21,1161.72,1180.56,1154.80,1175.39,6563900
2022-06-22,1167.80,1173.24,1161.07,1171.07,6593200
2022-06-23,1170.39,1209.83,1160.40,1205.88,6254500
2022-06-24,1216.41,1219.97,1189.83,1195.92,6872700
2022-06-27,1197.12,1208.60,1172.23,1172.27,6142100
2022-06-28,1175.42,1177.93,1173.67,1177.40,5417900
2022-06-29,1164.99,1199.19,1161.14,1190.66,8118500
2022-06-30,1180.73,1205.17,1173.49,1204.36,4790500
2022-07-01,1203.96,1208.90,1202.07,1206.19,6327100
2022-07-04,1209.80,1211.31,1186.16,1187.09,6621900
2022-07-05,1181.44,1212.07,1170.83,1205.15,6704700
2022-07-06,1201.56,1218.91,1183.83,1189.36,5728700
2022-07-07,1193.66,1239.19,1191.36,1225.65,5801300
2022-07-08,1224.55,1227.76,1212.98,1216.76,5587200
2022-07-11,1222.75,1229.11,1206.27,1213.73,3123000
2022-07-12,1208.28,1217.80,1195.84,1209.50,7392900
2022-07-13,1215.57,1241.77,1213.50,1232.41,5768300
2022-07-14,1227.21,1269.97,1224.11,1264.83,7843600
2022-07-15,1266.88,1281.52,1253.27,1272.82,7585400
2022-07-18,1266.76,1284.25,1260.57,1281.20,6366700
2022-07-19,1284.71,1295.95,1263.66,1265.09,4900700
2022-07-20,1268.97,1283.17,1267.06,1281.73,5682800
2022-07-21,1287.14,1290.57,1233.54,1242.74,7953600
2022-07-22,1241.92,1274.12,1233.29,1261.61,7374000
2022-07-25,1258.48,1280.47,1255.87,1269.19,7647000
2022-07-26,1263.26,1265.45,1240.08,1255.04,7510800
2022-07-27,1256.81,1275.51,1246.31,1268.71,4156300
2022-07-28,1267.78,1286.14,1263.97,1281.69,7694000
2022-07-29,1284.69,1336.24,1283.05,1314.22,4109500
2022-08-01,1316.82,1349.92,1312.87,1343.50,7432400
2022-08-02,1351.71,1353.83,1331.85,1346.48,5808200
2022-08-03,1353.89,1360.79,1351.93,1354.47,4341800
2022-08-04,1350.68,1357.33,1329.73,1331.90,4791300
2022-08-05,1330.06,1350.74,1321.89,1346.17,4343100
2022-08-08,1351.69,1359.01,1322.93,1324.41,8745200
2022-08-09,1324.13,1327.25,1306.93,1314.23,5962900
2022-08-10,1306.70,1312.83,1279.45,1289.47,5763500
2022-08-11,1298.79,1300.49,1276.67,1280.00,6120600
2022-08-12,1287.93,1294.56,1271.66,1288.66,7464900
2022-08-15,1285.41,1288.72,1273.59,1274.20,5843800
2022-08-16,1271.05,1290.74,1270.10,1275.10,7222100
2022-08-17,1274.39,1287.45,1250.96,1254.30,7212400
2022-08-18,1249.80,1265.21,1240.90,1262.09,7316700
2022-08-19,1265.02,1291.90,1255.89,1277.43,5607600
2022-08-22,1274.18,1291.84,1266.31,1278.75,5892400
2022-08-23,1278.55,1284.86,1277.16,1277.84,4765900
2022-08-24,1271.36,1284.55,1255.50,1262.20,5879400
2022-08-25,1260.57,1276.26,1259.74,1273.55,6675200
2022-08-26,1271.87,1306.15,1261.01,1293.57,5218000
2022-08-29,1280.55,1298.14,1272.05,1289.68,5970100
2022-08-30,1281.90,1307.07,1281.32,1289.07,7154000
2022-08-31,1281.88,1285.32,1277.93,1280.88,6239800
2022-09-01,1282.82,1287.01,1249.45,1259.35,4830700
2022-09-02,1266.66,1267.32,1255.66,1257.41,5006400
2022-09-05,1256.36,1271.28,1223.36,1231.44,7494500
2022-09-06,1226.40,1251.34,1226.02,1250.30,6269900
2022-09-07,1250.54,1289.22,1244.12,1279.93,7686100
2022-09-08,1285.77,1303.79,1277.40,1295.41,7499700
2022-09-09,1298.10,1301.39,1297.92,1301.05,7027000
2022-09-12,1314.28,1321.93,1289.62,1298.86,5588400
2022-09-13,1298.66,1303.24,1297.39,1300.39,5000800
2022-09-14,1302.86,1306.05,1276.15,1279.18,6855000
2022-09-15,1281.07,1291.71,1274.04,1283.44,5981500
2022-09-16,1296.13,1297.26,1266.52,1284.82,6742500
2022-09-19,1282.04,1302.92,1272.46,1295.96,7737000
2022-09-20,1295.91,1330.40,1286.30,1326.78,5613500
2022-09-21,1333.36,1344.69,1331.25,1332.29,3256400
2022-09-22,1340.27,1369.33,1336.26,1361.84,6644900
2022-09-23,1361.42,1393.35,1352.57,1377.97,5769900
2022-09-26,1379.32,1382.95,1358.37,1366.48,6643300
2022-09-27,1370.10,1388.17,1365.22,1380.06,5881000
2022-09-28,1390.72,1403.67,1382.32,1382.92,5073500
2022-09-29,1380.76,1395.36,1369.40,1394.96,6808100
2022-09-30,1393.80,1409.37,1392.16,1407.31,5964200
2022-10-03,1408.44,1430.07,1404.30,1416.77,5810000
2022-10-04,1416.96,1420.12,1410.10,1416.40,5628400
2022-10-05,1413.35,1439.18,1412.54,1430.56,7069800
2022-10-06,1431.65,1453.56,1414.54,1428.45,7541400
2022-10-07,1423.43,1436.42,1417.84,1418.43,5630900
2022-10-10,1415.78,1421.97,1409.33,1421.59,5381400
2022-10-11,1416.76,1423.11,1390.44,1396.80,6121000
2022-10-12,1405.40,1414.67,1398.43,1410.92,4515800
2022-10-13,1402.81,1431.61,1400.76,1429.62,4559700
2022-10-14,1426.95,1434.13,1424.34,1430.10,4911900
2022-10-17,1423.52,1462.22,1414.50,1459.45,6190500
2022-10-18,1456.66,1484.98,1455.23,1479.43,5850500
2022-10-19,1489.55,1498.97,1483.41,1487.00,5379600
2022-10-20,1477.98,1506.73,1468.41,1502.06,6829700
2022-10-21,1500.11,1537.35,1488.33,1523.03,5248700
2022-10-24,1520.96,1536.89,1512.69,1517.12,5152700
2022-10-25,1520.92,1532.86,1512.67,1530.00,4458700
2022-10-26,1531.46,1557.29,1523.38,1546.91,6080900
2022-10-27,1550.81,1561.85,1550.71,1560.49,6767600
2022-10-28,1549.47,1562.70,1549.13,1555.18,3861800
2022-10-31,1556.05,1600.91,1552.60,1583.92,5613600
2022-11-01,1588.52,1591.55,1533.10,1542.96,6239800
2022-11-02,1543.52,1552.01,1536.50,1537.72,7029000
2022-11-03,1530.08,1544.78,1515.94,1540.23,6248000
2022-11-04,1540.90,1582.39,1530.62,1574.34,4968800
2022-11-07,1578.15,1585.45,1543.39,1545.32,7059000
2022-11-08,1547.53,1548.12,1522.11,1524.11,5759600
2022-11-09,1526.55,1529.50,1494.01,1502.70,8256600
2022-11-10,1506.43,1509.73,1496.29,1498.62,5576100
2022-11-11,1497.42,1503.07,1482.24,1483.90,7603200
2022-11-14,1486.40,1491.20,1452.31,1463.49,5396200
2022-11-15,1454.29,1483.56,1444.00,1480.88,7395400
2022-11-16,1468.73,1491.06,1464.72,1490.92,4668300
2022-11-17,1500.05,1504.64,1483.88,1489.70,6473700
2022-11-18,1475.41,1478.36,1461.85,1476.03,6237800
2022-11-21,1483.32,1494.03,1468.37,1469.97,7581500
2022-11-22,1476.55,1488.48,1450.83,1466.92,5822900
2022-11-23,1479.25,1509.94,1473.81,1508.09,6958500
2022-11-24,1512.62,1517.83,1477.11,1486.42,5621100
2022-11-25,1488.78,1497.37,1474.70,1476.34,6862800
2022-11-28,1471.78,1480.38,1456.76,1466.26,5808500
2022-11-29,1467.50,1475.02,1460.84,1462.70,5576100
2022-11-30,1465.01,1478.09,1455.81,1476.58,6428500
2022-12-01,1464.84,1466.66,1440.87,1450.01,5954200
2022-12-02,1448.43,1464.13,1423.04,1430.19,4779800
2022-12-05,1430.22,1457.54,1429.44,1451.62,5995500
2022-12-06,1454.18,1466.91,1451.52,1456.43,4937000
2022-12-07,1461.91,1498.97,1459.59,1485.45,5769300
2022-12-08,1490.32,1491.90,1465.57,1471.65,5503600
2022-12-09,1484.95,1500.52,1439.90,1442.50,8058600
2022-12-12,1436.05,1439.85,1423.65,1431.14,6630800
2022-12-13,1426.06,1427.55,1409.65,1418.00,4073000
2022-12-14,1408.14,1447.41,1388.82,1430.16,7254000
2022-12-15,1432.99,1436.29,1413.06,1414.83,7110700
2022-12-16,1406.62,1420.16,1406.36,1416.43,7486800
2022-12-19,1409.55,1442.65,1404.00,1430.51,7285500
2022-12-20,1433.64,1433.84,1429.27,1433.05,6110400
2022-12-21,1437.42,1437.91,1420.95,1426.96,6894600
2022-12-22,1419.93,1438.34,1381.77,1421.33,4817300
2022-12-23,1424.96,1433.91,1420.59,1425.87,7815400
2022-12-26,1429.26,1439.19,1426.83,1438.74,7351400
2022-12-27,1438.69,1447.98,1417.36,1419.85,7371800
2022-12-28,1419.80,1426.19,1387.50,1394.58,5855000
2022-12-29,1397.80,1437.01,1396.28,1423.30,5833800
2022-12-30,1433.12,1437.20,1388.39,1395.49,5595300
2023-01-02,1394.20,1395.94,1388.65,1389.99,7041300
2023-01-03,1381.55,1386.12,1361.21,1374.15,3483100
2023-01-04,1369.20,1398.39,1358.28,1397.47,4577400
2023-01-05,1392.73,1403.09,1389.72,1402.06,6755200
2023-01-06,1401.36,1428.59,1399.37,1426.92,7601400
2023-01-09,1427.02,1458.83,1416.52,1451.34,6148100
2023-01-10,1445.11,1446.30,1429.78,1438.47,6879100
2023-01-11,1440.08,1442.83,1422.14,1442.40,5330500
2023-01-12,1441.90,1446.23,1406.45,1412.36,5734600
2023-01-13,1408.29,1408.34,1395.88,1402.87,4513700
2023-01-16,1408.27,1423.40,1405.45,1417.13,6228300
2023-01-17,1414.40,1429.15,1407.34,1425.83,6094700
2023-01-18,1423.92,1444.09,1416.77,1433.64,2357800
2023-01-19,1437.00,1443.72,1422.79,1435.02,4800200
2023-01-20,1429.06,1442.20,1417.10,1427.02,5367100
2023-01-23,1420.15,1449.97,1417.71,1440.09,5819500
2023-01-24,1437.77,1448.39,1422.27,1443.89,7228600
2023-01-25,1444.88,1458.11,1435.30,1444.24,6736600
2023-01-26,1448.80,1471.01,1429.60,1464.32,5637400
2023-01-27,1457.11,1462.93,1454.16,1456.95,5994600
2023-01-30,1447.76,1494.12,1446.82,1493.65,6414500
2023-01-31,1496.93,1503.27,1478.12,1490.23,6985200
2023-02-01,1489.73,1543.33,1481.05,1523.99,5202500
2023-02-02,1527.55,1536.92,1521.81,1528.30,7153300
2023-02-03,1536.54,1547.85,1506.52,1519.42,4788000
2023-02-06,1516.94,1521.51,1510.53,1516.03,6033500
2023-02-07,1503.43,1537.70,1497.13,1530.89,6369500
2023-02-08,1530.43,1544.11,1519.35,1541.72,6194300
2023-02-09,1537.00,1557.04,1527.90,1555.46,5436500
2023-02-10,1556.35,1565.80,1554.85,1561.06,4455600
2023-02-13,1559.48,1560.43,1555.19,1557.01,4238800
2023-02-14,1555.35,1558.07,1544.37,1545.29,5165300
2023-02-15,1550.25,1561.13,1527.93,1531.26,3154100
2023-02-16,1533.61,1535.15,1518.98,1526.51,5286400
2023-02-17,1523.68,1529.61,1483.43,1489.05,6882300
2023-02-20,1484.85,1497.99,1480.37,1493.80,6551700
2023-02-21,1498.40,1503.67,1493.04,1495.21,6250600
2023-02-22,1496.66,1509.04,1476.63,1493.02,5372800
2023-02-23,1487.61,1494.80,1463.26,1476.38,8617600
2023-02-24,1467.24,1495.90,1459.98,1476.03,7153000
2023-02-27,1478.26,1498.57,1477.64,1489.06,6108900
2023-02-28,1489.80,1504.06,1464.28,1468.66,5905800
2023-03-01,1468.86,1482.64,1443.86,1449.14,7307800
2023-03-02,1445.75,1463.00,1435.85,1443.00,5209100
2023-03-03,1456.61,1462.21,1426.88,1447.08,5090400
2023-03-06,1449.78,1455.78,1420.79,1425.22,6119700
2023-03-07,1417.27,1455.64,1409.65,1438.13,5404700
2023-03-08,1439.34,1442.86,1392.88,1401.28,4420800
2023-03-09,1395.71,1444.00,1390.41,1432.01,5741100
2023-03-10,1430.19,1441.20,1400.70,1405.87,3790300
2023-03-13,1414.15,1418.61,1384.30,1386.03,4041300
2023-03-14,1381.59,1382.29,1366.47,1374.95,6007900
2023-03-15,1373.11,1387.35,1340.87,1350.38,6167100
2023-03-16,1343.67,1348.84,1340.53,1346.48,4976300
2023-03-17,1350.06,1358.73,1332.31,1333.66,6067300
2023-03-20,1331.69,1361.25,1321.39,1359.82,5303700
2023-03-21,1352.92,1372.25,1341.26,1360.00,5750000
2023-03-22,1365.17,1395.61,1359.11,1375.91,6720800
2023-03-23,1380.51,1382.94,1370.17,1377.84,5957100
2023-03-24,1374.75,1416.25,1373.49,1399.01,5663400
2023-03-27,1407.97,1410.09,1396.46,1407.11,6282900
2023-03-28,1405.77,1418.50,1362.11,1381.80,7455000
2023-03-29,1389.76,1400.99,1366.85,1375.14,6802200
2023-03-30,1369.57,1395.31,1359.99,1382.48,4310100
2023-03-31,1376.86,1401.68,1369.75,1390.53,6491900
2023-04-03,1379.77,1382.91,1348.20,1353.68,7966000
2023-04-04,1345.96,1362.00,1327.09,1337.20,5841700
2023-04-05,1342.50,1346.04,1303.94,1309.26,5912800
2023-04-06,1305.14,1310.79,1280.32,1283.14,5917300
2023-04-07,1279.65,1286.63,1270.74,1284.85,5478700
2023-04-10,1288.81,1290.92,1284.22,1286.33,6782100
2023-04-11,1287.23,1295.68,1247.73,1248.16,6068900
2023-04-12,1256.93,1264.23,1225.08,1227.73,4403800
2023-04-13,1225.14,1257.70,1208.23,1244.10,6726000
2023-04-14,1245.85,1264.16,1230.59,1263.43,6476000
2023-04-17,1262.51,1284.37,1259.02,1277.03,6132900
2023-04-18,1272.52,1284.33,1255.73,1257.75,4382000
2023-04-19,1259.31,1270.39,1259.28,1260.22,6024700
2023-04-20,1264.16,1278.55,1256.92,1278.05,5672100
2023-04-21,1288.10,1294.82,1270.53,1276.79,5593600
2023-04-24,1277.38,1288.86,1257.36,1269.67,7137400
2023-04-25,1275.38,1287.24,1258.44,1258.73,5100800
2023-04-26,1264.28,1270.80,1262.04,1263.85,3438100
2023-04-27,1262.95,1286.90,1261.66,1279.02,6275600
2023-04-28,1269.80,1327.50,1258.85,1309.00,6971000
2023-05-01,1308.51,1318.90,1298.88,1307.00,5490900
2023-05-02,1303.90,1316.79,1298.30,1308.18,3655500
2023-05-03,1312.73,1314.16,1274.67,1282.23,4051000
2023-05-04,1285.96,1301.38,1273.63,1301.23,5067600
2023-05-05,1293.31,1301.34,1277.82,1290.02,6353400
2023-05-08,1290.57,1318.79,1281.50,1313.93,5331800
2023-05-09,1306.72,1309.85,1292.98,1300.75,3956000
2023-05-10,1298.30,1305.53,1292.82,1299.02,2759500
2023-05-11,1294.75,1317.91,1291.04,1309.95,7951800
2023-05-12,1303.37,1315.18,1295.89,1313.92,5957800
2023-05-15,1312.63,1325.42,1273.85,1273.98,7268400
2023-05-16,1267.83,1270.58,1262.45,1269.95,5164700
2023-05-17,1263.39,1278.99,1262.24,1272.58,4882500
2023-05-18,1271.78,1317.38,1269.30,1314.17,6382400
2023-05-19,1313.98,1339.46,1311.24,1337.86,7545500
2023-05-22,1332.69,1369.10,1314.82,1366.15,5743900
2023-05-23,1376.28,1385.65,1374.49,1378.81,6165700
2023-05-24,1382.88,1408.60,1375.49,1406.95,4930900
2023-05-25,1401.54,1418.77,1393.25,1409.42,6793900
2023-05-26,1411.11,1411.52,1381.27,1385.58,7729100
2023-05-29,1387.62,1389.97,1372.62,1373.27,6494800
2023-05-30,1369.79,1384.55,1369.36,1381.68,6367400
2023-05-31,1384.18,1388.59,1365.11,1371.55,8761600
2023-06-01,1372.25,1387.00,1358.99,1370.62,7514200
2023-06-02,1358.73,1380.43,1356.69,1367.70,3894700
2023-06-05,1352.48,1394.91,1345.35,1393.97,5833500
2023-06-06,1394.27,1395.71,1341.56,1346.35,5003700
2023-06-07,1342.37,1346.60,1320.68,1323.63,6655000
2023-06-08,1324.27,1329.29,1317.44,1326.35,5297100
2023-06-09,1314.34,1329.94,1313.78,1321.89,4695700
2023-06-12,1317.54,1367.84,1315.72,1358.04,4526400
2023-06-13,1349.04,1375.70,1330.35,1375.04,4689700
2023-06-14,1380.34,1388.33,1358.67,1379.20,5793600
2023-06-15,1386.28,1397.11,1366.89,1368.75,6389500
2023-06-16,1364.15,1379.75,1363.38,1371.34,6376100
2023-06-19,1373.59,1377.11,1362.44,1368.87,3599600
2023-06-20,1361.01,1371.17,1340.20,1342.00,6911800
2023-06-21,1341.17,1348.68,1324.14,1326.57,5379700
2023-06-22,1327.90,1342.25,1325.43,1336.62,6118300
2023-06-23,1336.85,1345.89,1334.16,1343.05,3891900
2023-06-26,1345.99,1360.46,1340.51,1344.56,6717600
2023-06-27,1348.54,1379.98,1337.13,1375.23,6070500
2023-06-28,1379.73,1392.94,1352.12,1358.72,7220100
2023-06-29,1364.95,1374.16,1339.91,1352.84,6725100
2023-06-30,1349.87,1372.46,1341.97,1367.56,4287600
2023-07-03,1370.70,1401.73,1363.87,1389.33,7161200
2023-07-04,1390.53,1404.16,1375.08,1376.45,8389100
2023-07-05,1380.82,1387.17,1374.32,1382.89,4851500
2023-07-06,1382.41,1392.05,1372.87,1377.45,3620100
2023-07-07,1379.09,1384.70,1356.91,1360.35,4083000
2023-07-10,1365.14,1373.63,1358.77,1362.14,6190500
2023-07-11,1365.17,1372.70,1348.51,1349.97,5342100
2023-07-12,1354.73,1367.32,1349.28,1367.11,7783100
2023-07-13,1359.62,1379.82,1353.45,1374.69,3779300
2023-07-14,1375.33,1380.74,1362.12,1371.15,4899500
2023-07-17,1374.56,1398.65,1371.87,1393.21,5464100
2023-07-18,1387.49,1432.42,1375.74,1419.95,5205400
2023-07-19,1413.19,1421.47,1402.55,1408.15,4604300
2023-07-20,1407.15,1411.11,1362.73,1378.89,7428200
2023-07-21,1386.91,1389.47,1361.25,1366.49,6338600
2023-07-24,1364.79,1372.11,1359.03,1368.77,6936300
2023-07-25,1359.34,1373.32,1324.15,1327.36,5225600
2023-07-26,1319.25,1325.65,1283.55,1291.36,5596000
2023-07-27,1289.85,1316.28,1284.18,1311.51,7161100
2023-07-28,1310.09,1328.87,1308.94,1311.49,6541100
2023-07-31,1310.68,1338.10,1307.39,1320.44,7093600
2023-08-01,1310.25,1322.79,1309.03,1321.42,6140300
2023-08-02,1327.23,1336.14,1311.57,1312.44,5014200
2023-08-03,1311.44,1318.46,1298.74,1318.06,6558900
2023-08-04,1313.53,1315.60,1310.31,1314.21,7019600
2023-08-07,1318.82,1336.23,1310.70,1332.49,6558500
2023-08-08,1336.88,1341.04,1331.28,1331.88,7227100
2023-08-09,1327.13,1345.05,1323.94,1336.58,6254400
2023-08-10,1327.47,1332.95,1325.79,1332.57,7088700
2023-08-11,1328.65,1333.39,1308.25,1312.55,5540300
2023-08-14,1318.47,1320.41,1298.33,1300.72,5646300
2023-08-15,1303.72,1317.27,1298.72,1311.92,5401100
2023-08-16,1312.68,1330.79,1290.67,1296.22,6238400
2023-08-17,1288.89,1302.36,1272.98,1296.54,5369800
2023-08-18,1295.96,1297.06,1281.64,1287.35,7077900
2023-08-21,1277.78,1287.80,1270.97,1281.34,5302300
2023-08-22,1280.12,1305.27,1279.10,1304.37,3981600
2023-08-23,1312.98,1319.62,1282.13,1282.89,5062800
2023-08-24,1279.77,1280.76,1259.93,1266.30,6798700
2023-08-25,1261.86,1272.78,1239.50,1250.93,7340300
2023-08-28,1252.96,1278.32,1240.85,1270.96,7273500
2023-08-29,1264.45,1280.00,1259.30,1279.39,6631300
2023-08-30,1278.71,1279.71,1249.53,1253.44,7041500
2023-08-31,1245.06,1245.27,1226.20,1238.44,3869400
2023-09-01,1233.54,1242.56,1229.36,1233.61,3291000
2023-09-04,1230.89,1236.07,1223.59,1227.14,4015400
2023-09-05,1230.71,1231.91,1209.89,1216.28,5737100
2023-09-06,1217.39,1237.03,1209.92,1230.10,7077300
2023-09-07,1226.41,1230.21,1210.88,1214.94,5476700
2023-09-08,1215.05,1228.74,1209.28,1220.66,7069900
2023-09-11,1215.75,1233.04,1201.54,1219.89,5861700
2023-09-12,1225.69,1228.37,1211.56,1217.08,6439400
2023-09-13,1224.29,1233.40,1173.68,1188.03,4915500
2023-09-14,1192.41,1196.28,1169.40,1173.16,3720600
2023-09-15,1179.06,1198.78,1167.91,1193.07,6610100
2023-09-18,1191.43,1206.53,1183.47,1200.18,6464700
2023-09-19,1205.89,1206.81,1170.24,1176.86,6703500
2023-09-20,1170.72,1185.62,1165.25,1180.62,5440000
2023-09-21,1185.46,1186.43,1149.99,1154.60,5654800
2023-09-22,1163.89,1174.60,1153.59,1166.61,7037800
2023-09-25,1166.31,1172.26,1151.47,1155.89,7548200
2023-09-26,1158.10,1186.43,1154.76,1181.17,6091200
2023-09-27,1177.21,1212.90,1167.78,1200.91,4301300
2023-09-28,1203.90,1218.95,1198.01,1213.10,5341000
2023-09-29,1210.55,1213.88,1192.22,1195.43,6501900
2023-10-02,1194.23,1212.31,1185.01,1196.41,6816800
2023-10-03,1186.11,1188.54,1175.70,1181.17,6724400
2023-10-04,1181.08,1187.63,1173.02,1173.20,5027400
2023-10-05,1172.15,1177.09,1157.59,1160.84,5794500
2023-10-06,1162.05,1164.77,1155.41,1158.25,5556200
2023-10-09,1162.25,1181.42,1158.71,1167.50,5278800
2023-10-10,1161.82,1179.97,1158.99,1178.92,7779500
2023-10-11,1178.25,1186.45,1140.80,1146.72,5580300
2023-10-12,1146.53,1152.86,1120.90,1131.75,5692400
2023-10-13,1127.63,1127.69,1105.84,1114.37,6183200
2023-10-16,1114.66,1140.10,1114.53,1129.29,6304800
2023-10-17,1135.74,1143.90,1100.67,1114.36,5561400
2023-10-18,1107.47,1134.34,1104.36,1123.12,6174800
2023-10-19,1131.81,1140.03,1106.98,1125.43,5448400
2023-10-20,1127.37,1145.25,1118.34,1137.94,6187100
2023-10-23,1136.85,1144.60,1121.49,1133.70,4676700
2023-10-24,1130.85,1136.72,1115.55,1126.57,7688900
2023-10-25,1130.71,1146.07,1123.55,1139.44,4647700
2023-10-26,1146.09,1160.35,1136.08,1156.49,4461500
2023-10-27,1150.45,1159.22,1145.48,1155.06,7236900
2023-10-30,1162.98,1171.72,1142.36,1149.77,4969100
2023-10-31,1155.31,1158.82,1136.70,1142.91,3480200
2023-11-01,1141.36,1150.86,1139.88,1139.89,7621000
2023-11-02,1136.15,1161.39,1131.01,1154.74,5048600
2023-11-03,1152.23,1153.98,1135.46,1143.55,5583300
2023-11-06,1148.04,1165.20,1147.76,1163.06,7658800
2023-11-07,1162.91,1163.17,1132.33,1143.89,4798000
2023-11-08,1146.01,1168.64,1142.22,1147.00,4617900
2023-11-09,1148.14,1155.02,1124.50,1135.76,4246900
2023-11-10,1134.62,1142.79,1131.99,1141.59,5554800
2023-11-13,1137.86,1179.15,1127.14,1178.47,5256700
2023-11-14,1180.17,1185.14,1164.56,1168.25,5686400
2023-11-15,1169.74,1188.90,1169.47,1187.38,4372800
2023-11-16,1193.84,1196.56,1163.25,1167.57,5919500
2023-11-17,1170.80,1181.32,1167.80,1175.66,8415100
2023-11-20,1172.20,1225.77,1167.54,1214.10,4966400
2023-11-21,1218.90,1223.64,1216.49,1220.38,6628800
2023-11-22,1219.93,1225.91,1195.01,1195.73,5567300
2023-11-23,1200.50,1200.74,1179.56,1188.74,5539000
2023-11-24,1188.94,1194.88,1186.74,1192.04,4238500
2023-11-27,1191.64,1194.16,1176.34,1176.41,7373400
2023-11-28,1170.12,1204.29,1163.39,1202.47,7412900
2023-11-29,1203.87,1216.02,1200.78,1215.37,6139200
2023-11-30,1213.26,1222.33,1200.92,1204.39,6713700
2023-12-01,1208.11,1220.66,1204.87,1216.93,5231200
2023-12-04,1217.70,1232.43,1211.67,1222.88,6758000
2023-12-05,1219.00,1228.76,1189.79,1197.04,4640000
2023-12-06,1202.60,1233.83,1196.04,1224.75,7141800
2023-12-07,1213.55,1245.02,1210.03,1243.61,6071100
2023-12-08,1244.08,1252.22,1211.70,1212.58,5204900
2023-12-11,1210.28,1242.28,1202.69,1233.92,5455200
2023-12-12,1238.99,1244.65,1229.14,1233.75,5911100
2023-12-13,1236.85,1247.89,1228.67,1246.72,7132900
2023-12-14,1243.78,1253.03,1242.36,1245.96,5365800
2023-12-15,1248.86,1254.71,1224.75,1226.33,4589600
2023-12-18,1233.59,1234.52,1226.92,1228.40,7008400
2023-12-19,1232.07,1255.62,1230.59,1253.16,5257900
2023-12-20,1249.52,1251.36,1222.60,1222.93,8168200
2023-12-21,1222.34,1226.74,1216.33,1221.72,5010800
2023-12-22,1222.18,1226.78,1205.66,1210.61,6508300
2023-12-25,1207.67,1225.08,1202.87,1219.93,6546500
2023-12-26,1218.68,1223.37,1193.40,1198.38,6252400
2023-12-27,1199.56,1218.13,1196.97,1205.80,4729500
2023-12-28,1207.09,1214.22,1200.64,1200.78,4527600
2023-12-29,1199.59,1212.25,1199.28,1210.68,4874900
2024-01-01,1202.77,1218.88,1201.02,1210.16,4182500
2024-01-02,1215.86,1219.15,1191.49,1194.19,8035300
2024-01-03,1189.58,1197.65,1183.18,1193.28,3788800
2024-01-04,1195.84,1203.03,1191.61,1199.50,5004700
2024-01-05,1196.44,1204.90,1190.64,1202.96,4769100
2024-01-08,1200.50,1231.09,1198.17,1228.48,6647800
2024-01-09,1221.40,1225.85,1219.73,1224.12,6252000
2024-01-10,1232.91,1233.37,1215.34,1230.69,4976300
2024-01-11,1231.97,1248.43,1229.33,1245.99,4269600
2024-01-12,1247.60,1282.99,1241.58,1273.00,5937000
2024-01-15,1274.67,1283.26,1265.56,1265.99,4768600
2024-01-16,1265.44,1268.04,1259.83,1260.98,4452400
2024-01-17,1256.93,1269.73,1253.54,1258.89,6553700
2024-01-18,1258.58,1264.87,1231.62,1244.59,5773000
2024-01-19,1234.35,1236.36,1219.85,1226.59,6769400
2024-01-22,1223.98,1254.99,1221.00,1242.10,6485500
2024-01-23,1239.41,1273.18,1234.39,1252.33,6882400
2024-01-24,1252.82,1282.06,1243.27,1272.70,7589100
2024-01-25,1279.04,1305.99,1276.44,1297.76,5589800
2024-01-26,1301.22,1309.14,1279.84,1286.90,4198100
2024-01-29,1282.63,1286.84,1280.36,1284.61,6606300
2024-01-30,1288.67,1300.39,1266.98,1273.36,4788300
2024-01-31,1267.92,1278.52,1266.45,1270.97,4400400
2024-02-01,1270.82,1305.78,1261.43,1295.27,6381500
2024-02-02,1288.18,1301.85,1272.88,1274.01,5454600
2024-02-05,1269.91,1305.53,1266.03,1297.07,6019300
2024-02-06,1295.98,1306.11,1273.04,1286.20,5576000
2024-02-07,1283.58,1300.21,1273.66,1296.65,6526800
2024-02-08,1293.41,1340.36,1287.05,1333.39,4663100
2024-02-09,1335.72,1363.02,1335.13,1355.85,7244700
2024-02-12,1360.30,1363.58,1329.25,1333.49,8932500
2024-02-13,1327.43,1341.46,1322.75,1336.67,5537600
2024-02-14,1332.34,1365.27,1327.11,1360.48,5196600
2024-02-15,1356.24,1364.84,1338.20,1338.35,6825400
2024-02-16,1340.17,1354.30,1307.38,1316.21,9076200
2024-02-19,1326.96,1330.19,1310.70,1318.98,5226100
2024-02-20,1319.75,1323.36,1292.91,1297.29,6390400
2024-02-21,1296.39,1298.98,1265.72,1275.97,6097700
2024-02-22,1282.00,1283.42,1267.28,1274.58,5116400
2024-02-23,1282.68,1297.75,1261.89,1294.42,3870100
2024-02-26,1295.87,1306.15,1295.47,1300.11,4266000
2024-02-27,1299.71,1336.72,1298.40,1319.76,5628800
2024-02-28,1328.97,1330.78,1322.76,1326.49,7731900
2024-02-29,1329.95,1333.96,1323.55,1332.55,5135600
2024-03-01,1328.52,1355.22,1327.80,1347.96,5251000
2024-03-04,1354.62,1362.08,1328.50,1339.59,5828000
2024-03-05,1338.68,1341.43,1329.99,1336.94,8367200
2024-03-06,1341.83,1352.07,1307.61,1333.90,6345700
2024-03-07,1331.39,1337.78,1319.33,1328.70,6940100
2024-03-08,1314.02,1314.57,1299.77,1311.69,6670800
2024-03-11,1308.41,1310.57,1302.68,1306.59,6302200
2024-03-12,1308.60,1309.11,1299.33,1300.94,5199600
2024-03-13,1294.56,1320.58,1288.24,1318.96,6253000
2024-03-14,1314.97,1321.39,1306.32,1306.99,7196800
2024-03-15,1305.74,1321.75,1304.47,1321.41,6206100
2024-03-18,1327.69,1342.86,1307.56,1311.99,7148900
2024-03-19,1309.26,1345.09,1293.50,1343.45,5162700
2024-03-20,1347.03,1357.81,1324.35,1326.42,6819600
2024-03-21,1326.70,1329.09,1274.50,1274.80,7391800
2024-03-22,1278.41,1286.57,1267.74,1286.39,5639300
2024-03-25,1284.21,1305.79,1280.73,1294.81,5657900
2024-03-26,1298.78,1304.93,1288.36,1302.77,5323900
2024-03-27,1301.17,1336.20,1291.98,1329.39,3150500
2024-03-28,1336.45,1362.49,1335.28,1349.93,5642700
2024-03-29,1350.33,1352.34,1341.04,1341.52,7863600
2024-04-01,1348.38,1352.65,1326.19,1326.76,5551200
2024-04-02,1328.34,1338.71,1317.13,1330.02,6035500
2024-04-03,1320.56,1326.00,1310.67,1318.78,5599700
2024-04-04,1304.17,1321.39,1303.31,1310.14,4165300
2024-04-05,1321.87,1324.92,1297.17,1302.07,6368600
2024-04-08,1301.82,1329.76,1294.78,1319.99,5844100
2024-04-09,1305.05,1349.08,1296.31,1339.95,6466600
2024-04-10,1344.82,1349.55,1325.66,1342.79,4713900
2024-04-11,1345.91,1370.71,1336.54,1361.37,7035700
2024-04-12,1358.88,1361.32,1344.36,1350.11,9230800
2024-04-15,1347.54,1363.07,1341.17,1348.93,5675600
2024-04-16,1352.76,1372.73,1348.37,1363.13,9508000
2024-04-17,1350.70,1367.90,1344.83,1352.41,6329000
2024-04-18,1349.80,1383.24,1339.39,1378.42,6276300
2024-04-19,1381.79,1396.19,1375.67,1376.32,5942500
2024-04-22,1378.71,1388.70,1365.89,1379.12,6563200
2024-04-23,1381.50,1396.99,1378.87,1394.81,5938400
2024-04-24,1394.48,1397.35,1359.88,1369.37,5382500
2024-04-25,1367.66,1384.03,1362.82,1378.04,6353200
2024-04-26,1369.41,1385.03,1364.01,1371.77,4482300
2024-04-29,1369.44,1373.45,1334.43,1341.99,5884900
2024-04-30,1334.03,1338.50,1325.43,1337.05,6850600
2024-05-01,1335.55,1358.75,1335.14,1348.82,7042800
2024-05-02,1354.03,1368.84,1311.40,1312.06,8150400
2024-05-03,1316.32,1322.69,1313.69,1318.31,6686200
2024-05-06,1319.20,1320.87,1280.34,1283.09,6200300
2024-05-07,1285.58,1294.31,1271.51,1271.69,6264500
2024-05-08,1262.40,1284.50,1248.40,1268.43,5056100
2024-05-09,1271.83,1296.43,1252.69,1295.11,4893300
2024-05-10,1286.67,1305.11,1286.43,1299.03,4805300
2024-05-13,1292.40,1303.06,1290.81,1302.16,5172700
2024-05-14,1299.39,1325.96,1288.49,1312.86,5305200
2024-05-15,1315.95,1327.55,1311.61,1327.28,6241500
2024-05-16,1331.86,1344.50,1315.71,1327.45,6377600
2024-05-17,1322.77,1335.45,1322.17,1331.18,5874400
2024-05-20,1335.20,1338.74,1331.65,1338.58,8460900
2024-05-21,1337.12,1339.73,1332.12,1332.34,5876600
2024-05-22,1331.92,1358.90,1320.36,1350.94,6361600
2024-05-23,1348.75,1372.37,1347.22,1359.95,6025700
2024-05-24,1366.70,1377.01,1363.08,1375.85,7695200
2024-05-27,1374.86,1403.17,1367.78,1393.90,5023200
2024-05-28,1393.86,1399.32,1369.79,1380.90,5585100
2024-05-29,1376.70,1381.87,1351.95,1374.96,9316600
2024-05-30,1370.13,1399.75,1353.74,1380.89,6002100
2024-05-31,1386.57,1393.12,1361.36,1374.87,6987700
2024-06-03,1376.05,1381.49,1367.43,1369.80,7672800
2024-06-04,1366.59,1367.76,1357.94,1365.47,5837400
2024-06-05,1359.39,1366.40,1349.47,1362.95,4130900
2024-06-06,1370.80,1387.29,1362.16,1378.46,4966600
2024-06-07,1393.92,1408.32,1328.51,1341.52,7184800
2024-06-10,1346.28,1354.36,1344.28,1353.05,4958700
2024-06-11,1356.14,1359.89,1330.10,1334.52,7617100
2024-06-12,1337.68,1373.59,1337.28,1363.83,5575900
2024-06-13,1370.45,1380.07,1366.75,1370.79,7654900
2024-06-14,1371.39,1396.34,1365.24,1388.15,5371700
2024-06-17,1393.04,1403.00,1385.17,1399.79,5588700
2024-06-18,1404.02,1415.03,1399.51,1402.99,8049600
2024-06-19,1403.12,1411.80,1389.24,1393.27,4701500
2024-06-20,1389.97,1414.19,1389.90,1395.58,5097800
2024-06-21,1405.74,1418.69,1393.79,1416.91,7392300
2024-06-24,1412.83,1417.00,1401.74,1407.44,6653800
2024-06-25,1408.37,1414.84,1396.84,1401.51,8067100
2024-06-26,1402.32,1403.76,1392.46,1394.15,6419400
2024-06-27,1392.11,1399.65,1379.52,1397.91,7223400
2024-06-28,1390.65,1395.50,1381.47,1393.43,5867300
2024-07-01,1389.03,1414.07,1386.53,1410.70,5713800
2024-07-02,1412.26,1425.89,1389.54,1390.09,7400200
2024-07-03,1384.12,1398.86,1370.80,1371.95,5994300
2024-07-04,1364.43,1389.24,1355.12,1385.16,3916500
2024-07-05,1385.00,1406.51,1374.03,1402.96,7631900
2024-07-08,1404.08,1418.35,1402.63,1414.69,5325600
2024-07-09,1419.26,1456.90,1416.54,1449.01,5054000
2024-07-10,1442.89,1470.12,1434.60,1469.60,7700900
2024-07-11,1464.49,1464.91,1436.93,1456.42,3794600
2024-07-12,1460.48,1467.79,1428.22,1436.92,7346900
2024-07-15,1437.72,1448.23,1420.79,1430.27,5427000
2024-07-16,1431.53,1437.60,1409.56,1421.99,7797700
2024-07-17,1423.27,1429.33,1414.99,1428.28,6770900
2024-07-18,1420.65,1429.80,1409.75,1420.71,4784100
2024-07-19,1427.49,1428.05,1394.13,1413.66,9931100
2024-07-22,1424.20,1429.44,1405.82,1409.79,6260200
2024-07-23,1405.86,1421.50,1395.49,1413.76,5863000
2024-07-24,1410.72,1435.93,1403.73,1425.94,8927900
2024-07-25,1427.72,1441.65,1420.23,1432.64,4551200
2024-07-26,1417.37,1461.04,1408.61,1455.94,5642400
2024-07-29,1454.19,1470.71,1450.22,1465.68,5837300
2024-07-30,1469.98,1476.87,1459.19,1473.39,4373100
2024-07-31,1474.90,1508.89,1467.38,1498.41,6426700
2024-08-01,1491.17,1553.25,1475.52,1543.79,8080600
2024-08-02,1556.32,1572.76,1539.33,1543.77,7562800
2024-08-05,1553.55,1554.69,1513.15,1526.93,4356500
2024-08-06,1534.98,1535.38,1499.57,1504.50,4650100
2024-08-07,1509.06,1527.71,1500.70,1524.24,5422300
2024-08-08,1528.00,1536.81,1483.49,1492.97,6964500
2024-08-09,1477.18,1509.45,1473.54,1498.95,7549600
2024-08-12,1506.07,1532.31,1487.39,1524.81,7085300
2024-08-13,1527.55,1543.63,1464.32,1486.34,4665600
2024-08-14,1487.91,1495.74,1485.29,1492.43,5876300
2024-08-15,1497.41,1514.48,1490.99,1509.01,3032000
2024-08-16,1500.94,1528.70,1493.96,1518.02,5591200
2024-08-19,1529.37,1529.74,1511.93,1524.51,5612900
2024-08-20,1518.72,1541.58,1480.29,1487.09,4735500
2024-08-21,1497.64,1499.15,1477.66,1488.73,4526800
2024-08-22,1483.71,1499.99,1462.03,1462.22,5758000
2024-08-23,1466.03,1466.34,1442.29,1450.01,6013000
2024-08-26,1452.98,1454.60,1446.50,1453.74,6345700
2024-08-27,1459.79,1482.71,1456.78,1469.82,6120100
2024-08-28,1480.08,1497.48,1473.47,1479.20,5362400
2024-08-29,1478.43,1505.72,1464.99,1504.89,5666300
2024-08-30,1507.65,1509.36,1484.96,1486.43,6719600
2024-09-02,1482.36,1502.11,1478.36,1501.48,6470400
2024-09-03,1495.90,1526.36,1490.37,1504.26,7493700
2024-09-04,1497.80,1501.79,1486.38,1495.93,6719500
2024-09-05,1500.61,1507.97,1481.78,1492.03,5579700
2024-09-06,1496.09,1511.77,1493.55,1508.75,5494700
2024-09-09,1500.75,1535.11,1497.81,1533.50,5637200
2024-09-10,1533.37,1541.75,1504.23,1509.64,5631900
2024-09-11,1506.53,1550.54,1494.65,1542.89,7763600
2024-09-12,1546.24,1559.78,1516.48,1528.48,6336800
2024-09-13,1527.15,1532.64,1511.15,1532.38,7178200
2024-09-16,1531.98,1551.55,1517.81,1540.88,6575400
2024-09-17,1547.38,1557.61,1526.12,1537.55,5724400
2024-09-18,1543.76,1554.40,1495.26,1499.83,6078600
2024-09-19,1491.15,1511.82,1474.93,1494.68,6238700
2024-09-20,1499.78,1510.18,1494.25,1507.86,6677600
2024-09-23,1501.04,1515.74,1491.67,1503.96,4678700
2024-09-24,1511.06,1519.92,1507.97,1518.07,6195000
2024-09-25,1519.49,1524.96,1509.16,1522.01,5142000
2024-09-26,1520.41,1536.51,1501.57,1535.37,6423900
2024-09-27,1541.60,1559.96,1537.74,1555.03,7016300
2024-09-30,1557.32,1610.65,1540.44,1604.41,6202200
2024-10-01,1604.34,1629.42,1594.61,1621.16,6085000
2024-10-02,1622.20,1663.04,1614.92,1653.06,6728900
2024-10-03,1656.17,1659.00,1646.01,1652.43,5292600
2024-10-04,1653.52,1695.58,1651.03,1670.49,5297700
2024-10-07,1674.50,1689.21,1643.74,1648.91,6112500
2024-10-08,1648.86,1674.56,1648.48,1669.43,5540200
2024-10-09,1658.98,1707.38,1642.14,1693.95,4912000
2024-10-10,1688.14,1692.10,1654.40,1673.35,4706100
2024-10-11,1671.45,1703.84,1657.31,1692.38,6810800
2024-10-14,1688.86,1707.84,1682.32,1704.32,6741400
2024-10-15,1693.49,1735.60,1691.63,1728.07,6290200
2024-10-16,1723.96,1746.53,1714.63,1739.68,8409700
2024-10-17,1734.51,1755.32,1714.75,1739.48,5054100
2024-10-18,1747.02,1751.38,1710.32,1719.77,5479900
2024-10-21,1725.54,1731.43,1719.43,1720.88,3829500
2024-10-22,1721.99,1750.19,1715.04,1732.42,4967300
2024-10-23,1728.44,1734.37,1689.37,1711.20,3454400
2024-10-24,1705.06,1712.33,1695.27,1696.52,7421100
2024-10-25,1707.23,1711.18,1643.00,1650.03,7010300
2024-10-28,1654.79,1657.25,1647.98,1649.48,7224300
2024-10-29,1654.20,1669.10,1651.91,1663.60,5966900
2024-10-30,1668.38,1690.18,1659.64,1685.01,7113300
2024-10-31,1684.45,1684.84,1628.39,1647.51,7022900
2024-11-01,1641.86,1655.37,1618.98,1652.84,7362800
2024-11-04,1648.84,1660.05,1625.12,1629.63,3415200
2024-11-05,1635.49,1669.16,1633.57,1659.78,6393200
2024-11-06,1658.38,1670.63,1632.33,1638.31,7047400
2024-11-07,1652.23,1670.11,1603.10,1609.86,6376800
2024-11-08,1613.85,1645.88,1613.45,1633.52,4410300
2024-11-11,1632.32,1633.74,1609.68,1616.73,8254200
2024-11-12,1618.53,1625.44,1613.38,1614.67,6189200
2024-11-13,1609.74,1613.33,1573.69,1580.78,8538900
2024-11-14,1585.23,1626.78,1580.13,1623.95,5198300
2024-11-15,1631.37,1639.74,1591.66,1594.83,6131300
2024-11-18,1594.24,1603.08,1570.28,1577.30,5326400
2024-11-19,1584.12,1585.36,1550.92,1558.53,5603000
2024-11-20,1559.54,1564.96,1555.26,1558.94,5272700
2024-11-21,1560.73,1565.11,1526.65,1532.71,5200600
2024-11-22,1525.38,1536.04,1522.74,1529.41,7512800
2024-11-25,1529.04,1542.02,1519.44,1538.58,5309200
2024-11-26,1552.19,1598.36,1546.48,1586.31,5347800
2024-11-27,1588.37,1640.05,1581.99,1627.78,5700900
2024-11-28,1627.52,1628.09,1598.60,1617.12,4530500
2024-11-29,1619.19,1629.93,1590.73,1624.97,5214000
2024-12-02,1634.75,1648.70,1607.71,1618.97,6940300
2024-12-03,1605.43,1614.34,1568.24,1581.81,5150800
2024-12-04,1576.62,1582.73,1548.90,1563.30,7433300
2024-12-05,1566.56,1576.14,1547.72,1560.38,7000500
2024-12-06,1556.26,1556.41,1547.33,1552.24,7062800
2024-12-09,1556.27,1567.48,1539.61,1550.99,5635800
2024-12-10,1550.00,1572.85,1549.98,1571.63,8136000
2024-12-11,1577.84,1592.41,1566.58,1586.66,4353900
2024-12-12,1594.42,1598.37,1582.06,1594.33,5448900
2024-12-13,1589.76,1592.77,1573.20,1580.49,5221600
2024-12-16,1574.10,1591.35,1560.51,1578.51,4124300
2024-12-17,1577.13,1601.88,1572.14,1600.52,6357600
2024-12-18,1609.98,1624.86,1608.09,1612.65,7526300
2024-12-19,1618.75,1620.69,1579.92,1581.77,6068900
2024-12-20,1588.94,1593.61,1582.71,1591.83,6313200
2024-12-23,1589.60,1593.15,1580.99,1589.99,5366300
2024-12-24,1575.68,1589.62,1567.68,1582.16,6286500
2024-12-25,1583.01,1609.55,1572.35,1601.10,4710000
2024-12-26,1612.14,1627.87,1599.00,1600.55,5976200
2024-12-27,1593.22,1597.84,1583.47,1589.75,7161700
2024-12-30,1594.06,1599.55,1584.35,1596.03,4778600
2024-12-31,1581.41,1584.67,1580.39,1581.12,5460100
2025-01-01,1586.83,1591.59,1563.34,1584.12,7962800
2025-01-02,1587.97,1588.63,1548.75,1560.50,5290000
2025-01-03,1557.71,1583.39,1551.79,1577.21,4784500
2025-01-06,1585.49,1587.53,1536.37,1549.00,6705200
2025-01-07,1549.92,1556.78,1542.19,1553.37,6506200
2025-01-08,1554.41,1555.39,1527.21,1530.60,5457600
2025-01-09,1540.41,1559.22,1539.00,1549.02,5810300
2025-01-10,1553.16,1561.92,1535.80,1560.43,5232500
2025-01-13,1544.82,1560.87,1542.91,1547.59,5624600
2025-01-14,1553.60,1553.84,1538.66,1551.52,6717100
2025-01-15,1557.29,1571.62,1543.47,1567.72,6944000
2025-01-16,1558.68,1560.38,1534.40,1549.51,7547900
2025-01-17,1557.79,1561.41,1535.28,1540.19,3689900
2025-01-20,1539.36,1554.21,1523.18,1551.79,5740600
2025-01-21,1551.69,1551.96,1509.71,1512.42,5034200
2025-01-22,1523.00,1525.23,1460.85,1470.19,6645300
2025-01-23,1465.09,1474.68,1463.86,1472.53,5109100
2025-01-24,1462.73,1487.25,1453.90,1463.38,7506000
2025-01-27,1473.94,1476.03,1420.63,1429.42,5285400
2025-01-28,1429.50,1433.13,1384.79,1413.68,7050700
2025-01-29,1421.32,1433.96,1418.30,1423.16,8382100
2025-01-30,1416.71,1431.52,1399.17,1427.40,5383200
2025-01-31,1428.86,1431.02,1397.21,1402.47,7332300
2025-02-03,1410.87,1429.73,1399.10,1421.89,7924800
2025-02-04,1419.21,1436.61,1418.29,1428.60,7566200
2025-02-05,1428.35,1434.46,1414.99,1422.14,7704400
2025-02-06,1421.87,1442.70,1420.10,1438.87,7983400
2025-02-07,1429.04,1458.15,1424.13,1455.37,6456500
2025-02-10,1467.72,1468.38,1450.63,1451.18,7939200
2025-02-11,1452.96,1470.11,1429.04,1433.98,7810800
2025-02-12,1437.99,1476.06,1426.41,1452.51,5504900
2025-02-13,1437.73,1499.30,1433.97,1478.79,6542200
2025-02-14,1486.09,1496.51,1476.72,1484.63,8393100
2025-02-17,1474.59,1477.45,1460.18,1460.91,4740700
2025-02-18,1466.79,1467.98,1442.35,1448.34,6113600
2025-02-19,1451.50,1499.25,1434.71,1486.52,6534600
2025-02-20,1498.51,1501.61,1467.91,1470.43,7130400
2025-02-21,1471.40,1479.58,1455.27,1466.29,4904700
2025-02-24,1463.08,1469.95,1452.73,1468.29,4446300
2025-02-25,1464.03,1467.20,1444.54,1457.38,6085300
2025-02-26,1459.05,1477.18,1458.18,1470.18,6265300
2025-02-27,1463.65,1492.54,1457.55,1482.31,7072100
2025-02-28,1488.19,1494.70,1450.32,1471.36,5971200
2025-03-03,1471.15,1485.84,1468.39,1481.51,6238200
2025-03-04,1475.16,1512.75,1450.06,1493.28,5543600
2025-03-05,1487.67,1532.62,1487.39,1528.42,7974400
2025-03-06,1519.44,1580.33,1511.93,1571.38,5480300
2025-03-07,1569.13,1582.18,1548.83,1550.01,5718400
2025-03-10,1552.76,1554.24,1539.58,1546.48,5269100
2025-03-11,1544.13,1567.55,1543.81,1555.96,4314700
2025-03-12,1550.00,1578.77,1544.56,1578.33,5603100
2025-03-13,1563.94,1575.23,1561.87,1562.62,4909600
2025-03-14,1573.16,1577.83,1517.47,1529.36,5804500
2025-03-17,1532.16,1568.80,1524.79,1549.91,6191500
2025-03-18,1546.44,1548.76,1529.16,1538.47,5531200
2025-03-19,1542.83,1559.50,1526.52,1530.14,5448800
2025-03-20,1527.51,1534.64,1504.56,1524.76,5731700
2025-03-21,1517.90,1518.45,1515.65,1517.11,6306400
2025-03-24,1513.49,1545.21,1511.57,1539.81,6537600
2025-03-25,1542.63,1568.18,1496.73,1500.11,5498900
2025-03-26,1497.62,1531.33,1488.53,1521.98,5914400
2025-03-27,1514.35,1545.98,1509.05,1545.82,5721700
2025-03-28,1550.23,1552.58,1535.16,1550.16,8230100
2025-03-31,1546.57,1562.88,1539.42,1560.99,5189400
2025-04-01,1562.47,1566.11,1533.51,1538.33,5175700
2025-04-02,1545.99,1550.52,1530.21,1545.78,5822400
2025-04-03,1542.78,1547.09,1529.11,1545.56,3591500
2025-04-04,1554.10,1562.48,1519.32,1524.09,6736100
2025-04-07,1521.06,1522.35,1498.81,1519.26,6463300
2025-04-08,1511.27,1520.27,1502.35,1516.89,5947200
2025-04-09,1508.89,1530.45,1498.93,1526.44,6185900
2025-04-10,1522.70,1536.05,1518.09,1520.86,7400900
2025-04-11,1511.66,1516.14,1491.84,1502.57,6517100
2025-04-14,1494.97,1504.62,1491.54,1498.37,4973800
2025-04-15,1502.18,1510.37,1476.26,1479.47,5917400
2025-04-16,1475.29,1501.39,1470.18,1493.39,6619700
2025-04-17,1490.19,1508.74,1477.82,1502.67,9055100
2025-04-18,1495.51,1529.65,1485.51,1515.96,5161900
2025-04-21,1523.02,1558.88,1514.14,1550.38,3849900
2025-04-22,1557.95,1581.44,1551.90,1574.20,6352700
2025-04-23,1582.58,1583.73,1572.88,1575.44,6578800
2025-04-24,1573.23,1576.26,1557.94,1560.32,7256200
2025-04-25,1562.67,1576.16,1555.89,1564.22,6661200
2025-04-28,1562.30,1665.19,1548.82,1660.04,5313200
2025-04-29,1664.20,1665.52,1658.93,1661.55,6501100
2025-04-30,1659.58,1686.00,1652.04,1671.46,5469700
2025-05-01,1667.93,1673.59,1652.37,1663.78,7176000
2025-05-02,1659.37,1687.75,1655.92,1686.13,6692300
2025-05-05,1682.84,1695.38,1675.67,1693.86,5291900
2025-05-06,1685.09,1725.32,1682.00,1718.03,5745300
2025-05-07,1716.51,1735.01,1707.29,1722.89,5999400
2025-05-08,1728.72,1752.65,1714.70,1715.35,7027700
2025-05-09,1728.22,1771.17,1725.85,1765.32,6559400
2025-05-12,1757.16,1778.80,1743.15,1777.04,6258600
2025-05-13,1774.45,1796.01,1754.19,1787.03,4066400
2025-05-14,1786.19,1795.80,1775.28,1792.71,7638500
2025-05-15,1800.85,1808.00,1766.03,1777.19,5534700
2025-05-16,1773.22,1787.08,1745.34,1756.17,5151500
2025-05-19,1753.89,1781.28,1730.05,1769.86,5093200
2025-05-20,1766.23,1769.76,1746.11,1748.83,4246700
2025-05-21,1757.25,1771.51,1714.08,1724.26,3630600
2025-05-22,1732.58,1739.75,1682.74,1702.68,3991000
2025-05-23,1703.13,1718.35,1690.86,1697.75,7178600
2025-05-26,1699.28,1712.96,1636.82,1639.80,5480500
2025-05-27,1643.99,1644.25,1641.36,1641.84,4110400
2025-05-28,1661.27,1679.03,1624.69,1631.58,6381000
2025-05-29,1628.15,1670.71,1615.68,1668.89,4329600
2025-05-30,1667.76,1694.46,1655.74,1679.09,5542200
2025-06-02,1675.36,1679.80,1640.01,1641.62,5105300
2025-06-03,1645.32,1686.78,1635.15,1684.08,7745200
2025-06-04,1691.00,1696.77,1673.71,1685.60,7468600
2025-06-05,1687.80,1695.48,1659.57,1661.56,4206600
2025-06-06,1660.24,1695.38,1655.54,1676.28,6920600
2025-06-09,1672.60,1688.50,1652.40,1653.87,4781900
2025-06-10,1657.22,1688.57,1652.16,1682.87,6956200
2025-06-11,1683.76,1689.18,1639.03,1643.50,6729900
2025-06-12,1636.37,1638.72,1615.58,1618.01,3661600
2025-06-13,1621.61,1627.04,1603.83,1609.26,5841900
2025-06-16,1605.33,1619.07,1588.24,1616.29,6564600
2025-06-17,1615.19,1640.10,1605.94,1635.11,3922800
2025-06-18,1638.16,1641.93,1618.20,1618.59,4174000
2025-06-19,1627.66,1629.19,1585.11,1591.66,6032100
2025-06-20,1592.53,1593.25,1566.55,1568.65,8211900
2025-06-23,1566.63,1582.14,1561.52,1575.24,5981500
2025-06-24,1572.27,1616.32,1571.33,1592.04,5839200
2025-06-25,1603.93,1608.54,1533.37,1546.49,7132500
2025-06-26,1552.12,1555.02,1536.91,1549.54,7124200
2025-06-27,1551.57,1579.42,1550.99,1571.98,6046300
2025-06-30,1576.39,1592.34,1568.12,1571.01,6997700
2025-07-01,1571.84,1575.12,1553.04,1560.14,4907300
2025-07-02,1562.81,1574.92,1543.96,1570.23,6694100
2025-07-03,1568.36,1594.72,1556.76,1588.89,5966800
2025-07-04,1581.88,1592.10,1573.79,1590.18,7631900
2025-07-07,1586.38,1590.30,1558.81,1566.93,7377400
2025-07-08,1569.99,1592.74,1568.10,1580.50,5569400
2025-07-09,1578.17,1640.87,1566.43,1630.83,6349700
2025-07-10,1624.81,1663.43,1617.29,1651.13,6415600
2025-07-11,1643.19,1670.94,1622.28,1666.51,6270200
2025-07-14,1666.18,1672.82,1631.40,1640.34,5838800
2025-07-15,1628.22,1630.66,1609.56,1626.54,4968600
2025-07-16,1638.52,1643.25,1633.56,1635.67,6427600
2025-07-17,1635.75,1646.73,1621.68,1642.52,5652300
2025-07-18,1640.02,1641.38,1628.55,1637.83,5081700
2025-07-21,1646.26,1660.39,1584.61,1590.92,8404500
2025-07-22,1588.44,1595.12,1570.44,1580.84,6781000
2025-07-23,1589.14,1594.95,1584.91,1592.46,5397400
2025-07-24,1592.95,1653.53,1592.80,1651.01,4055800
2025-07-25,1643.70,1658.62,1636.02,1657.54,5909100
2025-07-28,1651.84,1667.19,1649.17,1659.96,4893900
2025-07-29,1656.56,1689.78,1652.71,1689.09,5370100
2025-07-30,1686.62,1690.19,1664.99,1682.77,6115700
2025-07-31,1686.25,1710.13,1677.33,1679.35,8417900
2025-08-01,1679.84,1708.23,1679.75,1691.07,6935100
2025-08-04,1684.16,1707.22,1681.34,1703.67,6873300
2025-08-05,1703.16,1730.30,1701.98,1721.41,5504100
2025-08-06,1715.49,1752.69,1704.35,1741.81,7276200
2025-08-07,1741.81,1751.97,1740.91,1751.01,7212600
2025-08-08,1750.90,1763.47,1722.67,1740.65,6918100
2025-08-11,1733.67,1738.33,1704.74,1736.50,7896100
2025-08-12,1744.45,1758.13,1740.16,1750.25,6179000
2025-08-13,1758.67,1759.53,1731.20,1741.42,7181800
2025-08-14,1746.00,1749.67,1715.27,1722.83,3271000
2025-08-15,1722.11,1731.91,1704.01,1729.70,5033000
2025-08-18,1729.68,1750.20,1670.69,1671.58,5653400
2025-08-19,1670.76,1693.89,1663.42,1690.57,7181200
2025-08-20,1701.22,1715.69,1691.39,1692.65,5204600
2025-08-21,1694.94,1700.14,1675.47,1678.84,5436100
2025-08-22,1682.61,1685.71,1643.52,1666.37,6771900
2025-08-25,1669.00,1677.40,1643.21,1654.10,5186400
2025-08-26,1657.63,1678.13,1651.78,1671.11,6352600
2025-08-27,1672.80,1674.83,1653.51,1654.88,4670700
2025-08-28,1642.15,1682.20,1632.63,1668.93,7285300
2025-08-29,1656.24,1678.69,1647.29,1672.26,5701300
2025-09-01,1666.05,1679.62,1656.79,1670.77,6907800
2025-09-02,1660.22,1702.61,1653.58,1684.09,7387000
2025-09-03,1683.03,1691.01,1659.28,1669.40,6321900
2025-09-04,1668.10,1736.71,1659.02,1731.99,5574800
2025-09-05,1738.24,1764.55,1736.68,1743.54,8156200
2025-09-08,1741.29,1748.41,1734.96,1737.30,5658600
2025-09-09,1732.18,1748.22,1683.59,1702.15,4045700
2025-09-10,1692.59,1701.19,1677.24,1692.87,6924300
2025-09-11,1687.75,1693.98,1663.64,1676.82,4664800
2025-09-12,1674.46,1690.76,1651.51,1662.19,6313400
2025-09-15,1669.71,1681.32,1652.94,1654.05,4699300
2025-09-16,1657.73,1703.09,1631.87,1695.20,6903200
2025-09-17,1692.08,1728.05,1673.27,1711.48,6331100
2025-09-18,1722.70,1740.20,1704.15,1736.11,5005100
2025-09-19,1734.86,1746.77,1729.74,1740.72,6990500
2025-09-22,1739.98,1741.43,1707.79,1715.41,3445000
2025-09-23,1713.96,1721.13,1703.22,1709.94,4879900
2025-09-24,1706.29,1707.97,1686.71,1690.25,5355900
2025-09-25,1691.99,1707.63,1677.41,1695.01,5551700
2025-09-26,1691.55,1704.40,1686.51,1702.34,4863900
2025-09-29,1695.48,1753.37,1688.69,1745.08,7951700
2025-09-30,1749.38,1763.12,1715.83,1719.91,6852200
2025-10-01,1724.70,1747.11,1715.59,1743.92,6308200
2025-10-02,1738.03,1754.04,1735.64,1739.39,4664700
2025-10-03,1734.80,1761.89,1731.09,1749.50,6568900
2025-10-06,1744.54,1745.17,1716.59,1729.95,5250800
2025-10-07,1738.00,1780.88,1737.33,1775.21,6500600
2025-10-08,1778.30,1788.34,1773.33,1782.77,4007800
2025-10-09,1779.05,1804.07,1764.38,1802.17,6448200
2025-10-10,1788.03,1849.80,1777.81,1848.79,5979600
2025-10-13,1845.47,1864.96,1828.51,1851.97,7170900
2025-10-14,1845.76,1858.39,1841.18,1849.65,4016200
2025-10-15,1854.69,1861.74,1843.08,1861.01,5429400
2025-10-16,1862.87,1876.85,1848.66,1850.19,6187000
2025-10-17,1856.46,1858.03,1823.06,1823.09,5171800
2025-10-20,1823.41,1855.32,1806.05,1842.13,6345600
2025-10-21,1837.79,1865.28,1833.28,1851.02,8439800
2025-10-22,1849.37,1860.14,1809.80,1823.42,5803600
2025-10-23,1815.73,1860.00,1804.41,1841.49,6602000
2025-10-24,1847.09,1852.57,1812.29,1822.02,6341100
2025-10-27,1828.52,1841.93,1784.38,1791.36,4587700
2025-10-28,1777.87,1787.69,1766.36,1785.50,5125500
2025-10-29,1780.27,1790.58,1779.42,1788.58,5713200
2025-10-30,1791.45,1802.50,1770.19,1780.89,6190800
2025-10-31,1772.28,1782.06,1751.48,1773.97,5488100
2025-11-03,1784.27,1799.54,1777.95,1795.66,7562100
2025-11-04,1799.26,1829.33,1794.15,1819.39,4962200
2025-11-05,1823.70,1838.03,1810.02,1822.08,5592800
2025-11-06,1817.41,1824.29,1756.37,1777.03,5641800
2025-11-07,1774.09,1778.49,1747.18,1765.86,7296400
2025-11-10,1771.15,1781.70,1704.12,1707.48,5504500
2025-11-11,1697.64,1710.36,1665.75,1668.47,7185400
2025-11-12,1672.46,1681.25,1638.99,1662.81,6544700
2025-11-13,1661.40,1688.94,1646.26,1675.08,5320100
2025-11-14,1668.98,1719.24,1661.71,1702.34,6637600
2025-11-17,1712.00,1713.82,1699.40,1710.37,5722700
2025-11-18,1711.43,1742.47,1706.94,1742.34,4639800
2025-11-19,1749.36,1790.04,1733.68,1775.90,6991100
2025-11-20,1770.40,1777.16,1748.00,1754.04,6293600
2025-11-21,1761.24,1772.91,1735.21,1742.88,3763800
2025-11-24,1745.62,1748.16,1740.64,1746.81,5911200
2025-11-25,1744.40,1746.25,1700.38,1722.04,3996100
2025-11-26,1712.21,1731.95,1700.78,1722.99,5964800
2025-11-27,1732.10,1736.33,1685.46,1707.74,4316000
2025-11-28,1702.56,1712.66,1672.09,1686.20,7070200
2025-12-01,1699.13,1701.94,1677.99,1685.70,3021000
2025-12-02,1684.68,1739.89,1683.34,1715.68,5640900
2025-12-03,1716.72,1716.94,1675.13,1682.07,7119900
2025-12-04,1680.86,1691.86,1658.45,1668.76,5685200
2025-12-05,1664.95,1666.94,1658.09,1663.04,7218100
2025-12-08,1666.72,1681.02,1665.46,1677.00,5786100
2025-12-09,1676.20,1695.33,1669.55,1674.60,4494100
2025-12-10,1671.12,1679.37,1638.74,1643.67,7397500
2025-12-11,1644.22,1676.14,1633.85,1658.96,5179800
2025-12-12,1660.63,1674.50,1651.84,1670.08,5410000
2025-12-15,1671.18,1707.07,1664.59,1685.33,7721700
2025-12-16,1692.80,1707.43,1685.31,1705.13,6288900
2025-12-17,1702.15,1719.15,1686.46,1715.29,3824500
2025-12-18,1713.25,1728.67,1660.83,1666.24,5567900
2025-12-19,1673.69,1680.01,1631.86,1638.94,5610600
2025-12-22,1642.69,1653.33,1633.11,1633.63,6227000
2025-12-23,1624.59,1638.74,1619.93,1638.05,6357400
2025-12-24,1636.12,1653.71,1620.44,1647.90,6191100
2025-12-25,1651.87,1672.96,1641.00,1661.35,5432900
2025-12-26,1671.69,1691.26,1639.38,1643.11,5326900
2025-12-29,1648.29,1654.10,1638.11,1648.77,7392800
2025-12-30,1649.81,1671.82,1643.08,1643.68,7514000
2025-12-31,1636.40,1670.33,1630.54,1654.16,6868900
