Date,Open,High,Low,Close,Volume
2011-01-03,20000,20023,19737,20000,16647900
2011-01-04,19906,19963,19850,19894,13319800
2011-01-05,19962,20025,19841,19972,11822300
2011-01-06,19877,20278,19764,20146,17264100
2011-01-07,20206,20470,19855,19878,14281400
2011-01-10,19817,20227,19697,20097,14586900
2011-01-11,19993,20307,19968,20173,13124100
2011-01-12,20327,20463,20189,20399,14159500
2011-01-13,20384,20602,20377,20479,15462800
2011-01-14,20391,20864,20198,20817,14599400
2011-01-17,20659,20763,20398,20547,13823700
2011-01-18,20510,21208,20482,21066,14887400
2011-01-19,21149,21435,21024,21424,16370200
2011-01-20,21481,21654,21230,21244,23071200
2011-01-21,21218,21475,21129,21440,16725600
2011-01-24,21403,21790,21345,21573,15655600
2011-01-25,21521,21549,20855,21050,17569500
2011-01-26,21072,21288,21011,21227,18752800
2011-01-27,21187,21220,21052,21053,19012600
2011-01-28,20988,21091,20856,20980,8810300
2011-01-31,20861,20960,20712,20804,10217600
2011-02-01,20961,20998,20639,20681,12726600
2011-02-02,20542,20805,20490,20704,16350600
2011-02-03,20737,20952,20592,20734,13868400
2011-02-04,20796,20839,20220,20288,12117600
2011-02-07,20331,20430,20136,20215,12989800
2011-02-08,20290,20336,19777,19842,17939200
2011-02-09,19900,19976,19421,19497,11170900
2011-02-10,19472,19513,19212,19409,14305800
2011-02-11,19471,19801,19377,19650,18924500
2011-02-14,19656,20028,19625,19830,16756400
2011-02-15,19813,19894,19588,19668,14623900
2011-02-16,19511,19699,19407,19480,14410900
2011-02-17,19353,19622,19207,19262,16743700
2011-02-18,19180,19389,19098,19308,8636800
2011-02-21,19354,19641,19208,19570,16587400
2011-02-22,19671,19861,19433,19582,16900700
2011-02-23,19658,20023,19530,19779,14042900
2011-02-24,19782,19884,19689,19872,14326900
2011-02-25,19842,20422,19732,20300,14346000
2011-02-28,20297,20402,19657,19742,15596400
2011-03-01,19735,19755,19147,19167,10978900
2011-03-02,19146,19282,19008,19122,12548900
2011-03-03,19045,19365,19031,19301,12841400
2011-03-04,19259,19478,19143,19198,9640300
2011-03-07,19213,19452,19147,19321,17517000
2011-03-08,19365,19461,18906,19014,13896500
2011-03-09,19092,19279,18665,18690,13732000
2011-03-10,18669,18768,18478,18513,9184700
2011-03-11,18462,18797,18370,18743,16469500
2011-03-14,18695,18956,18639,18936,16554100
2011-03-15,18975,19064,18702,18757,9139600
2011-03-16,18715,18986,18643,18814,12654300
2011-03-17,18755,18773,18557,18654,14396000
2011-03-18,18681,18771,18513,18669,18134100
2011-03-21,18768,18874,18366,18390,13276100
2011-03-22,18494,18658,18314,18389,14922000
2011-03-23,18386,18466,18099,18212,10705700
2011-03-24,18234,18367,18168,18212,11912200
2011-03-25,18145,18238,18037,18058,18615600
2011-03-28,17946,18061,17781,17864,10410100
2011-03-29,17993,18098,17798,17905,17703900
2011-03-30,17933,17955,17770,17833,9479200
2011-03-31,17769,17881,17735,17852,14715600
2011-04-01,17843,18067,17479,17760,14093800
2011-04-04,17688,17936,17534,17927,16545600
2011-04-05,17900,17919,17716,17736,13558200
2011-04-06,17748,18033,17477,17941,20138700
2011-04-07,17906,18344,17686,18292,13485300
2011-04-08,18318,18336,18151,18235,9589000
2011-04-11,18255,18889,18164,18698,15591000
2011-04-12,18813,19329,18742,19247,13662000
2011-04-13,19109,19381,19037,19376,10497400
2011-04-14,19329,19492,18990,19019,15055900
2011-04-15,18916,18966,18563,18602,8155600
2011-04-18,18575,18620,18488,18567,19481000
2011-04-19,18607,19103,18580,19046,13346100
2011-04-20,19162,19250,19094,19209,8345100
2011-04-21,19199,19506,18912,19422,8254500
2011-04-22,19509,19570,19360,19362,14449200
2011-04-25,19350,19491,19168,19169,10158000
2011-04-26,19070,19345,18960,19278,13287700
2011-04-27,19333,19409,18939,18990,17699700
2011-04-28,18998,19082,18894,18947,13478000
2011-04-29,18842,19147,18804,19093,12263500
2011-05-02,19170,19248,19053,19112,13567700
2011-05-03,19259,19415,19168,19262,14274300
2011-05-04,19285,19336,19107,19150,11363200
2011-05-05,19294,19524,19267,19321,12834200
2011-05-06,19215,19801,19196,19439,14575900
2011-05-09,19407,19503,18989,19003,16273800
2011-05-10,18988,19126,18651,18737,12922400
2011-05-11,18712,18744,18365,18559,17276700
2011-05-12,18597,18873,18538,18741,20695900
2011-05-13,18734,18861,18560,18831,10079100
2011-05-16,18864,18982,18664,18916,16088500
2011-05-17,18893,19110,18854,18972,14816700
2011-05-18,18969,19263,18743,19152,15194800
2011-05-19,19172,19518,19155,19417,17729500
2011-05-20,19284,19344,19261,19275,7235700
2011-05-23,19356,19447,18820,18859,9216800
2011-05-24,18748,19214,18648,19046,13322000
2011-05-25,19068,19247,18852,19000,17352300
2011-05-26,19060,19148,18993,19023,14874800
2011-05-27,19029,19069,18964,18987,16774400
2011-05-30,18860,18873,18560,18703,15923500
2011-05-31,18743,18748,18261,18322,15036300
2011-06-01,18466,18629,18352,18584,14638000
2011-06-02,18562,18922,18499,18882,12873700
2011-06-03,18938,19182,18924,19140,14747000
2011-06-06,19176,19406,19172,19206,14828800
2011-06-07,19147,19303,19103,19288,14053300
2011-06-08,19183,19291,19139,19184,19843400
2011-06-09,19233,19525,19153,19212,12691400
2011-06-10,19209,19371,18985,19113,9712800
2011-06-13,19035,19078,18872,18978,20604500
2011-06-14,19083,19306,18936,19043,8831900
2011-06-15,18988,19678,18851,19511,11264800
2011-06-16,19519,19523,18865,19011,11797400
2011-06-17,18945,19301,18806,19183,17201000
2011-06-20,19248,19435,19140,19375,13978100
2011-06-21,19348,19519,18994,19057,14214500
2011-06-22,19021,19179,18931,19151,19896200
2011-06-23,19154,19280,19003,19188,17546600
2011-06-24,19139,19211,18982,19073,13789500
2011-06-27,19165,19174,18800,18951,7049500
2011-06-28,18990,19067,18506,18592,9776300
2011-06-29,18693,19059,18499,19054,16302000
2011-06-30,19183,19755,19088,19701,11949100
2011-07-01,19559,20207,19374,20152,12973300
2011-07-04,20109,20175,20050,20077,18732200
2011-07-05,19955,20352,19878,20164,18575200
2011-07-06,20182,20290,20126,20277,20331100
2011-07-07,20369,20501,19961,20054,11897500
2011-07-08,20117,20151,19963,19988,14639700
2011-07-11,20060,20267,20047,20145,18272800
2011-07-12,20213,20330,19967,20033,12929800
2011-07-13,19945,20092,19422,19552,15329200
2011-07-14,19619,19747,19195,19217,15494700
2011-07-15,19109,19311,19103,19295,16386200
2011-07-18,19217,19285,19154,19214,12007400
2011-07-19,19364,19538,19087,19144,8357800
2011-07-20,19121,19528,19115,19521,12062300
2011-07-21,19447,19635,19344,19553,14655400
2011-07-22,19478,19601,19362,19367,15287100
2011-07-25,19329,19416,19327,19359,11256600
2011-07-26,19276,20120,19032,19962,14303000
2011-07-27,19818,19997,19583,19657,13214300
2011-07-28,19613,20295,19203,20164,15275300
2011-07-29,20133,20674,19927,20582,11445500
2011-08-01,20535,20739,20361,20541,12882000
2011-08-02,20635,20785,20265,20450,18833500
2011-08-03,20323,21134,20173,20866,14742600
2011-08-04,20957,21018,20855,20942,15701800
2011-08-05,20879,20960,20473,20791,13060500
2011-08-08,20725,21538,20614,21333,11632300
2011-08-09,21270,21482,21203,21388,13884400
2011-08-10,21412,21550,21302,21490,15732800
2011-08-11,21617,21625,21367,21503,14029400
2011-08-12,21518,21539,21243,21414,19842300
2011-08-15,21417,21456,21153,21454,14849100
2011-08-16,21507,21528,21169,21345,21804200
2011-08-17,21384,21643,21262,21500,11481000
2011-08-18,21458,21883,21292,21822,20327900
2011-08-19,21849,22251,21617,22157,13567100
2011-08-22,22111,22701,22032,22529,11640100
2011-08-23,22512,23141,22449,23004,16468600
2011-08-24,22905,23448,22844,23246,10249100
2011-08-25,23270,23383,22797,23045,21984700
2011-08-26,23045,23432,22792,23354,11332900
2011-08-29,23277,23380,22764,22816,16637100
2011-08-30,22802,22852,22558,22586,21120300
2011-08-31,22488,22889,22446,22676,14342600
2011-09-01,22615,22672,22033,22145,17032400
2011-09-02,22257,22792,22232,22606,14790900
2011-09-05,22552,22666,22121,22284,16698900
2011-09-06,22396,22444,21694,21821,17420100
2011-09-07,21763,21943,21463,21591,13916600
2011-09-08,21574,21618,21128,21363,15702400
2011-09-09,21214,21465,21140,21358,12616300
2011-09-12,21399,21408,21233,21314,16124200
2011-09-13,21465,21767,21169,21627,13694300
2011-09-14,21558,21851,21386,21579,17389600
2011-09-15,21645,21804,21436,21634,13251500
2011-09-16,21668,21691,21254,21338,11507300
2011-09-19,21272,21618,21222,21490,13597300
2011-09-20,21588,21618,21230,21261,17828000
2011-09-21,21195,21312,20573,20692,12703800
2011-09-22,20631,21225,20309,21079,17499900
2011-09-23,21064,21162,20634,20774,15108500
2011-09-26,20839,20900,20368,20465,16720100
2011-09-27,20613,20777,20150,20222,10511600
2011-09-28,20221,20532,20050,20415,14052500
2011-09-29,20338,20456,19814,19991,17633800
2011-09-30,19932,20030,19874,19888,18284800
2011-10-03,19991,20068,19805,20058,14140900
2011-10-04,20071,20820,20028,20606,15830500
2011-10-05,20414,20634,20259,20529,13525800
2011-10-06,20687,20842,20450,20552,8388700
2011-10-07,20522,20646,20157,20310,12209900
2011-10-10,20196,20941,20089,20889,13976000
2011-10-11,20841,20962,20823,20853,11885300
2011-10-12,20781,20911,20598,20840,14227100
2011-10-13,20822,20941,20746,20888,16834800
2011-10-14,20837,21017,20555,20627,12690000
2011-10-17,20511,20732,20341,20631,8519600
2011-10-18,20617,20693,20134,20276,12961300
2011-10-19,20381,20959,20285,20711,13907100
2011-10-20,20605,20680,20486,20674,18825200
2011-10-21,20711,21028,20545,20632,10973900
2011-10-24,20623,21163,20550,20979,15812000
2011-10-25,21063,21137,20557,20630,15322100
2011-10-26,20573,21079,20567,21045,14272900
2011-10-27,21033,21524,20795,21504,9708800
2011-10-28,21533,21649,21065,21277,11794900
2011-10-31,21274,21637,21011,21487,12571700
2011-11-01,21578,21767,21410,21461,13913700
2011-11-02,21503,21813,21133,21732,13904700
2011-11-03,21819,21854,21685,21747,12785200
2011-11-04,21641,21644,21424,21477,17595200
2011-11-07,21525,21903,21460,21670,13615600
2011-11-08,21707,21747,21507,21607,13954600
2011-11-09,21686,21862,21529,21664,12451300
2011-11-10,21602,22120,21499,21965,10001900
2011-11-11,21878,22363,21540,22344,20888100
2011-11-14,22307,22597,22056,22542,19083200
2011-11-15,22677,22728,21868,22097,12290300
2011-11-16,22063,22500,22055,22314,15657100
2011-11-17,22265,22351,22168,22221,17816300
2011-11-18,22251,22675,22248,22558,15718000
2011-11-21,22491,22657,22332,22496,14407800
2011-11-22,22499,22979,22478,22949,18453300
2011-11-23,23130,23349,22934,23113,15349400
2011-11-24,23050,23265,22948,23110,13798000
2011-11-25,22978,23311,22688,23202,17163700
2011-11-28,23051,23066,22551,22633,14773400
2011-11-29,22724,22899,22491,22815,12247500
2011-11-30,22894,22912,22770,22851,13888400
2011-12-01,22755,22994,22480,22501,13423400
2011-12-02,22482,22676,22335,22630,12470500
2011-12-05,22705,22789,22476,22730,17647900
2011-12-06,22627,22925,22387,22844,17734500
2011-12-07,22759,22912,22708,22805,11215000
2011-12-08,22672,23082,22515,23057,15882500
2011-12-09,23058,23425,22825,23315,14481900
2011-12-12,23416,23539,23222,23343,19978500
2011-12-13,23364,23404,23082,23319,14815700
2011-12-14,23288,23345,23128,23168,18543500
2011-12-15,23295,23364,22923,22974,19851800
2011-12-16,22949,23226,22803,23170,18221700
2011-12-19,23168,23337,22978,22991,19537600
2011-12-20,22950,23208,22467,22539,17445500
2011-12-21,22567,22738,22518,22617,16763600
2011-12-22,22470,23000,22459,22970,12039800
2011-12-23,23170,23387,22826,22881,15740500
2011-12-26,22754,23348,22537,23159,17483100
2011-12-27,23245,23399,23221,23313,16167900
2011-12-28,23355,23379,22930,22984,17573800
2011-12-29,23163,23172,23074,23086,14853600
2011-12-30,23039,23082,23031,23049,12318200
2012-01-02,22967,23421,22760,23269,13391400
2012-01-03,23243,23451,22264,22376,14934300
2012-01-04,22338,22898,22196,22639,17560300
2012-01-05,22649,23095,22603,22875,12306600
2012-01-06,22823,22954,22538,22580,12940200
2012-01-09,22661,23018,22519,22921,12458400
2012-01-10,22783,23085,22644,22872,17814400
2012-01-11,23058,23182,22907,22930,19809400
2012-01-12,22942,23213,22771,23209,13409100
2012-01-13,23306,23724,23158,23648,15732800
2012-01-16,23672,23814,23663,23702,19436000
2012-01-17,23843,24023,23543,23927,18254800
2012-01-18,23838,24187,23578,24072,11398000
2012-01-19,23990,24141,23732,23823,13027300
2012-01-20,23798,24495,23643,24374,18599400
2012-01-23,24333,24783,24183,24635,11750400
2012-01-24,24550,24753,24217,24681,15232500
2012-01-25,24681,25097,24551,25050,18964200
2012-01-26,25119,25500,25000,25235,16771300
2012-01-27,25166,25273,24930,25034,12071200
2012-01-30,25190,25459,25036,25383,18898600
2012-01-31,25228,25673,25157,25400,13000500
2012-02-01,25449,25641,25409,25616,18898100
2012-02-02,25525,26042,25178,25955,14988800
2012-02-03,25986,26496,25778,26294,15288100
2012-02-06,26310,27154,26150,26987,14698600
2012-02-07,26907,27055,26668,27051,10741000
2012-02-08,27080,27178,26930,26977,13650300
2012-02-09,26840,26991,26583,26695,14673700
2012-02-10,26860,26984,26378,26454,15554600
2012-02-13,26448,26727,26293,26696,9667600
2012-02-14,26732,27116,26684,26849,17872200
2012-02-15,26730,26888,26311,26519,21238400
2012-02-16,26390,26573,26239,26288,14316200
2012-02-17,26116,26284,26091,26124,16952900
2012-02-20,26079,26735,26000,26697,15666200
2012-02-21,26801,27080,26248,26347,15640600
2012-02-22,26344,26545,26186,26479,16560100
2012-02-23,26386,26409,25805,25881,9133700
2012-02-24,25823,26029,25768,25799,10885800
2012-02-27,25870,26684,25743,26306,15362400
2012-02-28,26207,26268,25800,25850,13179200
2012-02-29,25900,26483,25836,26271,16037100
2012-03-01,26294,26527,25544,25587,17393200
2012-03-02,25633,25657,25373,25610,12646500
2012-03-05,25731,25772,24975,25220,19012900
2012-03-06,25128,25232,24911,25217,14839600
2012-03-07,24994,25458,24915,25136,15664300
2012-03-08,25270,25588,25150,25428,13327700
2012-03-09,25396,25552,25386,25528,9441700
2012-03-12,25391,25806,25382,25591,17957200
2012-03-13,25729,25769,25229,25400,19307000
2012-03-14,25564,25670,25543,25563,15130900
2012-03-15,25765,25917,25005,25282,15611700
2012-03-16,25394,25719,25053,25060,18804500
2012-03-19,24973,25010,24842,24846,14547400
2012-03-20,24804,25129,24758,25050,13834100
2012-03-21,25110,25959,24806,25860,8999900
2012-03-22,26039,26132,25500,25839,17933800
2012-03-23,25728,26764,25553,26544,12314500
2012-03-26,26560,26632,25992,26169,12768600
2012-03-27,26064,26187,25856,25952,18637900
2012-03-28,25869,26253,25822,26143,11916800
2012-03-29,26178,26497,26139,26368,16680400
2012-03-30,26445,26900,26321,26651,10844700
2012-04-02,26720,27513,26636,27245,14317900
2012-04-03,27370,27640,27001,27165,16266400
2012-04-04,27297,27872,27141,27578,13937100
2012-04-05,27573,27739,27409,27671,12179500
2012-04-06,27662,27763,26352,26595,16892300
2012-04-09,26738,27067,26137,26229,16003900
2012-04-10,26226,26362,25986,26040,11523800
2012-04-11,26142,26218,25872,26085,15861800
2012-04-12,26136,26679,26096,26283,17277800
2012-04-13,26364,26585,25936,26185,13537100
2012-04-16,26181,26898,26141,26674,16295900
2012-04-17,26892,27028,26176,26316,14764400
2012-04-18,26618,26718,26168,26311,21642700
2012-04-19,26322,26689,26239,26655,16165100
2012-04-20,26603,26623,26084,26241,12281800
2012-04-23,26241,26834,26032,26710,7778100
2012-04-24,26690,27147,26678,27071,13289800
2012-04-25,27138,27323,26934,27010,12116000
2012-04-26,26895,27020,26443,27013,19393000
2012-04-27,27156,27530,26842,26981,13627900
2012-04-30,26780,27089,26644,26990,20797800
2012-05-01,26800,27527,26654,27466,12891200
2012-05-02,27442,27675,27279,27664,10720400
2012-05-03,27562,27703,26788,27135,16151800
2012-05-04,27185,27410,26230,26557,17636600
2012-05-07,26550,26835,26543,26784,13173700
2012-05-08,26829,26950,25635,25820,17168500
2012-05-09,25864,25975,25050,25263,17429600
2012-05-10,25261,25394,24913,25053,12381400
2012-05-11,25101,25125,24910,25051,14013800
2012-05-14,24999,25819,24900,25535,18568800
2012-05-15,25444,25704,25323,25601,13652100
2012-05-16,25693,26956,25588,26893,12981700
2012-05-17,26837,27196,26783,26971,19814400
2012-05-18,27134,27344,26956,27294,11935500
2012-05-21,27239,27770,27205,27680,13969400
2012-05-22,27578,27700,27454,27633,17941900
2012-05-23,27579,28073,27413,27997,15868500
2012-05-24,27956,28298,27853,28224,22728800
2012-05-25,28250,28734,28025,28308,14602600
2012-05-28,28244,28384,28027,28050,14799500
2012-05-29,28204,28309,27706,27875,12223700
2012-05-30,27691,28489,27509,28180,18141400
2012-05-31,28132,28274,27996,28157,15530200
2012-06-01,28039,28460,28024,28308,15351300
2012-06-04,28232,28566,27872,28459,15535200
2012-06-05,28265,28575,28111,28560,15947500
2012-06-06,28627,28762,28520,28556,14160700
2012-06-07,28529,28829,28482,28781,16015000
2012-06-08,28791,29121,28781,29106,16948000
2012-06-11,29102,29988,28979,29658,16504100
2012-06-12,29731,30072,29718,29851,13769400
2012-06-13,30004,30145,29507,29602,9667700
2012-06-14,29920,30049,29282,29309,14098200
2012-06-15,29175,29594,29064,29559,12345700
2012-06-18,29582,29868,28712,28922,10858900
2012-06-19,29046,29064,28671,28702,15945500
2012-06-20,28547,29214,28341,29112,13572100
2012-06-21,29061,29111,28953,28966,14219700
2012-06-22,28901,29281,28488,28692,15631600
2012-06-25,28724,29253,28322,29180,10242100
2012-06-26,29016,29157,27979,28107,20894300
2012-06-27,28056,28140,27998,28069,14508500
2012-06-28,28089,28208,27724,27883,11380300
2012-06-29,27810,27845,27582,27687,19861900
2012-07-02,27717,28120,27582,28035,14758000
2012-07-03,28298,28709,28157,28621,15576200
2012-07-04,28589,29128,28307,29068,12684800
2012-07-05,29168,29618,29150,29310,17859200
2012-07-06,29301,29682,29071,29431,15970800
2012-07-09,29492,29508,29316,29318,11738300
2012-07-10,29263,29320,28954,29307,11279000
2012-07-11,29317,29483,28635,28640,14355000
2012-07-12,28483,28505,28396,28422,14864800
2012-07-13,28292,28742,28154,28651,19256700
2012-07-16,28807,28862,28557,28594,10770600
2012-07-17,28648,29050,28503,28916,16478100
2012-07-18,28873,28928,28283,28286,14478900
2012-07-19,28085,28212,27774,28057,11976300
2012-07-20,28141,28257,27578,27661,14669100
2012-07-23,27813,28255,27767,28066,15900000
2012-07-24,28209,28255,27857,27956,15731300
2012-07-25,27909,27932,27793,27836,14696800
2012-07-26,27708,27779,27317,27360,8670500
2012-07-27,27443,27536,26963,27165,17206700
2012-07-30,27031,27060,26705,26782,16226600
2012-07-31,26972,27004,26555,26569,12204300
2012-08-01,26658,27562,26427,27386,20208200
2012-08-02,27237,27429,26811,26945,15315400
2012-08-03,27059,27142,26767,26845,14399200
2012-08-06,26747,26823,26295,26511,12006700
2012-08-07,26505,27073,26430,26997,18014000
2012-08-08,26980,27196,26457,26630,13015200
2012-08-09,26552,26589,26252,26308,13909000
2012-08-10,26289,26503,26159,26442,14081000
2012-08-13,26417,27281,26354,27059,18451700
2012-08-14,27062,27301,26963,27143,16239700
2012-08-15,27249,27362,26761,26923,20960500
2012-08-16,26879,26902,25797,25976,13284000
2012-08-17,25812,25939,24653,24696,14330700
2012-08-20,24694,24717,24604,24672,11769500
2012-08-21,24555,24833,24419,24685,12201100
2012-08-22,24547,25286,24280,25098,9571600
2012-08-23,25143,25369,25098,25265,14266000
2012-08-24,25263,25514,25118,25174,17990900
2012-08-27,25130,25848,24974,25629,10851800
2012-08-28,25791,26563,25589,26254,14520300
2012-08-29,26208,26443,25970,26012,13498300
2012-08-30,25984,26406,25742,26349,16063100
2012-08-31,26387,27040,26024,26788,14651300
2012-09-03,26993,27013,26400,26498,15368300
2012-09-04,26568,26739,26358,26703,16322200
2012-09-05,26676,26809,26676,26686,12550500
2012-09-06,26638,27335,26253,27122,14419500
2012-09-07,26972,27647,26912,27537,15532800
2012-09-10,27571,27633,26552,26724,14384600
2012-09-11,26856,26994,26371,26634,19374800
2012-09-12,26407,27216,26300,27144,11448700
2012-09-13,27212,27542,27136,27330,12030500
2012-09-14,27245,27576,26895,26932,18152900
2012-09-17,26797,26820,26742,26745,11259900
2012-09-18,26636,26685,26166,26342,9000700
2012-09-19,26250,26685,26207,26458,16408800
2012-09-20,26550,27010,25872,25976,18900400
2012-09-21,25952,26481,25901,26421,15964700
2012-09-24,26492,26922,26456,26731,19270900
2012-09-25,26567,27413,26459,27361,18575300
2012-09-26,27368,27812,27305,27768,10726100
2012-09-27,27728,28462,27575,28157,18318500
2012-09-28,28015,28526,28011,28510,18036200
2012-10-01,28395,28957,28324,28729,16417400
2012-10-02,28737,28889,27883,27954,11007600
2012-10-03,27855,28205,27781,28165,15087300
2012-10-04,28173,28322,27737,27852,14452900
2012-10-05,27879,28106,26888,26931,15998200
2012-10-08,26909,27584,26821,27531,16699300
2012-10-09,27554,27591,27329,27525,10500700
2012-10-10,27577,27749,26834,26905,12654400
2012-10-11,27011,27067,26747,27020,7543000
2012-10-12,27032,27191,26981,27184,13782100
2012-10-15,27242,27260,27186,27257,13984100
2012-10-16,27356,28073,27202,27823,20523800
2012-10-17,28019,28234,27160,27390,12704400
2012-10-18,27397,27802,27284,27735,12544000
2012-10-19,27601,27732,27346,27356,18214100
2012-10-22,27391,27665,27095,27536,11769900
2012-10-23,27590,27934,27542,27784,14933300
2012-10-24,27809,28016,27514,27594,15814100
2012-10-25,27685,28695,27651,28582,14146000
2012-10-26,28480,28669,27831,27861,15484700
2012-10-29,27754,28052,26956,27285,17899500
2012-10-30,27219,27405,27072,27106,13660500
2012-10-31,26934,26964,26750,26767,16734800
2012-11-01,26655,27239,26621,27197,16979300
2012-11-02,27071,27213,26772,26974,10414200
2012-11-05,27074,27830,26974,27481,17322200
2012-11-06,27395,27533,27303,27308,8817900
2012-11-07,27096,27681,26963,27616,15425100
2012-11-08,27667,28095,27483,27924,11458400
2012-11-09,27978,28001,27924,27965,17456800
2012-11-12,27911,28472,27686,28241,14445100
2012-11-13,28134,28502,28100,28374,18559000
2012-11-14,28419,29320,28134,29220,15605400
2012-11-15,29042,30295,28678,30200,16434700
2012-11-16,30291,30304,29972,30043,17414200
2012-11-19,30043,30287,30002,30238,18167300
2012-11-20,30375,30737,30154,30718,15959800
2012-11-21,30727,31037,30665,30950,13538700
2012-11-22,31115,31907,30910,31800,13270900
2012-11-23,31848,33008,31843,32979,15288300
2012-11-26,32932,33226,31891,32053,13125300
2012-11-27,32200,32430,31335,31789,15427500
2012-11-28,31692,32417,31547,32370,11409100
2012-11-29,32280,32756,32267,32591,18021000
2012-11-30,32416,32562,32096,32248,15891000
2012-12-03,32174,32295,31970,32121,15086500
2012-12-04,32135,32467,31996,32162,14927500
2012-12-05,32230,33286,32201,32899,15456400
2012-12-06,32753,32918,32413,32442,17339400
2012-12-07,32501,32885,32442,32519,20199100
2012-12-10,32347,33238,32207,33182,14749900
2012-12-11,33054,33674,33040,33651,10428900
2012-12-12,33736,33748,33358,33564,11955100
2012-12-13,33508,33675,33192,33408,13773000
2012-12-14,33277,33343,32467,32558,12009500
2012-12-17,32560,32588,31512,31767,13022100
2012-12-18,31708,31716,31198,31360,12015400
2012-12-19,31302,31790,31259,31714,14744500
2012-12-20,31883,32229,31620,32061,18065300
2012-12-21,32030,32823,31935,32631,17957900
2012-12-24,32552,33178,32456,33028,14924400
2012-12-25,32976,33852,32885,33358,16440500
2012-12-26,33503,33907,33282,33412,12876300
2012-12-27,33329,33557,32853,33015,16453700
2012-12-28,32950,33623,32873,33559,17019600
2012-12-31,33480,33628,33302,33355,13325100
2013-01-01,33508,33545,32267,32492,18949300
2013-01-02,32634,32753,32404,32674,11301600
2013-01-03,32784,32977,32227,32691,16332700
2013-01-04,32856,33883,32710,33800,22141500
2013-01-07,33829,33928,33508,33644,14522100
2013-01-08,34008,34061,33659,33780,20518700
2013-01-09,33676,33873,33106,33207,13797100
2013-01-10,33170,33845,33131,33497,18775600
2013-01-11,33578,33805,33406,33591,16611800
2013-01-14,33463,33957,33071,33178,14842500
2013-01-15,33219,33324,33001,33260,17393900
2013-01-16,33289,33459,32460,32639,18766200
2013-01-17,32644,33241,32589,32874,16178300
2013-01-18,33059,33212,32629,32632,11823800
2013-01-21,32690,32818,32423,32765,13865200
2013-01-22,32825,32991,32070,32318,12488500
2013-01-23,32151,32300,31908,31940,14349000
2013-01-24,32276,32566,31652,31838,21648400
2013-01-25,32047,32205,32008,32184,13768500
2013-01-28,31966,32323,31883,32212,11955400
2013-01-29,32387,32493,30780,31125,11413600
2013-01-30,31003,31546,30998,31392,18617100
2013-01-31,31220,31654,31210,31315,16372300
2013-02-01,31241,31733,31214,31568,15998500
2013-02-04,31547,32064,31381,32053,15439200
2013-02-05,32083,32471,31836,32395,14689200
2013-02-06,32398,32596,31624,32032,17834100
2013-02-07,31933,31955,31610,31838,13191800
2013-02-08,31996,32280,31904,32032,17497400
2013-02-11,31840,32532,31680,32457,14087900
2013-02-12,32461,32495,31558,32074,11156100
2013-02-13,32215,32600,31537,31757,13769600
2013-02-14,32027,32252,31194,31289,15989800
2013-02-15,31279,31505,31250,31439,15448500
2013-02-18,31433,31543,30910,31094,19619200
2013-02-19,31104,32772,30724,32097,16819500
2013-02-20,32040,32484,31849,32443,15036300
2013-02-21,32537,33242,32152,32954,18068600
2013-02-22,32942,33209,32809,33201,14859800
2013-02-25,33494,33545,32853,32888,17842400
2013-02-26,32871,32898,31507,31696,15306000
2013-02-27,31555,32523,31398,32323,13812000
2013-02-28,32138,32749,31977,32431,14310900
2013-03-01,32628,32664,31543,31549,14738500
2013-03-04,31550,32832,31546,32804,17790300
2013-03-05,32604,33333,32359,33117,15482300
2013-03-06,33067,33958,32871,33834,13929200
2013-03-07,33686,33830,33412,33678,16806700
2013-03-08,33609,33626,32639,32811,19950100
2013-03-11,32619,32706,32397,32419,16463700
2013-03-12,32364,32773,32009,32751,18063100
2013-03-13,32547,32576,31126,31760,18946600
2013-03-14,31982,32172,31492,31494,16987200
2013-03-15,31536,32173,31342,31981,15842700
2013-03-18,31988,32515,31829,32438,13486700
2013-03-19,32453,32503,32128,32442,16759600
2013-03-20,32510,32524,31124,31262,12725500
2013-03-21,31186,31216,31065,31121,14076100
2013-03-22,30961,31852,30836,31665,18360200
2013-03-25,31499,32035,31197,32029,9603300
2013-03-26,31978,32141,31737,31822,13709200
2013-03-27,31756,32425,31734,31965,12637500
2013-03-28,32276,32469,32007,32196,14992200
2013-03-29,32482,32574,31843,31989,12571700
2013-04-01,32178,32267,31436,31631,14970900
2013-04-02,31659,31702,31102,31294,16838000
2013-04-03,31444,31711,30758,30901,16533700
2013-04-04,30901,31044,30831,30845,20814800
2013-04-05,30845,30973,30790,30805,13714600
2013-04-08,30928,31097,30796,31037,19459400
2013-04-09,30933,31417,30910,31271,14598100
2013-04-10,31332,31543,31010,31187,14789100
2013-04-11,31195,31305,30063,30240,11444400
2013-04-12,30272,30680,30158,30459,12719500
2013-04-15,30522,30725,29901,30059,7721500
2013-04-16,30007,30847,29819,30784,17664600
2013-04-17,30555,30733,30478,30634,11712100
2013-04-18,30705,31756,30451,31594,20250000
2013-04-19,31654,32036,31599,31855,11641000
2013-04-22,31767,32604,31730,32589,15396300
2013-04-23,32572,32935,32490,32652,18678000
2013-04-24,32519,33054,32290,32861,14634000
2013-04-25,32838,33152,32543,32638,14922800
2013-04-26,32757,32833,32332,32395,12388100
2013-04-29,32389,32491,31923,32155,14803300
2013-04-30,32315,32494,32198,32470,11573700
2013-05-01,32405,32569,31732,31935,11390500
2013-05-02,31926,32542,31796,32372,17244000
2013-05-03,32000,32320,31751,32228,8996900
2013-05-06,32293,32489,32245,32488,15551500
2013-05-07,32540,32856,31752,32017,17313000
2013-05-08,31837,32184,31757,32019,18351400
2013-05-09,32012,32308,30868,31238,12314200
2013-05-10,31132,31141,30899,30935,11578800
2013-05-13,30946,31078,30617,30828,15060700
2013-05-14,30957,31054,30342,30372,14497700
2013-05-15,30256,30323,30096,30253,13216000
2013-05-16,30347,30421,30112,30282,11123500
2013-05-17,30153,30617,30053,30319,15052400
2013-05-20,30388,30461,29322,29442,12739900
2013-05-21,29375,29443,29252,29299,15004800
2013-05-22,29374,29385,29065,29194,14998900
2013-05-23,29091,29239,28683,28831,11031100
2013-05-24,28703,28759,28416,28429,9274100
2013-05-27,28471,29385,28103,29191,13262800
2013-05-28,29363,29660,29327,29518,15047200
2013-05-29,29657,30130,29583,29912,12992200
2013-05-30,30182,30520,30062,30396,17334000
2013-05-31,30577,30719,29834,29977,13367900
2013-06-03,30115,30133,29830,29848,15293000
2013-06-04,29972,30156,29038,29098,14869900
2013-06-05,28970,29384,28716,29157,12648200
2013-06-06,29319,29438,28164,28369,18440600
2013-06-07,28289,28417,27913,28070,13157700
2013-06-10,28071,28361,27783,28351,18537900
2013-06-11,28217,28891,28038,28553,15396800
2013-06-12,28524,28776,27980,28149,11301500
2013-06-13,28281,28619,27667,27784,15606900
2013-06-14,27764,28567,27648,28285,15884700
2013-06-17,28161,28601,27904,28449,23203600
2013-06-18,28235,28433,27961,28235,12054800
2013-06-19,28312,28483,28258,28279,13224100
2013-06-20,28264,28404,28083,28315,18793700
2013-06-21,28317,28448,27842,27878,18894400
2013-06-24,27831,28108,27423,27652,12164500
2013-06-25,27695,28088,26667,26839,15345100
2013-06-26,26755,26946,26725,26921,8698300
2013-06-27,26970,26979,26906,26946,14165600
2013-06-28,26959,27472,26775,27333,13589900
2013-07-01,27321,27976,27227,27721,18303100
2013-07-02,27869,27992,27300,27535,13144700
2013-07-03,27563,28227,27333,28149,17968500
2013-07-04,28002,28169,27821,27850,15917100
2013-07-05,28022,28420,27957,28208,15545600
2013-07-08,28345,28419,27982,27991,9988800
2013-07-09,27987,28065,27550,27738,15363700
2013-07-10,27882,28071,26845,27249,15578500
2013-07-11,27240,27282,27169,27217,16060600
2013-07-12,27233,28101,27231,28082,17102600
2013-07-15,27864,28194,27706,28132,12688000
2013-07-16,28271,28370,28161,28307,19219800
2013-07-17,28230,28335,28000,28160,14419500
2013-07-18,28149,28406,28054,28348,12559100
2013-07-19,28379,28610,28219,28584,17293900
2013-07-22,28584,28930,28449,28763,15023500
2013-07-23,28785,29481,28622,29308,16050800
2013-07-24,29369,29383,28881,29281,14688800
2013-07-25,29375,29628,29152,29438,13661100
2013-07-26,29397,30345,29182,30066,13582700
2013-07-29,29778,30316,29632,30312,14909400
2013-07-30,30325,30388,29811,29976,16418200
2013-07-31,30081,30842,29936,30498,15167700
2013-08-01,30498,30776,30457,30753,17418300
2013-08-02,30683,30762,30213,30387,15110900
2013-08-05,30594,30596,30000,30039,15228100
2013-08-06,29961,30055,29695,29857,16640500
2013-08-07,29802,30223,29709,30189,14825200
2013-08-08,30116,30427,29851,30314,9636900
2013-08-09,30415,30837,30385,30718,16322800
2013-08-12,30565,32106,30515,31779,10757300
2013-08-13,31715,32895,31399,32537,12184900
2013-08-14,32539,32884,32374,32562,19373500
2013-08-15,32693,33001,32181,32235,13052600
2013-08-16,32541,33078,32503,32846,15964500
2013-08-19,33002,33111,32402,32495,14613900
2013-08-20,32507,32696,31870,32117,17810800
2013-08-21,32221,32229,32016,32042,18966700
2013-08-22,32034,32335,31797,32147,17131100
2013-08-23,32180,32714,31831,32008,15152000
2013-08-26,31966,32418,31938,32105,15837400
2013-08-27,32091,32208,30705,30896,14967800
2013-08-28,30828,30873,30521,30720,14373200
2013-08-29,30916,31153,30489,30719,22173900
2013-08-30,30743,31066,30539,31009,17166700
2013-09-02,31169,31483,30970,31143,14457300
2013-09-03,31068,31152,30845,31027,15910500
2013-09-04,31142,32167,31105,32112,12710200
2013-09-05,32047,32566,31744,32535,14864600
2013-09-06,32612,32810,32287,32795,14108000
2013-09-09,32723,33065,32463,32915,16161600
2013-09-10,32889,33278,32678,33103,19622500
2013-09-11,33026,33147,32513,32701,18203700
2013-09-12,32645,32899,32179,32212,11313600
2013-09-13,32259,32320,32088,32296,14286900
2013-09-16,31977,32153,31481,31563,15236800
2013-09-17,31761,31991,31466,31809,14177300
2013-09-18,31902,32261,31592,31617,12405400
2013-09-19,31573,32076,31474,31913,12345900
2013-09-20,32230,32309,31774,31947,12548100
2013-09-23,31908,31939,31469,31559,11439600
2013-09-24,31587,31878,30975,31231,15955400
2013-09-25,31496,31623,31001,31035,16681200
2013-09-26,31286,31594,31046,31590,17063100
2013-09-27,31510,32331,31259,32187,20394800
2013-09-30,32262,32283,31781,32081,11171300
2013-10-01,32053,32151,32028,32120,9781300
2013-10-02,32292,32338,31735,31743,13631500
2013-10-03,31629,32532,31535,32358,17084500
2013-10-04,32506,32724,32434,32446,12509800
2013-10-07,32473,32542,31970,32132,15676500
2013-10-08,32035,32259,31162,31528,13887700
2013-10-09,31528,31789,31184,31740,12624200
2013-10-10,31640,32809,31570,32564,19427300
2013-10-11,32462,32660,32443,32582,12959500
2013-10-14,32511,32807,31996,32154,12303600
2013-10-15,32293,32419,31717,31743,17707300
2013-10-16,31789,31811,31466,31471,19076400
2013-10-17,31520,31824,30088,30467,19203900
2013-10-18,30500,31042,30451,30837,15226700
2013-10-21,30940,31029,30357,30574,11530700
2013-10-22,30674,30680,29783,29784,15539000
2013-10-23,29885,29969,28522,28572,19272900
2013-10-24,28659,29054,28200,28699,12289700
2013-10-25,28791,29127,28627,28773,12801000
2013-10-28,28786,29618,28720,29340,14006200
2013-10-29,29527,29949,29466,29738,16460700
2013-10-30,29834,30049,29552,29552,18708600
2013-10-31,29372,29433,28541,28834,15874000
2013-11-01,29056,29147,28776,28906,14285800
2013-11-04,28973,28984,28530,28661,14098200
2013-11-05,28756,28787,28670,28683,16732500
2013-11-06,28653,29068,27966,28041,19158700
2013-11-07,28018,28021,27734,27915,14690800
2013-11-08,27895,27991,27765,27817,11041600
2013-11-11,27808,27826,27274,27314,16128700
2013-11-12,27303,27459,26526,26647,14596300
2013-11-13,26541,26828,25820,25829,8034700
2013-11-14,25812,25899,25781,25855,16811300
2013-11-15,25854,26306,25709,26294,14157800
2013-11-18,26143,26506,25889,26278,17468700
2013-11-19,26322,26365,25283,25344,11175500
2013-11-20,25351,25836,25173,25329,15736300
2013-11-21,25365,25508,24668,24742,14190500
2013-11-22,24647,24850,24638,24829,16314800
2013-11-25,24922,25553,24851,25441,18363900
2013-11-26,25577,26115,25545,25567,15038400
2013-11-27,25632,25673,24417,24657,16805700
2013-11-28,24828,25147,24793,25026,17529100
2013-11-29,24926,25310,24874,25145,14695700
2013-12-02,25135,25976,25073,25819,12677200
2013-12-03,25842,26169,25791,26001,16811800
2013-12-04,25990,26316,25973,26254,19441400
2013-12-05,26265,26328,25525,25600,14311800
2013-12-06,25391,26264,25158,26117,14931600
2013-12-09,26106,26153,25636,25666,16375500
2013-12-10,25833,25856,24860,24953,20261000
2013-12-11,24884,25148,24604,25134,13817100
2013-12-12,25158,25449,25131,25395,14052000
2013-12-13,25368,25973,25324,25916,9890600
2013-12-16,25994,26385,25943,26338,11721100
2013-12-17,26524,26566,26281,26472,15476400
2013-12-18,26516,26699,26056,26593,8993900
2013-12-19,26638,26937,26539,26913,9613900
2013-12-20,26805,27064,26672,27046,17417800
2013-12-23,27008,27285,26808,27216,11871100
2013-12-24,27133,27415,26348,26448,13464300
2013-12-25,26546,26662,26331,26406,19170400
2013-12-26,26511,26606,26113,26269,15528400
2013-12-27,26328,26555,26168,26456,14394000
2013-12-30,26354,26549,26079,26162,16144300
2013-12-31,26215,26611,26025,26507,13680600
2014-01-01,26568,26829,26464,26784,12156200
2014-01-02,26608,26644,26317,26362,17735600
2014-01-03,26397,26450,26265,26371,12941700
2014-01-06,26359,26665,26301,26572,11079500
2014-01-07,26486,26586,26141,26170,14497800
2014-01-08,26366,26519,25210,25300,17597800
2014-01-09,25259,25394,25198,25215,14721300
2014-01-10,25199,25342,24960,25306,17745800
2014-01-13,25085,25416,25030,25315,19520300
2014-01-14,25236,25717,24783,25706,15409800
2014-01-15,25744,25828,25712,25816,16745700
2014-01-16,25748,26445,25518,26407,15399700
2014-01-17,26488,26589,26124,26196,18056100
2014-01-20,26366,27276,26275,26810,15020600
2014-01-21,26916,27034,26631,26699,16565500
2014-01-22,26680,27075,26445,26885,9971500
2014-01-23,26670,26691,26059,26185,17269800
2014-01-24,26236,26292,25697,25902,19914900
2014-01-27,25826,26406,25570,26339,15509300
2014-01-28,26201,26661,26060,26364,13790900
2014-01-29,26445,26554,26183,26367,10787400
2014-01-30,26446,26521,25705,25925,12651200
2014-01-31,25985,26314,25975,26217,13224200
2014-02-03,26341,26482,25658,25853,9732100
2014-02-04,25997,26481,25770,26391,16121000
2014-02-05,26377,26662,26218,26619,13370600
2014-02-06,26450,26512,26408,26410,14284800
2014-02-07,26562,26662,26031,26108,12818600
2014-02-10,26077,26327,25903,25918,12690600
2014-02-11,25847,26066,25844,26057,16193200
2014-02-12,25901,26210,25571,26150,17817400
2014-02-13,25923,26295,25483,25565,11076300
2014-02-14,25577,25815,25506,25693,18605900
2014-02-17,25763,25766,25090,25312,19704400
2014-02-18,25255,26012,25249,25978,13166000
2014-02-19,25840,25842,25156,25301,15762100
2014-02-20,25196,25770,25051,25640,14418400
2014-02-21,25868,25894,24969,25217,15973900
2014-02-24,25105,25478,25094,25358,15225000
2014-02-25,25491,26054,25479,25786,20806400
2014-02-26,25795,26018,25539,25960,14232500
2014-02-27,25897,25957,25463,25538,14830400
2014-02-28,25400,25473,24990,24995,19545500
2014-03-03,24962,25596,24907,25525,19189300
2014-03-04,25471,25587,25055,25241,14243200
2014-03-05,25220,25723,25158,25524,17553900
2014-03-06,25510,25998,25380,25961,16810200
2014-03-07,26102,26175,25365,25367,11750800
2014-03-10,25561,26402,25500,26085,12785100
2014-03-11,26233,26310,25770,26040,19571100
2014-03-12,26170,26366,25966,25970,14436900
2014-03-13,25845,26077,25566,25615,16367100
2014-03-14,25605,25737,25448,25703,17429900
2014-03-17,25637,26143,25596,25881,13184300
2014-03-18,25906,26353,25851,26269,9524700
2014-03-19,26301,26715,26248,26657,12061500
2014-03-20,26541,27320,26221,27045,13942400
2014-03-21,27029,27277,26988,27002,18003700
2014-03-24,27016,27100,26928,26965,18917300
2014-03-25,27027,27223,26995,27013,17323500
2014-03-26,26964,27344,26801,27084,15232200
2014-03-27,26937,27766,26601,27570,19301400
2014-03-28,27586,27998,27491,27926,17983800
2014-03-31,27941,28215,27626,27857,11126300
2014-04-01,27809,27922,27334,27495,19704600
2014-04-02,27534,27592,26759,26764,12440600
2014-04-03,26636,26923,26618,26682,18369200
2014-04-04,26652,26873,26236,26689,19103200
2014-04-07,26438,26645,25928,25997,16943300
2014-04-08,26025,26054,25818,25869,16037200
2014-04-09,25975,26027,25898,25964,15099500
2014-04-10,25846,26086,25826,26046,11249800
2014-04-11,26254,26305,25469,25537,16484400
2014-04-14,25631,25662,25275,25303,18650500
2014-04-15,25328,25442,24456,24796,17842200
2014-04-16,24688,25193,24599,25102,17518000
2014-04-17,25221,25306,25183,25206,14664700
2014-04-18,25201,26246,25193,26150,12167800
2014-04-21,26208,26211,25738,25932,11073600
2014-04-22,26044,26515,25976,26495,13344100
2014-04-23,26490,26705,26333,26508,15930600
2014-04-24,26450,26706,26338,26541,12915200
2014-04-25,26517,27300,26503,26938,14138700
2014-04-28,26806,26894,25988,26217,12196800
2014-04-29,26161,26234,25649,25783,20730200
2014-04-30,25858,26559,25827,26344,14610200
2014-05-01,26264,26739,26213,26720,14444100
2014-05-02,26641,27557,26194,27432,12214200
2014-05-05,27438,27762,27214,27647,17519700
2014-05-06,27673,27748,27450,27460,11939900
2014-05-07,27418,27877,27338,27790,16272600
2014-05-08,27877,27973,27492,27617,14398700
2014-05-09,27690,27704,27445,27588,10445200
2014-05-12,27640,27953,27502,27538,14487800
2014-05-13,27543,27565,27167,27203,15011800
2014-05-14,27190,28157,27101,28024,14595500
2014-05-15,28017,28454,27812,28305,10306200
2014-05-16,28199,28517,28172,28353,17188800
2014-05-19,28319,28543,28110,28505,13403800
2014-05-20,28529,28891,28171,28272,13660800
2014-05-21,28275,28321,27956,28120,16401200
2014-05-22,28352,28429,28106,28163,15915500
2014-05-23,28288,28354,28178,28287,19656100
2014-05-26,28285,28400,27410,27435,15629000
2014-05-27,27386,28021,27322,27945,13803300
2014-05-28,27929,28053,27133,27148,13754000
2014-05-29,27033,27093,26683,26782,11311900
2014-05-30,26778,27094,26228,26264,11739500
2014-06-02,26363,26797,26064,26306,11061600
2014-06-03,26309,26402,25547,25664,16389100
2014-06-04,25868,26312,25821,26027,15682300
2014-06-05,26018,26495,25969,26284,8489600
2014-06-06,26323,26678,26199,26631,18841100
2014-06-09,26704,27038,26559,26932,21388800
2014-06-10,26986,27050,26550,26807,14498700
2014-06-11,26901,27007,26719,26899,15345900
2014-06-12,27031,27097,26286,26537,9366400
2014-06-13,26426,26464,26215,26376,12457000
2014-06-16,26346,26641,26245,26539,15812400
2014-06-17,26488,26503,25562,26072,13814400
2014-06-18,26179,26182,25754,25965,15687600
2014-06-19,25975,25996,25697,25786,12919700
2014-06-20,25877,26518,25785,26113,15182800
2014-06-23,26180,26501,25775,26312,11849800
2014-06-24,26293,26398,26135,26152,13460700
2014-06-25,26143,26502,25982,26449,15832200
2014-06-26,26346,27473,26295,27180,15335300
2014-06-27,27179,27713,27117,27600,10674100
2014-06-30,27717,27861,27454,27634,11429400
2014-07-01,27819,28030,27444,27682,11689000
2014-07-02,27620,27762,27268,27305,12504500
2014-07-03,27175,27311,27066,27097,13700400
2014-07-04,26974,27252,26964,27204,15640100
2014-07-07,27157,27413,26986,27348,12252100
2014-07-08,27423,27500,26722,26804,15003700
2014-07-09,26676,26856,26267,26340,11439400
2014-07-10,26226,26442,25817,25893,14568500
2014-07-11,25902,25990,25112,25481,16276500
2014-07-14,25441,25751,25159,25258,11950400
2014-07-15,25371,25450,25088,25207,14640300
2014-07-16,25081,25192,24559,24796,12756000
2014-07-17,24831,25046,24380,24560,14241700
2014-07-18,24521,24638,23709,23893,15760600
2014-07-21,23825,23914,23734,23821,13298100
2014-07-22,23681,24007,23469,23906,20659900
2014-07-23,24143,24302,23666,23727,14494400
2014-07-24,23763,23858,23197,23215,14551900
2014-07-25,23208,24084,23092,24012,16934700
2014-07-28,24026,24146,23674,23736,15708200
2014-07-29,23758,23965,23717,23878,14369700
2014-07-30,24010,24125,23038,23159,10471700
2014-07-31,23156,23247,22739,22918,16400000
2014-08-01,23047,23071,22883,22965,17936900
2014-08-04,23028,23080,22708,22940,14566000
2014-08-05,22884,23073,22780,22990,15532500
2014-08-06,23067,23250,22865,23008,12179900
2014-08-07,22969,23069,22708,22768,19944200
2014-08-08,22891,22917,22447,22482,15728600
2014-08-11,22418,22561,22405,22424,12811600
2014-08-12,22346,22349,22167,22219,8249200
2014-08-13,22355,22536,21887,22034,19581300
2014-08-14,22038,22226,21987,22161,19027200
2014-08-15,22150,22381,21937,22231,12683200
2014-08-18,22257,22410,22071,22089,17600800
2014-08-19,22104,22572,22033,22424,20551900
2014-08-20,22554,22677,22386,22401,8862500
2014-08-21,22448,22520,22107,22322,13749400
2014-08-22,22283,22764,22186,22580,11636800
2014-08-25,22528,22706,22475,22655,9007900
2014-08-26,22659,22671,22106,22155,12039700
2014-08-27,22349,22496,22282,22298,17051600
2014-08-28,22337,22487,21604,21801,16808200
2014-08-29,21734,21799,21661,21705,14465800
2014-09-01,21591,21952,21530,21794,11244000
2014-09-02,21769,22161,21567,21994,19341700
2014-09-03,21963,22020,21643,21717,12928700
2014-09-04,21770,21992,21582,21607,12185600
2014-09-05,21653,21998,21557,21843,15348900
2014-09-08,21880,22538,21588,22468,12036500
2014-09-09,22377,23144,22285,23093,14469400
2014-09-10,23122,23439,23027,23364,21558600
2014-09-11,23339,23941,23233,23911,17934300
2014-09-12,23953,24117,23720,23727,11972800
2014-09-15,23670,23771,23495,23648,14703800
2014-09-16,23633,23991,23626,23914,15986400
2014-09-17,23918,24236,23824,24182,15703600
2014-09-18,24295,24352,23556,23667,16003000
2014-09-19,23591,24258,23588,24057,27508500
2014-09-22,24058,24297,23593,23768,20011400
2014-09-23,23870,23919,23699,23730,16404800
2014-09-24,23814,23851,23161,23350,15296500
2014-09-25,23468,23658,23154,23235,12908400
2014-09-26,23070,23634,22813,23584,15916600
2014-09-29,23486,23506,23117,23161,10373500
2014-09-30,23250,23276,22871,22958,12237500
2014-10-01,22871,23033,22804,22963,16562300
2014-10-02,22860,23158,22746,23157,14073900
2014-10-03,23100,23876,23054,23721,18724200
2014-10-06,23836,23944,23662,23765,8556100
2014-10-07,23585,24303,23555,24119,18860200
2014-10-08,24113,24326,23508,23601,19299300
2014-10-09,23777,23824,23209,23430,11657800
2014-10-10,23341,23490,22474,22664,19061800
2014-10-13,22738,23134,22626,23040,14141200
2014-10-14,22951,23019,22732,22859,12448100
2014-10-15,22820,23112,22819,23061,13963000
2014-10-16,22885,22988,22707,22727,11763700
2014-10-17,22695,22739,22111,22386,12620900
2014-10-20,22264,22504,21861,22079,14921000
2014-10-21,22057,22164,21838,21868,19560900
2014-10-22,21823,21858,21705,21784,13671900
2014-10-23,21830,21952,21122,21275,11587700
2014-10-24,21318,21363,21040,21310,15402100
2014-10-27,21411,21490,21144,21489,13362900
2014-10-28,21297,21325,20901,20958,18655000
2014-10-29,21009,21096,20453,20518,12292300
2014-10-30,20410,20594,20045,20201,19513400
2014-10-31,20163,20249,19914,19955,11215200
2014-11-03,19982,20504,19903,20457,14949400
2014-11-04,20394,20735,20142,20681,10106300
2014-11-05,20655,20728,20134,20327,12764900
2014-11-06,20390,21190,20347,21126,13792200
2014-11-07,21220,21475,20970,21372,17604200
2014-11-10,21370,21397,20697,21001,7441800
2014-11-11,21209,21354,20434,20518,16123600
2014-11-12,20529,20773,20477,20639,17020500
2014-11-13,20672,20859,20086,20171,8656700
2014-11-14,20163,20361,20110,20227,13419400
2014-11-17,20367,20512,20238,20486,13711200
2014-11-18,20661,20676,20104,20253,15284700
2014-11-19,20237,20318,20011,20053,16823600
2014-11-20,20021,20115,19828,19829,17456700
2014-11-21,19638,20406,19583,20206,17497400
2014-11-24,20101,20472,19953,20402,16863100
2014-11-25,20505,20603,20405,20553,9797900
2014-11-26,20699,20853,20604,20808,17914000
2014-11-27,20799,20887,20755,20810,15033500
2014-11-28,20779,20871,20462,20632,14776400
2014-12-01,20818,20826,20673,20734,16116800
2014-12-02,20760,21018,20669,21012,16818100
2014-12-03,21035,21038,20916,20977,16598400
2014-12-04,21172,21292,20841,20922,10538100
2014-12-05,20956,21022,20551,20658,16766300
2014-12-08,20778,21123,20591,21078,11007100
2014-12-09,20962,21536,20925,21319,16393500
2014-12-10,21471,21721,21366,21395,13516800
2014-12-11,21301,21494,21169,21468,14245400
2014-12-12,21416,21696,21192,21598,12962000
2014-12-15,21554,21864,21444,21639,14513900
2014-12-16,21502,22110,21369,21957,9385800
2014-12-17,21842,22144,21829,22034,18558700
2014-12-18,22071,22322,21836,22289,17364000
2014-12-19,22255,22407,22195,22328,15772800
2014-12-22,22431,22489,22069,22167,13370000
2014-12-23,22186,22612,21859,22545,13749700
2014-12-24,22515,23040,22485,22937,8800000
2014-12-25,23089,23726,22837,23456,8079300
2014-12-26,23476,23511,23246,23332,15079400
2014-12-29,23326,23370,23041,23144,16667600
2014-12-30,23075,23258,22540,22566,9546900
2014-12-31,22618,22773,22604,22604,16183100
2015-01-01,22618,22639,22237,22364,16389600
2015-01-02,22478,22813,22461,22764,13673300
2015-01-05,22649,22697,22210,22415,13749200
2015-01-06,22087,22788,22046,22739,14076900
2015-01-07,22768,22780,22167,22368,14616200
2015-01-08,22519,22525,22266,22352,17412400
2015-01-09,22343,22782,22283,22774,10012800
2015-01-12,22905,23033,22452,22644,9282700
2015-01-13,22576,22868,22349,22788,9317800
2015-01-14,22671,23079,22652,23033,18649200
2015-01-15,23152,23218,22539,22620,13711700
2015-01-16,22681,23415,22653,23368,14056800
2015-01-19,23368,23425,22867,22947,20893700
2015-01-20,22942,23012,22705,22871,12364100
2015-01-21,22755,23052,22714,22954,17008800
2015-01-22,22966,23163,22804,23106,16457400
2015-01-23,23148,23488,23044,23453,18159400
2015-01-26,23367,23909,23047,23866,14647800
2015-01-27,23946,23967,23414,23438,14493200
2015-01-28,23502,23705,23250,23401,17223400
2015-01-29,23423,23459,22695,22747,13081700
2015-01-30,22560,22986,22326,22855,16988400
2015-02-02,22835,22843,22460,22660,13915500
2015-02-03,22635,22855,22542,22792,16643900
2015-02-04,22743,22904,22071,22271,16092100
2015-02-05,22285,22415,21928,21943,19899500
2015-02-06,22003,22213,21913,22119,17074700
2015-02-09,22140,22646,21984,22366,14680700
2015-02-10,22410,22712,22016,22285,18653200
2015-02-11,22352,22394,21894,22164,8024400
2015-02-12,22154,22155,21979,22012,11198500
2015-02-13,21925,21990,21711,21854,9948400
2015-02-16,21693,21731,21624,21691,17045800
2015-02-17,21760,22761,21729,22509,13892600
2015-02-18,22478,22922,22452,22756,14602400
2015-02-19,22626,22935,22195,22271,13437900
2015-02-20,22241,22361,21967,22158,13061400
2015-02-23,22342,22410,21861,21865,17101400
2015-02-24,21894,22093,21757,21936,19195000
2015-02-25,21918,22782,21892,22626,15507100
2015-02-26,22786,23135,22632,23044,15823700
2015-02-27,23055,23153,22999,23110,17970000
2015-03-02,23185,23493,23058,23260,17942500
2015-03-03,23169,23285,23092,23238,11436800
2015-03-04,23265,23335,22857,22930,13405900
2015-03-05,23007,23122,22711,22759,13452200
2015-03-06,22797,23256,22633,23137,17599500
2015-03-09,23214,23239,22621,22650,16689500
2015-03-10,22682,23144,22608,23080,17314100
2015-03-11,22921,23881,22860,23869,15376500
2015-03-12,23876,24006,23522,23910,12836400
2015-03-13,23887,24468,23655,24312,21744100
2015-03-16,24207,24445,24206,24393,11517200
2015-03-17,24383,24685,24281,24315,19059500
2015-03-18,24275,24498,23585,23647,14923300
2015-03-19,23656,23750,23322,23424,18360100
2015-03-20,23364,24009,23336,23961,12595300
2015-03-23,24033,24063,23927,24008,12634500
2015-03-24,24154,24228,23874,23920,18020900
2015-03-25,23913,24507,23730,24474,19507600
2015-03-26,24372,24503,24172,24468,19815600
2015-03-27,24569,24629,23702,23821,18750500
2015-03-30,23757,23826,23595,23662,15218500
2015-03-31,23530,24253,23292,24191,22326800
2015-04-01,24152,24746,24135,24604,13503000
2015-04-02,24579,24732,24353,24511,15452600
2015-04-03,24618,25027,24489,24816,13308200
2015-04-06,24806,24832,24600,24797,18527100
2015-04-07,24733,25942,24674,25689,13139700
2015-04-08,25673,26068,25518,25980,16606900
2015-04-09,25795,26647,25747,26443,19657100
2015-04-10,26575,26685,26454,26648,9943100
2015-04-13,26617,27133,26600,27086,16658300
2015-04-14,27155,27493,27151,27376,15082700
2015-04-15,27391,27703,27334,27447,16390200
2015-04-16,27527,27630,27241,27309,12909000
2015-04-17,26933,27353,26823,27212,14537400
2015-04-20,27111,27305,26931,27202,17856900
2015-04-21,27085,27699,27001,27535,15351800
2015-04-22,27577,27841,27546,27829,15036200
2015-04-23,27766,28679,27757,28419,15343000
2015-04-24,28441,28473,28224,28388,17384300
2015-04-27,28315,28562,28235,28502,17282200
2015-04-28,28666,28928,27596,27712,19022100
2015-04-29,27748,27875,27377,27476,9628300
2015-04-30,27579,27610,27208,27260,17567600
2015-05-01,27247,27322,27115,27292,16806500
2015-05-04,27150,27445,27045,27375,16984300
2015-05-05,27377,27434,27210,27220,15589300
2015-05-06,27242,27434,27197,27400,13429200
2015-05-07,27461,27764,27190,27249,14328100
2015-05-08,27201,27414,27009,27270,13482200
2015-05-11,27434,27460,26925,27055,14587400
2015-05-12,27078,27496,26978,27153,10425100
2015-05-13,27210,27377,26936,26951,17976500
2015-05-14,26918,27285,26734,26889,13443700
2015-05-15,26598,26616,26373,26608,17162200
2015-05-18,26590,26747,26132,26133,16425600
2015-05-19,26336,26945,26181,26631,18100400
2015-05-20,26608,26705,26156,26367,18055600
2015-05-21,26291,26948,25985,26782,16180100
2015-05-22,26608,26719,26315,26670,13118100
2015-05-25,26740,26844,26549,26674,15055900
2015-05-26,26645,26806,26568,26716,15194400
2015-05-27,26829,26908,26387,26404,13180400
2015-05-28,26341,26446,25759,25796,11293700
2015-05-29,25724,26331,25621,26094,11926300
2015-06-01,26012,26256,25805,26186,8767300
2015-06-02,26311,26328,25342,25604,16503300
2015-06-03,25474,25505,25220,25359,14525200
2015-06-04,25361,25595,25078,25147,13218600
2015-06-05,25031,25802,24824,25549,15191300
2015-06-08,25424,25844,25273,25746,18568600
2015-06-09,25632,25999,25433,25752,13035600
2015-06-10,25767,26312,25634,26166,14953800
2015-06-11,26194,26328,26162,26326,11423800
2015-06-12,26392,26443,26023,26067,18266400
2015-06-15,26200,26205,25531,25574,14175600
2015-06-16,25598,26117,25530,25938,12992300
2015-06-17,25846,25994,25193,25335,13793600
2015-06-18,25481,25834,25322,25774,16932000
2015-06-19,25915,25971,24982,25145,16964200
2015-06-22,25079,25125,24842,24926,16993200
2015-06-23,24946,25392,24865,25368,16370300
2015-06-24,25326,25723,25141,25695,10633900
2015-06-25,25657,26348,25595,26129,12055000
2015-06-26,26218,26388,25443,25597,15906000
2015-06-29,25625,25786,25418,25497,24184200
2015-06-30,25563,25621,25448,25485,18125900
2015-07-01,25461,25510,25296,25346,16029900
2015-07-02,25531,25561,25067,25146,15840800
2015-07-03,25152,25355,24962,25259,11152300
2015-07-06,25242,25454,25172,25270,19955900
2015-07-07,25362,25658,24713,24941,18278600
2015-07-08,24969,25065,24628,24752,16343300
2015-07-09,24910,25043,24556,24670,15050100
2015-07-10,24829,25006,24624,24668,13587800
2015-07-13,24910,24997,24447,24588,13973600
2015-07-14,24839,24862,24034,24076,14311900
2015-07-15,24082,24451,23892,24117,20823900
2015-07-16,23951,24367,23658,24300,12652100
2015-07-17,24292,24992,24153,24853,17958000
2015-07-20,24900,24991,24504,24687,15271000
2015-07-21,24727,25338,24502,25017,20907800
2015-07-22,24970,25047,24750,24836,14595600
2015-07-23,24740,25381,24686,25293,12143000
2015-07-24,25354,25590,25122,25261,14481800
2015-07-27,25258,25455,25019,25313,18755100
2015-07-28,25286,25417,25131,25255,17492100
2015-07-29,25316,25342,25192,25327,16046200
2015-07-30,25436,25531,25203,25410,14841700
2015-07-31,25454,25637,24746,24939,16611600
2015-08-03,24838,25222,24655,25192,13893100
2015-08-04,25381,25431,24475,24855,11729200
2015-08-05,24948,24998,24582,24813,16941200
2015-08-06,24924,25270,24914,25164,15538400
2015-08-07,25070,25132,25012,25108,15503000
2015-08-10,24969,25010,24688,24900,13373000
2015-08-11,24974,25521,24815,25516,14671400
2015-08-12,25564,26279,25343,26043,15045400
2015-08-13,26160,26661,25974,26586,10673200
2015-08-14,26622,27030,26545,26999,9635000
2015-08-17,27296,27332,26983,27207,10714200
2015-08-18,27390,27720,27273,27307,16904700
2015-08-19,27156,27348,26627,26779,13825100
2015-08-20,26807,26931,26310,26454,13519100
2015-08-21,26325,26427,26142,26162,16002200
2015-08-24,26241,26640,26150,26585,17190800
2015-08-25,26558,27630,26322,27522,13834700
2015-08-26,27460,27967,27305,27851,9049300
2015-08-27,28018,28083,27683,27791,11328500
2015-08-28,27889,28426,27826,28352,19914800
2015-08-31,28332,28396,28160,28342,13099900
2015-09-01,28172,28427,28000,28266,15242300
2015-09-02,28310,28610,27958,28255,11170700
2015-09-03,28196,28781,28114,28717,16535000
2015-09-04,28761,29297,28348,29240,17474600
2015-09-07,29146,29608,28754,29377,9840100
2015-09-08,29355,29390,28889,28964,17531700
2015-09-09,28898,29535,28804,29327,14229900
2015-09-10,29196,29325,28848,29013,13312500
2015-09-11,29025,29449,28624,28652,14923600
2015-09-14,28905,29184,28264,28432,14019800
2015-09-15,28606,28635,27680,28014,21518200
2015-09-16,27990,28101,27616,27741,13770100
2015-09-17,27793,28535,27582,28438,16811700
2015-09-18,28353,28467,27888,28055,15492000
2015-09-21,28066,28419,27753,28034,18328600
2015-09-22,28252,28468,27428,27453,10966600
2015-09-23,27369,27382,26964,27148,17962100
2015-09-24,27216,27255,26771,27018,12519300
2015-09-25,27113,27320,26832,27070,14554700
2015-09-28,26987,27465,26960,27120,19046300
2015-09-29,27059,27158,26981,27102,13141000
2015-09-30,27091,27271,26807,26843,16290100
2015-10-01,26940,27585,26735,27421,12877100
2015-10-02,27248,27756,27099,27706,14955800
2015-10-05,27749,28002,27456,27502,17345200
2015-10-06,27594,27796,27199,27418,13436400
2015-10-07,27339,27596,27233,27253,13005900
2015-10-08,27313,27332,27098,27254,11257700
2015-10-09,27213,27237,27010,27019,10447400
2015-10-12,27008,27524,26769,27311,12890500
2015-10-13,27245,27891,27026,27684,17951200
2015-10-14,27681,27827,27601,27643,15420100
2015-10-15,27673,28044,27538,27794,17125500
2015-10-16,27850,27971,27452,27579,12187300
2015-10-19,27550,28352,27527,28083,13579000
2015-10-20,27997,28018,27798,27934,15118300
2015-10-21,27991,28350,27941,28141,15087000
2015-10-22,28022,28652,27911,28295,12975500
2015-10-23,28177,28199,27712,27934,18347000
2015-10-26,27805,27860,27150,27239,14688900
2015-10-27,27157,27217,26742,26960,9971100
2015-10-28,26999,27106,26484,26575,12004900
2015-10-29,26622,26912,26189,26346,14229400
2015-10-30,26471,26669,26273,26328,13744900
2015-11-02,26240,26309,26163,26308,15119300
2015-11-03,26341,26426,26056,26120,14297800
2015-11-04,25950,26948,25896,26777,18404300
2015-11-05,26884,27110,26281,26331,14778700
2015-11-06,26338,26947,26076,26697,14541700
2015-11-09,26759,27043,26612,26986,20353900
2015-11-10,26907,26962,26682,26685,17440200
2015-11-11,26810,27624,26803,27458,15521100
2015-11-12,27570,28016,27394,27983,15136900
2015-11-13,27954,28192,27904,28121,13806100
2015-11-16,27923,28386,27712,28318,14307000
2015-11-17,28199,28635,28076,28355,15318100
2015-11-18,28534,28643,28243,28616,16940300
2015-11-19,28391,28618,28349,28423,13994800
2015-11-20,28280,29130,28222,28899,10917400
2015-11-23,28907,29586,28871,29322,14975100
2015-11-24,29364,29372,29144,29174,12644600
2015-11-25,29187,29243,28429,28577,20022600
2015-11-26,28418,29160,28360,29052,20770100
2015-11-27,28987,29142,28865,29138,8071600
2015-11-30,29068,29075,28754,28784,15426700
2015-12-01,28791,29552,28636,29390,12358100
2015-12-02,29468,29673,29379,29486,16794100
2015-12-03,29757,29875,28773,28869,12190000
2015-12-04,28762,29414,28653,29265,14544100
2015-12-07,29140,29207,28688,28796,14056100
2015-12-08,28772,28882,27846,28045,17404500
2015-12-09,28001,28127,27749,27762,12921700
2015-12-10,27586,27781,27548,27689,21349000
2015-12-11,27693,27820,26849,26977,20434900
2015-12-14,26870,27985,26779,27898,15058800
2015-12-15,27994,28267,27975,28021,16283400
2015-12-16,27998,28250,27799,28110,13257300
2015-12-17,28075,28300,27950,28038,17322200
2015-12-18,28172,28181,28059,28164,11663300
2015-12-21,27949,27976,27716,27846,9429800
2015-12-22,27933,28035,27544,27745,18786100
2015-12-23,27624,28293,27605,28212,15189700
2015-12-24,28240,28286,28100,28108,14052700
2015-12-25,28122,28276,28054,28205,15451600
2015-12-28,28196,28246,27646,28127,22358300
2015-12-29,28127,28958,28048,28903,15994400
2015-12-30,28868,29454,28677,29412,12775700
2015-12-31,29541,29704,29516,29599,15885000
2016-01-01,29618,29976,29583,29932,14696600
2016-01-04,30025,30242,29840,30092,15310900
2016-01-05,30174,30456,30101,30234,14650900
2016-01-06,30442,31532,30394,31442,21213500
2016-01-07,31569,31771,30465,30466,12688000
2016-01-08,30543,30961,30210,30404,12478700
2016-01-11,30481,30681,30192,30431,18949100
2016-01-12,30345,31058,29979,30855,18398700
2016-01-13,30634,30787,30095,30204,15373900
2016-01-14,29916,30024,29865,29935,14132700
2016-01-15,29889,30157,29733,30116,17416500
2016-01-18,30083,30247,28952,29313,13814600
2016-01-19,29458,29731,29422,29554,15163000
2016-01-20,29520,30576,29515,30497,16862700
2016-01-21,30420,30611,29974,30095,14072200
2016-01-22,30004,30308,29165,29239,14055800
2016-01-25,29389,29575,29372,29532,22256200
2016-01-26,29603,29688,29151,29422,16637500
2016-01-27,29167,30409,29142,30323,9797400
2016-01-28,30558,30561,29938,30155,14993600
2016-01-29,30051,30109,29798,29887,11206600
2016-02-01,29877,30512,29609,30405,17095800
2016-02-02,30607,30982,30518,30977,13965100
2016-02-03,30776,31851,30733,31472,16689600
2016-02-04,31543,32757,31279,32520,13349300
2016-02-05,32518,32991,32453,32798,11383600
2016-02-08,32862,33266,32729,32822,11014600
2016-02-09,32696,32812,32356,32574,22043700
2016-02-10,32573,32925,32477,32516,16951400
2016-02-11,32436,32722,32245,32302,14976500
2016-02-12,32272,32281,32050,32051,9284600
2016-02-15,31970,32217,31303,31565,11977700
2016-02-16,31710,31740,30507,30523,8406900
2016-02-17,30657,30793,30312,30722,6506400
2016-02-18,30772,30917,30562,30910,12246200
2016-02-19,30980,31146,30140,30177,19023700
2016-02-22,30099,30648,29882,30565,13074900
2016-02-23,30689,30770,29221,29375,10139700
2016-02-24,29570,29761,29141,29175,17243900
2016-02-25,29347,29376,29153,29245,16984100
2016-02-26,29448,29450,28924,29105,14802900
2016-02-29,29084,29549,28898,29425,17800500
2016-03-01,29483,29965,29099,29951,19518600
2016-03-02,29958,30676,29912,30479,17610100
2016-03-03,30537,30653,30366,30538,20803200
2016-03-04,30582,31471,30389,31258,15253700
2016-03-07,31387,31445,30739,31097,17564900
2016-03-08,31069,31207,30439,30857,23120700
2016-03-09,30670,30862,30490,30580,19987700
2016-03-10,30570,30690,30187,30270,15729400
2016-03-11,30573,30898,29896,30095,10366800
2016-03-14,30158,30444,29386,29536,14633700
2016-03-15,29501,29791,28809,28862,9743900
2016-03-16,28939,29605,28742,29522,9700800
2016-03-17,29669,29807,29623,29782,14438400
2016-03-18,29634,30230,29603,30214,17955500
2016-03-21,30163,30487,30079,30373,21260100
2016-03-22,30072,30106,29908,29924,17121300
2016-03-23,29932,30593,29894,30496,17555300
2016-03-24,30620,30994,30605,30829,9868300
2016-03-25,30872,30936,30204,30304,16472400
2016-03-28,30292,30685,30249,30641,13165200
2016-03-29,30454,30510,29531,29743,17656900
2016-03-30,29583,30243,29505,30187,19347400
2016-03-31,30262,30268,29592,29827,18416100
2016-04-01,29821,30443,29672,30276,15540000
2016-04-04,30284,30325,29860,29918,11246300
2016-04-05,29933,30503,29739,30391,11684700
2016-04-06,30417,30872,30281,30556,11834000
2016-04-07,30615,31012,30576,30828,15138100
2016-04-08,30965,31113,30863,30958,12985400
2016-04-11,30895,31397,30677,31199,20134900
2016-04-12,31427,31560,31392,31506,11469900
2016-04-13,31611,31992,31565,31867,17899400
2016-04-14,31916,32296,30642,30850,15119100
2016-04-15,30727,30728,30451,30684,15133800
2016-04-18,30639,30906,30375,30452,14627700
2016-04-19,30304,30468,30073,30324,9803200
2016-04-20,30145,30571,30105,30267,14488000
2016-04-21,30177,31272,29871,31159,14078900
2016-04-22,31167,31536,30606,31410,17642500
2016-04-25,31538,31567,30462,30780,13353100
2016-04-26,30637,30658,30466,30584,17246700
2016-04-27,30539,31104,30365,31018,9358300
2016-04-28,31007,31121,30515,30537,14062400
2016-04-29,30592,30684,30556,30641,7804800
2016-05-02,30669,30785,30332,30387,16585900
2016-05-03,30362,30733,29908,30548,19838500
2016-05-04,30432,30778,30379,30461,10062500
2016-05-05,30487,30587,30310,30449,6614800
2016-05-06,30359,30427,29962,30336,11490000
2016-05-09,30345,30478,29849,29980,8173200
2016-05-10,29973,31054,29904,30525,18838500
2016-05-11,30352,30737,29897,30695,16873600
2016-05-12,30756,30833,30630,30752,14854500
2016-05-13,30640,31473,30494,31445,18014800
2016-05-16,31604,31981,31541,31570,17746600
2016-05-17,31502,31752,31329,31555,17856400
2016-05-18,31637,31877,31304,31652,11216600
2016-05-19,31804,31911,31158,31474,17607100
2016-05-20,31452,31613,30932,31116,17053000
2016-05-23,31166,32263,30817,31952,15782400
2016-05-24,32012,32292,31478,31586,23018200
2016-05-25,31623,32385,31304,32155,14956000
2016-05-26,32179,32490,32158,32369,14042600
2016-05-27,32292,32605,31690,31837,11139200
2016-05-30,31725,31946,31629,31727,13243400
2016-05-31,31871,32438,31231,31382,14958700
2016-06-01,31406,31469,31190,31352,14050900
2016-06-02,31282,32034,31265,31730,16609500
2016-06-03,31720,32106,31197,31319,20764500
2016-06-06,31339,31352,30910,30924,11374100
2016-06-07,30905,30951,30182,30400,17915000
2016-06-08,30311,31093,30287,31049,12968800
2016-06-09,31073,31217,31049,31106,13251200
2016-06-10,31081,31366,30992,31259,11163500
2016-06-13,31233,31384,31151,31332,16346600
2016-06-14,31552,31647,30693,30823,18303500
2016-06-15,30762,31660,30723,31567,14906900
2016-06-16,31637,31760,30837,31065,10565600
2016-06-17,31114,31173,30054,30108,9349900
2016-06-20,30151,30480,29831,30428,16782600
2016-06-21,30146,30307,29998,30038,13937600
2016-06-22,30261,30541,30189,30476,13477600
2016-06-23,30335,31178,30268,30786,18409700
2016-06-24,30811,31015,30774,30840,10062400
2016-06-27,30621,31214,30418,31145,16795200
2016-06-28,30997,31579,30698,31484,14588400
2016-06-29,31444,31450,31034,31254,13246300
2016-06-30,31441,31446,30793,30912,13138700
2016-07-01,31176,31309,30321,30344,11235600
2016-07-04,30322,30449,29935,30165,11242900
2016-07-05,30004,30046,29759,29846,19602100
2016-07-06,29870,29888,28982,29387,17277300
2016-07-07,29164,29266,29019,29084,10861800
2016-07-08,28969,30178,28785,30167,18347100
2016-07-11,29998,30450,29781,30448,17949600
2016-07-12,30385,30627,29634,29855,8998200
2016-07-13,29700,30701,29667,30573,17391100
2016-07-14,30666,30759,29625,29791,16693100
2016-07-15,29725,29904,29529,29741,16605600
2016-07-18,29714,29826,28968,29284,20424000
2016-07-19,29496,29647,28699,28842,15525900
2016-07-20,28676,28879,28624,28639,15741500
2016-07-21,28557,28963,28518,28841,13925700
2016-07-22,28872,29490,28758,29319,17339000
2016-07-25,29311,29318,28493,28559,18225200
2016-07-26,28756,28884,28176,28381,17377400
2016-07-27,28219,28251,27872,28039,14552100
2016-07-28,27999,28451,27731,28260,17212700
2016-07-29,28275,28667,28233,28597,14745500
2016-08-01,28244,28334,27808,28083,12245100
2016-08-02,28239,28340,27742,27756,18256200
2016-08-03,27768,27873,27330,27449,16363000
2016-08-04,27446,27753,27014,27746,17800000
2016-08-05,27774,28075,27318,27569,16942800
2016-08-08,27408,27447,27131,27253,14712700
2016-08-09,27314,27563,26953,26992,22669500
2016-08-10,26932,27017,26550,26710,14854400
2016-08-11,26640,27056,26451,26755,20017500
2016-08-12,26650,27792,26616,27451,17392200
2016-08-15,27276,27343,26588,26777,18912800
2016-08-16,26861,26872,26486,26507,18080000
2016-08-17,26570,26866,26397,26660,18832500
2016-08-18,26638,26717,25727,25826,13492800
2016-08-19,25885,26055,25752,25981,14139400
2016-08-22,25966,26255,25934,26137,9791400
2016-08-23,26163,26224,25962,26156,15492900
2016-08-24,26102,26169,25401,25661,16310600
2016-08-25,25565,26555,25540,26338,14446900
2016-08-26,26291,26452,26290,26420,14016100
2016-08-29,26114,26405,26082,26331,10968000
2016-08-30,26474,26872,26381,26777,15499600
2016-08-31,26772,26990,26096,26197,14111000
2016-09-01,26299,26337,25776,25913,13125900
2016-09-02,25767,25848,25036,25227,11833000
2016-09-05,25365,25727,25164,25167,14703400
2016-09-06,25283,25411,25058,25216,18055900
2016-09-07,25222,25370,25096,25109,16207000
2016-09-08,25083,25084,24986,25031,16275600
2016-09-09,25101,25465,24919,25286,18323400
2016-09-12,25284,25349,25013,25051,11491300
2016-09-13,25115,25177,24787,24953,13454100
2016-09-14,25045,25084,24437,24504,13184900
2016-09-15,24383,24746,24332,24720,10364800
2016-09-16,24768,24802,24332,24623,14121000
2016-09-19,24653,25303,24626,25218,16521600
2016-09-20,25310,25658,24979,25019,13209500
2016-09-21,25127,25314,25049,25222,15800400
2016-09-22,25294,25445,25258,25367,13945400
2016-09-23,25166,25475,24831,24921,19657900
2016-09-26,25077,25366,24986,25203,15147000
2016-09-27,25149,25617,25065,25393,15255700
2016-09-28,25237,26023,25140,25767,15553800
2016-09-29,25825,26156,25646,26116,15566900
2016-09-30,26091,26355,25874,26022,12996800
2016-10-03,26080,26667,25965,26627,14932800
2016-10-04,26576,26969,26538,26798,16870200
2016-10-05,26780,27146,26697,27115,15169800
2016-10-06,27137,27223,26210,26353,15490000
2016-10-07,26484,26788,25582,25643,12765700
2016-10-10,25655,25772,25009,25022,12695100
2016-10-11,25083,25277,24928,25008,13078700
2016-10-12,25000,25193,24898,25025,15128400
2016-10-13,25074,25372,24961,25259,15774300
2016-10-14,25376,25683,25071,25308,16051100
2016-10-17,25135,25231,24730,24732,12637600
2016-10-18,24624,24667,24364,24591,13267500
2016-10-19,24559,25181,24559,25127,17367300
2016-10-20,24893,25561,24835,25540,15609500
2016-10-21,25377,25530,24982,24996,16438900
2016-10-24,24831,25065,24656,24907,11843500
2016-10-25,24747,24838,24396,24420,16342400
2016-10-26,24333,24661,24078,24581,13347500
2016-10-27,24734,25100,24724,24964,20690400
2016-10-28,24886,25458,24867,25278,12539900
2016-10-31,25333,25416,24804,24915,11378500
2016-11-01,25035,25105,24451,24756,13972600
2016-11-02,24805,24956,24664,24726,15333500
2016-11-03,24665,25574,24664,25368,11272100
2016-11-04,25401,25586,25313,25500,12223900
2016-11-07,25590,25957,25391,25564,17285700
2016-11-08,25528,25737,25168,25634,15131000
2016-11-09,25483,25793,25419,25735,10331400
2016-11-10,25738,25738,25413,25452,15018400
2016-11-11,25596,25714,24840,25072,19832400
2016-11-14,24843,24972,24838,24904,16784500
2016-11-15,25032,25060,24464,24823,14057700
2016-11-16,24827,24847,24374,24623,12433500
2016-11-17,24677,24921,24675,24894,12132100
2016-11-18,24796,25067,24554,24926,16483900
2016-11-21,24952,25382,24854,25222,5317100
2016-11-22,25104,25179,24961,24987,14812200
2016-11-23,25032,25156,23900,24152,13689700
2016-11-24,24043,24183,23725,24000,15816300
2016-11-25,24140,24581,24060,24329,16483700
2016-11-28,24425,24459,24387,24419,16287100
2016-11-29,24610,24661,23459,23575,15199800
2016-11-30,23502,23646,23142,23413,18964900
2016-12-01,23312,23317,23074,23200,12496300
2016-12-02,23295,23412,23118,23130,12217700
2016-12-05,23017,23069,22895,22928,11980700
2016-12-06,22869,23098,22843,22928,14425500
2016-12-07,22878,23131,22727,22756,17194500
2016-12-08,22691,22746,22469,22624,16057100
2016-12-09,22566,23078,22397,22951,10269100
2016-12-12,22909,23335,22681,23059,12547900
2016-12-13,23242,23366,22959,23027,8831000
2016-12-14,23031,23217,22491,22600,16836200
2016-12-15,22695,22765,22138,22351,14387700
2016-12-16,22328,22417,22144,22186,19989400
2016-12-19,22206,22459,22060,22345,13378400
2016-12-20,22359,22508,21608,21859,15684900
2016-12-21,21906,22020,21775,21963,8199000
2016-12-22,21731,22588,21624,22424,16259800
2016-12-23,22473,22553,22469,22523,20457100
2016-12-26,22638,22793,22012,22114,18441300
2016-12-27,22137,22510,21889,22458,9667200
2016-12-28,22459,22562,22411,22497,14567900
2016-12-29,22397,22822,22312,22733,15916000
2016-12-30,22749,23222,22588,23071,11704300
2017-01-02,23132,23378,22937,23318,14269600
2017-01-03,23392,23651,23252,23303,15390900
2017-01-04,23264,23302,22888,23045,12200900
2017-01-05,23145,23896,23083,23813,14954000
2017-01-06,23988,24175,23449,23568,13787300
2017-01-09,23583,24109,23525,23900,11548600
2017-01-10,23899,23967,23265,23628,20923500
2017-01-11,23579,24130,23253,24096,10519700
2017-01-12,24292,24936,24169,24797,12824100
2017-01-13,24714,25277,24707,25143,19740800
2017-01-16,25074,25428,24420,24919,14750600
2017-01-17,24874,24879,24634,24836,20860100
2017-01-18,24955,25528,24864,25400,17381800
2017-01-19,25395,26340,25165,25980,18173400
2017-01-20,25942,26547,25744,26254,18950300
2017-01-23,26202,26436,26087,26379,12365000
2017-01-24,26475,27014,26230,27012,13662000
2017-01-25,27014,27289,26889,27257,10033600
2017-01-26,27199,27595,27053,27426,13736500
2017-01-27,27573,27906,27508,27807,10219900
2017-01-30,27794,28041,27689,27993,16066900
2017-01-31,28099,28505,28056,28501,13626900
2017-02-01,28488,29366,28349,29147,15261000
2017-02-02,29082,29450,29062,29388,14638800
2017-02-03,29247,29553,28462,28462,17154900
2017-02-06,28482,28786,28426,28503,12510300
2017-02-07,28408,28479,28166,28351,19879400
2017-02-08,28317,28432,27792,27931,13985700
2017-02-09,28038,28054,27517,27776,17511500
2017-02-10,27724,28539,27656,28331,14127000
2017-02-13,28278,28417,27633,27799,16075200
2017-02-14,27769,28127,27662,27689,13883800
2017-02-15,27564,27811,27084,27440,13157600
2017-02-16,27434,27719,26821,26895,17076600
2017-02-17,27082,27303,26359,26364,11208300
2017-02-20,26431,26806,26321,26597,15829500
2017-02-21,26369,26427,26004,26136,19689500
2017-02-22,26042,27083,25925,26855,16504600
2017-02-23,27001,27007,26502,26811,13082300
2017-02-24,26679,27069,26455,26972,10597500
2017-02-27,26801,27474,26610,27214,20328600
2017-02-28,27049,27260,26629,26646,18366800
2017-03-01,26637,27175,26555,27078,11606000
2017-03-02,26916,27351,26830,27169,12981600
2017-03-03,27138,27268,27123,27169,13259700
2017-03-06,27131,27426,27089,27412,17156600
2017-03-07,27463,27679,27375,27506,14190600
2017-03-08,27519,27651,27241,27551,16675200
2017-03-09,27427,27530,26926,27101,10380500
2017-03-10,27119,27145,26918,27086,19314000
2017-03-13,27170,27382,27044,27356,16715200
2017-03-14,27237,27314,26916,27073,12104200
2017-03-15,26906,27623,26496,27407,11041300
2017-03-16,27282,27363,27003,27301,13519400
2017-03-17,27282,27708,27227,27539,19271400
2017-03-20,27606,27986,27280,27584,16392200
2017-03-21,27540,27781,27130,27215,20337700
2017-03-22,27177,27290,27105,27161,17965200
2017-03-23,27230,27441,26889,26973,16499600
2017-03-24,27128,27417,26621,26694,14165300
2017-03-27,26557,26708,26374,26408,15718200
2017-03-28,26496,26572,25634,25653,13963700
2017-03-29,25679,25835,25543,25566,15806100
2017-03-30,25668,25778,25313,25536,15528100
2017-03-31,25432,25511,25145,25185,14874300
2017-04-03,25165,25421,24641,24651,13288700
2017-04-04,24558,24914,24391,24902,14029700
2017-04-05,24813,25056,24707,25051,14581500
2017-04-06,25056,25590,24720,25471,15346300
2017-04-07,25376,25958,25289,25880,12538400
2017-04-10,25831,25836,25333,25550,14858500
2017-04-11,25693,25836,25374,25579,17436200
2017-04-12,25500,25701,25319,25555,21452600
2017-04-13,25520,25967,25374,25899,15277900
2017-04-14,25912,25988,25505,25577,10400600
2017-04-17,25377,25400,24933,25276,16797000
2017-04-18,25230,25849,25049,25751,14715200
2017-04-19,25811,26063,25108,25385,13687500
2017-04-20,25288,25794,25278,25450,12649700
2017-04-21,25462,25825,25379,25539,9591200
2017-04-24,25612,25886,24954,25041,13281200
2017-04-25,24954,24986,24758,24822,12588700
2017-04-26,24798,24974,24463,24553,15452800
2017-04-27,24384,24510,24228,24399,17894600
2017-04-28,24391,24522,23811,24064,15269500
2017-05-01,23857,24552,23679,24407,16496400
2017-05-02,24640,24642,24262,24328,16515200
2017-05-03,24265,24788,24254,24679,9728300
2017-05-04,24949,25288,24854,25002,14156300
2017-05-05,24922,25097,24378,24429,13816400
2017-05-08,24335,24872,24279,24749,13896800
2017-05-09,24874,24907,24559,24591,15745200
2017-05-10,24548,25153,24470,24868,15907700
2017-05-11,24850,25283,24833,25242,14400700
2017-05-12,25335,25854,25272,25735,14492400
2017-05-15,25781,26167,25748,26122,15666000
2017-05-16,26002,26368,25918,26103,17527200
2017-05-17,26137,26142,25757,25914,14450100
2017-05-18,26092,26115,25981,25983,13177800
2017-05-19,25891,26175,25871,26100,14812600
2017-05-22,26112,26210,26079,26148,14620700
2017-05-23,26049,26125,26018,26098,11203100
2017-05-24,26036,26424,25997,26341,19462900
2017-05-25,26370,26586,25990,26224,12256800
2017-05-26,26486,26486,26251,26353,12001000
2017-05-29,26328,26553,26167,26440,13187200
2017-05-30,26377,27056,26364,26887,14798800
2017-05-31,26925,27100,26646,26693,14567100
2017-06-01,26720,26960,26343,26498,20676000
2017-06-02,26688,26870,26081,26208,11192600
2017-06-05,26162,26530,26144,26527,12939900
2017-06-06,26437,26832,26375,26701,16410000
2017-06-07,26747,26777,26602,26631,16033800
2017-06-08,26422,27482,26244,27311,15330500
2017-06-09,27348,27358,26849,26994,18051200
2017-06-12,27004,27615,26870,27339,13587900
2017-06-13,27356,27594,27139,27519,11755200
2017-06-14,27478,27608,27285,27394,13434200
2017-06-15,27225,27309,26874,27018,10293600
2017-06-16,26890,26968,26560,26760,18285100
2017-06-19,26715,27295,26603,27108,10491900
2017-06-20,27211,27271,26466,26593,17329800
2017-06-21,26644,26672,26321,26516,15391000
2017-06-22,26343,26440,26153,26233,11916500
2017-06-23,26410,26605,26005,26267,15287300
2017-06-26,26186,26397,25936,26016,14600800
2017-06-27,25967,26059,25616,25866,8225600
2017-06-28,25854,25969,25366,25404,18861900
2017-06-29,25517,25614,25363,25487,10920100
2017-06-30,25359,25391,25160,25209,20554100
2017-07-03,25068,25286,24990,25243,14976000
2017-07-04,25442,25601,24588,24647,14610600
2017-07-05,24625,24825,24191,24240,15341100
2017-07-06,24139,24257,24074,24133,15424400
2017-07-07,24018,24097,23855,23898,11406900
2017-07-10,23950,24302,23845,23847,13231300
2017-07-11,23984,24146,23577,23660,15770400
2017-07-12,23725,24113,23614,23919,23004200
2017-07-13,23835,24425,23765,24109,18846700
2017-07-14,23966,24516,23626,24498,16558300
2017-07-17,24726,25064,24546,24743,6491400
2017-07-18,24618,25368,24572,25168,20959600
2017-07-19,25115,25754,24949,25596,15958900
2017-07-20,25566,25798,25416,25738,14786700
2017-07-21,25563,25769,25329,25601,19262500
2017-07-24,25665,25688,25509,25603,15076800
2017-07-25,25635,25732,25573,25681,13568200
2017-07-26,25625,25914,25255,25437,17346500
2017-07-27,25444,25564,25092,25317,10981500
2017-07-28,25223,25959,25169,25709,13719200
2017-07-31,25761,26099,25761,25998,22130400
2017-08-01,26091,26163,25746,25748,21389600
2017-08-02,25764,25772,25381,25425,15414800
2017-08-03,25392,25838,25135,25259,15829700
2017-08-04,25290,25491,24621,24711,18483800
2017-08-07,24728,25250,24685,25090,12933800
2017-08-08,25072,25383,24986,25264,13187200
2017-08-09,25166,25406,24773,24879,12199500
2017-08-10,24808,24932,24757,24812,20192800
2017-08-11,24851,24883,24391,24599,16917400
2017-08-14,24790,25218,24698,25069,14217000
2017-08-15,25132,25159,24590,24657,12825600
2017-08-16,24685,24832,24319,24448,18815700
2017-08-17,24342,25059,24310,25033,14282900
2017-08-18,24917,25802,24578,25651,14157000
2017-08-21,25442,26444,25419,26255,14951300
2017-08-22,26276,26474,25998,26408,13345900
2017-08-23,26479,26677,25956,26268,16156900
2017-08-24,26301,26473,25497,25987,15940600
2017-08-25,26192,26399,26121,26298,17282300
2017-08-28,26303,26613,25942,26036,14401800
2017-08-29,26049,26300,25956,26022,14140900
2017-08-30,26051,26126,25738,25992,13507100
2017-08-31,26049,26524,25929,26388,13980400
2017-09-01,26413,26526,25884,26163,14774600
2017-09-04,26222,26793,26141,26555,15593900
2017-09-05,26578,26718,26299,26370,14303500
2017-09-06,26458,26482,26112,26215,15993600
2017-09-07,26048,26097,25805,25839,14767300
2017-09-08,25838,25977,25816,25956,20278600
2017-09-11,25832,26027,25762,25925,16300000
2017-09-12,25827,26010,25727,25989,9588400
2017-09-13,26087,26123,25733,25901,14381500
2017-09-14,25849,26002,25651,25966,16875300
2017-09-15,26150,26791,26099,26602,15154900
2017-09-18,26480,26911,26214,26804,14537500
2017-09-19,26844,27269,26632,27214,11279600
2017-09-20,27394,27654,26998,27224,19225600
2017-09-21,27108,27280,27092,27242,14110900
2017-09-22,27238,27936,27144,27722,16144300
2017-09-25,27629,28988,27611,28818,19890500
2017-09-26,28777,28941,28564,28612,15460400
2017-09-27,28688,29032,28475,28833,19279600
2017-09-28,28974,29049,28505,28669,9618300
2017-09-29,28634,28999,28434,28907,16529900
2017-10-02,28852,29163,28608,29015,16515200
2017-10-03,29142,29179,28714,28818,16126700
2017-10-04,28562,28835,28094,28233,13512200
2017-10-05,28426,28575,27572,27632,18948900
2017-10-06,27608,28292,27415,28178,16249200
2017-10-09,28181,28407,28092,28232,15863300
2017-10-10,28288,28437,27882,28269,17136700
2017-10-11,28224,28572,27964,28532,12930400
2017-10-12,28472,28796,28423,28536,21247000
2017-10-13,28617,29677,28302,29423,13124900
2017-10-16,29318,29638,29267,29509,12035000
2017-10-17,29668,30075,29609,29961,14060500
2017-10-18,30274,30316,29768,30073,13322000
2017-10-19,30054,30062,29354,29495,18992800
2017-10-20,29313,30001,29239,29755,15012200
2017-10-23,29949,30150,29866,29901,13559800
2017-10-24,29814,30087,29681,29740,13720000
2017-10-25,29532,30442,29348,30347,17062800
2017-10-26,30423,30745,30243,30656,19346600
2017-10-27,30680,31150,30330,31035,17390100
2017-10-30,30970,31144,30285,30538,18644300
2017-10-31,30628,30635,30199,30367,10888600
2017-11-01,30572,30795,29548,29690,19203700
2017-11-02,29732,30153,29723,29970,19744500
2017-11-03,29839,30456,29790,30452,19742000
2017-11-06,30307,30339,30009,30229,12190500
2017-11-07,30086,31313,30072,31256,14997900
2017-11-08,31502,31700,30757,30810,15737900
2017-11-09,30910,30944,30857,30944,15197100
2017-11-10,31012,31316,29833,30066,14099900
2017-11-13,30007,30049,29108,29261,16926600
2017-11-14,29382,29797,29365,29439,14339600
2017-11-15,29525,29563,29442,29521,16471800
2017-11-16,29680,30465,29387,30400,10542200
2017-11-17,30493,30944,30348,30531,14001300
2017-11-20,30588,31238,30402,31133,13159000
2017-11-21,31062,31288,30736,30828,13430800
2017-11-22,30883,31185,30870,31127,14655300
2017-11-23,30939,31974,30917,31775,16568900
2017-11-24,31803,32119,31787,31841,15618200
2017-11-27,31952,32667,31859,32501,19896900
2017-11-28,32395,33146,32236,33031,14968200
2017-11-29,32822,33358,32533,33185,14490500
2017-11-30,33409,33689,32380,32733,11628600
2017-12-01,32662,32808,32439,32480,16923700
2017-12-04,32583,33081,31735,31759,14453500
2017-12-05,31920,32686,31724,32230,8095000
2017-12-06,32156,33384,32090,32952,10431000
2017-12-07,32995,33378,32982,33119,13228000
2017-12-08,32990,33474,32706,33340,14273700
2017-12-11,33439,33617,32367,32454,22303300
2017-12-12,32506,33064,32396,32989,14486000
2017-12-13,32996,33014,32250,32391,16243100
2017-12-14,32418,32556,31928,32164,17571800
2017-12-15,32318,33294,32294,33107,21502200
2017-12-18,33343,33513,33193,33357,19045100
2017-12-19,33461,33493,32942,33034,20637100
2017-12-20,33025,33051,32568,32669,16519100
2017-12-21,32935,33006,32744,32825,13159300
2017-12-22,32832,33410,32597,33380,17013400
2017-12-25,33259,33627,33009,33511,12930600
2017-12-26,33471,33614,33262,33591,15358800
2017-12-27,33554,34092,33266,33850,17979200
2017-12-28,33695,34319,33593,34213,14297900
2017-12-29,33937,33995,33375,33504,15978800
2018-01-01,33524,33750,32599,32682,21363600
2018-01-02,32693,33357,32440,33309,12630900
2018-01-03,33205,33226,32636,32992,15720300
2018-01-04,32849,33011,31840,32036,16832800
2018-01-05,31953,32295,31775,31835,15166700
2018-01-08,31701,31798,31608,31777,16397000
2018-01-09,31652,31739,31573,31647,16174300
2018-01-10,31590,32672,31550,32202,13794700
2018-01-11,32068,32124,31347,31723,15853800
2018-01-12,31819,31821,31539,31717,18400300
2018-01-15,31531,31621,30712,31100,13194500
2018-01-16,30931,32233,30697,32039,20852100
2018-01-17,31774,32311,31494,31529,11483000
2018-01-18,31528,31690,30809,30824,9281500
2018-01-19,30999,31244,30891,31150,16920800
2018-01-22,31407,31452,31202,31261,18403800
2018-01-23,31190,31334,30585,30728,14455300
2018-01-24,30799,31030,30788,30995,18713300
2018-01-25,31008,31488,30964,31347,16590700
2018-01-26,31358,31517,30994,31171,12180500
2018-01-29,31042,31560,30989,31429,13292300
2018-01-30,31268,32052,31237,31858,14202600
2018-01-31,31942,32448,31720,32178,16517300
2018-02-01,32024,32140,31969,31976,12043900
2018-02-02,32052,32059,31792,31960,13858900
2018-02-05,31795,31875,31652,31768,13875400
2018-02-06,31599,31812,31519,31596,13470400
2018-02-07,31454,31832,31369,31582,19231200
2018-02-08,31654,31884,31101,31392,15280600
2018-02-09,31322,31376,31255,31332,9988900
2018-02-12,31354,31705,31086,31283,9467500
2018-02-13,31289,31366,31116,31198,15103200
2018-02-14,31089,31769,31055,31447,12867600
2018-02-15,31579,31589,30880,30947,16013000
2018-02-16,30740,30816,30571,30588,14456700
2018-02-19,30658,30949,30318,30348,19151300
2018-02-20,30466,30514,29918,30006,13444500
2018-02-21,30051,30236,29975,30227,14997000
2018-02-22,30237,30364,30018,30345,15860400
2018-02-23,30392,30619,30223,30336,9012300
2018-02-26,30329,30467,30135,30238,12373900
2018-02-27,30230,30735,29952,30482,9377800
2018-02-28,30310,31024,30196,30856,16422800
2018-03-01,30806,31343,30805,31259,14245000
2018-03-02,31149,31360,31101,31176,16016100
2018-03-05,31183,31494,31177,31217,10656400
2018-03-06,31346,31439,30492,30507,12947300
2018-03-07,30514,30542,30298,30422,18250700
2018-03-08,30433,31515,30242,31362,13733000
2018-03-09,31491,31678,30987,31062,15096300
2018-03-12,31241,31580,31179,31487,13246900
2018-03-13,31495,31862,31399,31776,17409400
2018-03-14,31523,31534,31288,31363,13050300
2018-03-15,31462,31561,30278,30591,12302300
2018-03-16,30627,30693,30098,30265,18765100
2018-03-19,30186,30866,30156,30830,15262700
2018-03-20,30921,31393,30666,31297,11151900
2018-03-21,31284,31657,31183,31591,19215300
2018-03-22,31609,31681,31049,31422,19388500
2018-03-23,31361,31921,31252,31735,13916700
2018-03-26,31533,31696,31166,31248,10169700
2018-03-27,31190,31913,30772,31646,14945100
2018-03-28,31426,31857,31344,31851,20918200
2018-03-29,31862,32182,31739,32180,14605000
2018-03-30,32100,34095,32046,33594,9083000
2018-04-02,33530,35020,33267,34944,12427300
2018-04-03,34781,34993,34463,34538,17881600
2018-04-04,34568,34901,34429,34660,13078400
2018-04-05,34664,34716,34497,34657,10602300
2018-04-06,34514,35064,34309,34826,13744100
2018-04-09,34891,36033,34680,36006,10133500
2018-04-10,36051,36157,35109,35446,14860000
2018-04-11,35443,35470,35264,35411,17276200
2018-04-12,35633,36239,35461,36093,13446700
2018-04-13,35990,36096,35507,35806,18487600
2018-04-16,35488,36745,35085,36641,14689400
2018-04-17,36668,37054,36490,36703,14355000
2018-04-18,36876,37117,36561,36667,15866400
2018-04-19,36624,37229,36278,36996,17985400
2018-04-20,37119,37215,36860,36881,13437600
2018-04-23,36717,37970,36293,37409,14214800
2018-04-24,37671,38393,37606,38343,15411300
2018-04-25,38279,38281,36927,37053,12512400
2018-04-26,37106,37793,37091,37609,16306400
2018-04-27,37873,38075,36505,36608,16584500
2018-04-30,36808,36879,35591,35684,14845800
2018-05-01,35788,36592,35391,36109,13239300
2018-05-02,36208,36505,36095,36307,14101300
2018-05-03,36183,36760,35952,36509,15285900
2018-05-04,36529,36987,35962,36067,11186400
2018-05-07,36070,36208,35560,35788,15339200
2018-05-08,35923,36031,35633,35645,18071800
2018-05-09,35719,35932,34707,34842,15165000
2018-05-10,34836,35159,34739,35094,13816300
2018-05-11,34999,35017,34610,34979,15201800
2018-05-14,35021,35370,34822,35263,15672700
2018-05-15,34945,34961,33970,34080,16471200
2018-05-16,33995,34182,32626,32881,11524700
2018-05-17,32851,33054,32601,32617,14052900
2018-05-18,32606,32723,32478,32518,12939200
2018-05-21,32465,32871,32152,32763,12469100
2018-05-22,32644,33027,32219,32536,13623600
2018-05-23,32758,32842,31974,32177,18632400
2018-05-24,32113,32150,31584,31753,17828200
2018-05-25,31769,32373,31473,32177,14790400
2018-05-28,32360,32802,32031,32241,11002100
2018-05-29,32280,33618,32223,33039,16703800
2018-05-30,32922,33173,32767,33011,9400300
2018-05-31,32864,33477,32810,33203,12444400
2018-06-01,33140,33229,33047,33161,13115500
2018-06-04,33092,33430,32961,33027,14658000
2018-06-05,33159,33609,33036,33196,16496800
2018-06-06,33111,33202,32572,32658,14353100
2018-06-07,32603,32681,32417,32441,13535300
2018-06-08,32636,32687,32565,32632,16040400
2018-06-11,32462,32599,32266,32298,12813200
2018-06-12,32218,32398,31223,31352,14059700
2018-06-13,31324,31595,31070,31119,15767800
2018-06-14,30922,31192,30440,30635,13509800
2018-06-15,30690,30920,30557,30824,16594000
2018-06-18,30906,31037,30077,30291,14956000
2018-06-19,30228,30326,29915,29916,15726300
2018-06-20,29784,30340,29559,29961,14733000
2018-06-21,29994,30036,29523,29786,15940900
2018-06-22,29725,30130,29490,30032,6639400
2018-06-25,30064,30401,29880,30098,14417100
2018-06-26,30148,30468,29997,30020,15961700
2018-06-27,29959,30387,29889,30293,16591100
2018-06-28,30224,30479,30074,30432,20783200
2018-06-29,30318,30481,30091,30200,16210700
2018-07-02,30355,30976,30351,30620,15016300
2018-07-03,30573,30777,30433,30617,18281800
2018-07-04,30321,30951,30196,30817,11905400
2018-07-05,30735,31073,30428,30798,17411800
2018-07-06,30729,31062,30473,30982,19142700
2018-07-09,31044,31078,30642,30733,19534700
2018-07-10,30576,31023,30487,30930,11022500
2018-07-11,30919,31027,30896,31021,12223300
2018-07-12,31027,31153,30773,30969,14567900
2018-07-13,30592,31161,30562,31003,10078600
2018-07-16,31023,31044,30840,30885,15943700
2018-07-17,30918,31604,30498,31132,15758300
2018-07-18,31262,31894,31146,31831,14437400
2018-07-19,31841,31924,30989,31498,11263200
2018-07-20,31333,31559,31132,31414,13454400
2018-07-23,31201,31435,30692,30800,15661700
2018-07-24,30597,30825,30588,30678,12511200
2018-07-25,30646,30917,30501,30692,13975400
2018-07-26,30599,30902,30338,30879,18514500
2018-07-27,30684,30731,30008,30360,9163400
2018-07-30,30333,30365,29904,30082,16906000
2018-07-31,30285,30308,29884,30109,13209700
2018-08-01,30180,31486,29869,31379,16009800
2018-08-02,31668,31965,31153,31464,16330500
2018-08-03,31700,32007,31397,31534,20199500
2018-08-06,31531,31707,30951,31237,16334600
2018-08-07,31138,31314,30823,31086,10697600
2018-08-08,31089,31313,29943,30063,17303000
2018-08-09,29955,30086,29421,29782,18120800
2018-08-10,29711,29852,29462,29479,17249400
2018-08-13,29617,30041,29079,29348,12883700
2018-08-14,29491,29537,29179,29187,16040500
2018-08-15,29240,30432,29151,30068,16862100
2018-08-16,30016,30546,29934,30494,15812700
2018-08-17,30662,30770,30438,30463,18159600
2018-08-20,30599,30746,29399,29675,17713200
2018-08-21,29554,30460,29359,30421,16802600
2018-08-22,30594,30783,30174,30193,15386900
2018-08-23,30140,30267,29660,29840,16581600
2018-08-24,29892,30226,29791,29796,18788100
2018-08-27,29872,30106,29599,29747,15496400
2018-08-28,29601,30562,29514,30352,15858200
2018-08-29,30436,30539,30284,30403,15234700
2018-08-30,30424,30731,30416,30617,12296100
2018-08-31,30493,31038,30316,30892,11844400
2018-09-03,30845,31883,30635,31565,13828600
2018-09-04,31621,31888,31580,31879,7854000
2018-09-05,31948,32055,31265,31827,16970100
2018-09-06,31856,32146,31493,31658,14684900
2018-09-07,31568,31699,30953,31056,18838800
2018-09-10,31206,31365,30579,30645,16464600
2018-09-11,30445,30455,29247,29388,18485400
2018-09-12,29462,30015,29328,29844,16921900
2018-09-13,29710,29869,29421,29547,10492500
2018-09-14,29166,29472,29034,29334,12198000
2018-09-17,29344,29841,29049,29649,16504500
2018-09-18,29630,29729,29477,29523,12880000
2018-09-19,29569,29690,29558,29648,11448400
2018-09-20,29532,29703,29144,29395,11705500
2018-09-21,29406,29512,29211,29289,12099400
2018-09-24,29230,29437,29004,29318,20626400
2018-09-25,29432,30022,29322,30006,16160600
2018-09-26,30086,30113,29112,29353,15942500
2018-09-27,29510,29592,28958,29018,13167300
2018-09-28,28821,29316,28596,29181,11342800
2018-10-01,29061,29833,28845,29446,17972600
2018-10-02,29427,29505,28966,29329,14946200
2018-10-03,29347,29404,29303,29334,13841100
2018-10-04,29520,29731,29124,29314,12181200
2018-10-05,29306,29758,29205,29622,15166600
2018-10-08,29486,29509,28924,29037,14889000
2018-10-09,29151,29204,28906,29004,11669000
2018-10-10,28973,29742,28797,29576,16879100
2018-10-11,29351,30179,29146,30020,19710900
2018-10-12,30170,30296,29702,29772,20665400
2018-10-15,29562,30335,29416,29972,13269600
2018-10-16,29954,29998,29434,29542,10611400
2018-10-17,29503,29909,29391,29772,16692200
2018-10-18,29769,30300,29534,29963,11957600
2018-10-19,29921,30138,29694,29992,17811800
2018-10-22,29966,30302,29953,30159,17386200
2018-10-23,30138,30239,30074,30087,15085700
2018-10-24,30209,30657,29864,30579,18868300
2018-10-25,30597,31146,30420,30982,14995000
2018-10-26,30700,31368,30165,31294,16292400
2018-10-29,31124,31951,30984,31811,14309900
2018-10-30,31694,32419,31523,32351,17557700
2018-10-31,32418,32857,32076,32433,13601100
2018-11-01,32415,32945,32266,32738,25277000
2018-11-02,32733,32780,32644,32733,16383200
2018-11-05,32633,32649,31768,31981,13699400
2018-11-06,31983,32978,31885,32543,14519700
2018-11-07,32614,32640,32485,32496,12767100
2018-11-08,32265,32506,32205,32477,13940800
2018-11-09,32501,33534,32171,33426,15709400
2018-11-12,33503,33529,33308,33371,19167500
2018-11-13,33323,33710,33196,33236,12099200
2018-11-14,33300,33455,32098,32428,17557300
2018-11-15,32249,32764,32246,32597,20104000
2018-11-16,32540,32688,32454,32676,14097200
2018-11-19,32542,32634,32202,32406,14714600
2018-11-20,32386,33147,32215,32923,11294100
2018-11-21,32953,33106,32236,32739,11247700
2018-11-22,32525,32529,32055,32169,12522000
2018-11-23,32006,32140,31768,31895,13273300
2018-11-26,31990,32240,31604,31801,20856300
2018-11-27,31876,32038,31616,31724,12112000
2018-11-28,31707,31763,31693,31742,16702500
2018-11-29,31653,31706,31054,31258,9876200
2018-11-30,31112,31258,30731,30863,16619500
2018-12-03,31183,31318,29829,30080,12505700
2018-12-04,30134,30285,30012,30031,17206700
2018-12-05,30078,30771,29897,30681,12226100
2018-12-06,30850,31188,30705,31129,16406200
2018-12-07,31174,31437,30437,30516,16426500
2018-12-10,30453,30680,29994,30279,11074600
2018-12-11,30238,30965,30053,30820,11365000
2018-12-12,30803,31036,30618,30651,16871300
2018-12-13,30615,31015,30319,30472,13960000
2018-12-14,30325,30556,29844,29904,19092400
2018-12-17,29876,30713,29786,30676,15474400
2018-12-18,30684,31425,30678,31142,13138300
2018-12-19,31243,31406,30665,30695,12649300
2018-12-20,30666,31186,30515,31120,14273900
2018-12-21,31047,31153,30571,30723,18558300
2018-12-24,30566,30909,30314,30783,17068100
2018-12-25,30854,31386,30663,31327,15542100
2018-12-26,31420,31536,30901,30948,14458400
2018-12-27,30875,30996,30436,30573,12334700
2018-12-28,30504,30669,30078,30143,12376600
2018-12-31,30420,30541,30094,30129,17244800
2019-01-01,30136,30616,29918,30495,18927300
2019-01-02,30517,30931,30126,30867,16011800
2019-01-03,30926,31748,30791,31596,15366900
2019-01-04,31595,32449,31563,32433,18451400
2019-01-07,32076,32863,31794,32739,12712300
2019-01-08,32690,32774,31898,32055,13016000
2019-01-09,32159,32300,31317,31615,14401400
2019-01-10,31874,32313,31584,31856,12989500
2019-01-11,31900,32228,31366,31959,16970300
2019-01-14,31877,32003,31779,31889,12162100
2019-01-15,32263,32386,31555,31640,15964100
2019-01-16,31724,31995,31594,31830,9940500
2019-01-17,31917,31928,30987,31184,12262100
2019-01-18,30973,31247,30791,31087,13157100
2019-01-21,31092,31392,30912,31261,14761400
2019-01-22,31146,31854,31047,31841,16567500
2019-01-23,31862,32590,31581,32430,17068100
2019-01-24,32493,32669,32075,32122,12169900
2019-01-25,32191,32374,31515,31567,10925500
2019-01-28,31387,31745,31337,31569,17235000
2019-01-29,31545,31964,31367,31730,14186800
2019-01-30,31807,31888,30919,31071,11098900
2019-01-31,31233,31670,30363,30408,12597500
2019-02-01,30419,30549,29994,30113,10411900
2019-02-04,30025,30145,29947,30055,15773800
2019-02-05,30184,30322,30127,30178,15032600
2019-02-06,29984,30214,29532,30109,12103600
2019-02-07,29988,30172,29752,30088,15601400
2019-02-08,29998,30676,29745,30485,13646000
2019-02-11,30468,30481,30116,30353,15481200
2019-02-12,30282,30291,30134,30205,10740800
2019-02-13,30115,30117,29407,29561,16517700
2019-02-14,29488,29752,29402,29697,18317300
2019-02-15,29509,30278,29480,30126,17293400
2019-02-18,29990,30516,29851,30403,10020700
2019-02-19,30238,30774,29999,30051,14723700
2019-02-20,30020,30618,29970,30530,16702800
2019-02-21,30547,30613,29979,30414,14666100
2019-02-22,30461,31364,30446,31186,11633000
2019-02-25,30974,31458,30779,31308,11872500
2019-02-26,31036,31952,30617,31847,15286900
2019-02-27,31771,32177,31479,31957,13727400
2019-02-28,32024,32098,32012,32028,15572700
2019-03-01,32068,32201,31517,31690,9830000
2019-03-04,31670,31812,31236,31377,18688700
2019-03-05,31255,31900,31057,31881,12016800
2019-03-06,31989,32164,31279,31465,22159700
2019-03-07,31371,32438,31036,32190,15902200
2019-03-08,32467,32530,31384,31411,15236700
2019-03-11,31448,31545,31355,31399,11684000
2019-03-12,31631,31652,31076,31177,11481300
2019-03-13,31112,32321,30521,31950,14222700
2019-03-14,31945,31970,31639,31740,14376600
2019-03-15,31791,31973,31151,31547,12888400
2019-03-18,31472,31662,31023,31193,15016400
2019-03-19,31188,31646,31106,31499,12115500
2019-03-20,31721,31770,31354,31418,16791500
2019-03-21,31487,31812,31383,31405,16169000
2019-03-22,31407,31695,30627,30740,18865800
2019-03-25,30675,30679,30492,30606,12158400
2019-03-26,30631,30744,30191,30483,10806900
2019-03-27,30348,30527,29907,30208,14842100
2019-03-28,30065,31015,29718,30960,18695800
2019-03-29,30866,32129,30688,32036,20822900
2019-04-01,32034,32275,31837,32003,11716800
2019-04-02,31862,32173,31559,31787,18045100
2019-04-03,31618,32117,31540,32106,11734000
2019-04-04,32181,32627,31821,32470,15639300
2019-04-05,32226,32298,32061,32062,10801500
2019-04-08,31967,32433,31724,32336,16453800
2019-04-09,32326,32530,31892,32100,14146100
2019-04-10,31894,32265,31629,31922,8470600
2019-04-11,32090,32107,31667,31859,13582300
2019-04-12,31832,32458,31654,32272,16218000
2019-04-15,32545,32547,31971,32348,18117300
2019-04-16,32494,32653,32136,32530,11409500
2019-04-17,32464,32678,32150,32618,15594500
2019-04-18,32429,32516,31532,31821,9055000
2019-04-19,31681,32741,31502,32440,18768800
2019-04-22,32345,32471,32258,32418,10154100
2019-04-23,32388,32527,32091,32192,14199000
2019-04-24,32253,32295,31694,31772,19454900
2019-04-25,31916,31964,31039,31178,13991400
2019-04-26,30901,31339,30810,31296,11863200
2019-04-29,31499,31925,31450,31787,14204000
2019-04-30,31914,31971,31620,31774,15277200
2019-05-01,31682,31709,31590,31638,11953000
2019-05-02,31687,32138,31609,31818,13513400
2019-05-03,31838,31851,30325,30438,14813900
2019-05-06,30289,30643,30167,30520,10812700
2019-05-07,30402,30651,30102,30363,12491100
2019-05-08,30456,30902,30324,30675,20751200
2019-05-09,30622,31200,30290,31185,17144300
2019-05-10,31186,31316,31049,31086,11431100
2019-05-13,30856,31014,30401,30592,12144800
2019-05-14,30425,31243,30371,30921,15198600
2019-05-15,30815,30995,30196,30960,20044800
2019-05-16,30909,31403,30861,31252,11917300
2019-05-17,31233,31738,31187,31625,15674600
2019-05-20,31585,32005,31428,31645,17812200
2019-05-21,31820,31900,31287,31363,11228600
2019-05-22,31158,31614,30976,31523,7786300
2019-05-23,31529,31685,31355,31592,12844600
2019-05-24,31713,32390,31365,32242,15779300
2019-05-27,32220,32355,32103,32338,15820400
2019-05-28,32368,33249,32317,32923,12933100
2019-05-29,32930,33563,32846,33377,16418800
2019-05-30,33438,33550,33293,33497,12057400
2019-05-31,33496,33537,32292,32456,16396400
2019-06-03,32405,32407,31822,31978,17360200
2019-06-04,32147,32576,31774,32334,15625800
2019-06-05,32624,33347,32498,32772,15742400
2019-06-06,32944,33222,32334,32462,13269000
2019-06-07,32641,32831,31670,31751,14523500
2019-06-10,31582,33102,31579,32856,17230200
2019-06-11,32902,32921,32761,32805,17553500
2019-06-12,32844,33081,31852,31955,15163600
2019-06-13,32029,32458,31642,32210,15841600
2019-06-14,32334,33118,32225,32936,19256100
2019-06-17,32817,32994,31756,31969,13558500
2019-06-18,31824,32132,31748,32028,11681900
2019-06-19,31805,32005,31622,31833,17048400
2019-06-20,31933,31936,31545,31850,13195100
2019-06-21,31416,32292,31335,32169,9384600
2019-06-24,32108,32394,31653,31751,12571700
2019-06-25,31676,31717,31068,31278,17044700
2019-06-26,31177,31582,30722,30763,20271300
2019-06-27,30854,31280,30515,31224,16229500
2019-06-28,31180,31869,31089,31750,10443000
2019-07-01,31611,31785,30807,31279,17772200
2019-07-02,31280,31833,31079,31824,12986700
2019-07-03,31964,31972,31544,31561,11545300
2019-07-04,31547,31672,31521,31611,15031600
2019-07-05,31485,31565,31155,31432,19430200
2019-07-08,31458,31698,31227,31339,11520400
2019-07-09,31349,32118,31290,32011,17760300
2019-07-10,32074,32253,31520,32125,10196300
2019-07-11,32507,32575,31667,31782,9998800
2019-07-12,31743,32676,31579,32561,11798300
2019-07-15,32579,33639,32306,33490,11763700
2019-07-16,33620,33883,33540,33570,18643100
2019-07-17,33439,34491,33262,34390,16527300
2019-07-18,34202,35452,33920,35323,16285500
2019-07-19,35172,35371,34995,35031,10397200
2019-07-22,35109,35274,34241,34242,15138500
2019-07-23,34378,34529,33386,33652,13300300
2019-07-24,33630,34079,32541,33002,15758200
2019-07-25,32931,33206,32717,32801,15478100
2019-07-26,32810,33750,32499,33710,12175600
2019-07-29,33756,34037,33341,33527,12890100
2019-07-30,33397,33488,33221,33289,6287800
2019-07-31,33385,34344,33266,34050,18435800
2019-08-01,33963,34015,33852,33962,16246000
2019-08-02,34200,34337,33920,34220,11983700
2019-08-05,34163,35385,33851,35283,11780900
2019-08-06,35237,35298,34486,34580,15765700
2019-08-07,34687,34862,33685,34042,10958700
2019-08-08,34031,34053,33650,33929,16725800
2019-08-09,33860,34209,33691,34047,16910900
2019-08-12,34082,34398,33670,34119,15917600
2019-08-13,34187,34464,34099,34392,14885200
2019-08-14,34572,34809,33406,33842,16213000
2019-08-15,33826,33867,33529,33670,17699000
2019-08-16,33527,33630,33088,33108,16989700
2019-08-19,33186,33392,32975,33070,17943000
2019-08-20,33193,33495,32784,33335,12967200
2019-08-21,33210,33709,33179,33634,12120800
2019-08-22,33733,33908,33717,33766,12820900
2019-08-23,33623,34475,33542,34314,10597800
2019-08-26,34627,34800,33385,33653,17299700
2019-08-27,33844,33896,33448,33643,11639600
2019-08-28,33636,33998,33556,33843,16541000
2019-08-29,34078,34244,33036,33135,16759100
2019-08-30,33136,34742,33000,34496,16068700
2019-09-02,34191,34456,34155,34207,14689800
2019-09-03,34114,34762,34002,34710,15702000
2019-09-04,34540,34711,34486,34582,18742000
2019-09-05,34507,34645,34493,34613,14970900
2019-09-06,34374,34712,34057,34615,12886200
2019-09-09,34725,35777,34567,35478,14946000
2019-09-10,35429,35901,35152,35481,14087200
2019-09-11,35638,35959,35131,35865,13541800
2019-09-12,35975,36351,35904,36267,14824900
2019-09-13,36152,36968,36139,36549,15250200
2019-09-16,36493,37160,36246,36966,16383800
2019-09-17,37201,37390,36503,36566,13343600
2019-09-18,36364,36486,35466,35679,19722700
2019-09-19,35731,35924,35423,35524,19244900
2019-09-20,35764,36252,35055,35127,17680000
2019-09-23,35085,35154,34037,34084,13939700
2019-09-24,34076,34721,34065,34719,18684400
2019-09-25,34972,35053,33591,33851,14748700
2019-09-26,33960,34827,33870,34714,11837000
2019-09-27,34817,34884,34007,34038,12460900
2019-09-30,34194,34362,33669,33669,12973500
2019-10-01,33615,34173,33538,34049,15657200
2019-10-02,33876,34567,33734,34367,15066600
2019-10-03,34164,34976,34052,34967,15617900
2019-10-04,34925,35174,34678,35047,14459300
2019-10-07,35285,35296,34586,34940,15086800
2019-10-08,34707,34874,33595,33697,13190700
2019-10-09,33600,34278,33532,33910,16425800
2019-10-10,33691,33832,33609,33831,13732800
2019-10-11,33839,33858,33689,33813,18073800
2019-10-14,33606,34277,33576,34082,11356700
2019-10-15,33895,34870,33849,34813,8062200
2019-10-16,34673,34697,34420,34425,10004200
2019-10-17,34592,34914,34238,34340,16470700
2019-10-18,34208,34501,33994,34202,17979700
2019-10-21,34237,34366,33319,33354,10370900
2019-10-22,33013,34372,32788,33856,17606100
2019-10-23,33876,34011,33317,33709,11356800
2019-10-24,33662,34021,32769,32858,16321200
2019-10-25,32768,33260,32748,32994,13836600
2019-10-28,32974,33027,32835,32995,18708300
2019-10-29,32915,33137,32876,33101,16611200
2019-10-30,33102,33141,32392,32466,14392400
2019-10-31,32353,32531,31755,31899,11269400
2019-11-01,31814,31945,31628,31919,15348100
2019-11-04,31865,32659,31788,32286,17961300
2019-11-05,32248,32302,31522,31838,10389400
2019-11-06,31881,32121,31766,31869,21380800
2019-11-07,31901,32005,31602,31737,11587200
2019-11-08,31832,31884,31543,31869,16896000
2019-11-11,31895,32266,31684,32254,21238100
2019-11-12,32030,32710,31873,32573,10988600
2019-11-13,32560,33193,32083,33167,13529800
2019-11-14,33079,34103,32966,34072,11890700
2019-11-15,34183,34342,33800,33806,14766300
2019-11-18,33950,34660,33944,34419,14994400
2019-11-19,34526,34640,34127,34268,15124600
2019-11-20,34337,34544,33882,34207,15280400
2019-11-21,34260,34418,33478,33962,13968900
2019-11-22,33879,34466,33650,34241,13836200
2019-11-25,34228,34249,33493,33505,18131600
2019-11-26,33527,33932,32685,32921,13338000
2019-11-27,32805,33109,32570,32578,15601700
2019-11-28,32531,32717,31987,32060,15973800
2019-11-29,31970,32112,31076,31250,19657400
2019-12-02,31402,31524,31248,31305,14788100
2019-12-03,31455,31556,31106,31163,12870900
2019-12-04,30998,31327,30651,30760,11674600
2019-12-05,30671,31012,30473,30986,16119600
2019-12-06,30901,31850,30628,31680,15299200
2019-12-09,31738,31935,31114,31200,12479400
2019-12-10,31238,31747,31234,31684,14227900
2019-12-11,31702,32061,31135,31316,18498400
2019-12-12,31316,32014,31309,31825,16858100
2019-12-13,31750,32251,31450,32242,16214200
2019-12-16,32003,32246,31498,31783,14430600
2019-12-17,31868,32784,31647,32706,18147800
2019-12-18,32519,32730,32024,32296,16837100
2019-12-19,32235,32444,31601,31604,12888400
2019-12-20,31748,31882,31142,31308,14255200
2019-12-23,31520,31566,31240,31452,18950600
2019-12-24,31429,31724,30883,31172,14858000
2019-12-25,31345,31355,30589,30716,13426300
2019-12-26,30880,31333,30746,31163,11936400
2019-12-27,31133,31514,31099,31437,14792800
2019-12-30,31355,31706,31106,31253,13398700
2019-12-31,31557,32216,31416,32159,17800700
2020-01-01,32130,32214,31388,31446,21710300
2020-01-02,31525,31675,31026,31171,13885000
2020-01-03,31221,31443,30525,30715,16440600
2020-01-06,30831,31238,30508,30563,15167500
2020-01-07,30613,30646,30450,30597,12187400
2020-01-08,30450,31223,30127,30937,18408700
2020-01-09,30917,31183,30611,30716,17149900
2020-01-10,30686,31147,30450,30938,14845300
2020-01-13,31140,31150,30453,30775,11803600
2020-01-14,30862,31605,30734,31565,12537300
2020-01-15,31402,31493,30735,30977,15049300
2020-01-16,30901,31069,30846,30864,14420900
2020-01-17,30757,31476,30595,31164,11798000
2020-01-20,31273,31822,31149,31664,11575600
2020-01-21,31547,31972,31303,31884,14731300
2020-01-22,32004,32100,31919,32044,20261600
2020-01-23,32087,33314,31950,32873,13056700
2020-01-24,32854,33198,32790,32922,18908200
2020-01-27,33008,33039,32871,33021,10412600
2020-01-28,33070,33365,32430,32724,14726700
2020-01-29,32650,33610,32540,33222,12649500
2020-01-30,33254,33430,32772,33286,20863100
2020-01-31,33362,33453,32313,32530,20456600
2020-02-03,32633,32734,31804,31819,19108600
2020-02-04,31768,32033,30804,30834,14324000
2020-02-05,30754,31041,30685,30969,9148700
2020-02-06,30870,31197,30758,31136,14213300
2020-02-07,30926,31687,30820,31670,10907500
2020-02-10,31770,31814,31177,31404,13011300
2020-02-11,31489,31743,30132,30279,15451400
2020-02-12,30208,30474,30009,30379,15307800
2020-02-13,30341,30520,29807,30297,14956700
2020-02-14,30236,30321,30120,30177,19741300
2020-02-17,30173,30480,29982,30441,13070900
2020-02-18,30442,30566,29875,29934,14556100
2020-02-19,29776,29939,29568,29918,17854500
2020-02-20,29998,30125,29633,29848,16174700
2020-02-21,29814,30035,29685,30035,11829100
2020-02-24,30226,30843,30068,30708,8993600
2020-02-25,30543,30707,30096,30252,18098500
2020-02-26,30275,30519,30221,30446,15278800
2020-02-27,30614,30727,30484,30500,16401500
2020-02-28,30394,30898,30359,30601,14214300
2020-03-02,30503,31340,30385,31267,14742400
2020-03-03,31181,32166,30978,31994,18416500
2020-03-04,32007,32126,31586,31740,18957000
2020-03-05,31872,32092,31807,32017,19005900
2020-03-06,31976,32321,31802,32040,20347800
2020-03-09,31972,32145,31570,31679,11509900
2020-03-10,31634,32057,31280,32024,18955100
2020-03-11,32145,32369,31999,32225,11879600
2020-03-12,32364,32930,32103,32758,12809500
2020-03-13,32683,32982,32436,32906,17132300
2020-03-16,32742,32994,32680,32748,13454800
2020-03-17,32824,32889,32345,32586,15334000
2020-03-18,32553,32609,32318,32589,15534700
2020-03-19,32660,33018,32420,32976,17344100
2020-03-20,33022,33226,32681,32820,18207600
2020-03-23,32748,33025,32456,32950,15857200
2020-03-24,32947,33400,32826,33250,19304100
2020-03-25,33207,34492,33122,34340,21021900
2020-03-26,34387,34856,34284,34590,14002900
2020-03-27,34461,35251,34145,35139,14928300
2020-03-30,34946,35219,34563,35086,18844100
2020-03-31,34954,35169,34809,34898,13058100
2020-04-01,35049,35439,34991,35354,16415900
2020-04-02,35363,35430,34830,34976,14233700
2020-04-03,34977,35031,34488,34642,17685700
2020-04-06,34664,35304,34559,35174,16353900
2020-04-07,35174,35375,34960,35067,20573700
2020-04-08,35016,35394,34750,35197,9382400
2020-04-09,35223,35543,34640,34732,17981900
2020-04-10,34801,34943,34402,34604,14674800
2020-04-13,34582,34660,34052,34346,13964100
2020-04-14,34251,34289,33956,34010,16720800
2020-04-15,33964,34315,33826,34290,13626100
2020-04-16,33983,34156,33886,34046,14943500
2020-04-17,34172,34210,33593,33662,18202500
2020-04-20,33611,34096,33216,33413,13888900
2020-04-21,33336,33790,33075,33284,15195000
2020-04-22,33221,34083,32862,34051,21460600
2020-04-23,33873,33873,33323,33682,15258600
2020-04-24,33521,34028,33305,33618,13236100
2020-04-27,33533,34073,33428,34016,14688500
2020-04-28,34057,34429,33321,33335,16948500
2020-04-29,33288,33594,33051,33309,11782700
2020-04-30,33298,33688,33296,33450,9594900
2020-05-01,33466,33840,33140,33785,11123500
2020-05-04,34126,34165,33709,33779,15467100
2020-05-05,33587,33893,33538,33693,16201100
2020-05-06,33565,33772,33539,33725,12610000
2020-05-07,33644,33804,33285,33399,12588100
2020-05-08,33504,33545,32788,32985,16421800
2020-05-11,33015,33659,32734,33655,17192100
2020-05-12,33563,33796,33435,33536,10444500
2020-05-13,33678,33744,32492,33046,20042900
2020-05-14,33082,33617,32701,33429,12114000
2020-05-15,33325,33443,32850,32875,7478900
2020-05-18,32843,32988,32271,32419,13447800
2020-05-19,32428,32617,32046,32104,14992800
2020-05-20,32230,32818,31801,32802,14433600
2020-05-21,32856,32988,32569,32882,13829700
2020-05-22,33084,33772,33061,33499,17588400
2020-05-25,33547,33575,33106,33574,13810400
2020-05-26,33441,34027,33382,33584,12574900
2020-05-27,33515,33761,33293,33323,14011300
2020-05-28,33464,33554,33226,33366,11231300
2020-05-29,33277,33980,33260,33834,10797700
2020-06-01,33948,34221,33825,34159,13341600
2020-06-02,33822,34075,33716,33940,16689300
2020-06-03,33654,33984,33531,33760,13670000
2020-06-04,33599,34151,33495,34098,23112600
2020-06-05,33961,34044,33587,33930,14825100
2020-06-08,34009,34083,33693,33849,14460500
2020-06-09,34092,34103,32753,33202,16934600
2020-06-10,32967,33020,32829,32876,13569300
2020-06-11,33118,33268,32910,33190,16457200
2020-06-12,32974,33628,32781,33496,12490200
2020-06-15,33302,33864,33167,33635,16040300
2020-06-16,33929,34336,33814,34059,10202100
2020-06-17,34033,34213,33389,33478,15363000
2020-06-18,33598,33744,33399,33412,12653700
2020-06-19,33699,33891,32877,33178,15709300
2020-06-22,33392,33424,33114,33165,21387000
2020-06-23,32803,34639,32735,34286,18690700
2020-06-24,34392,34865,34202,34625,14479700
2020-06-25,34704,34895,33570,33841,17126600
2020-06-26,33686,33934,33681,33912,13556500
2020-06-29,33876,34656,33771,34537,9403000
2020-06-30,34234,35601,34084,35524,15554900
2020-07-01,35474,35968,35400,35929,18300500
2020-07-02,36039,36543,35732,36264,12339000
2020-07-03,36076,36202,35876,35939,15563400
2020-07-06,36114,36170,35126,35489,14148900
2020-07-07,35586,36116,35433,35511,17127600
2020-07-08,35413,35869,35173,35634,12479500
2020-07-09,35579,36941,35479,36483,14533300
2020-07-10,36493,37795,36279,37489,20282400
2020-07-13,37752,38245,37720,38075,11704700
2020-07-14,38152,38221,37683,37799,10764500
2020-07-15,37931,38130,37400,37562,17695100
2020-07-16,37447,37537,37051,37238,18662800
2020-07-17,37565,37893,37352,37410,12403000
2020-07-20,37168,37219,36949,37062,10350200
2020-07-21,36911,37064,35771,36306,17260000
2020-07-22,36173,36201,35510,35862,16782300
2020-07-23,35912,36175,35412,35717,10434800
2020-07-24,35695,36396,35533,36210,18167900
2020-07-27,36332,36717,36137,36682,12591900
2020-07-28,36693,36814,36472,36601,15519900
2020-07-29,36429,36658,35564,35979,17102600
2020-07-30,35500,35532,35183,35297,14463700
2020-07-31,35144,36180,35087,35956,18300200
2020-08-03,35764,36062,35716,35919,16102200
2020-08-04,35729,36266,35610,36230,17726100
2020-08-05,36114,36496,36069,36199,8769500
2020-08-06,36285,36469,36041,36052,16329800
2020-08-07,35893,36561,35735,36415,17490100
2020-08-10,36290,36368,35897,36350,14665300
2020-08-11,36094,37183,36075,36648,11861900
2020-08-12,36800,36942,35566,35686,9868000
2020-08-13,35447,36092,35426,35908,10673700
2020-08-14,35944,37429,35843,37380,16637400
2020-08-17,37296,37444,36652,37378,16545000
2020-08-18,37274,37399,37154,37338,11940400
2020-08-19,37337,37520,36456,36768,13894800
2020-08-20,36670,37203,36587,37004,14096100
2020-08-21,36949,36967,36371,36452,22623900
2020-08-24,36514,36788,35964,36082,14534800
2020-08-25,36219,36339,35620,35795,13610800
2020-08-26,35992,36446,34965,35084,14634800
2020-08-27,35079,35414,34911,35287,15125600
2020-08-28,35317,35726,34216,34393,18375200
2020-08-31,34500,35057,34338,34764,14604300
2020-09-01,34937,35189,33986,34068,15158700
2020-09-02,33903,34034,33705,33706,11409900
2020-09-03,33751,34039,33679,33798,14467300
2020-09-04,33784,33809,33242,33419,12519800
2020-09-07,33282,34453,33219,34363,17506300
2020-09-08,34570,34606,34154,34432,16541500
2020-09-09,34173,35121,34039,34804,17868600
2020-09-10,34821,35097,34688,34938,21567300
2020-09-11,34620,35607,34444,35455,19661300
2020-09-14,35310,35879,34945,35231,13100400
2020-09-15,35053,35605,35020,35469,11006300
2020-09-16,35394,35927,35311,35767,18812900
2020-09-17,35837,36655,35652,36565,11958600
2020-09-18,36629,37176,36252,37013,9598800
2020-09-21,37039,37288,35973,36337,9938500
2020-09-22,36536,36998,35729,35812,14813600
2020-09-23,35821,36743,35716,36462,14352100
2020-09-24,36496,37292,36460,37274,15152300
2020-09-25,37190,38488,37036,37977,13831700
2020-09-28,38017,39070,38008,38963,17305900
2020-09-29,38906,39898,38555,39556,16959900
2020-09-30,39409,40941,38983,40282,17544500
2020-10-01,40538,41211,40491,40837,13491400
2020-10-02,40926,40952,40685,40739,15007800
2020-10-05,40635,40814,40068,40096,9922500
2020-10-06,39698,40286,39496,40282,13815300
2020-10-07,40136,40451,40126,40244,12094600
2020-10-08,40401,40468,39766,39881,14611900
2020-10-09,39593,39699,39303,39603,17776800
2020-10-12,39830,40039,39192,39436,12838900
2020-10-13,39429,39692,39339,39485,14681100
2020-10-14,39361,39706,39303,39469,8900200
2020-10-15,39677,40104,39553,39814,17322300
2020-10-16,39528,39895,39153,39637,16078900
2020-10-19,39739,41081,39470,40945,12876000
2020-10-20,41084,42025,41078,41749,13048400
2020-10-21,42108,42503,41455,41635,12510200
2020-10-22,41404,42228,41261,41891,18779100
2020-10-23,41750,41876,41528,41611,19139100
2020-10-26,41334,41947,40916,41913,14352000
2020-10-27,42056,43967,41939,43675,13584300
2020-10-28,43881,44099,43353,43702,15256200
2020-10-29,43810,44099,43172,43363,15387900
2020-10-30,43164,43814,42797,43551,16731700
2020-11-02,43717,44031,43483,43981,15943900
2020-11-03,44086,45105,44011,44834,7891300
2020-11-04,44820,45072,44049,44354,14146300
2020-11-05,44378,44591,43598,43940,14690400
2020-11-06,43929,44426,43772,44197,14715200
2020-11-09,44298,44573,43500,43792,14104600
2020-11-10,43942,46111,43724,45928,13837100
2020-11-11,45865,45947,44201,44356,14431800
2020-11-12,44243,44592,43939,44151,13939200
2020-11-13,44099,44191,43330,43885,15281600
2020-11-16,43839,44041,42821,43353,17963600
2020-11-17,43287,44209,43131,43766,19559100
2020-11-18,44114,44243,43532,43671,18088000
2020-11-19,43696,43939,43387,43627,18784300
2020-11-20,43901,44502,43641,44429,16718100
2020-11-23,44181,44866,43998,44720,17903500
2020-11-24,44593,44843,44393,44749,22949100
2020-11-25,44864,45017,44223,44302,17051200
2020-11-26,44567,45263,44484,45062,14985500
2020-11-27,45371,45667,44390,44432,12740800
2020-11-30,44683,45354,44570,45241,18049300
2020-12-01,45492,45505,44658,44876,12691300
2020-12-02,44974,46441,44893,46432,11547400
2020-12-03,46393,46914,45676,46627,19738800
2020-12-04,46767,47427,46748,46753,14933600
2020-12-07,46497,46848,46490,46686,17012300
2020-12-08,46770,46775,46325,46716,16387100
2020-12-09,46964,47928,46307,47336,17551600
2020-12-10,47199,47376,46674,46989,17402700
2020-12-11,47090,47362,46212,46630,10641200
2020-12-14,46499,46868,45548,45877,16525700
2020-12-15,45635,46704,45453,46277,16722100
2020-12-16,45839,46115,45592,45636,15471500
2020-12-17,45749,45817,44970,45037,13863700
2020-12-18,45033,46435,44649,46008,11135900
2020-12-21,46319,46386,44582,44664,15400300
2020-12-22,44803,44817,43148,43369,14985500
2020-12-23,43655,43873,43110,43182,11316100
2020-12-24,43290,43621,42794,43242,17279800
2020-12-25,43228,43997,43194,43924,12074900
2020-12-28,43823,44393,43801,44171,16375200
2020-12-29,44117,44335,43884,44185,19397300
2020-12-30,44166,44906,43684,44751,12579800
2020-12-31,44875,45374,43613,43830,14804800
2021-01-01,43710,43975,43053,43076,16216400
2021-01-04,43163,43208,42910,43099,17043200
2021-01-05,42956,44604,42705,44574,16890500
2021-01-06,45007,45285,43988,44316,21587600
2021-01-07,44238,44415,44052,44250,13108700
2021-01-08,44272,44442,43762,43935,16936800
2021-01-11,43635,43739,43051,43285,13137900
2021-01-12,43567,43651,42099,42196,9231600
2021-01-13,42245,42711,42189,42553,16280700
2021-01-14,42466,43036,41874,42722,13662100
2021-01-15,42656,42838,42090,42413,18966800
2021-01-18,42505,42826,42359,42436,22975400
2021-01-19,42056,42855,41285,42748,14502500
2021-01-20,42900,43351,42127,42369,17566000
2021-01-21,42204,42478,41637,41889,15246300
2021-01-22,41674,42007,40650,40955,18723100
2021-01-25,40992,41370,40322,40616,12955500
2021-01-26,40621,41539,40437,41287,11313500
2021-01-27,41116,41204,40702,40759,11780500
2021-01-28,40798,40849,40293,40559,17209000
2021-01-29,40545,41383,40082,40891,11985300
2021-02-01,40979,41278,40704,41054,21666500
2021-02-02,41287,41413,41023,41344,12888800
2021-02-03,41158,41730,40943,41712,17001400
2021-02-04,41513,42193,41407,42164,13891000
2021-02-05,42262,42547,42001,42197,15443100
2021-02-08,42204,42642,42193,42285,11726700
2021-02-09,42132,43780,41733,43371,23415800
2021-02-10,43309,43552,43103,43344,13285900
2021-02-11,43599,43921,43437,43746,18327600
2021-02-12,43908,44203,43275,43279,17782100
2021-02-15,43075,44120,42951,43819,14976900
2021-02-16,44046,44612,43910,44517,12793400
2021-02-17,44629,44787,44454,44647,19774200
2021-02-18,44359,45131,43837,44879,10290900
2021-02-19,44841,45015,44215,44509,9967600
2021-02-22,44783,44875,44041,44158,16154000
2021-02-23,44348,44481,44252,44305,17604100
2021-02-24,44375,45370,44104,45320,14130100
2021-02-25,45467,45502,44542,44962,18874600
2021-02-26,45132,46470,44962,46137,21511700
2021-03-01,45957,46762,45876,46671,18255600
2021-03-02,46351,47161,45941,46739,11614000
2021-03-03,46602,47040,46208,46209,14234000
2021-03-04,46180,47430,46084,47331,12988600
2021-03-05,47434,47812,47299,47635,17086200
2021-03-08,47618,48376,46897,47999,17299100
2021-03-09,48065,49009,47958,48958,14632300
2021-03-10,48790,48902,48180,48886,17764600
2021-03-11,48970,49164,47855,47956,12761100
2021-03-12,47441,48750,47179,48748,11252000
2021-03-15,48587,49039,47471,47631,17236300
2021-03-16,47336,47651,46796,46876,17278700
2021-03-17,47123,47240,46355,46610,11831400
2021-03-18,46630,47297,46352,47120,14480600
2021-03-19,46919,47127,46804,46847,17716000
2021-03-22,46982,47924,46776,47899,19727100
2021-03-23,47915,47930,47049,47192,13776600
2021-03-24,47311,48349,47289,48085,17039800
2021-03-25,48282,49313,48208,48726,11585900
2021-03-26,48816,49319,48420,48429,11414200
2021-03-29,48317,48692,47635,47804,17346600
2021-03-30,47838,48156,46775,47411,12101500
2021-03-31,47228,47313,46267,46792,17044800
2021-04-01,47075,47904,46863,47805,16198000
2021-04-02,48126,48191,47125,47531,11100300
2021-04-05,47489,47813,46744,46960,14347400
2021-04-06,47150,47338,46953,47292,15993900
2021-04-07,47401,47597,46630,46745,19060700
2021-04-08,46674,46853,45008,45541,15273800
2021-04-09,45301,46025,44860,45624,13272600
2021-04-12,45516,45517,45142,45237,19248600
2021-04-13,44970,46162,44719,45994,20114600
2021-04-14,45872,47226,45870,47121,18774000
2021-04-15,47028,47692,46945,47343,15070200
2021-04-16,47270,47748,46936,47171,13083600
2021-04-19,47161,48292,46708,47792,19050100
2021-04-20,47576,48257,47541,47918,13585600
2021-04-21,47455,47568,46416,46756,14291700
2021-04-22,46691,46765,46348,46556,12667900
2021-04-23,46556,46729,45908,45918,9223300
2021-04-26,46024,46354,45825,45856,10875700
2021-04-27,45885,46209,44423,44739,9688300
2021-04-28,44450,46117,44168,46025,17066800
2021-04-29,46192,46783,45832,45859,10246600
2021-04-30,45876,45944,45700,45926,13759500
2021-05-03,45849,45983,44889,45552,12518900
2021-05-04,45421,46528,45365,46229,15889900
2021-05-05,46150,46405,46007,46046,10625500
2021-05-06,46321,46350,45230,45458,10923200
2021-05-07,45472,45637,44248,44297,19493800
2021-05-10,44395,45214,44233,45125,13558100
2021-05-11,44961,45299,44152,44376,15741700
2021-05-12,44666,45330,44545,45236,15213400
2021-05-13,45175,46844,44966,46449,13885500
2021-05-14,46517,46753,46084,46180,18650000
2021-05-17,46422,46556,45313,45587,15704500
2021-05-18,45592,46968,45354,46616,9176800
2021-05-19,46450,46763,46037,46154,13535500
2021-05-20,46165,46588,46032,46407,12883800
2021-05-21,46475,46703,44319,44556,10875100
2021-05-24,44936,44958,43599,43745,13480300
2021-05-25,43719,44074,43157,44031,15418900
2021-05-26,44223,45124,44205,44841,15738600
2021-05-27,44701,44968,44097,44458,17243900
2021-05-28,44664,45634,44355,45257,19634600
2021-05-31,45027,46153,44650,46098,19170800
2021-06-01,46069,46571,45978,46260,18299900
2021-06-02,46396,47440,46355,47039,13326500
2021-06-03,47077,47174,46223,46332,20771500
2021-06-04,46422,46785,46183,46540,19628500
2021-06-07,46460,48363,46224,47775,11430700
2021-06-08,47784,48240,46663,46719,18698700
2021-06-09,46789,47741,46148,47149,20717100
2021-06-10,47399,47741,47155,47388,12489700
2021-06-11,47042,47077,46664,46873,16767900
2021-06-14,46730,46734,45639,45873,9295200
2021-06-15,45884,46160,44763,44952,14556100
2021-06-16,45000,45346,44037,44228,11127900
2021-06-17,44391,44959,43618,43797,8453100
2021-06-18,43964,44095,43404,43625,15836200
2021-06-21,43930,44005,43713,43770,10530300
2021-06-22,43568,44496,43440,44480,18229700
2021-06-23,44431,44812,43816,44557,11914200
2021-06-24,44565,44745,44096,44363,11857300
2021-06-25,44456,44785,43226,43247,15406000
2021-06-28,43264,43799,42859,43119,12629200
2021-06-29,43056,43335,41991,42152,21837100
2021-06-30,42361,42830,42079,42146,12228500
2021-07-01,42210,42415,41797,42016,14538400
2021-07-02,41904,42559,41810,42415,13696100
2021-07-05,42647,43207,41511,41885,13323700
2021-07-06,41897,42150,41249,41480,17721300
2021-07-07,41761,42021,40915,41060,12448000
2021-07-08,41129,41198,40828,40913,18482000
2021-07-09,41104,41309,40341,40453,12787600
2021-07-12,40315,41527,40051,41215,10598200
2021-07-13,41012,41392,40479,40798,19069900
2021-07-14,40873,41760,40767,41648,13664000
2021-07-15,41843,42026,40447,40875,13094600
2021-07-16,40879,41054,40737,41010,19117800
2021-07-19,40872,40983,39669,40103,15503900
2021-07-20,39940,40674,39895,40571,15243100
2021-07-21,40526,40940,40455,40744,14221800
2021-07-22,40654,41567,40566,41263,13548800
2021-07-23,41173,42614,41104,42342,16547900
2021-07-26,42517,43213,42416,43179,15862500
2021-07-27,43461,43513,43264,43487,10880800
2021-07-28,43468,44422,43395,43896,10671400
2021-07-29,43794,44097,43185,43823,14437400
2021-07-30,43383,44440,43304,44393,18980200
2021-08-02,44634,44956,43056,43386,14616300
2021-08-03,43205,43975,43051,43868,15602400
2021-08-04,43651,43967,42461,42863,12356500
2021-08-05,42868,42901,42092,42557,11479300
2021-08-06,42848,43450,42654,43234,16577300
2021-08-09,43201,43742,42910,43028,14164400
2021-08-10,43909,43917,42805,42901,14020600
2021-08-11,42647,42693,42443,42641,14268600
2021-08-12,42748,43212,42666,42902,20579600
2021-08-13,42983,43826,41784,42073,11967300
2021-08-16,42259,42367,41856,42189,14185700
2021-08-17,42030,43132,42025,43129,17787000
2021-08-18,43355,43574,42656,42936,16497800
2021-08-19,43077,43241,42604,43089,18047000
2021-08-20,43180,43358,42766,43315,19827500
2021-08-23,43221,43573,42909,43504,16281800
2021-08-24,43307,43592,43269,43421,15622900
2021-08-25,42926,43316,42168,42588,15963900
2021-08-26,42180,42388,42161,42365,18674400
2021-08-27,42568,43008,41483,41701,7944800
2021-08-30,41721,42341,41518,42204,20092600
2021-08-31,42123,42511,42090,42259,16036300
2021-09-01,42036,42200,41494,41649,17140600
2021-09-02,41520,42891,41444,42656,11329500
2021-09-03,42732,42823,41555,41777,13318400
2021-09-06,41667,41672,41421,41434,11120600
2021-09-07,41555,42891,41470,42709,19552800
2021-09-08,42749,43021,41738,41876,10446900
2021-09-09,41952,42268,40775,40904,12374600
2021-09-10,40944,41341,40135,40756,19725700
2021-09-13,40799,40932,40281,40519,12814900
2021-09-14,40421,40681,39460,39590,17168300
2021-09-15,39766,40827,39425,40684,10555800
2021-09-16,40808,41672,40775,41625,16964200
2021-09-17,41425,42036,41347,41753,24852700
2021-09-20,41975,42257,40583,40827,10136000
2021-09-21,40964,41014,39857,40336,13915900
2021-09-22,40291,42037,40096,41949,8750000
2021-09-23,42109,42622,41748,42391,16741000
2021-09-24,42662,42804,42636,42708,17045700
2021-09-27,42696,42866,41738,42065,17606600
2021-09-28,42087,42705,41858,42539,9749200
2021-09-29,42464,43534,42315,43275,16480600
2021-09-30,43298,43438,42447,43085,12634300
2021-10-01,43072,43108,42076,42550,11026900
2021-10-04,42828,42972,42681,42849,7935000
2021-10-05,42827,43095,41486,41902,13670800
2021-10-06,41693,41803,41017,41486,16409300
2021-10-07,41435,42522,41407,42507,13215900
2021-10-08,42378,43355,42187,43092,15198700
2021-10-11,42857,43757,42574,43428,10681000
2021-10-12,43312,44227,42818,43947,12897200
2021-10-13,44088,44432,43181,43235,11158300
2021-10-14,43248,43952,42944,43892,17233200
2021-10-15,43473,45441,42982,45108,16337800
2021-10-18,45224,46610,45126,46559,16223300
2021-10-19,46436,46678,46282,46627,12710200
2021-10-20,46317,47314,46313,46809,18284600
2021-10-21,46256,46490,45909,46441,15307100
2021-10-22,46598,47117,45794,47109,9118200
2021-10-25,46944,48296,46834,47919,12738300
2021-10-26,48229,48893,48143,48573,14563600
2021-10-27,48827,49521,48235,48355,15629000
2021-10-28,48505,48583,47892,47984,17008300
2021-10-29,47873,49704,47667,49505,15468300
2021-11-01,49675,50187,49247,49909,15706600
2021-11-02,49849,51016,49682,50785,14024800
2021-11-03,50935,51071,50184,50565,14708600
2021-11-04,50308,50451,49520,49598,13477400
2021-11-05,49603,50243,48947,49988,12305800
2021-11-08,49912,50662,49347,50592,14466600
2021-11-09,50181,50278,49225,49536,14941400
2021-11-10,49803,50310,48639,48713,8920800
2021-11-11,48664,49107,48043,48597,15158700
2021-11-12,48772,49508,48734,49084,12472600
2021-11-15,49161,49594,48914,48947,15849100
2021-11-16,48939,49402,48496,48717,15756900
2021-11-17,48448,48612,47198,47688,16495600
2021-11-18,47883,47976,46707,46899,12354400
2021-11-19,46871,46993,46192,46884,12741700
2021-11-22,46748,47108,46644,46844,19203500
2021-11-23,46905,47200,46324,46577,11483700
2021-11-24,46378,46456,45984,46253,19090300
2021-11-25,46135,46221,46097,46201,7280200
2021-11-26,46091,46172,44690,45249,19965300
2021-11-29,45338,46124,45030,46107,16624200
2021-11-30,45869,47023,45602,47000,15540500
2021-12-01,47125,47392,46329,46561,21768700
2021-12-02,46676,46849,45608,45973,16748200
2021-12-03,45920,46108,45542,45566,18193900
2021-12-06,45730,46139,45580,45692,13068700
2021-12-07,45817,46363,44746,44915,13965800
2021-12-08,44813,45033,44222,44977,14388800
2021-12-09,45138,45527,45007,45043,16119400
2021-12-10,44886,45892,44744,45298,13826300
2021-12-13,45371,45925,45266,45915,12754300
2021-12-14,46225,46584,45356,45830,14297400
2021-12-15,45926,45931,44937,45226,11828600
2021-12-16,45091,46665,45006,46490,13467100
2021-12-17,46775,47427,46365,47060,10563500
2021-12-20,47165,47626,46742,46959,12937000
2021-12-21,47016,47212,46796,47121,19941500
2021-12-22,47220,47269,45881,45919,10275200
2021-12-23,46090,46104,45097,45261,14272200
2021-12-24,45185,45339,44721,45034,15703700
2021-12-27,44845,45185,44596,45000,19563900
2021-12-28,45254,45786,44982,45022,12197900
2021-12-29,44939,45907,44276,45241,14802400
2021-12-30,45052,45647,44836,44909,14323700
2021-12-31,44916,45134,43179,43184,9798600
2022-01-03,43432,44152,43009,43058,12399400
2022-01-04,43046,43398,42877,43235,14781300
2022-01-05,43245,43893,42389,42617,16773100
2022-01-06,42582,42702,42444,42488,17246000
2022-01-07,42466,43296,42409,43151,13747800
2022-01-10,43445,43600,42940,43140,12231900
2022-01-11,43038,43553,43016,43292,13286100
2022-01-12,43538,43719,41387,41911,13376000
2022-01-13,42062,42559,42030,42277,10703600
2022-01-14,42223,42271,41351,41544,16620500
2022-01-17,41500,42477,41480,42309,14106100
2022-01-18,42471,42697,41048,41315,12425200
2022-01-19,41653,41666,40701,40714,16255600
2022-01-20,40720,40746,40043,40088,13800000
2022-01-21,39864,40345,39728,40308,14740700
2022-01-24,40185,41258,39916,41091,12886700
2022-01-25,41047,41599,40632,41532,7543200
2022-01-26,41389,41974,41265,41772,12138700
2022-01-27,41952,42192,41772,41978,18881700
2022-01-28,41822,41882,41443,41829,16507500
2022-01-31,41779,41880,41297,41450,10789900
2022-02-01,41732,42103,41024,41179,13594500
2022-02-02,41324,41833,41237,41736,16670100
2022-02-03,42040,42984,42008,42785,12123500
2022-02-04,42861,43001,42586,42774,15920400
2022-02-07,42809,43145,42786,43135,11696500
2022-02-08,43385,43568,42588,42753,19335800
2022-02-09,42764,43021,42494,42596,9736900
2022-02-10,42612,42886,42434,42595,24321300
2022-02-11,42797,42890,42596,42805,16707300
2022-02-14,42956,43634,42762,43300,13193200
2022-02-15,43246,43927,42988,43717,15831300
2022-02-16,43488,44280,43381,44170,13650800
2022-02-17,43983,44067,43467,43531,16953100
2022-02-18,43557,43866,42440,42788,16858300
2022-02-21,42679,42909,42087,42264,16647700
2022-02-22,42231,42768,42116,42593,12182000
2022-02-23,42455,43048,42094,43033,18359500
2022-02-24,42922,43756,42792,43521,12148700
2022-02-25,43676,44444,43602,44265,16664100
2022-02-28,44340,45300,44008,45143,20611400
2022-03-01,44838,45385,44332,45214,17688100
2022-03-02,45047,45439,44927,45091,15410400
2022-03-03,44839,46129,44085,46109,11899100
2022-03-04,46073,47734,45923,47514,14864900
2022-03-07,47692,48438,47162,48230,12296100
2022-03-08,48360,48649,47310,47459,15046300
2022-03-09,47615,47750,46999,47137,15090400
2022-03-10,47154,47457,46413,46516,10306600
2022-03-11,46507,46616,46366,46438,14388400
2022-03-14,46921,47011,45237,45392,12306400
2022-03-15,45456,46362,45316,46063,12581500
2022-03-16,46343,46527,46210,46378,15540100
2022-03-17,46163,46228,45802,46155,18203800
2022-03-18,46042,47348,45977,47000,15569400
2022-03-21,46983,47505,46850,47094,16865400
2022-03-22,47249,47566,46931,47276,17788900
2022-03-23,47093,47772,47090,47498,21788700
2022-03-24,47290,47368,47155,47269,14632000
2022-03-25,47056,47069,46249,46457,18115800
2022-03-28,46594,46938,46556,46734,13064100
2022-03-29,46623,46757,46267,46667,13850700
2022-03-30,46770,46946,45170,45425,17104300
2022-03-31,45363,45575,44892,45051,14588800
2022-04-01,45173,45294,44755,44795,14593300
2022-04-04,45042,45586,44903,45186,15657300
2022-04-05,44969,45425,44316,45282,12333900
2022-04-06,45219,45871,44683,45824,13963500
2022-04-07,45704,46540,45518,46154,17196800
2022-04-08,46096,46100,45820,46018,11992800
2022-04-11,46292,46368,45018,45083,13939100
2022-04-12,45533,45951,45390,45744,13667300
2022-04-13,45920,45924,45156,45243,14952500
2022-04-14,45250,45900,45210,45604,14469600
2022-04-15,45472,46173,45469,46119,18896600
2022-04-18,46057,46343,45597,45650,11425600
2022-04-19,45619,45868,44784,45055,12791000
2022-04-20,45061,45221,44576,45157,17163100
2022-04-21,45114,45464,44838,44988,19980100
2022-04-22,44834,45486,44673,45266,16011500
2022-04-25,45053,45989,45020,45897,11677200
2022-04-26,46041,46224,45106,45186,14859800
2022-04-27,45264,45522,44311,44748,12929800
2022-04-28,44713,46574,44631,46363,11940300
2022-04-29,46277,46423,45839,46171,10908100
2022-05-02,46243,47108,46082,47106,15986200
2022-05-03,46918,47318,46630,47250,17443400
2022-05-04,47300,47575,46316,46373,20879500
2022-05-05,46391,46579,45712,46011,13072700
2022-05-06,46178,46435,45766,46411,16505900
2022-05-09,46401,47027,45711,45850,11037500
2022-05-10,46049,46596,45673,46348,17291400
2022-05-11,46499,46986,45877,46672,13600600
2022-05-12,46934,47167,46135,46213,13258300
2022-05-13,46275,46504,45931,45975,12402400
2022-05-16,46031,46119,45309,45559,14604100
2022-05-17,45566,46333,45432,45696,17058000
2022-05-18,45653,47698,45250,47186,13117700
2022-05-19,46916,48396,46442,47601,17055200
2022-05-20,47683,48027,47387,47912,13195200
2022-05-23,47962,48726,47636,48358,12302700
2022-05-24,48305,48478,47334,47746,19255200
2022-05-25,47638,47677,46786,46965,4829300
2022-05-26,46869,48272,46746,48101,12497500
2022-05-27,47708,47748,47242,47737,16468900
2022-05-30,47817,47909,47373,47758,13682000
2022-05-31,47877,48729,47804,48496,14283700
2022-06-01,48702,48781,47830,47927,13312300
2022-06-02,47423,48555,46973,48206,18770500
2022-06-03,48616,48665,48200,48346,15733200
2022-06-06,48188,48523,47820,47925,20730800
2022-06-07,47965,48205,47575,48069,19580600
2022-06-08,48059,48102,46416,46721,14812400
2022-06-09,46730,46816,45829,46198,15726900
2022-06-10,45946,47497,45628,47448,17710000
2022-06-13,47434,47617,46688,46704,19029600
2022-06-14,46428,46904,46099,46736,11285800
2022-06-15,46918,47242,46774,46865,15761400
2022-06-16,46355,47910,46106,47801,13739200
2022-06-17,47950,47972,47444,47575,16515600
2022-06-20,47462,48214,47457,47935,18756500
2022-06-21,48223,48694,47891,48441,13858300
2022-06-22,48222,48758,47872,48474,17145000
2022-06-23,48317,48659,48137,48173,10712500
2022-06-24,48161,50019,48103,49907,16903500
2022-06-27,50039,50367,49793,50055,20612200
2022-06-28,50143,50702,49537,50308,19560400
2022-06-29,50493,51345,50341,51152,14545800
2022-06-30,51327,51399,49859,49959,14297900
2022-07-01,49961,50217,49818,50071,14871000
2022-07-04,49987,51357,49813,51080,13016100
2022-07-05,51255,51964,51224,51730,16090300
2022-07-06,51780,51844,49973,50481,17572400
2022-07-07,50504,51053,50180,51039,12233100
2022-07-08,51178,52139,51056,51947,14701000
2022-07-11,51506,51638,50738,50875,16421200
2022-07-12,50942,51300,50649,50728,10343600
2022-07-13,50709,50874,49910,49937,20364500
2022-07-14,50228,50425,49322,49882,12958500
2022-07-15,49910,50988,49848,50913,12830200
2022-07-18,50962,51226,50741,50867,13370800
2022-07-19,51214,51258,50625,50734,20879900
2022-07-20,50543,51190,50031,50816,15181400
2022-07-21,51111,51138,50274,50330,9088700
2022-07-22,50394,50415,50332,50348,18060200
2022-07-25,49944,50129,49416,49417,12446000
2022-07-26,49247,49506,48338,48538,16557500
2022-07-27,48494,49616,48403,49352,16113600
2022-07-28,49113,50593,48830,50447,12740000
2022-07-29,50141,52569,49925,52455,13490800
2022-08-01,52585,52718,51835,52073,17643600
2022-08-02,51995,52418,51694,52356,14047700
2022-08-03,52368,52557,51774,52047,13624400
2022-08-04,52172,53200,51752,53048,16590200
2022-08-05,52546,52854,52397,52612,8567000
2022-08-08,52612,52902,50851,50985,18680300
2022-08-09,50373,51202,50147,51037,10464800
2022-08-10,50968,51356,49878,49943,10550400
2022-08-11,49687,50662,49311,50467,16049400
2022-08-12,50165,51130,50096,51060,13637100
2022-08-15,50687,51007,50453,50746,9232300
2022-08-16,50708,51435,49845,51042,14358700
2022-08-17,51153,51596,50839,51430,23873200
2022-08-18,51242,51587,50741,50806,6398700
2022-08-19,50522,50943,50412,50904,11500000
2022-08-22,51102,52445,51041,51969,15422800
2022-08-23,52154,52380,52059,52376,12038600
2022-08-24,52609,52952,50940,51013,18365900
2022-08-25,51203,51510,49286,49952,17350500
2022-08-26,49917,50366,49365,49520,15190800
2022-08-29,49687,49756,48930,49017,14617300
2022-08-30,49247,50597,49125,50379,19688400
2022-08-31,50194,50599,49390,49843,8826400
2022-09-01,49667,49919,49266,49860,13110500
2022-09-02,49917,50011,49195,49555,12272400
2022-09-05,49595,49684,48553,48760,11834400
2022-09-06,48607,48651,47723,47986,13122000
2022-09-07,48104,48263,47545,47615,14427700
2022-09-08,47240,47262,46446,46651,20566200
2022-09-09,46617,46690,45519,45807,14499000
2022-09-12,45840,46105,44246,44780,9672500
2022-09-13,44645,44681,44203,44407,14418300
2022-09-14,44253,44721,44178,44632,16321600
2022-09-15,44613,45010,44483,44982,17444900
2022-09-16,44890,45060,44608,45001,14561100
2022-09-19,45138,45279,44784,45072,12164700
2022-09-20,44727,45541,44477,45242,12271600
2022-09-21,45346,45870,45245,45766,18450400
2022-09-22,45592,47273,45550,47057,15280600
2022-09-23,47025,47087,45708,46130,11977400
2022-09-26,45986,46154,45710,46110,12009600
2022-09-27,46284,46779,45557,45689,14944000
2022-09-28,45881,46000,44895,45017,11514300
2022-09-29,45044,46159,44735,45946,17482600
2022-09-30,45949,46090,45478,46001,13495100
2022-10-03,46036,46413,45907,46365,13144100
2022-10-04,46329,47424,46255,47169,18799100
2022-10-05,47310,47757,46892,47638,16865100
2022-10-06,47678,47926,46408,46665,13134300
2022-10-07,47000,47324,46974,47051,8393800
2022-10-10,47149,47813,47057,47566,8205700
2022-10-11,47856,48635,47774,48552,19851800
2022-10-12,48551,48789,48182,48671,12366100
2022-10-13,48719,48725,48250,48580,17965400
2022-10-14,48948,49144,48837,49068,19413100
2022-10-17,49108,50382,48935,50157,15736200
2022-10-18,50606,50672,50462,50527,18584100
2022-10-19,50483,50772,49472,50129,9862900
2022-10-20,50401,50437,49418,49460,12324300
2022-10-21,49715,50612,49313,50492,7411900
2022-10-24,50727,50831,50338,50642,17793400
2022-10-25,50329,50731,50149,50560,13052600
2022-10-26,50584,50961,50024,50240,16002300
2022-10-27,50309,50577,49706,49788,14208200
2022-10-28,49536,51365,49525,50911,14180100
2022-10-31,50878,52595,50738,52359,15724100
2022-11-01,52456,52922,52129,52691,16415800
2022-11-02,52925,53118,52067,52146,17436800
2022-11-03,52350,52489,51693,51897,10576700
2022-11-04,51884,52256,51293,51609,16281800
2022-11-07,51613,51685,50747,51079,17866400
2022-11-08,50991,51176,50419,50907,18621200
2022-11-09,50770,51094,49187,49455,16098700
2022-11-10,50108,50709,49239,49735,18770200
2022-11-11,49890,50068,48434,48492,13523600
2022-11-14,48116,48529,48014,48190,8681700
2022-11-15,48011,49062,47739,48977,13870300
2022-11-16,48788,50466,48541,49705,12553600
2022-11-17,49472,50466,49453,50208,19404000
2022-11-18,50355,50643,49685,50143,16383700
2022-11-21,50095,51151,50064,51037,12585200
2022-11-22,50988,51620,50658,51522,11706100
2022-11-23,51551,52006,51444,51702,14387800
2022-11-24,51768,52071,50432,50448,15643200
2022-11-25,50545,51053,50077,50951,15918200
2022-11-28,50770,50944,48677,49089,8006300
2022-11-29,49328,50188,49302,49542,15370200
2022-11-30,49832,50620,49497,50603,17013100
2022-12-01,50548,50784,49420,49558,15235300
2022-12-02,49634,50353,49440,50144,18792300
2022-12-05,50245,50570,50170,50309,8969300
2022-12-06,50440,50529,50234,50386,15318800
2022-12-07,50570,50915,50378,50825,15701500
2022-12-08,50727,50837,49614,49810,14065700
2022-12-09,50049,50110,49018,49432,16330300
2022-12-12,49876,49974,49501,49591,15249200
2022-12-13,49542,49867,49015,49749,14383300
2022-12-14,49762,49807,48572,48634,15382700
2022-12-15,48739,49273,48601,49080,11852800
2022-12-16,49190,49933,48639,49898,20085100
2022-12-19,50096,50534,49779,50296,19303300
2022-12-20,50182,50450,49738,49882,12671000
2022-12-21,49667,49829,49401,49676,16362300
2022-12-22,49710,50014,49132,49412,12234500
2022-12-23,49437,49751,48451,48822,12500000
2022-12-26,48481,48874,47759,47824,19625800
2022-12-27,47772,48698,47418,48200,11848900
2022-12-28,47997,48444,47752,48387,15162400
2022-12-29,48527,48743,48090,48128,18781000
2022-12-30,48285,49465,47901,48929,18367000
2023-01-02,49110,49283,48090,48217,11822600
2023-01-03,47888,48301,47719,47842,14868300
2023-01-04,47997,48199,47762,47836,14083300
2023-01-05,47824,49353,47443,49278,12335700
2023-01-06,49406,49973,48211,48673,11997800
2023-01-09,48824,49457,48614,49235,14572100
2023-01-10,48930,50504,48859,49968,12488400
2023-01-11,50257,50535,49802,49899,15463800
2023-01-12,49871,49932,49268,49385,21034400
2023-01-13,49478,49538,48960,49101,19984100
2023-01-16,49281,49510,49174,49430,10495500
2023-01-17,49919,50002,47303,47614,15549100
2023-01-18,47493,48852,47327,48719,13203600
2023-01-19,49017,49083,48666,48798,16673100
2023-01-20,48474,49527,47690,49496,16707000
2023-01-23,49533,49671,48238,48946,14162400
2023-01-24,48974,49917,48799,49831,15275200
2023-01-25,49823,49940,49069,49155,14045800
2023-01-26,49235,49264,47792,48341,16012800
2023-01-27,47936,48437,47674,48354,11690600
2023-01-30,48673,50170,48632,49672,15384000
2023-01-31,49485,50685,49232,50442,11666800
2023-02-01,50555,50952,50142,50683,15291900
2023-02-02,50207,50352,49430,49775,18478600
2023-02-03,49604,50586,49585,50402,18443900
2023-02-06,50420,50490,50330,50401,13240500
2023-02-07,50696,50987,48710,49182,16351200
2023-02-08,49043,49454,47623,48024,12044400
2023-02-09,48272,48630,48111,48145,17632900
2023-02-10,48306,48620,47801,48096,15265400
2023-02-13,48615,48652,48082,48165,13009000
2023-02-14,48410,48929,47983,48045,19532000
2023-02-15,48386,48563,47396,48087,13675000
2023-02-16,48194,48375,47092,47161,15980800
2023-02-17,47054,47460,46663,47180,11721000
2023-02-20,47108,47703,47091,47454,13606000
2023-02-21,47557,48286,47217,48193,18811100
2023-02-22,48099,48756,48088,48523,20681400
2023-02-23,48264,48777,47913,48669,13560100
2023-02-24,48753,48988,48208,48606,16731800
2023-02-27,48705,49131,47994,48872,19945800
2023-02-28,48861,49304,48092,48340,19432900
2023-03-01,48107,48601,47994,48280,15841100
2023-03-02,48324,48448,47921,48041,18989000
2023-03-03,47835,47877,47387,47756,12591900
2023-03-06,47797,48616,47277,48179,16064600
2023-03-07,48244,48719,47485,47664,14737100
2023-03-08,47930,48554,47797,48266,17418700
2023-03-09,48536,48918,47828,47903,11516100
2023-03-10,48029,48213,46866,47106,10606800
2023-03-13,47236,47324,47085,47275,12650600
2023-03-14,47429,48313,47205,48159,18275700
2023-03-15,48084,49847,47691,49102,18257800
2023-03-16,48912,49175,48141,48410,12239100
2023-03-17,48765,49041,47934,48075,17846800
2023-03-20,48464,48723,47122,47556,7609200
2023-03-21,47581,47926,47417,47652,10392100
2023-03-22,47526,49226,47368,49090,19409100
2023-03-23,49075,49143,48092,48209,10513700
2023-03-24,48349,48656,47715,47777,17760800
2023-03-27,47833,49169,47496,48988,13115300
2023-03-28,49283,49361,47287,47529,19776600
2023-03-29,47590,49088,47411,49070,13996000
2023-03-30,48803,48846,48332,48352,12606500
2023-03-31,48406,48732,47742,47793,24044300
2023-04-03,47797,48815,47140,48462,20367800
2023-04-04,48355,49139,48309,48798,8719300
2023-04-05,49104,49122,48223,48412,14988800
2023-04-06,48354,48691,46505,46524,15976100
2023-04-07,46411,46763,46227,46361,18753300
2023-04-10,46247,46262,45813,45992,13037800
2023-04-11,45793,46405,45094,45417,16863200
2023-04-12,45631,45757,44963,45087,13828700
2023-04-13,44971,45095,43832,43938,14121000
2023-04-14,44337,44716,43287,43325,12214100
2023-04-17,43614,44123,42591,42752,10824100
2023-04-18,42710,42853,42152,42193,21428400
2023-04-19,42370,42375,41689,42089,10503700
2023-04-20,42083,42116,41950,42066,14901700
2023-04-21,42360,42583,41249,41330,13154800
2023-04-24,41085,41553,40952,41389,16617800
2023-04-25,41373,41710,40839,40995,18193900
2023-04-26,40935,41135,39969,40076,17151700
2023-04-27,39906,40179,39841,40073,10773200
2023-04-28,40026,40997,40015,40649,16761300
2023-05-01,40382,41041,40233,40308,18096900
2023-05-02,40452,40472,40424,40433,17294700
2023-05-03,40383,40905,39801,39940,15727100
2023-05-04,39861,39888,39217,39225,14908200
2023-05-05,39151,39280,39099,39102,8173600
2023-05-08,39043,39215,37560,37760,10002400
2023-05-09,37820,37827,37608,37756,18544100
2023-05-10,37869,37881,37397,37668,15998500
2023-05-11,37586,38049,37536,37786,11796700
2023-05-12,37693,38467,37296,38200,14210500
2023-05-15,38340,38403,37973,38201,16031500
2023-05-16,38088,39583,37864,39579,13670300
2023-05-17,39795,39960,38711,38863,9560800
2023-05-18,39120,39616,39059,39463,12183300
2023-05-19,39370,39395,38838,38904,13012600
2023-05-22,38794,38822,38604,38667,14696700
2023-05-23,38497,39366,38386,39051,15938800
2023-05-24,38889,39760,38652,39655,21889900
2023-05-25,39650,39812,39338,39554,17083400
2023-05-26,39593,40103,39438,40012,18888600
2023-05-29,39876,39973,38865,38926,16912600
2023-05-30,38794,39219,38646,39211,14030900
2023-05-31,39351,39459,38014,38324,20367100
2023-06-01,38531,38723,38036,38037,10148800
2023-06-02,38316,38902,37555,37926,18371400
2023-06-05,37954,38292,37486,37694,15328800
2023-06-06,37562,38115,37240,38091,20519900
2023-06-07,37986,38603,37983,38553,14477300
2023-06-08,38515,39381,38354,39311,17345100
2023-06-09,39219,39982,39056,39888,15449200
2023-06-12,39770,40055,39533,40021,16090100
2023-06-13,39756,39930,38897,39041,18006000
2023-06-14,38851,39347,38651,39240,12798100
2023-06-15,39094,39269,39075,39080,17115600
2023-06-16,39106,39186,37961,38260,10075300
2023-06-19,38361,39900,38220,39560,15993600
2023-06-20,39657,40079,39327,39687,14016100
2023-06-21,39610,39713,38849,38926,16131200
2023-06-22,39035,39506,37853,38028,11997600
2023-06-23,37753,37925,37358,37497,17008300
2023-06-26,37460,37538,36777,37208,15942300
2023-06-27,37225,37301,36947,37198,21536500
2023-06-28,36977,37266,36583,36583,16175500
2023-06-29,36624,36921,36294,36576,13842300
2023-06-30,36851,37019,36342,36611,22233300
2023-07-03,36784,37827,36701,37656,9418100
2023-07-04,37561,37643,37389,37584,15580100
2023-07-05,37476,37559,37072,37189,13683700
2023-07-06,37295,37570,37016,37413,19740600
2023-07-07,37594,37648,37283,37634,11830200
2023-07-10,37871,37962,37468,37549,12952700
2023-07-11,37500,37682,37413,37663,23284300
2023-07-12,37445,37902,37409,37802,15708600
2023-07-13,37855,38198,37661,38022,14293900
2023-07-14,37842,39785,37685,39668,17010600
2023-07-17,39894,40354,39219,39352,19002000
2023-07-18,39205,39523,39017,39468,14306300
2023-07-19,39168,39368,38565,38639,14397300
2023-07-20,38852,39376,38698,38820,14892100
2023-07-21,38960,39815,38699,39780,17649200
2023-07-24,40133,41544,40058,41020,14185800
2023-07-25,40995,41522,40566,41365,17847600
2023-07-26,41250,41272,41052,41180,14976200
2023-07-27,41125,41417,41074,41225,14244100
2023-07-28,41105,41659,40813,41648,15636600
2023-07-31,41590,42618,41358,42404,15708000
2023-08-01,42403,42527,42163,42445,12536600
2023-08-02,42526,42571,41726,42198,16526200
2023-08-03,42031,42285,41928,42112,18450500
2023-08-04,42237,42620,40456,40717,11445100
2023-08-07,40755,40910,39820,39877,15273100
2023-08-08,39557,40418,39136,40374,15329000
2023-08-09,40542,41287,40390,41205,14317000
2023-08-10,41083,42320,40949,42010,16916200
2023-08-11,41733,42556,41705,42526,16125800
2023-08-14,42659,42775,41968,42103,14469700
2023-08-15,42195,42280,41180,41630,14850700
2023-08-16,41629,41738,41162,41324,12352600
2023-08-17,41255,41508,40549,41025,14299200
2023-08-18,41181,41357,40659,40761,11962700
2023-08-21,40828,40967,40586,40756,18145700
2023-08-22,40706,41050,40250,40388,15560900
2023-08-23,40268,40773,40022,40603,15693800
2023-08-24,40569,40688,39872,40202,14944900
2023-08-25,40171,40831,39971,40533,18629800
2023-08-28,40475,40908,39276,39659,11471100
2023-08-29,39606,40925,39360,40783,18313900
2023-08-30,40519,40869,40508,40781,14474600
2023-08-31,40869,41622,40638,41458,13372400
2023-09-01,41485,41786,41474,41721,14490000
2023-09-04,41615,42577,41602,42296,15542100
2023-09-05,42327,42671,41983,42534,12454400
2023-09-06,42191,42600,42177,42546,13071200
2023-09-07,42490,43144,42368,42996,18043600
2023-09-08,42749,44332,42737,44008,17466000
2023-09-11,43970,44281,43745,44144,16057100
2023-09-12,44281,44490,44069,44369,12424000
2023-09-13,44473,44546,43533,43636,11289100
2023-09-14,43663,44075,43436,44057,11790000
2023-09-15,43877,45121,43769,44917,16689400
2023-09-18,44880,45363,44518,45137,22190600
2023-09-19,45177,46106,44745,46054,13978200
2023-09-20,45982,47057,45829,46811,12765200
2023-09-21,46718,47126,46430,46993,18964400
2023-09-22,46745,47078,46468,46872,20916100
2023-09-25,46909,47306,46626,46640,16247700
2023-09-26,46773,47135,46017,46232,14115800
2023-09-27,46316,46448,46072,46174,18748100
2023-09-28,46293,47227,46243,46555,16741900
2023-09-29,46852,47329,46350,46387,14612700
2023-10-02,46564,47931,46344,47767,15085100
2023-10-03,47692,47943,47497,47833,12034500
2023-10-04,47694,48254,47432,48195,8566400
2023-10-05,48181,48452,47983,48121,14966700
2023-10-06,48102,48484,47239,47485,17552000
2023-10-09,47332,48187,47246,47850,16746100
2023-10-10,47967,48143,47625,48002,9711600
2023-10-11,48272,48443,48184,48328,13137600
2023-10-12,48376,49486,47922,49303,17360300
2023-10-13,49192,49216,48452,48678,18079000
2023-10-16,48448,49163,48341,49079,20329300
2023-10-17,49209,51023,48711,50426,12384200
2023-10-18,50432,51430,50301,51365,14222300
2023-10-19,51822,52354,51683,51992,16683200
2023-10-20,51922,53027,51700,52915,15455100
2023-10-23,52973,53120,52349,52600,11833200
2023-10-24,52677,52992,51666,51923,12400000
2023-10-25,51998,53618,51935,52857,16588700
2023-10-26,52988,53112,52476,52896,15979800
2023-10-27,52810,53690,52731,53144,16806800
2023-10-30,53530,53639,52222,52734,15146700
2023-10-31,52639,53445,52206,53093,14346100
2023-11-01,52969,53105,51653,51670,16307300
2023-11-02,51769,51794,50338,50740,18643200
2023-11-03,50757,50925,49909,50374,18476700
2023-11-06,50148,50382,48768,48938,16235800
2023-11-07,48466,49372,47606,48922,13952300
2023-11-08,48793,49143,48246,48310,18298800
2023-11-09,47864,48109,47748,47881,13584000
2023-11-10,47677,48127,47498,47886,13778300
2023-11-13,47710,48578,47337,48297,11148600
2023-11-14,48251,48417,47797,47913,12844700
2023-11-15,47659,47902,47264,47747,15683300
2023-11-16,47721,49009,47713,48593,15239000
2023-11-17,48280,48416,47366,47595,15050600
2023-11-20,47502,47704,46920,47097,13260500
2023-11-21,46991,48433,46611,48282,19651200
2023-11-22,48430,48458,47709,47786,13331400
2023-11-23,47676,47969,47638,47697,16022500
2023-11-24,47786,47890,46823,46964,18562400
2023-11-27,46830,47324,46508,47064,18530200
2023-11-28,46843,47014,46657,46848,15166500
2023-11-29,46717,47559,46522,47373,14289000
2023-11-30,47500,47503,46258,46557,13980800
2023-12-01,46558,47958,45926,47767,12370500
2023-12-04,47709,47956,47063,47803,15371400
2023-12-05,47780,47992,47381,47961,9550200
2023-12-06,47930,49330,47464,49053,14770200
2023-12-07,48792,49390,48753,49309,13927500
2023-12-08,49249,51657,48954,51226,16911400
2023-12-11,51312,51343,50507,50575,12098400
2023-12-12,50535,50786,50472,50508,11381400
2023-12-13,50398,50938,50244,50791,22268400
2023-12-14,50541,52351,50172,51802,20644300
2023-12-15,51858,51946,50989,51268,14171900
2023-12-18,51278,51973,51140,51697,17182300
2023-12-19,51157,52463,50792,52426,18203200
2023-12-20,52597,53731,52371,53433,15037700
2023-12-21,53438,53865,53085,53746,18002900
2023-12-22,53971,54143,53862,53903,15375100
2023-12-25,53984,54353,53548,54335,14252400
2023-12-26,54113,54473,53816,54110,20968900
2023-12-27,54302,56251,53515,55792,14370900
2023-12-28,55843,56419,55008,55067,14519200
2023-12-29,54943,55491,54689,55432,16381200
2024-01-01,55442,56035,55125,55820,14681400
2024-01-02,55929,56238,55189,55276,14717800
2024-01-03,55413,55528,53056,53388,16166500
2024-01-04,53189,53593,52925,53296,16216300
2024-01-05,53142,53614,52680,53563,20235100
2024-01-08,53638,53740,52910,53133,10635400
2024-01-09,53206,54154,53093,53744,18079200
2024-01-10,53519,53788,53217,53569,12981800
2024-01-11,53634,53949,52613,52909,10772000
2024-01-12,53149,53390,52982,53082,13879800
2024-01-15,52908,54242,52533,54187,15946100
2024-01-16,54232,55218,54219,54608,11688800
2024-01-17,54698,54795,53800,53955,9980400
2024-01-18,54110,54932,53921,54552,11708800
2024-01-19,54757,55398,54408,54703,12132700
2024-01-22,54741,55626,54734,55220,14601800
2024-01-23,55117,55721,54809,54976,14780400
2024-01-24,54996,55629,54586,54804,13487600
2024-01-25,54796,55131,54505,54685,16234400
2024-01-26,54792,55018,54704,54942,12373100
2024-01-29,54870,55414,54174,54937,10378200
2024-01-30,54832,55233,54824,54956,11847100
2024-01-31,55100,55258,53980,54346,18988200
2024-02-01,54493,55328,54279,55134,16215000
2024-02-02,55507,56209,55241,55620,13447300
2024-02-05,55363,56818,55271,56670,10417300
2024-02-06,56714,56994,56129,56348,12845200
2024-02-07,56181,57536,55991,57521,15204600
2024-02-08,57811,58081,56322,56905,17737700
2024-02-09,56970,57432,56835,57402,12508700
2024-02-12,57640,57737,55844,56178,11669600
2024-02-13,56165,56214,55777,56000,19328200
2024-02-14,55755,56233,55402,55492,14634600
2024-02-15,54977,55296,54532,54837,11480000
2024-02-16,54927,55270,54216,54727,17846000
2024-02-19,54832,55283,54204,54926,13210000
2024-02-20,54858,55469,53869,54493,14682900
2024-02-21,54865,55091,54472,54645,17184600
2024-02-22,54479,54964,54449,54833,15504400
2024-02-23,54761,55124,54005,54287,16619700
2024-02-26,54362,54638,53667,53804,18527700
2024-02-27,53908,54979,53691,54426,9462900
2024-02-28,54401,55262,54398,54884,14989500
2024-02-29,54757,55272,54492,54892,9448100
2024-03-01,54764,55466,54354,55057,18062400
2024-03-04,54904,55060,54890,55006,17038500
2024-03-05,54904,55341,54061,54316,16895700
2024-03-06,54557,54952,52849,52882,17960000
2024-03-07,52872,53304,52668,53046,15060800
2024-03-08,53467,54321,53376,54121,14802000
2024-03-11,54467,54957,54194,54790,11194200
2024-03-12,54934,56132,54705,56091,14941100
2024-03-13,56136,56443,56038,56180,11026500
2024-03-14,56342,56534,55959,56058,13145000
2024-03-15,56002,56078,54417,54680,15003900
2024-03-18,54521,54828,53850,53935,20552400
2024-03-19,53858,55164,53708,54875,14859000
2024-03-20,54277,55667,53296,55284,15754400
2024-03-21,55314,55951,55018,55459,16041100
2024-03-22,55198,55381,54473,54957,18610800
2024-03-25,54934,55527,54372,54811,16008100
2024-03-26,54946,55177,54844,54973,16472600
2024-03-27,54900,54910,53709,54062,14558400
2024-03-28,53738,54796,53245,54541,15593000
2024-03-29,54505,55804,53806,55646,14931500
2024-04-01,54955,56420,54537,56125,16161700
2024-04-02,56097,56326,55596,55925,17454900
2024-04-03,55904,57551,55677,57490,15426400
2024-04-04,57340,59057,57269,58998,18203800
2024-04-05,58998,59615,55820,55919,15341600
2024-04-08,55896,56152,55153,55179,18568600
2024-04-09,55475,55586,54779,55114,10186000
2024-04-10,55178,56945,55024,56554,18200700
2024-04-11,56310,57103,55954,57090,21192900
2024-04-12,57272,58029,56473,57760,11263000
2024-04-15,57723,58121,57265,57809,16506400
2024-04-16,57725,58160,56098,56504,12299600
2024-04-17,56496,57954,56288,57599,20158700
2024-04-18,57537,58441,57164,58191,15153000
2024-04-19,58646,58704,57832,58094,20400900
2024-04-22,57713,59249,57654,58866,12926300
2024-04-23,59284,59570,59257,59271,16557300
2024-04-24,59314,60232,57398,57856,11524500
2024-04-25,58075,58114,57744,57915,14175900
2024-04-26,57926,58292,57408,58033,11719400
2024-04-29,57872,58184,56811,57109,16490600
2024-04-30,56967,57005,56295,56709,19424200
2024-05-01,56971,57021,55970,56288,14296900
2024-05-02,56332,56685,56163,56437,16042600
2024-05-03,56509,56584,55993,56446,8897800
2024-05-06,56433,56694,56240,56555,10190800
2024-05-07,56355,56527,56340,56483,19578100
2024-05-08,56344,56609,56027,56187,17308400
2024-05-09,56279,56364,55022,55199,17139100
2024-05-10,54996,56013,54925,55982,12879200
2024-05-13,55543,56065,54762,55075,18306900
2024-05-14,54972,55926,54970,55777,14502300
2024-05-15,55439,56494,54819,56037,13818200
2024-05-16,55853,55989,53766,53818,15861500
2024-05-17,53676,54455,53503,53964,13071700
2024-05-20,54032,54410,53976,54026,13242700
2024-05-21,54013,54668,53837,54628,15548700
2024-05-22,54564,54715,54050,54250,13086600
2024-05-23,53828,54470,53522,54430,15526200
2024-05-24,54695,55406,54030,54261,18479600
2024-05-27,54423,55162,54116,55088,15684800
2024-05-28,55064,56419,54691,56157,16490600
2024-05-29,56079,57444,55944,56932,16021600
2024-05-30,56734,57650,56248,57377,11678600
2024-05-31,57375,57852,56906,57607,14486100
2024-06-03,57894,57946,56294,56917,18662800
2024-06-04,56488,58138,55992,57855,16381000
2024-06-05,57996,58358,57962,58324,17032300
2024-06-06,58290,58901,58121,58404,17379500
2024-06-07,58886,59078,58510,58970,18754700
2024-06-10,59147,59464,58294,58468,10614800
2024-06-11,58722,59817,58526,59741,19986000
2024-06-12,59364,60248,58899,60243,13869900
2024-06-13,60020,61500,59946,61485,13353100
2024-06-14,61474,61884,59831,60130,18633100
2024-06-17,60273,60562,59918,60017,17706500
2024-06-18,60273,60310,59172,59692,7141800
2024-06-19,59966,60606,59480,60556,12222000
2024-06-20,60719,61075,59414,60150,13341400
2024-06-21,60370,61144,60289,60707,13046500
2024-06-24,60459,62418,60121,62290,18222200
2024-06-25,61815,62126,61628,61695,11463300
2024-06-26,61464,62046,60888,61808,14368900
2024-06-27,61606,63764,61093,63745,15716100
2024-06-28,63504,63751,63357,63488,17242600
2024-07-01,63550,63702,63409,63608,12199600
2024-07-02,63407,63516,62678,62698,13967400
2024-07-03,62839,63318,61907,61991,12304200
2024-07-04,62295,63902,61878,63857,12810200
2024-07-05,63642,64648,63444,64517,13709200
2024-07-08,64222,64779,63354,63764,19256000
2024-07-09,64250,64694,63109,63386,13739300
2024-07-10,63659,64523,62415,62767,19157200
2024-07-11,62455,62508,62257,62326,17406400
2024-07-12,62775,63308,60913,61132,15663800
2024-07-15,61335,61600,59882,60072,14254200
2024-07-16,60374,61261,60344,60925,19792900
2024-07-17,60713,62138,60582,61836,12780300
2024-07-18,62198,62988,60637,60847,7281300
2024-07-19,60278,62302,60206,62026,10247400
2024-07-22,61967,63855,61621,63172,16156100
2024-07-23,63090,63152,62217,62984,12756100
2024-07-24,63349,63490,63071,63132,15708000
2024-07-25,63529,63621,62047,62265,9741400
2024-07-26,62400,63690,61963,62604,8676800
2024-07-29,63158,63480,62314,62560,13726700
2024-07-30,62763,63170,62079,62590,17064400
2024-07-31,62772,63962,62709,63857,10459000
2024-08-01,63722,64423,63044,64182,12478000
2024-08-02,63936,64367,63745,63763,18028800
2024-08-05,64000,64352,63231,63796,14082800
2024-08-06,64025,65256,63959,64838,15683800
2024-08-07,64505,64569,63063,63654,13718900
2024-08-08,63384,63481,63227,63294,11713100
2024-08-09,63353,63713,62483,62556,15865400
2024-08-12,62371,62968,62012,62806,15289300
2024-08-13,62383,64274,61673,64096,14897500
2024-08-14,63657,64661,63282,64169,14150700
2024-08-15,64234,64598,63497,64242,13131000
2024-08-16,64349,64491,64007,64347,17459400
2024-08-19,64356,65310,64197,65224,16647000
2024-08-20,64740,65529,63866,65336,12075400
2024-08-21,64965,65402,64794,65170,17040700
2024-08-22,65394,65876,64575,64891,14858700
2024-08-23,64688,64746,62988,63857,16250100
2024-08-26,64016,65234,63481,65091,18880100
2024-08-27,65333,65455,64393,64671,16974800
2024-08-28,64248,64639,63962,64357,15534200
2024-08-29,64703,64938,64541,64893,12565400
2024-08-30,65087,65658,64715,65586,13267500
2024-09-02,65393,66236,65107,66070,12690400
2024-09-03,66149,66646,65621,66370,6286000
2024-09-04,66279,66520,65601,65819,15601200
2024-09-05,66063,67712,65699,67254,16770100
2024-09-06,67040,67647,66977,67555,16118900
2024-09-09,67620,68142,67053,67333,12763500
2024-09-10,67022,67570,66329,67533,17928200
2024-09-11,68010,68157,67222,67891,14528400
2024-09-12,67819,69642,67224,69229,15442700
2024-09-13,69345,71451,68506,70805,17967100
2024-09-16,71131,71360,70188,70436,18203000
2024-09-17,70670,71310,68016,68052,18950000
2024-09-18,67804,68284,67384,68063,15673800
2024-09-19,67874,67885,66764,67005,11627300
2024-09-20,67219,67353,66314,66900,15021800
2024-09-23,67075,68513,66190,68263,12590200
2024-09-24,68116,69451,68067,69151,16070700
2024-09-25,69088,69262,67294,67456,16365500
2024-09-26,67730,68236,66289,66296,14050200
2024-09-27,66117,66144,65658,65879,21871900
2024-09-30,66252,66334,64495,65097,13656300
2024-10-01,65064,65194,63933,64203,17385400
2024-10-02,64173,64596,63031,63353,12918200
2024-10-03,63651,64147,61313,61471,14550100
2024-10-04,61965,63162,61348,62959,16554000
2024-10-07,62841,63496,62348,62468,12313300
2024-10-08,62860,63085,62060,62475,12529900
2024-10-09,62353,62898,62096,62207,14555700
2024-10-10,61731,63670,61426,63237,13924800
2024-10-11,63035,65077,62422,65059,10891400
2024-10-14,65147,65731,64954,65281,19368100
2024-10-15,64931,66095,64593,65231,12970500
2024-10-16,65323,65819,65177,65418,11198200
2024-10-17,65528,66227,62539,63267,13698700
2024-10-18,63691,64618,61913,61949,10156000
2024-10-21,62146,62312,60262,60399,17876000
2024-10-22,60427,62157,60059,62098,18381700
2024-10-23,61563,63432,61481,62679,19535400
2024-10-24,62353,64608,61556,63824,17059600
2024-10-25,63895,65259,63567,64813,14473900
2024-10-28,64762,65745,63995,65659,17427900
2024-10-29,65619,66395,63995,64156,17843400
2024-10-30,64165,64598,64086,64367,9606500
2024-10-31,64347,64928,64013,64870,14586900
2024-11-01,64938,65120,64789,64899,17850100
2024-11-04,64825,65934,64438,65804,14957700
2024-11-05,65647,67504,65226,67161,17717600
2024-11-06,67413,68053,66710,67165,15536900
2024-11-07,67555,67889,66103,66575,16312200
2024-11-08,66434,67683,66416,67642,14184300
2024-11-11,67846,68204,66608,66731,18983900
2024-11-12,66376,66464,65855,66018,16436700
2024-11-13,66177,67553,65580,67062,14907600
2024-11-14,66541,67175,65878,66872,12729800
2024-11-15,66840,67132,66219,66794,10738400
2024-11-18,66320,67743,66298,67403,15146900
2024-11-19,67283,68001,67075,67950,12901700
2024-11-20,67941,72037,67839,71668,5377700
2024-11-21,71717,72004,70730,71599,12629200
2024-11-22,71787,72610,71460,72328,10779000
2024-11-25,72551,72897,69381,70311,17201900
2024-11-26,70199,70877,70013,70586,13741500
2024-11-27,70189,70370,69839,70294,8745400
2024-11-28,71007,71539,70607,71452,17573400
2024-11-29,71407,71474,69085,69540,14443000
2024-12-02,69221,71797,69079,71695,16873800
2024-12-03,71695,71907,70300,70373,13855800
2024-12-04,70505,71860,69931,71640,21878800
2024-12-05,71495,72281,71041,71049,13661500
2024-12-06,70771,71337,70504,70648,18592200
2024-12-09,70528,71760,70089,71394,17597200
2024-12-10,71529,72150,69702,70218,14531900
2024-12-11,70292,70834,69490,69940,14853000
2024-12-12,69809,69952,68584,68682,13557600
2024-12-13,68409,68831,67411,67411,16817500
2024-12-16,67314,67576,66973,67547,10280300
2024-12-17,67654,68817,67371,68486,14777800
2024-12-18,68540,68635,67731,67781,17909100
2024-12-19,67855,67872,66688,66970,12855300
2024-12-20,67078,67136,66483,66827,14533300
2024-12-23,66489,67017,63742,64462,11099100
2024-12-24,64623,65014,63123,63713,11657200
2024-12-25,63744,65113,63381,64933,15682100
2024-12-26,64646,65455,64054,65105,16730600
2024-12-27,64774,65313,63374,64065,16359800
2024-12-30,64124,64625,64087,64612,18657800
2024-12-31,64927,66141,64925,65470,19592200
2025-01-01,65456,65514,64604,65051,16038800
2025-01-02,64682,65446,64236,65331,19065800
2025-01-03,65376,67628,65098,67559,16707300
2025-01-06,67545,68037,67128,67918,14823700
2025-01-07,67905,68053,66835,67205,20239800
2025-01-08,67362,67540,65857,66003,13361600
2025-01-09,65585,66835,65538,66682,17974000
2025-01-10,66661,68547,66630,68545,14600400
2025-01-13,68850,69189,68633,68918,23406600
2025-01-14,68764,70909,68384,70718,19149100
2025-01-15,70547,70856,68884,69078,15991400
2025-01-16,69201,69660,69167,69570,16272800
2025-01-17,69677,70432,69635,69897,12246900
2025-01-20,70108,71549,69666,70770,13600400
2025-01-21,70975,72178,70859,72142,14237700
2025-01-22,71811,72262,70469,71314,15236700
2025-01-23,70949,70954,69491,70261,11423700
2025-01-24,70337,71267,69695,70443,13371000
2025-01-27,70289,70912,70216,70382,14863100
2025-01-28,70300,70474,68357,68454,11919600
2025-01-29,68282,69089,67174,67374,13188100
2025-01-30,67660,69114,67150,68529,10758900
2025-01-31,68874,69221,68866,68895,18354900
2025-02-03,68441,68767,68231,68420,15155000
2025-02-04,67888,68463,67867,68305,12415500
2025-02-05,68576,69010,67766,68984,8466300
2025-02-06,69036,70523,68985,69772,17050700
2025-02-07,70310,70488,68563,68636,15710400
2025-02-10,68394,68650,68199,68460,13669600
2025-02-11,68415,71224,67506,71121,12188500
2025-02-12,71327,71712,70744,71030,15363900
2025-02-13,70656,71846,69993,70930,14934400
2025-02-14,71147,71252,68003,68424,14581300
2025-02-17,68248,68598,68083,68153,12195000
2025-02-18,67747,67992,65187,65765,11388100
2025-02-19,65160,66021,65135,65808,15757300
2025-02-20,65789,65859,65060,65167,14358400
2025-02-21,65237,65444,64437,64972,12358300
2025-02-24,65009,65336,64182,64294,16098900
2025-02-25,64260,65123,64182,64696,14904400
2025-02-26,64801,65424,64499,65218,14800100
2025-02-27,65655,66942,65126,66761,15803600
2025-02-28,67125,68162,64974,65240,17917900
2025-03-03,65223,65338,64554,65319,14224600
2025-03-04,65723,66814,64967,66421,18398500
2025-03-05,66561,67330,65228,67128,8603000
2025-03-06,66907,69345,66614,68532,22609600
2025-03-07,68653,68681,65906,66035,12111300
2025-03-10,66223,66714,65941,66542,15963200
2025-03-11,66851,67107,65677,65784,15858100
2025-03-12,65474,65866,65442,65542,16337000
2025-03-13,65181,65816,65007,65327,10889600
2025-03-14,65446,67426,64858,67080,12459300
2025-03-17,67178,67923,67036,67509,12687000
2025-03-18,67407,67635,65922,66673,12707900
2025-03-19,66667,67453,65499,67111,16357600
2025-03-20,67056,67334,66535,66815,15323000
2025-03-21,66620,68564,66349,68366,19644600
2025-03-24,68435,68515,67517,68011,16420000
2025-03-25,67716,69375,67711,68984,20753800
2025-03-26,69186,69972,68402,69530,16893300
2025-03-27,69717,69766,69335,69589,10718900
2025-03-28,69214,69912,68779,68902,16494400
2025-03-31,68814,69324,66917,66932,12907600
2025-04-01,67108,67533,67089,67445,17895900
2025-04-02,67498,67558,67051,67212,10240100
2025-04-03,66777,68425,66199,68066,12766200
2025-04-04,67861,68983,67736,68945,15831300
2025-04-07,68956,69025,68675,68993,21042400
2025-04-08,69011,70327,68640,69451,15218600
2025-04-09,69357,70032,69264,69804,18989900
2025-04-10,70073,70356,68773,69126,14042100
2025-04-11,69362,69771,67561,67757,14361300
2025-04-14,67804,67876,67433,67860,12487600
2025-04-15,68094,68430,67385,67617,10254700
2025-04-16,67540,67583,67188,67485,15065800
2025-04-17,67265,67735,64916,65638,15778900
2025-04-18,65798,66674,65423,66086,17449800
2025-04-21,66163,67227,65755,66075,15860700
2025-04-22,66348,66366,65742,65763,12337200
2025-04-23,65774,66637,65598,66440,12324300
2025-04-24,66235,66676,65325,65702,9811600
2025-04-25,64961,66341,64724,66214,21219400
2025-04-28,65872,69238,65617,68575,12657000
2025-04-29,68421,69613,68284,69342,15511400
2025-04-30,69097,71817,68695,71080,15880500
2025-05-01,70920,71584,69986,70043,16552600
2025-05-02,70087,71183,69584,70176,11181900
2025-05-05,70748,72334,70433,72277,13497900
2025-05-06,72129,72496,70959,71147,12022500
2025-05-07,71332,71644,70094,70363,17154000
2025-05-08,70071,72791,69669,72380,15216500
2025-05-09,72422,74049,72043,74015,16527200
2025-05-12,74185,74694,71671,72050,12028600
2025-05-13,72034,72925,71864,72839,11090100
2025-05-14,72739,72921,70025,70445,14242400
2025-05-15,70903,71220,70677,71081,14150400
2025-05-16,70937,72748,70635,72515,17298300
2025-05-19,73018,73611,72728,73085,15206500
2025-05-20,72736,74572,72302,74252,14343700
2025-05-21,74242,74342,73704,73920,13078300
2025-05-22,73507,76123,73333,75936,20067600
2025-05-23,75950,76825,74626,76383,9454500
2025-05-26,76052,76792,75987,76530,18262800
2025-05-27,76457,76736,75103,75656,15986600
2025-05-28,75073,75919,74543,75246,16995000
2025-05-29,75015,75453,74744,74787,11897300
2025-05-30,74736,75392,73784,75255,17805800
2025-06-02,74744,74825,74032,74276,15498200
2025-06-03,74328,75286,74049,75149,11219200
2025-06-04,75484,77280,75460,76476,12103000
2025-06-05,76837,77018,73857,73862,4504900
2025-06-06,73397,74353,73188,74143,16617100
2025-06-09,74054,74602,73555,74510,13329300
2025-06-10,74897,75462,73476,73732,14819300
2025-06-11,73967,74154,73028,73487,15242800
2025-06-12,74085,74310,73735,73794,13651200
2025-06-13,73247,75040,72615,74892,17333900
2025-06-16,74211,75170,73870,74872,13978200
2025-06-17,74910,77015,74457,75990,19442300
2025-06-18,76219,76474,75230,76446,13734300
2025-06-19,76584,76791,75448,75837,20003000
2025-06-20,75804,76066,74938,74959,18671200
2025-06-23,75942,76027,73236,73339,15286900
2025-06-24,73400,74144,72855,73887,20082500
2025-06-25,73972,74712,73677,74681,15875700
2025-06-26,74571,75144,74184,74962,19766400
2025-06-27,75074,75409,73451,73587,17458600
2025-06-30,73887,75225,73825,74850,7796900
2025-07-01,74971,75376,74720,74802,12255300
2025-07-02,74966,75258,74357,75190,14627000
2025-07-03,74875,75762,74705,75157,12963900
2025-07-04,75663,75977,74498,75775,13337600
2025-07-07,76081,77364,75917,77070,11794100
2025-07-08,76962,77192,75784,76015,12850400
2025-07-09,75575,75747,74659,75734,14210200
2025-07-10,76334,76409,75619,76283,17580400
2025-07-11,76136,76419,75414,75663,13093200
2025-07-14,75902,76207,75794,75942,15499500
2025-07-15,75540,76467,75365,76205,19219300
2025-07-16,75521,76440,74878,76202,19166000
2025-07-17,76554,76881,76049,76428,11889800
2025-07-18,76714,77208,75764,75836,18444500
2025-07-21,75890,77534,74802,77146,13942000
2025-07-22,77266,80320,77039,79286,14169200
2025-07-23,78921,79457,78626,79374,20544000
2025-07-24,79731,79864,78535,79149,17577900
2025-07-25,79332,79451,77677,77950,16716200
2025-07-28,77727,79047,76917,78984,15114200
2025-07-29,78679,78940,76164,76391,11074600
2025-07-30,76653,77282,75175,75583,7904100
2025-07-31,75842,77356,75593,76384,15431500
2025-08-01,76567,77079,75554,75654,16520100
2025-08-04,75506,77455,75112,77319,13145700
2025-08-05,78209,78630,77004,77216,11010100
2025-08-06,77498,77625,75017,75562,18093300
2025-08-07,75962,76335,74672,74773,14316900
2025-08-08,74916,76474,74797,75938,14085400
2025-08-11,76142,78350,76103,78345,15044400
2025-08-12,78489,79124,78371,79050,13573700
2025-08-13,78811,79580,78297,78595,12087000
2025-08-14,78845,79261,78024,79193,18073100
2025-08-15,79528,79966,76504,76520,14319000
2025-08-18,76904,77492,76402,77449,15951300
2025-08-19,78088,78370,75700,76514,17193400
2025-08-20,76100,76804,75436,75488,12968200
2025-08-21,75470,75539,74601,75178,15064000
2025-08-22,75020,76189,74853,75452,10961900
2025-08-25,75308,76125,74759,75717,13355800
2025-08-26,75910,76037,74361,74738,12468300
2025-08-27,75297,76746,75195,76463,18399100
2025-08-28,76057,76495,75738,75909,13770700
2025-08-29,76176,76410,74997,75692,15550600
2025-09-01,75951,76296,74690,75271,13331000
2025-09-02,75313,75815,73419,73631,13254700
2025-09-03,74097,74273,72604,72796,14799500
2025-09-04,72494,73414,72402,72583,16475300
2025-09-05,72499,74293,72200,74281,15947400
2025-09-08,74301,74548,73803,73940,12732300
2025-09-09,73922,74019,69526,70395,15384900
2025-09-10,70211,71773,70140,71640,18761600
2025-09-11,72009,74069,71645,73436,13125200
2025-09-12,73331,74057,73043,73424,8341200
2025-09-15,73114,73604,71204,72091,16613200
2025-09-16,71968,73441,71758,73260,15955100
2025-09-17,73671,74057,71985,72115,12112900
2025-09-18,72085,72497,72038,72337,21728900
2025-09-19,72181,72734,71929,72204,13714700
2025-09-22,72012,73194,71040,72943,8281900
2025-09-23,72603,74472,72449,73992,15011200
2025-09-24,73904,76387,73181,76136,12437300
2025-09-25,76485,77528,75780,77068,14475400
2025-09-26,77335,77737,75064,76184,20554200
2025-09-29,76213,76495,75863,75973,13828400
2025-09-30,76005,76961,74562,75057,14809900
2025-10-01,74829,75801,74702,75769,15898300
2025-10-02,75556,76315,75497,76209,11504900
2025-10-03,76045,76354,75745,76068,13514900
2025-10-06,76320,76576,73680,74429,19373400
2025-10-07,74723,75959,74671,75953,19661100
2025-10-08,76090,77083,75851,76843,10806500
2025-10-09,77026,77808,76863,77526,18052800
2025-10-10,77998,78549,76862,77565,22331500
2025-10-13,77500,79499,77294,79193,16436100
2025-10-14,78847,79637,78391,78912,12554800
2025-10-15,79115,80418,78361,80037,20006300
2025-10-16,80292,81255,80188,80735,10148300
2025-10-17,81115,81515,80270,80373,14432000
2025-10-20,80255,81328,79806,81285,14931300
2025-10-21,81299,81926,80053,80275,11932900
2025-10-22,80269,81134,79881,81049,10808500
2025-10-23,81581,82150,80901,81040,10532600
2025-10-24,80855,82245,80525,82129,15689700
2025-10-27,82214,83783,81566,83154,11097700
2025-10-28,83460,83729,83429,83547,13575300
2025-10-29,83499,85190,82295,85063,16010300
2025-10-30,84763,84891,83600,84127,15038000
2025-10-31,83245,84433,82755,83669,14427400
2025-11-03,83832,85448,83746,85103,13918700
2025-11-04,84794,85376,82424,82710,16220000
2025-11-05,82382,83682,81582,83035,11127700
2025-11-06,82788,83263,82280,82558,14410900
2025-11-07,81989,82966,81773,82851,16075700
2025-11-10,82208,82512,81106,81732,22307200
2025-11-11,82621,83252,82475,83147,12161700
2025-11-12,83187,83260,82457,82582,16370600
2025-11-13,82800,84756,82385,84531,13538100
2025-11-14,85015,85353,84613,84678,13823300
2025-11-17,84562,85167,84370,84927,15055900
2025-11-18,84319,84519,81928,82394,9142700
2025-11-19,82271,84160,82211,83851,15683900
2025-11-20,83935,83974,82596,83336,19025600
2025-11-21,83333,83334,82181,82390,21319300
2025-11-24,81912,82139,79681,79996,14751500
2025-11-25,79865,80045,77901,78041,17836000
2025-11-26,78044,79243,77827,79156,14703000
2025-11-27,79260,80316,78582,80181,16153100
2025-11-28,79920,80076,79445,80053,14091900
2025-12-01,80845,81694,80755,81393,20150600
2025-12-02,81389,81396,79859,80136,14587700
2025-12-03,80243,80389,79339,79576,13093500
2025-12-04,79722,80295,77891,77916,17374400
2025-12-05,77552,78399,76826,77989,17795900
2025-12-08,77819,78836,77671,78729,11488300
2025-12-09,79083,80272,78840,79343,17131700
2025-12-10,79273,79960,78726,78928,16539800
2025-12-11,79230,80003,78330,79682,14920900
2025-12-12,79081,80704,79054,80266,13640100
2025-12-15,81029,81921,79113,79332,15424300
2025-12-16,79413,79422,78668,79065,15183800
2025-12-17,78772,79540,78393,79054,15103800
2025-12-18,79216,79684,77586,78236,18910400
2025-12-19,77959,78086,75314,76140,15011400
2025-12-22,75948,76478,75552,76277,17705200
2025-12-23,75868,76401,75204,76221,12754900
2025-12-24,76592,77372,75268,75336,18056700
2025-12-25,75127,76375,74769,75620,13939200
2025-12-26,76181,76872,76044,76261,14283800
2025-12-29,76336,77245,76029,76338,16635300
2025-12-30,75883,76863,75436,76571,11817400
2025-12-31,76656,77117,76075,76217,20410600
