Date,Open,High,Low,Close,Volume
2011-01-03,30.00,30.14,29.74,30.00,179900
2011-01-04,30.05,30.16,29.74,30.12,120300
2011-01-05,29.91,29.99,29.46,29.61,167600
2011-01-06,29.55,30.21,29.49,29.94,221200
2011-01-07,30.03,30.86,29.79,30.37,186300
2011-01-10,30.41,30.48,29.37,29.42,153300
2011-01-11,29.49,29.56,28.73,28.79,171500
2011-01-12,28.79,28.92,28.76,28.84,115800
2011-01-13,28.97,29.06,28.51,28.67,110700
2011-01-14,28.78,29.04,28.62,28.65,150700
2011-01-18,28.70,28.78,28.06,28.25,160000
2011-01-19,28.35,28.71,28.18,28.63,177400
2011-01-20,28.72,29.08,28.63,28.98,135800
2011-01-21,28.92,29.29,28.68,28.99,154800
2011-01-24,28.83,29.56,28.55,29.50,154000
2011-01-25,29.55,29.82,29.21,29.70,146700
2011-01-26,29.77,30.03,29.00,29.28,148200
2011-01-27,29.40,29.70,29.19,29.43,128600
2011-01-28,29.32,29.39,28.86,28.96,157000
2011-01-31,28.86,29.44,28.63,29.36,154900
2011-02-01,29.41,29.96,29.27,29.31,139000
2011-02-02,29.31,29.36,29.17,29.21,166600
2011-02-03,28.99,29.22,28.74,28.87,175700
2011-02-04,28.92,29.46,28.68,29.43,166900
2011-02-07,29.21,29.51,29.01,29.34,123900
2011-02-08,29.22,29.29,28.98,29.12,152500
2011-02-09,29.27,29.34,28.70,28.94,127200
2011-02-10,29.15,29.27,29.08,29.17,152400
2011-02-11,29.02,29.56,28.56,29.32,127300
2011-02-14,29.28,29.78,29.06,29.49,181900
2011-02-15,29.50,29.73,29.42,29.68,169600
2011-02-16,29.89,30.73,29.82,30.69,178800
2011-02-17,30.63,30.77,30.37,30.47,176300
2011-02-18,30.41,30.50,30.00,30.20,143200
2011-02-22,30.38,30.43,29.61,29.78,139400
2011-02-23,29.74,30.18,29.66,30.06,193500
2011-02-24,30.14,30.61,30.05,30.58,145900
2011-02-25,30.40,30.62,30.29,30.50,116100
2011-02-28,30.48,30.62,30.04,30.07,175200
2011-03-01,29.87,29.90,29.42,29.65,153600
2011-03-02,29.53,29.98,29.51,29.94,187600
2011-03-03,30.04,30.56,29.59,30.28,156100
2011-03-04,30.27,30.61,29.99,30.52,149500
2011-03-07,30.48,30.55,30.12,30.17,188200
2011-03-08,30.08,30.34,29.65,30.26,111500
2011-03-09,30.24,30.41,29.91,30.30,135400
2011-03-10,30.33,30.53,30.11,30.38,127800
2011-03-11,30.50,30.85,30.46,30.78,95100
2011-03-14,30.46,30.96,30.14,30.87,171800
2011-03-15,30.76,31.45,30.73,31.18,136100
2011-03-16,31.20,31.32,31.05,31.18,172600
2011-03-17,31.17,31.35,31.11,31.30,159700
2011-03-18,31.35,31.83,31.26,31.59,165200
2011-03-21,31.62,31.73,30.82,30.83,138600
2011-03-22,30.80,31.28,30.53,30.65,130900
2011-03-23,30.59,30.70,30.26,30.40,152200
2011-03-24,30.37,30.47,29.77,30.06,173000
2011-03-25,30.20,30.28,29.75,29.91,148700
2011-03-28,29.82,30.61,29.81,30.61,132500
2011-03-29,30.60,30.64,30.13,30.17,120000
2011-03-30,30.19,30.63,29.89,30.61,155100
2011-03-31,30.80,30.81,29.60,29.78,136100
2011-04-01,29.74,29.98,29.38,29.60,148200
2011-04-04,29.71,29.71,29.62,29.65,144000
2011-04-05,29.80,30.11,29.75,29.91,138900
2011-04-06,29.90,30.40,29.75,30.23,157300
2011-04-07,30.21,30.72,30.20,30.60,163900
2011-04-08,30.56,30.88,30.15,30.40,199100
2011-04-11,30.37,30.57,30.14,30.15,168900
2011-04-12,30.26,30.63,30.19,30.55,189800
2011-04-13,30.58,30.71,30.37,30.43,129500
2011-04-14,30.46,30.64,29.63,29.79,110000
2011-04-15,29.66,29.87,29.18,29.24,149600
2011-04-18,29.12,29.47,28.70,28.79,171500
2011-04-19,29.04,29.20,28.97,29.00,167500
2011-04-20,28.98,29.25,28.93,29.05,180300
2011-04-21,28.96,29.38,28.63,29.36,86600
2011-04-22,29.53,29.60,28.97,29.14,181300
2011-04-25,29.17,29.20,28.98,29.20,158400
2011-04-26,29.26,29.70,29.06,29.47,111400
2011-04-27,29.45,29.46,29.19,29.31,168100
2011-04-28,29.27,29.69,29.14,29.50,154200
2011-04-29,29.48,29.55,29.08,29.17,159500
2011-05-02,29.01,29.17,28.77,28.98,175000
2011-05-03,28.97,29.02,28.45,28.79,160800
2011-05-04,28.83,29.08,28.13,28.23,113200
2011-05-05,28.44,28.58,28.35,28.44,146400
2011-05-06,28.45,28.45,28.03,28.21,109600
2011-05-09,27.95,28.29,27.93,28.20,166200
2011-05-10,28.19,28.53,27.94,28.41,184900
2011-05-11,28.72,28.75,28.55,28.59,119000
2011-05-12,28.69,29.09,28.50,28.89,133200
2011-05-13,28.79,29.14,28.78,28.82,127900
2011-05-16,28.89,28.89,28.53,28.61,138700
2011-05-17,28.53,28.57,28.32,28.56,160300
2011-05-18,28.41,28.48,27.67,27.78,138900
2011-05-19,27.75,27.94,26.99,27.14,166300
2011-05-20,27.15,27.23,26.35,26.56,176600
2011-05-23,26.36,26.61,25.96,26.13,177500
2011-05-24,26.01,26.40,25.96,26.30,122000
2011-05-25,26.30,26.51,25.57,25.91,184600
2011-05-26,25.87,26.00,25.66,25.75,186700
2011-05-27,25.79,26.33,25.65,26.29,188800
2011-05-31,26.16,26.38,26.02,26.14,146100
2011-06-01,26.21,26.56,25.98,26.44,131200
2011-06-02,26.32,26.36,25.91,26.04,125400
2011-06-03,26.22,26.24,25.88,25.95,122500
2011-06-06,25.78,25.83,25.40,25.56,150300
2011-06-07,25.45,25.57,25.35,25.42,171200
2011-06-08,25.46,25.76,25.25,25.76,182700
2011-06-09,25.93,25.98,24.91,25.06,137900
2011-06-10,25.09,25.49,24.91,25.23,149000
2011-06-13,25.29,25.35,25.16,25.33,147400
2011-06-14,25.33,25.37,24.94,25.08,134100
2011-06-15,24.98,25.14,24.45,24.51,168400
2011-06-16,24.46,24.81,24.44,24.54,159100
2011-06-17,24.42,24.48,24.13,24.34,153500
2011-06-20,24.21,24.50,24.12,24.43,159000
2011-06-21,24.47,24.61,24.31,24.44,165400
2011-06-22,24.33,25.08,24.30,25.08,165100
2011-06-23,25.11,25.38,24.97,24.98,129000
2011-06-24,24.85,24.95,24.51,24.57,172400
2011-06-27,24.60,24.71,24.53,24.65,156400
2011-06-28,24.60,24.77,24.46,24.74,139100
2011-06-29,24.87,25.33,24.85,25.28,155900
2011-06-30,25.31,25.75,25.16,25.62,158600
2011-07-01,25.75,25.97,25.58,25.76,177000
2011-07-05,25.69,26.50,25.67,26.37,123800
2011-07-06,26.38,26.45,25.82,25.87,183100
2011-07-07,25.77,25.96,25.53,25.60,150600
2011-07-08,25.56,25.90,25.21,25.22,137300
2011-07-11,25.20,25.40,24.81,25.06,136600
2011-07-12,24.99,25.01,24.36,24.52,125000
2011-07-13,24.40,25.05,24.24,24.77,106500
2011-07-14,24.63,25.13,24.62,24.68,166900
2011-07-15,24.45,24.68,23.87,24.11,199500
2011-07-18,24.01,24.01,23.67,23.73,109600
2011-07-19,23.78,23.86,23.70,23.85,126200
2011-07-20,23.70,24.27,23.57,24.18,168800
2011-07-21,24.04,25.05,23.88,24.96,148900
2011-07-22,25.14,26.33,24.99,26.16,170900
2011-07-25,26.09,26.39,25.78,26.32,147500
2011-07-26,26.36,26.36,25.78,25.91,135500
2011-07-27,25.97,26.01,25.02,25.03,144400
2011-07-28,25.10,25.26,24.86,25.14,90400
2011-07-29,24.99,25.12,24.73,24.82,121400
2011-08-01,24.79,24.89,24.53,24.65,173700
2011-08-02,24.49,24.62,24.19,24.41,179800
2011-08-03,24.65,24.73,24.16,24.36,185200
2011-08-04,24.21,24.94,24.17,24.78,161000
2011-08-05,24.68,24.86,24.61,24.85,93600
2011-08-08,24.74,24.89,24.61,24.78,134100
2011-08-09,24.63,24.77,24.27,24.38,183100
2011-08-10,24.51,24.82,23.66,23.73,190600
2011-08-11,23.97,24.00,23.46,23.56,184100
2011-08-12,23.51,23.71,23.25,23.54,144100
2011-08-15,23.42,24.37,23.37,24.22,117300
2011-08-16,24.01,24.36,23.95,24.28,149000
2011-08-17,24.25,24.67,24.08,24.66,150400
2011-08-18,24.63,24.82,24.46,24.47,189100
2011-08-19,24.40,24.43,23.83,24.01,155700
2011-08-22,24.03,24.12,23.57,23.65,150400
2011-08-23,23.68,23.74,23.36,23.38,151800
2011-08-24,23.41,24.30,23.30,24.20,160000
2011-08-25,24.16,24.21,23.77,23.88,165700
2011-08-26,23.78,24.29,23.71,24.21,131900
2011-08-29,24.27,24.29,23.54,23.87,123600
2011-08-30,23.87,24.50,23.73,24.23,184300
2011-08-31,24.31,24.49,24.11,24.38,109000
2011-09-01,24.46,24.68,24.14,24.32,190900
2011-09-02,24.18,24.34,24.06,24.31,102200
2011-09-06,24.17,24.24,23.96,24.06,135400
2011-09-07,23.99,24.27,23.88,24.23,174300
2011-09-08,24.13,24.25,23.77,24.06,150000
2011-09-09,24.13,24.17,23.52,23.60,117100
2011-09-12,23.63,23.70,22.84,23.13,160700
2011-09-13,23.23,23.39,23.08,23.20,151700
2011-09-14,23.23,23.90,23.12,23.80,144600
2011-09-15,23.82,23.98,23.68,23.86,134400
2011-09-16,23.98,24.11,23.65,23.82,149100
2011-09-19,23.87,24.02,23.83,23.94,135500
2011-09-20,23.94,24.62,23.85,24.45,210900
2011-09-21,24.59,24.66,24.33,24.53,144000
2011-09-22,24.55,24.64,24.29,24.38,140700
2011-09-23,24.35,24.89,24.21,24.81,136500
2011-09-26,24.73,25.02,24.55,24.98,194400
2011-09-27,25.06,25.98,24.88,25.61,109000
2011-09-28,25.73,25.78,25.68,25.68,159000
2011-09-29,25.67,25.69,24.94,25.18,144000
2011-09-30,25.31,25.37,24.37,24.63,114400
2011-10-03,24.44,25.56,24.28,25.29,129500
2011-10-04,25.29,26.18,25.10,26.00,157900
2011-10-05,26.00,26.08,25.60,25.92,128400
2011-10-06,25.85,25.99,25.59,25.76,156500
2011-10-07,26.01,26.45,25.86,26.36,193200
2011-10-11,26.36,26.52,25.82,25.90,154300
2011-10-12,25.85,26.08,25.27,25.52,113700
2011-10-13,25.53,25.89,25.49,25.79,128800
2011-10-14,25.58,25.73,25.56,25.62,142900
2011-10-17,25.54,25.79,25.47,25.62,141200
2011-10-18,25.72,25.92,25.51,25.55,153800
2011-10-19,25.48,25.86,25.42,25.68,157800
2011-10-20,25.60,26.28,25.56,26.27,193300
2011-10-21,26.40,26.62,26.28,26.30,149900
2011-10-24,26.44,26.77,26.00,26.57,121200
2011-10-25,26.62,26.65,25.56,25.70,178800
2011-10-26,25.65,25.76,25.49,25.68,181600
2011-10-27,25.65,25.97,25.28,25.33,155800
2011-10-28,25.25,25.30,24.72,24.84,143800
2011-10-31,24.74,24.98,24.43,24.50,165600
2011-11-01,24.39,24.43,24.17,24.37,144700
2011-11-02,24.31,24.95,24.15,24.73,98600
2011-11-03,24.63,24.72,24.16,24.21,164100
2011-11-04,24.06,24.38,23.92,24.23,172300
2011-11-07,24.25,24.29,23.97,24.04,186000
2011-11-08,24.06,24.08,23.80,23.92,131700
2011-11-09,24.08,24.45,24.03,24.31,155700
2011-11-10,24.25,24.67,24.22,24.52,156200
2011-11-14,24.55,25.28,24.48,25.06,152100
2011-11-15,25.09,25.23,24.87,24.99,152900
2011-11-16,24.97,25.13,24.57,24.72,150900
2011-11-17,24.79,24.86,24.62,24.63,155300
2011-11-18,24.71,24.73,24.69,24.73,168500
2011-11-21,24.76,24.88,24.52,24.80,180500
2011-11-22,24.77,24.86,24.37,24.37,131100
2011-11-23,24.34,24.49,24.33,24.41,145700
2011-11-25,24.28,24.80,24.21,24.50,139400
2011-11-28,24.42,25.58,24.41,25.51,135900
2011-11-29,25.45,26.68,25.32,26.29,109600
2011-11-30,26.17,26.20,25.87,25.93,150600
2011-12-01,25.97,26.10,25.80,25.80,162000
2011-12-02,25.93,26.02,24.92,25.20,146100
2011-12-05,25.11,25.31,24.85,24.96,149800
2011-12-06,24.99,25.27,24.90,25.09,160500
2011-12-07,24.99,25.69,24.88,25.58,185300
2011-12-08,25.55,25.58,25.23,25.28,139500
2011-12-09,25.21,25.52,24.82,25.02,120700
2011-12-12,25.08,25.08,24.10,24.17,147700
2011-12-13,24.11,24.16,24.08,24.11,197100
2011-12-14,24.21,24.25,23.69,23.71,121000
2011-12-15,23.69,23.76,23.51,23.51,166300
2011-12-16,23.45,23.48,23.07,23.19,178900
2011-12-19,23.08,23.24,23.00,23.16,90900
2011-12-20,23.19,23.46,22.47,22.53,160300
2011-12-21,22.61,22.63,21.84,22.01,165100
2011-12-22,22.04,22.92,22.04,22.79,143300
2011-12-23,22.99,23.07,22.28,22.33,133800
2011-12-27,22.46,22.53,21.85,21.95,135200
2011-12-28,21.93,22.81,21.82,22.62,141800
2011-12-29,22.59,23.71,22.45,23.71,142400
2011-12-30,23.75,23.83,23.12,23.27,137700
2012-01-03,23.19,23.39,22.97,23.14,141400
2012-01-04,23.25,23.31,23.20,23.28,179800
2012-01-05,23.31,23.94,23.24,23.93,119600
2012-01-06,23.96,24.14,23.55,23.56,106300
2012-01-09,23.63,23.71,23.42,23.48,180200
2012-01-10,23.64,23.81,23.56,23.78,145200
2012-01-11,23.79,24.10,23.60,23.95,140300
2012-01-12,23.94,23.95,23.73,23.81,147200
2012-01-13,23.95,24.11,23.63,23.76,155200
2012-01-17,23.85,24.22,22.99,23.25,136900
2012-01-18,23.22,23.37,23.15,23.17,162600
2012-01-19,23.17,23.18,22.92,23.08,125900
2012-01-20,23.09,23.22,22.98,23.17,142500
2012-01-23,23.20,23.24,22.77,22.97,94600
2012-01-24,22.85,23.18,22.60,23.15,179300
2012-01-25,23.01,23.57,22.87,23.54,145600
2012-01-26,23.46,23.64,23.27,23.60,166800
2012-01-27,23.51,23.90,23.34,23.74,161900
2012-01-30,23.68,24.07,23.60,23.77,163700
2012-01-31,23.83,23.86,23.73,23.77,149800
2012-02-01,23.76,23.84,23.43,23.50,159700
2012-02-02,23.52,23.68,23.42,23.63,126000
2012-02-03,23.51,23.65,23.41,23.60,120700
2012-02-06,23.55,24.47,23.45,24.41,147500
2012-02-07,24.46,25.26,24.25,25.03,133000
2012-02-08,25.09,25.21,25.06,25.19,185600
2012-02-09,25.11,25.17,24.83,24.88,159400
2012-02-10,24.90,25.07,24.37,24.44,132100
2012-02-13,24.66,25.09,24.56,24.91,143200
2012-02-14,24.91,25.11,24.72,25.02,153300
2012-02-15,24.95,25.35,24.78,25.21,148300
2012-02-16,25.19,25.41,24.45,24.52,156800
2012-02-17,24.53,25.02,24.52,24.89,151700
2012-02-21,24.87,25.15,24.78,25.07,115200
2012-02-22,25.06,25.21,24.44,24.63,96200
2012-02-23,24.48,24.51,24.32,24.44,140700
2012-02-24,24.35,24.75,24.31,24.55,164000
2012-02-27,24.53,24.77,24.36,24.57,140900
2012-02-28,24.55,24.68,24.41,24.46,180900
2012-02-29,24.40,24.60,24.32,24.42,148800
2012-03-01,24.40,24.46,24.30,24.32,183900
2012-03-02,24.33,24.40,24.31,24.39,178800
2012-03-05,24.47,25.03,24.44,24.97,176300
2012-03-06,24.96,25.03,23.86,23.96,119900
2012-03-07,24.00,24.14,23.87,23.88,150400
2012-03-08,23.83,24.09,23.76,23.95,180600
2012-03-09,24.00,24.17,23.86,24.07,156800
2012-03-12,24.10,24.19,23.56,23.93,163900
2012-03-13,24.01,24.41,23.23,23.27,115300
2012-03-14,23.34,23.49,23.31,23.40,198000
2012-03-15,23.45,24.21,23.37,24.06,130200
2012-03-16,24.05,24.12,23.42,23.48,100100
2012-03-19,23.50,24.01,23.50,23.81,141200
2012-03-20,23.92,23.92,23.69,23.69,88800
2012-03-21,23.63,23.82,23.50,23.68,122900
2012-03-22,23.62,23.64,23.22,23.28,214000
2012-03-23,23.30,23.52,22.94,23.17,140500
2012-03-26,23.21,23.81,22.96,23.66,114300
2012-03-27,23.58,23.89,23.47,23.89,150600
2012-03-28,23.88,24.66,23.79,24.56,127600
2012-03-29,24.55,25.06,24.30,25.03,171600
2012-03-30,24.81,25.38,24.69,25.21,127800
2012-04-02,25.19,25.99,24.98,25.92,156800
2012-04-03,25.91,26.42,25.26,26.10,121300
2012-04-04,26.08,26.78,25.90,26.44,215000
2012-04-05,26.59,26.64,26.15,26.31,162600
2012-04-06,26.19,26.42,26.10,26.34,146400
2012-04-09,26.25,26.44,25.91,26.04,142700
2012-04-10,25.77,26.64,25.61,26.45,136200
2012-04-11,26.40,26.61,25.78,25.95,131000
2012-04-12,25.91,26.47,25.72,26.27,130300
2012-04-13,26.22,26.26,25.99,26.19,192000
2012-04-16,26.30,26.71,26.15,26.68,136200
2012-04-17,26.77,26.99,26.76,26.99,96800
2012-04-18,27.00,28.18,26.99,27.78,120900
2012-04-19,27.74,28.13,27.74,28.10,173200
2012-04-20,28.21,28.34,27.20,27.39,143700
2012-04-23,27.38,27.54,27.24,27.35,146600
2012-04-24,27.26,27.42,26.73,26.83,179200
2012-04-25,26.65,26.74,26.38,26.60,130600
2012-04-26,26.55,27.31,26.47,27.24,165800
2012-04-27,27.33,27.76,27.15,27.51,133300
2012-04-30,27.77,27.86,27.10,27.20,164400
2012-05-01,27.20,27.31,26.65,26.75,140200
2012-05-02,26.67,26.96,26.46,26.76,144000
2012-05-03,26.63,26.97,26.19,26.24,170500
2012-05-04,26.29,26.56,25.66,25.95,168700
2012-05-07,25.77,26.14,25.62,26.08,145900
2012-05-08,26.13,26.68,26.07,26.56,138200
2012-05-09,26.65,26.84,26.63,26.81,190000
2012-05-10,26.86,26.86,25.67,25.84,164700
2012-05-11,25.82,26.00,25.77,25.96,140200
2012-05-14,26.02,26.18,25.92,25.99,133700
2012-05-15,26.01,26.33,26.00,26.16,175600
2012-05-16,26.08,27.00,26.06,26.84,152900
2012-05-17,27.04,27.20,25.94,25.96,145900
2012-05-18,25.92,25.98,25.51,25.71,152900
2012-05-21,25.79,26.14,25.60,25.95,158400
2012-05-22,25.70,25.71,25.14,25.30,148600
2012-05-23,25.43,25.93,25.27,25.90,180100
2012-05-24,26.05,26.18,26.00,26.05,181500
2012-05-25,26.05,26.54,26.02,26.40,163300
2012-05-29,26.46,26.47,25.98,26.16,184400
2012-05-30,26.22,26.66,25.92,26.49,150200
2012-05-31,26.43,26.98,26.32,26.95,167300
2012-06-01,27.00,27.04,26.95,27.04,175100
2012-06-04,26.95,27.22,26.72,27.13,175500
2012-06-05,27.07,27.24,27.04,27.24,172900
2012-06-06,27.36,27.48,26.67,26.86,165800
2012-06-07,26.96,27.03,26.65,26.79,198900
2012-06-08,26.71,26.80,26.69,26.71,136500
2012-06-11,26.63,27.00,26.34,26.87,146100
2012-06-12,26.80,27.42,26.69,27.30,144600
2012-06-13,27.38,27.47,26.80,26.83,140800
2012-06-14,26.72,26.90,26.65,26.77,100300
2012-06-15,26.81,27.41,26.49,27.40,184400
2012-06-18,27.48,27.73,26.93,27.07,124300
2012-06-19,27.06,27.25,26.24,26.71,154200
2012-06-20,26.81,27.05,26.62,26.78,114500
2012-06-21,26.75,27.24,26.67,27.14,165500
2012-06-22,27.12,27.36,27.11,27.14,130400
2012-06-25,27.03,27.94,26.83,27.71,121600
2012-06-26,27.82,28.19,27.59,28.08,154900
2012-06-27,28.00,28.45,27.94,28.45,132500
2012-06-28,28.49,28.77,28.28,28.69,135600
2012-06-29,28.68,29.83,28.59,29.76,154300
2012-07-02,29.64,29.75,29.56,29.64,170000
2012-07-03,29.57,29.86,28.58,28.69,129500
2012-07-05,28.85,29.55,28.72,29.42,125200
2012-07-06,29.44,29.67,29.14,29.18,150600
2012-07-09,29.07,29.36,29.06,29.22,163500
2012-07-10,29.25,29.85,29.22,29.82,186600
2012-07-11,29.80,30.16,29.01,29.04,123200
2012-07-12,29.45,29.54,28.44,28.45,142100
2012-07-13,28.48,28.63,27.54,27.71,179400
2012-07-16,27.67,27.85,27.23,27.35,199300
2012-07-17,27.51,27.62,27.44,27.54,125200
2012-07-18,27.33,27.88,27.00,27.76,131500
2012-07-19,27.77,27.99,27.54,27.87,159500
2012-07-20,28.09,28.19,27.17,27.23,135600
2012-07-23,27.22,27.45,26.22,26.24,131000
2012-07-24,26.06,26.43,26.01,26.25,156100
2012-07-25,26.21,26.61,25.88,26.05,188700
2012-07-26,26.20,26.33,26.16,26.24,117300
2012-07-27,26.28,26.57,26.24,26.53,187500
2012-07-30,26.44,26.61,26.31,26.58,135600
2012-07-31,26.51,27.18,26.22,26.90,158600
2012-08-01,26.84,27.17,26.62,26.99,189800
2012-08-02,27.03,27.29,27.01,27.21,158100
2012-08-03,27.36,27.47,26.89,26.90,142600
2012-08-06,27.01,27.03,26.81,26.82,168000
2012-08-07,26.86,26.99,26.84,26.89,145700
2012-08-08,26.75,27.61,26.61,27.24,163000
2012-08-09,27.10,27.10,26.91,27.06,144900
2012-08-10,27.12,27.46,27.08,27.28,171500
2012-08-13,27.13,27.29,27.12,27.15,115100
2012-08-14,27.13,27.40,26.89,27.09,124700
2012-08-15,27.13,27.50,27.12,27.45,114800
2012-08-16,27.32,27.58,26.27,26.57,148600
2012-08-17,26.47,26.47,25.93,26.02,111800
2012-08-20,26.01,26.13,25.32,25.41,132700
2012-08-21,25.46,25.76,24.43,24.48,122300
2012-08-22,24.58,24.84,23.94,24.21,187000
2012-08-23,24.27,24.59,24.19,24.51,125200
2012-08-24,24.52,24.76,24.19,24.40,117800
2012-08-27,24.33,24.61,24.23,24.48,156200
2012-08-28,24.37,25.02,24.21,24.91,192200
2012-08-29,24.86,25.61,24.58,25.45,147100
2012-08-30,25.49,25.60,25.30,25.42,149000
2012-08-31,25.45,26.06,25.33,25.97,182300
2012-09-04,25.75,26.06,25.65,26.01,172000
2012-09-05,25.92,26.02,25.65,25.66,160600
2012-09-06,25.78,25.90,25.38,25.41,135400
2012-09-07,25.42,25.43,24.78,24.81,161400
2012-09-10,24.67,24.75,24.38,24.46,116000
2012-09-11,24.70,24.81,24.09,24.33,134400
2012-09-12,24.32,24.67,24.16,24.64,185800
2012-09-13,24.68,25.36,24.58,25.33,182500
2012-09-14,25.37,25.59,24.70,24.78,160900
2012-09-17,24.74,25.02,24.51,24.94,101800
2012-09-18,24.86,24.87,24.40,24.52,119800
2012-09-19,24.73,24.79,24.61,24.71,133000
2012-09-20,24.81,25.00,24.58,24.66,145700
2012-09-21,24.74,24.96,23.90,23.95,118700
2012-09-24,24.01,24.55,23.99,24.31,143800
2012-09-25,24.22,24.22,23.87,24.08,194200
2012-09-26,24.21,24.25,23.55,23.88,160000
2012-09-27,23.80,23.86,23.47,23.48,155500
2012-09-28,23.51,23.74,23.17,23.24,124600
2012-10-01,23.09,23.43,23.01,23.41,109000
2012-10-02,23.22,23.39,23.13,23.34,119300
2012-10-03,23.37,23.57,23.10,23.47,108000
2012-10-04,23.40,23.64,23.13,23.61,151900
2012-10-05,23.43,24.44,23.39,24.12,159600
2012-10-09,24.18,24.40,23.82,24.00,125900
2012-10-10,24.20,24.50,23.38,23.44,153700
2012-10-11,23.57,24.01,23.48,23.85,186700
2012-10-12,23.82,24.03,23.59,23.73,198900
2012-10-15,23.73,24.30,23.72,24.16,169300
2012-10-16,24.25,24.34,23.87,24.31,145600
2012-10-17,24.42,24.51,24.22,24.26,168500
2012-10-18,24.23,24.52,24.22,24.40,183800
2012-10-19,24.41,25.42,24.21,25.18,99800
2012-10-22,25.21,26.04,24.98,26.03,187100
2012-10-23,26.09,26.16,25.96,26.05,136400
2012-10-24,26.04,26.16,26.00,26.12,136600
2012-10-25,26.10,26.67,26.01,26.56,141100
2012-10-26,26.71,26.96,26.19,26.20,158000
2012-10-29,26.33,26.36,26.12,26.34,122200
2012-10-30,26.39,26.66,25.93,26.32,142900
2012-10-31,26.50,26.60,26.33,26.45,163100
2012-11-01,26.41,26.53,25.92,26.09,155500
2012-11-02,26.26,26.34,25.17,25.43,159500
2012-11-05,25.49,25.65,24.56,24.60,141900
2012-11-06,24.92,24.96,23.94,24.17,167300
2012-11-07,24.05,24.05,23.88,23.99,176400
2012-11-08,23.93,24.05,23.86,23.88,174900
2012-11-09,23.92,24.69,23.87,24.64,160700
2012-11-13,24.68,25.10,24.41,25.08,173500
2012-11-14,25.28,25.29,24.65,24.70,171800
2012-11-15,24.63,24.85,24.40,24.84,216900
2012-11-16,24.93,24.94,24.44,24.68,180500
2012-11-19,24.79,24.85,24.54,24.57,147800
2012-11-20,24.64,24.66,24.47,24.64,127200
2012-11-21,24.55,24.98,24.54,24.89,143500
2012-11-23,25.03,25.43,24.73,24.75,141700
2012-11-26,24.88,25.39,24.85,25.18,162800
2012-11-27,25.24,25.33,24.59,24.72,132500
2012-11-28,24.74,24.82,24.59,24.73,179800
2012-11-29,24.75,26.09,24.74,25.78,115300
2012-11-30,25.77,26.07,25.70,25.87,109200
2012-12-03,25.93,26.53,25.75,26.46,146600
2012-12-04,26.47,26.53,26.44,26.49,128900
2012-12-05,26.40,26.79,26.23,26.74,118500
2012-12-06,26.62,26.90,26.47,26.70,134100
2012-12-07,26.62,26.82,26.50,26.62,131000
2012-12-10,26.65,26.72,26.20,26.29,150300
2012-12-11,26.29,26.50,26.13,26.46,134500
2012-12-12,26.49,26.78,26.00,26.10,136500
2012-12-13,26.15,26.39,25.93,26.38,149900
2012-12-14,26.31,26.96,26.29,26.83,175400
2012-12-17,26.99,27.02,26.88,26.98,186800
2012-12-18,26.95,27.23,26.72,26.85,153700
2012-12-19,26.80,27.10,26.79,27.04,155600
2012-12-20,27.09,27.37,26.86,26.90,145400
2012-12-21,26.70,27.32,26.53,27.29,162000
2012-12-24,27.21,27.41,26.40,26.50,159800
2012-12-26,26.60,26.74,26.26,26.35,183100
2012-12-27,26.17,26.35,25.39,25.52,102800
2012-12-28,25.63,25.72,24.74,24.91,144100
2012-12-31,25.06,25.64,24.98,25.46,158500
2013-01-02,25.42,26.07,25.40,25.83,149300
2013-01-03,25.86,25.98,25.52,25.53,126500
2013-01-04,25.64,25.87,24.73,24.92,117500
2013-01-07,24.87,25.09,23.58,23.77,170200
2013-01-08,23.85,23.96,23.33,23.56,131100
2013-01-09,23.50,24.57,23.41,24.50,106100
2013-01-10,24.45,24.81,24.42,24.67,171400
2013-01-11,24.60,24.69,24.39,24.46,161500
2013-01-14,24.49,24.78,24.44,24.64,147100
2013-01-15,24.75,24.89,23.78,24.03,127100
2013-01-16,24.02,24.05,23.71,23.92,147200
2013-01-17,23.80,23.98,23.73,23.97,180400
2013-01-18,23.86,24.01,23.74,23.94,109600
2013-01-22,23.97,24.29,23.89,24.25,110900
2013-01-23,24.43,24.50,24.13,24.38,134300
2013-01-24,24.42,24.68,24.38,24.65,149300
2013-01-25,24.61,24.73,24.31,24.38,137600
2013-01-28,24.45,24.98,24.26,24.73,166100
2013-01-29,24.71,25.41,24.60,25.39,177200
2013-01-30,25.35,25.56,24.80,25.00,157000
2013-01-31,24.90,24.94,24.64,24.64,164000
2013-02-01,24.78,25.43,24.74,25.18,156800
2013-02-04,24.92,25.17,24.86,25.10,150200
2013-02-05,25.18,25.69,25.18,25.67,117700
2013-02-06,25.62,25.74,25.32,25.49,124300
2013-02-07,25.44,26.41,25.34,26.08,116200
2013-02-08,26.26,26.34,26.09,26.13,146300
2013-02-11,26.06,26.30,26.02,26.24,155800
2013-02-12,26.17,27.37,26.17,26.90,113800
2013-02-13,26.88,27.04,26.70,26.73,151800
2013-02-14,26.78,26.96,26.09,26.33,128100
2013-02-15,26.28,26.44,26.03,26.13,123300
2013-02-19,25.97,26.38,25.97,26.32,134400
2013-02-20,26.23,26.37,25.27,25.66,122000
2013-02-21,25.79,25.96,25.73,25.92,165200
2013-02-22,25.93,26.02,25.65,25.70,145800
2013-02-25,25.74,26.22,25.31,26.17,170400
2013-02-26,26.14,26.16,25.15,25.18,138900
2013-02-27,25.12,25.21,24.86,24.87,139900
2013-02-28,25.03,25.22,24.06,24.21,196800
2013-03-01,24.19,24.41,23.67,23.89,109400
2013-03-04,23.85,24.19,23.68,23.99,182100
2013-03-05,24.10,24.15,23.86,23.92,191400
2013-03-06,23.86,23.99,23.76,23.83,169100
2013-03-07,23.78,23.96,23.75,23.78,141700
2013-03-08,23.78,23.94,23.57,23.86,185700
2013-03-11,23.86,23.91,23.29,23.48,142000
2013-03-12,23.51,23.84,23.47,23.75,132400
2013-03-13,23.95,24.07,23.78,24.01,140300
2013-03-14,24.04,24.32,23.86,24.16,135700
2013-03-15,23.94,24.48,23.86,24.38,126300
2013-03-18,24.42,24.70,24.37,24.50,177800
2013-03-19,24.51,25.56,24.38,25.32,130700
2013-03-20,25.32,25.43,25.21,25.28,149300
2013-03-21,25.30,25.51,24.82,25.15,113900
2013-03-22,25.15,25.18,24.75,24.85,150800
2013-03-25,24.85,25.17,24.43,24.45,121100
2013-03-26,24.51,24.63,23.92,23.97,120500
2013-03-27,23.91,23.92,23.62,23.63,147300
2013-03-28,23.54,23.81,23.31,23.61,176400
2013-03-29,23.90,23.99,23.71,23.74,161000
2013-04-01,23.67,24.12,23.48,23.77,162700
2013-04-02,23.78,23.88,23.44,23.48,146800
2013-04-03,23.34,23.97,23.32,23.83,141600
2013-04-04,23.84,24.29,23.69,24.12,169800
2013-04-05,24.03,24.23,23.91,24.06,135900
2013-04-08,24.02,24.04,23.60,23.81,170900
2013-04-09,23.91,24.04,23.78,24.03,180900
2013-04-10,24.07,24.25,24.01,24.10,129000
2013-04-11,24.16,24.25,23.40,23.55,132600
2013-04-12,23.39,23.60,23.19,23.53,136400
2013-04-15,23.71,23.76,23.60,23.64,113300
2013-04-16,23.53,23.70,23.20,23.31,138300
2013-04-17,23.45,24.02,23.22,23.38,182500
2013-04-18,23.48,23.58,22.76,22.85,123900
2013-04-19,22.90,23.37,22.78,23.35,183100
2013-04-22,23.27,24.02,23.24,23.83,139200
2013-04-23,23.85,23.94,23.64,23.74,202900
2013-04-24,23.69,23.91,23.69,23.88,133000
2013-04-25,23.89,23.96,22.85,22.98,146400
2013-04-26,22.96,22.96,22.55,22.57,127200
2013-04-29,22.39,22.71,22.37,22.47,132800
2013-04-30,22.57,22.74,22.07,22.10,183500
2013-05-01,22.09,22.39,21.87,22.37,161900
2013-05-02,22.32,23.27,22.27,23.10,175700
2013-05-03,23.05,23.24,22.66,22.68,117100
2013-05-06,22.71,22.72,22.27,22.39,166400
2013-05-07,22.31,22.71,22.22,22.48,125700
2013-05-08,22.28,23.18,22.25,23.08,116600
2013-05-09,23.11,23.26,22.50,22.64,156000
2013-05-10,22.68,23.07,22.64,22.74,155700
2013-05-13,22.72,23.53,22.68,23.42,151300
2013-05-14,23.31,23.33,22.77,22.81,167900
2013-05-15,22.82,22.92,22.30,22.36,171800
2013-05-16,22.23,22.30,22.17,22.22,186700
2013-05-17,22.13,22.24,21.83,22.04,120200
2013-05-20,21.98,22.44,21.71,22.34,187600
2013-05-21,22.42,22.50,22.30,22.44,197100
2013-05-22,22.41,22.48,21.62,21.82,140800
2013-05-23,21.78,22.16,21.58,22.01,108300
2013-05-24,22.19,22.37,21.64,21.82,115400
2013-05-28,21.85,22.38,21.81,22.28,138500
2013-05-29,22.31,22.35,22.07,22.07,200400
2013-05-30,22.04,22.16,21.83,21.86,150400
2013-05-31,21.81,22.13,21.59,22.06,134600
2013-06-03,21.87,22.45,21.72,22.34,132900
2013-06-04,22.43,22.70,22.14,22.51,116900
2013-06-05,22.55,22.76,21.75,21.92,171900
2013-06-06,21.91,22.29,21.77,22.12,147700
2013-06-07,22.11,22.29,21.74,21.77,202500
2013-06-10,21.84,21.98,21.73,21.87,165700
2013-06-11,21.73,21.82,21.38,21.39,170700
2013-06-12,21.33,21.66,21.07,21.55,143900
2013-06-13,21.45,21.48,21.24,21.29,122700
2013-06-14,21.44,21.61,20.81,20.87,128200
2013-06-17,20.94,21.25,20.80,21.12,115800
2013-06-18,20.94,21.30,20.79,21.22,172800
2013-06-19,21.09,21.17,20.92,21.03,140400
2013-06-20,21.02,21.67,20.98,21.54,173800
2013-06-21,21.49,21.58,21.33,21.40,153400
2013-06-24,21.28,21.48,21.28,21.42,142700
2013-06-25,21.59,21.78,21.38,21.53,120800
2013-06-26,21.55,21.63,21.22,21.33,157500
2013-06-27,21.37,21.64,21.23,21.50,144500
2013-06-28,21.44,21.50,21.32,21.33,172600
2013-07-01,21.39,21.52,20.91,21.21,132100
2013-07-02,21.17,21.86,21.13,21.69,165400
2013-07-03,21.66,21.68,21.33,21.34,191000
2013-07-05,21.39,21.40,20.48,20.55,156800
2013-07-08,20.41,21.13,20.37,21.10,169600
2013-07-09,21.23,22.05,21.01,21.99,164300
2013-07-10,22.01,22.09,21.83,21.86,197500
2013-07-11,21.97,22.03,21.17,21.21,159300
2013-07-12,21.12,21.14,20.91,21.11,167500
2013-07-15,21.04,21.13,21.02,21.03,149100
2013-07-16,20.94,21.12,20.68,20.98,130600
2013-07-17,21.00,21.05,20.58,20.63,119800
2013-07-18,20.63,20.96,20.60,20.84,181700
2013-07-19,20.80,21.05,20.78,21.03,124800
2013-07-22,20.94,21.16,20.49,20.54,168600
2013-07-23,20.44,20.80,20.43,20.79,160400
2013-07-24,20.79,21.53,20.69,21.50,172900
2013-07-25,21.46,21.65,21.46,21.57,137100
2013-07-26,21.51,21.72,21.46,21.47,130200
2013-07-29,21.60,21.75,21.32,21.43,159500
2013-07-30,21.43,21.75,21.39,21.66,142700
2013-07-31,21.77,22.06,21.05,21.08,119200
2013-08-01,21.04,21.29,21.01,21.15,198500
2013-08-02,21.17,21.17,20.73,21.03,130200
2013-08-05,21.03,21.83,21.01,21.68,125200
2013-08-06,21.53,21.81,21.50,21.63,143900
2013-08-07,21.75,22.28,21.70,22.23,181300
2013-08-08,22.22,22.31,21.72,21.85,95800
2013-08-09,21.92,22.16,21.82,22.07,179200
2013-08-12,22.00,22.24,21.91,22.19,127200
2013-08-13,22.18,22.19,21.82,21.90,156600
2013-08-14,21.82,22.03,21.75,21.97,133100
2013-08-15,22.08,22.58,21.95,22.41,199800
2013-08-16,22.44,22.53,22.07,22.31,153100
2013-08-19,22.34,22.36,21.66,21.72,132300
2013-08-20,21.84,21.86,21.61,21.73,142500
2013-08-21,21.83,22.07,21.40,21.43,152200
2013-08-22,21.49,21.52,21.12,21.32,154400
2013-08-23,21.20,21.51,21.11,21.31,161000
2013-08-26,21.25,21.30,20.68,20.75,150000
2013-08-27,20.66,20.73,20.01,20.23,115600
2013-08-28,20.29,20.42,20.28,20.41,141500
2013-08-29,20.42,20.57,20.25,20.25,165200
2013-08-30,20.14,20.35,19.45,19.46,133300
2013-09-03,19.44,19.85,19.26,19.72,166800
2013-09-04,19.60,19.91,19.60,19.83,150800
2013-09-05,19.82,19.85,19.54,19.62,144600
2013-09-06,19.49,19.56,19.16,19.23,179900
2013-09-09,19.27,19.71,19.18,19.51,106500
2013-09-10,19.54,19.70,19.48,19.64,133100
2013-09-11,19.79,20.49,19.74,20.42,180800
2013-09-12,20.49,20.71,20.47,20.57,195800
2013-09-13,20.54,20.80,20.47,20.72,207100
2013-09-16,20.79,20.81,20.49,20.68,151300
2013-09-17,20.56,21.13,20.54,20.97,161400
2013-09-18,20.89,21.32,20.83,21.19,170400
2013-09-19,21.22,21.64,20.86,21.64,181900
2013-09-20,21.45,21.52,21.43,21.47,157800
2013-09-23,21.47,21.68,21.26,21.33,173200
2013-09-24,21.25,21.31,21.01,21.18,161500
2013-09-25,21.19,21.57,21.03,21.47,163100
2013-09-26,21.37,22.17,21.33,22.00,127000
2013-09-27,22.04,22.09,21.75,21.85,141800
2013-09-30,21.85,22.00,21.67,21.72,136900
2013-10-01,21.84,21.85,21.75,21.84,120300
2013-10-02,21.84,21.96,21.68,21.76,108700
2013-10-03,21.70,22.28,21.69,22.11,139400
2013-10-04,22.09,22.09,21.32,21.34,143400
2013-10-07,21.22,21.24,21.04,21.07,152600
2013-10-08,21.10,21.18,20.78,20.82,163900
2013-10-09,20.87,21.00,20.03,20.08,154700
2013-10-10,20.28,20.43,19.66,19.79,143600
2013-10-11,19.74,19.79,19.51,19.52,127100
2013-10-15,19.50,19.63,19.38,19.48,171900
2013-10-16,19.43,19.98,19.41,19.85,147500
2013-10-17,19.86,19.96,19.70,19.79,139200
2013-10-18,19.82,19.88,19.27,19.48,145300
2013-10-21,19.48,19.63,19.27,19.48,131700
2013-10-22,19.57,19.91,19.46,19.83,136700
2013-10-23,19.78,19.89,19.36,19.54,135900
2013-10-24,19.62,19.83,19.13,19.28,142800
2013-10-25,19.32,19.58,19.31,19.47,166400
2013-10-28,19.47,19.52,19.38,19.42,160200
2013-10-29,19.40,19.71,19.37,19.64,188700
2013-10-30,19.84,20.00,19.62,19.66,180300
2013-10-31,19.60,19.98,19.44,19.90,198900
2013-11-01,19.92,19.94,19.46,19.59,164000
2013-11-04,19.53,19.66,19.50,19.61,163600
2013-11-05,19.75,19.76,19.54,19.56,137800
2013-11-06,19.63,19.66,19.07,19.20,170700
2013-11-07,19.15,19.16,18.66,18.75,133600
2013-11-08,18.79,18.99,18.74,18.98,113200
2013-11-12,19.00,19.03,18.84,18.89,188200
2013-11-13,18.85,18.90,18.57,18.60,118800
2013-11-14,18.66,18.69,18.58,18.60,161000
2013-11-15,18.63,19.01,18.53,18.96,128000
2013-11-18,18.98,19.00,18.20,18.30,178200
2013-11-19,18.30,18.43,17.74,17.89,181600
2013-11-20,17.92,18.03,17.62,17.65,163200
2013-11-21,17.67,18.14,17.66,18.09,181200
2013-11-22,18.10,18.36,17.96,18.20,150200
2013-11-25,18.15,18.46,18.00,18.45,205900
2013-11-26,18.57,18.62,18.12,18.14,168700
2013-11-27,18.06,18.08,17.76,17.84,127500
2013-11-29,17.87,18.11,17.71,17.99,151700
2013-12-02,17.97,18.17,17.86,18.03,146200
2013-12-03,18.16,18.23,18.09,18.21,143700
2013-12-04,18.15,18.25,18.02,18.18,108600
2013-12-05,18.13,18.30,18.12,18.29,159700
2013-12-06,18.21,18.41,18.18,18.35,115400
2013-12-09,18.38,18.75,18.35,18.61,86900
2013-12-10,18.51,18.89,18.21,18.87,141400
2013-12-11,18.84,18.85,18.28,18.41,131100
2013-12-12,18.25,18.31,17.77,17.78,128500
2013-12-13,17.80,18.17,17.76,18.09,72400
2013-12-16,18.06,18.49,17.86,18.46,128700
2013-12-17,18.35,18.38,18.18,18.19,145700
2013-12-18,18.27,18.44,17.56,17.68,134100
2013-12-19,17.58,17.76,17.56,17.73,159700
2013-12-20,17.79,18.02,17.78,18.02,184800
2013-12-23,17.97,18.58,17.89,18.57,162900
2013-12-24,18.69,18.75,18.57,18.75,175700
2013-12-26,18.80,18.83,18.60,18.66,177700
2013-12-27,18.58,18.73,18.32,18.41,124500
2013-12-30,18.35,18.57,18.31,18.44,161000
2013-12-31,18.48,18.52,18.06,18.37,174900
2014-01-02,18.35,18.43,17.97,18.10,139100
2014-01-03,18.09,18.78,18.03,18.73,130200
2014-01-06,18.82,19.34,18.72,19.29,163300
2014-01-07,19.23,19.99,19.15,19.67,113000
2014-01-08,19.67,19.75,19.34,19.40,122800
2014-01-09,19.47,19.82,19.39,19.68,133300
2014-01-10,19.75,19.94,19.50,19.91,161300
2014-01-13,19.89,20.18,19.70,20.07,155500
2014-01-14,20.04,20.53,20.02,20.49,175800
2014-01-15,20.35,20.80,20.19,20.71,127000
2014-01-16,20.63,21.03,20.38,20.98,125600
2014-01-17,21.00,21.26,20.97,21.21,163100
2014-01-21,21.19,21.36,21.12,21.34,130000
2014-01-22,21.34,21.39,20.68,20.75,134900
2014-01-23,20.84,20.86,20.75,20.79,103600
2014-01-24,20.69,20.78,20.58,20.62,157300
2014-01-27,20.60,20.71,20.09,20.22,188500
2014-01-28,20.24,20.92,20.23,20.79,124300
2014-01-29,20.73,21.49,20.71,21.39,175500
2014-01-30,21.51,21.96,21.45,21.87,148500
2014-01-31,21.95,22.04,21.82,21.97,105900
2014-02-03,22.00,22.49,21.98,22.47,127600
2014-02-04,22.63,22.84,22.31,22.48,126100
2014-02-05,22.35,22.62,22.33,22.56,142100
2014-02-06,22.56,22.59,21.83,22.18,160500
2014-02-07,22.21,22.41,21.99,22.33,196200
2014-02-10,22.25,22.48,21.85,22.36,114200
2014-02-11,22.39,22.40,21.90,21.91,137900
2014-02-12,21.82,21.94,21.69,21.91,127600
2014-02-13,21.97,22.03,21.87,21.89,118300
2014-02-14,21.98,22.60,21.92,22.54,152400
2014-02-18,22.57,23.03,22.53,22.87,150000
2014-02-19,22.71,22.97,22.63,22.89,104700
2014-02-20,22.80,23.06,22.64,22.99,150500
2014-02-21,23.04,23.08,22.85,23.01,119900
2014-02-24,23.01,23.21,22.94,22.94,150300
2014-02-25,22.70,22.77,22.43,22.56,181700
2014-02-26,22.67,22.86,22.36,22.51,161600
2014-02-27,22.52,22.61,22.05,22.25,154400
2014-02-28,22.18,22.25,21.75,21.82,136800
2014-03-03,21.91,22.02,21.84,22.01,151700
2014-03-04,21.96,22.34,21.67,22.16,164100
2014-03-05,22.10,22.12,21.46,21.55,161600
2014-03-06,21.58,21.70,21.24,21.52,147500
2014-03-07,21.67,21.99,21.60,21.88,155400
2014-03-10,22.02,22.35,21.96,22.27,117100
2014-03-11,22.30,22.71,22.19,22.64,131600
2014-03-12,22.69,22.75,22.36,22.67,167700
2014-03-13,22.74,23.07,22.18,22.37,171100
2014-03-14,22.26,22.53,21.97,22.00,152300
2014-03-17,22.05,22.20,21.94,22.13,187000
2014-03-18,22.06,22.37,21.85,22.28,162700
2014-03-19,22.30,22.77,22.25,22.75,144200
2014-03-20,22.73,23.42,22.64,23.16,119500
2014-03-21,23.21,23.30,23.06,23.12,186000
2014-03-24,23.13,23.21,22.50,22.67,169300
2014-03-25,22.39,22.64,22.33,22.56,195000
2014-03-26,22.58,22.68,22.55,22.65,204200
2014-03-27,22.71,22.74,22.49,22.59,117800
2014-03-28,22.63,22.73,22.34,22.39,117900
2014-03-31,22.38,22.61,22.21,22.49,78400
2014-04-01,22.64,22.80,22.10,22.32,173000
2014-04-02,22.35,22.65,22.08,22.11,166400
2014-04-03,22.14,22.53,22.14,22.23,152400
2014-04-04,22.32,22.54,22.02,22.10,119300
2014-04-07,22.13,22.36,22.07,22.19,147800
2014-04-08,22.11,22.31,22.06,22.30,154600
2014-04-09,22.08,22.24,21.73,21.91,169600
2014-04-10,21.87,21.88,21.65,21.75,156800
2014-04-11,21.82,22.48,21.81,22.27,166600
2014-04-14,22.24,22.44,21.74,21.87,146900
2014-04-15,21.94,22.09,21.05,21.15,179500
2014-04-16,21.17,21.17,20.54,20.55,165800
2014-04-17,20.65,20.80,20.57,20.57,120300
2014-04-18,20.55,20.67,20.39,20.60,184700
2014-04-21,20.64,20.86,20.55,20.57,180600
2014-04-22,20.62,21.11,20.61,20.99,161600
2014-04-23,21.12,21.32,20.06,20.13,157000
2014-04-24,19.99,20.31,19.85,20.28,191500
2014-04-25,20.24,20.91,20.24,20.81,109200
2014-04-28,20.88,21.06,20.28,20.45,181000
2014-04-29,20.58,20.60,20.09,20.34,138100
2014-04-30,20.36,20.40,19.96,20.11,177400
2014-05-01,20.09,20.19,19.71,19.85,153000
2014-05-02,19.91,20.06,19.71,19.76,118900
2014-05-05,19.83,20.33,19.77,20.24,137600
2014-05-06,20.21,21.16,20.17,20.86,175500
2014-05-07,20.89,21.16,20.66,20.76,144700
2014-05-08,20.86,21.65,20.64,21.42,134500
2014-05-09,21.58,21.85,21.40,21.44,134300
2014-05-12,21.51,22.08,21.42,22.07,166100
2014-05-13,22.07,22.18,22.01,22.05,193800
2014-05-14,22.04,22.14,21.99,22.10,96500
2014-05-15,22.15,22.36,22.12,22.24,220000
2014-05-16,22.23,23.49,22.18,23.42,155100
2014-05-19,23.43,23.78,23.36,23.74,164500
2014-05-20,23.64,23.64,23.44,23.48,139100
2014-05-21,23.60,23.94,23.59,23.85,149900
2014-05-22,23.75,23.82,23.47,23.72,154800
2014-05-23,23.68,23.72,23.52,23.54,123800
2014-05-27,23.55,24.03,23.54,23.89,129900
2014-05-28,24.08,24.15,23.89,23.91,179600
2014-05-29,23.87,24.09,23.84,24.02,111200
2014-05-30,23.95,24.05,23.89,24.03,161000
2014-06-02,23.97,24.36,23.94,24.16,140700
2014-06-03,24.32,24.35,24.25,24.33,126000
2014-06-04,24.06,24.19,23.57,23.59,199300
2014-06-05,23.49,24.10,23.38,23.85,126100
2014-06-06,24.11,24.18,23.47,23.48,121700
2014-06-09,23.54,23.54,22.87,22.95,145300
2014-06-10,22.85,23.20,22.82,22.94,130800
2014-06-11,22.93,23.25,22.66,22.98,150200
2014-06-12,22.98,23.00,22.65,22.73,153900
2014-06-13,22.81,23.24,22.79,23.04,155900
2014-06-16,23.21,23.32,22.43,22.56,146900
2014-06-17,22.60,22.62,22.32,22.42,132400
2014-06-18,22.38,22.42,22.04,22.22,166100
2014-06-19,22.29,22.32,22.08,22.22,147200
2014-06-20,22.16,22.54,22.15,22.33,137600
2014-06-23,22.24,22.30,21.68,21.98,187000
2014-06-24,21.83,22.43,21.80,22.25,147000
2014-06-25,22.11,22.33,22.06,22.28,177300
2014-06-26,22.20,22.30,21.55,21.63,180700
2014-06-27,21.53,21.55,20.88,20.97,182200
2014-06-30,21.00,21.14,20.97,20.98,167300
2014-07-01,20.88,20.98,20.82,20.92,150000
2014-07-02,20.66,20.95,20.43,20.90,148400
2014-07-03,20.82,20.99,20.66,20.91,143900
2014-07-07,20.87,21.06,20.84,21.00,95800
2014-07-08,20.95,21.48,20.86,21.34,168000
2014-07-09,21.47,21.56,20.83,20.97,156100
2014-07-10,20.92,20.98,20.50,20.60,170600
2014-07-11,20.67,20.81,20.10,20.26,147100
2014-07-14,20.25,20.41,20.24,20.37,166600
2014-07-15,20.36,20.87,20.29,20.79,115600
2014-07-16,20.72,20.75,20.60,20.67,120800
2014-07-17,20.66,20.75,19.74,19.87,88100
2014-07-18,19.81,19.82,19.28,19.35,146600
2014-07-21,19.37,19.56,19.12,19.12,130700
2014-07-22,19.10,19.21,18.94,18.97,127400
2014-07-23,18.90,18.91,18.78,18.86,158400
2014-07-24,18.94,19.03,18.89,18.90,139400
2014-07-25,18.93,19.01,18.72,18.82,114200
2014-07-28,18.79,19.25,18.60,19.17,213600
2014-07-29,19.18,19.28,18.98,18.98,149100
2014-07-30,18.97,19.05,18.63,18.74,122900
2014-07-31,18.67,18.94,18.56,18.91,133300
2014-08-01,18.91,19.02,18.44,18.47,145700
2014-08-04,18.42,18.63,18.36,18.61,145600
2014-08-05,18.54,18.77,18.40,18.66,182600
2014-08-06,18.54,18.68,18.39,18.64,148000
2014-08-07,18.61,19.17,18.51,19.14,196400
2014-08-08,19.18,19.22,18.75,18.97,139200
2014-08-11,18.92,19.65,18.75,19.63,160700
2014-08-12,19.82,19.97,19.50,19.57,175500
2014-08-13,19.64,19.65,19.16,19.20,179900
2014-08-14,19.30,19.36,19.07,19.24,182800
2014-08-15,19.30,19.31,18.86,18.93,143200
2014-08-18,19.07,19.09,18.69,18.72,149900
2014-08-19,18.67,19.06,18.55,18.87,88000
2014-08-20,18.67,19.19,18.62,19.06,145100
2014-08-21,19.02,19.03,18.74,18.89,177300
2014-08-22,18.93,19.23,18.78,19.21,172400
2014-08-25,19.22,19.67,19.17,19.59,147800
2014-08-26,19.61,20.09,19.51,20.06,192500
2014-08-27,20.17,20.29,20.07,20.25,140400
2014-08-28,20.28,20.82,20.01,20.72,132100
2014-08-29,20.78,20.88,20.09,20.12,138300
2014-09-02,20.04,20.18,19.97,20.03,121900
2014-09-03,19.95,20.06,19.72,19.78,165600
2014-09-04,19.90,19.91,19.82,19.83,157200
2014-09-05,19.84,19.96,19.49,19.67,165200
2014-09-08,19.62,19.79,19.62,19.64,139600
2014-09-09,19.59,20.43,19.58,20.26,148500
2014-09-10,20.20,20.25,19.98,20.22,95500
2014-09-11,20.16,20.46,19.94,20.37,159400
2014-09-12,20.26,20.40,20.23,20.31,152500
2014-09-15,20.19,20.52,20.03,20.35,122500
2014-09-16,20.34,20.46,20.31,20.37,147400
2014-09-17,20.32,20.70,20.30,20.53,143600
2014-09-18,20.63,21.19,20.52,20.94,194100
2014-09-19,20.96,21.65,20.84,21.51,123500
2014-09-22,21.53,21.70,21.30,21.63,158300
2014-09-23,21.57,21.98,21.49,21.85,122700
2014-09-24,21.84,21.90,21.33,21.46,136100
2014-09-25,21.49,21.53,21.43,21.44,156900
2014-09-26,21.51,21.83,21.40,21.78,144700
2014-09-29,21.78,22.20,21.71,22.10,149900
2014-09-30,22.19,22.27,22.12,22.19,158300
2014-10-01,22.19,22.66,22.18,22.51,137700
2014-10-02,22.58,22.75,22.51,22.70,172100
2014-10-03,22.66,23.22,22.51,23.15,142400
2014-10-06,22.98,23.28,22.97,23.26,147600
2014-10-07,23.29,23.48,22.99,23.14,159000
2014-10-08,23.21,23.31,23.19,23.27,155700
2014-10-09,23.32,23.42,22.13,22.21,166100
2014-10-10,22.25,22.44,22.23,22.36,157900
2014-10-14,22.33,22.43,20.84,21.10,161700
2014-10-15,21.03,21.18,20.52,20.54,141900
2014-10-16,20.58,20.71,20.54,20.70,123300
2014-10-17,20.74,20.95,20.62,20.88,114300
2014-10-20,20.83,20.88,20.42,20.51,108200
2014-10-21,20.60,20.66,20.24,20.29,194100
2014-10-22,20.22,20.80,20.10,20.76,94700
2014-10-23,20.71,20.90,20.48,20.62,179800
2014-10-24,20.75,21.41,20.63,21.38,129500
2014-10-27,21.46,21.67,21.33,21.40,179700
2014-10-28,21.37,21.58,21.30,21.55,94900
2014-10-29,21.58,22.40,21.47,22.13,144100
2014-10-30,22.14,22.36,22.12,22.19,186400
2014-10-31,21.94,21.95,21.83,21.84,167800
2014-11-03,21.76,21.85,21.69,21.82,141600
2014-11-04,21.81,21.83,21.73,21.82,101400
2014-11-05,21.79,21.81,21.18,21.36,116900
2014-11-06,21.38,21.52,21.28,21.28,184700
2014-11-07,21.38,21.39,20.94,21.05,141300
2014-11-10,21.02,21.54,20.99,21.37,148200
2014-11-12,21.28,21.41,21.13,21.40,157100
2014-11-13,21.43,21.47,21.26,21.32,117400
2014-11-14,21.29,21.38,21.17,21.29,160200
2014-11-17,21.28,21.62,21.20,21.38,139500
2014-11-18,21.36,21.64,21.26,21.61,157300
2014-11-19,21.80,22.07,21.19,21.28,135500
2014-11-20,21.09,21.15,20.83,20.94,110700
2014-11-21,20.91,21.42,20.80,21.33,139300
2014-11-24,21.33,21.38,21.16,21.20,166000
2014-11-25,21.14,21.17,20.63,20.74,159900
2014-11-26,20.81,21.03,20.81,20.90,150800
2014-11-28,20.97,21.33,20.90,21.07,172500
2014-12-01,21.07,21.26,20.54,20.58,144900
2014-12-02,20.56,20.77,20.32,20.67,151400
2014-12-03,20.66,20.94,20.61,20.93,138000
2014-12-04,20.92,21.10,20.86,21.07,173900
2014-12-05,21.06,21.40,21.06,21.30,157300
2014-12-08,21.28,21.47,20.84,20.84,136100
2014-12-09,20.86,21.11,20.84,20.97,112800
2014-12-10,21.03,21.04,20.77,20.88,177600
2014-12-11,20.78,20.81,20.69,20.73,131400
2014-12-12,20.65,21.23,20.61,21.04,151800
2014-12-15,20.89,21.56,20.78,21.56,208800
2014-12-16,21.63,22.24,21.50,22.20,170000
2014-12-17,22.22,22.84,22.21,22.68,190300
2014-12-18,22.73,22.78,22.62,22.65,136500
2014-12-19,22.52,22.83,22.34,22.79,176800
2014-12-22,22.95,23.16,22.70,23.08,150700
2014-12-23,23.02,23.26,22.85,23.13,159200
2014-12-24,23.15,23.45,23.02,23.19,200500
2014-12-26,23.27,23.78,23.24,23.50,143000
2014-12-29,23.41,23.49,23.33,23.49,150500
2014-12-30,23.43,23.45,23.09,23.22,127400
2014-12-31,23.24,23.29,22.89,23.07,172200
2015-01-02,23.34,23.41,23.06,23.31,136000
2015-01-05,23.34,23.47,23.29,23.32,175600
2015-01-06,23.47,23.47,23.41,23.46,108800
2015-01-07,23.57,23.78,23.56,23.72,163700
2015-01-08,23.75,23.97,23.33,23.58,133900
2015-01-09,23.49,23.92,23.19,23.87,168300
2015-01-12,23.97,24.03,23.92,24.02,149700
2015-01-13,23.88,24.23,23.45,23.55,136600
2015-01-14,23.71,24.14,23.37,24.11,140300
2015-01-15,24.13,24.21,23.87,23.92,128700
2015-01-16,23.67,23.76,23.04,23.30,170900
2015-01-20,23.27,23.37,22.83,22.92,123800
2015-01-21,22.98,23.02,22.45,22.56,143300
2015-01-22,22.54,22.61,22.37,22.58,158600
2015-01-23,22.65,22.66,22.49,22.49,190300
2015-01-26,22.42,22.50,22.37,22.38,149800
2015-01-27,22.27,22.66,22.04,22.62,143900
2015-01-28,22.61,23.03,22.51,22.75,156800
2015-01-29,22.75,23.04,22.63,22.87,98200
2015-01-30,22.84,23.07,22.83,23.03,120000
2015-02-02,23.14,23.39,23.09,23.27,140600
2015-02-03,23.19,23.31,22.48,22.50,132200
2015-02-04,22.53,22.57,22.09,22.38,110000
2015-02-05,22.39,22.51,21.57,21.62,171400
2015-02-06,21.49,21.84,21.28,21.65,156500
2015-02-09,21.53,21.76,21.52,21.66,153500
2015-02-10,21.66,22.10,21.44,22.04,132700
2015-02-11,22.21,22.77,22.05,22.47,152000
2015-02-12,22.52,22.57,22.50,22.55,162900
2015-02-13,22.40,22.64,22.33,22.38,143400
2015-02-17,22.11,22.60,22.09,22.57,161100
2015-02-18,22.63,22.67,22.22,22.39,130100
2015-02-19,22.38,22.44,22.33,22.40,152400
2015-02-20,22.50,22.89,22.33,22.76,178600
2015-02-23,22.68,22.87,22.48,22.57,180800
2015-02-24,22.60,23.01,22.49,22.87,183200
2015-02-25,22.95,23.18,22.95,23.13,157100
2015-02-26,23.09,23.21,22.78,22.78,150800
2015-02-27,22.75,23.17,22.72,23.15,138800
2015-03-02,23.15,23.49,23.02,23.42,104800
2015-03-03,23.47,23.61,23.29,23.46,116400
2015-03-04,23.46,23.62,23.13,23.18,145800
2015-03-05,23.27,23.34,22.68,22.87,147300
2015-03-06,22.83,22.86,22.69,22.69,185300
2015-03-09,22.57,23.06,22.48,22.89,182900
2015-03-10,23.08,23.20,22.48,22.55,132800
2015-03-11,22.50,22.74,22.39,22.72,170500
2015-03-12,22.67,22.67,22.23,22.28,138100
2015-03-13,22.28,22.41,21.96,22.22,167100
2015-03-16,22.23,22.37,22.19,22.27,170200
2015-03-17,22.24,23.32,22.12,23.17,181100
2015-03-18,23.17,23.23,22.58,22.67,137700
2015-03-19,22.67,23.50,22.63,23.22,175400
2015-03-20,23.24,23.43,23.21,23.28,103200
2015-03-23,23.07,23.71,22.99,23.44,182400
2015-03-24,23.62,23.68,23.39,23.49,149400
2015-03-25,23.48,23.92,23.29,23.67,149900
2015-03-26,23.72,23.73,23.58,23.62,99100
2015-03-27,23.49,24.41,23.46,24.18,140300
2015-03-30,24.13,24.37,23.95,24.00,183900
2015-03-31,23.94,24.71,23.75,24.45,139300
2015-04-01,24.59,24.63,24.09,24.20,167800
2015-04-02,24.14,24.32,23.94,24.18,150900
2015-04-03,24.25,24.42,23.66,23.77,176600
2015-04-06,23.71,23.96,23.51,23.95,154800
2015-04-07,23.91,24.69,23.63,24.51,126700
2015-04-08,24.49,24.58,24.35,24.48,151400
2015-04-09,24.61,24.72,24.39,24.41,190000
2015-04-10,24.23,24.33,23.91,23.98,162400
2015-04-13,23.85,24.22,23.79,23.90,147100
2015-04-14,23.71,23.82,23.11,23.30,206400
2015-04-15,23.20,23.31,22.80,22.97,179000
2015-04-16,22.89,23.07,22.86,23.06,170400
2015-04-17,22.91,23.59,22.74,23.56,157900
2015-04-20,23.49,24.67,23.45,24.65,168300
2015-04-21,24.45,24.48,24.35,24.42,169100
2015-04-22,24.32,24.99,24.29,24.99,95400
2015-04-23,25.11,25.19,25.06,25.09,159900
2015-04-24,25.13,25.15,24.97,25.03,146000
2015-04-27,25.04,25.24,24.97,25.20,137500
2015-04-28,25.10,25.28,25.05,25.22,145100
2015-04-29,25.07,25.39,25.04,25.27,111100
2015-04-30,25.15,25.24,25.07,25.10,104900
2015-05-01,25.10,25.11,24.19,24.55,181200
2015-05-04,24.63,24.80,23.86,23.95,161600
2015-05-05,24.04,24.36,24.01,24.20,89700
2015-05-06,24.27,24.53,24.02,24.10,135600
2015-05-07,24.03,24.22,23.69,23.88,172000
2015-05-08,23.88,23.93,23.83,23.88,143000
2015-05-11,23.85,24.33,23.70,24.19,181100
2015-05-12,24.17,24.58,24.07,24.27,176200
2015-05-13,24.46,24.54,23.81,24.02,116100
2015-05-14,23.85,24.57,23.71,24.50,146400
2015-05-15,24.47,25.18,24.39,25.12,138800
2015-05-18,25.25,25.34,25.15,25.32,115300
2015-05-19,25.18,25.77,25.03,25.72,113600
2015-05-20,25.65,26.25,25.51,26.23,129800
2015-05-21,26.18,27.27,26.03,26.71,134000
2015-05-22,26.68,26.97,26.57,26.96,157100
2015-05-26,26.79,27.22,26.65,27.21,176100
2015-05-27,27.28,27.60,27.24,27.43,162800
2015-05-28,27.51,27.72,26.91,26.94,168800
2015-05-29,27.00,27.27,26.89,27.24,143300
2015-06-01,27.15,27.28,26.62,26.65,165100
2015-06-02,26.66,26.83,26.22,26.30,146300
2015-06-03,26.21,26.98,26.14,26.85,139000
2015-06-04,26.82,27.30,26.72,27.21,197400
2015-06-05,27.44,28.05,27.25,27.85,91700
2015-06-08,27.86,27.90,27.65,27.72,103200
2015-06-09,27.59,27.82,26.91,27.20,159600
2015-06-10,27.22,27.25,26.97,27.09,143400
2015-06-11,26.94,27.37,26.65,27.12,114100
2015-06-12,27.00,27.27,26.88,27.15,123600
2015-06-15,27.04,27.81,26.91,27.64,126900
2015-06-16,27.59,27.70,27.42,27.47,172300
2015-06-17,27.57,27.65,27.28,27.61,180300
2015-06-18,27.68,27.71,27.02,27.17,191000
2015-06-19,27.23,27.46,26.98,27.36,110300
2015-06-22,27.24,27.39,27.16,27.35,115800
2015-06-23,27.29,27.41,26.95,27.01,114100
2015-06-24,27.04,27.18,26.89,26.90,182200
2015-06-25,26.83,27.11,26.61,26.81,160400
2015-06-26,26.78,26.88,26.58,26.69,152000
2015-06-29,26.74,27.75,26.48,27.45,155700
2015-06-30,27.41,27.50,27.30,27.40,148600
2015-07-01,27.42,27.48,27.26,27.28,122000
2015-07-02,27.46,27.48,26.36,26.37,162800
2015-07-06,26.35,26.44,25.99,25.99,145300
2015-07-07,26.11,26.19,25.85,25.88,120000
2015-07-08,25.94,25.98,25.49,25.59,164400
2015-07-09,25.44,26.18,25.41,26.16,139400
2015-07-10,26.05,26.32,25.86,26.09,155700
2015-07-13,26.00,26.63,25.89,26.63,146900
2015-07-14,26.54,26.84,26.37,26.65,172300
2015-07-15,26.64,26.85,26.63,26.66,155500
2015-07-16,26.72,26.74,26.43,26.61,127900
2015-07-17,26.75,26.93,26.33,26.61,158100
2015-07-20,26.64,27.60,26.58,27.34,158900
2015-07-21,27.29,27.40,26.11,26.34,162800
2015-07-22,26.12,26.22,25.49,25.50,175900
2015-07-23,25.51,25.56,25.25,25.28,134600
2015-07-24,25.28,25.33,24.96,25.28,166700
2015-07-27,25.30,25.59,25.23,25.56,106900
2015-07-28,25.78,25.87,25.74,25.75,147000
2015-07-29,25.88,25.98,25.49,25.59,143100
2015-07-30,25.67,26.42,25.65,26.01,186200
2015-07-31,25.91,26.48,25.88,26.44,146100
2015-08-03,26.39,26.59,26.22,26.51,165200
2015-08-04,26.50,26.98,26.45,26.92,106000
2015-08-05,26.83,27.03,26.64,27.03,141200
2015-08-06,27.08,27.20,26.74,26.78,128800
2015-08-07,26.81,27.08,26.67,27.07,211900
2015-08-10,26.95,27.35,26.92,27.11,133300
2015-08-11,27.24,27.42,26.96,27.10,151800
2015-08-12,27.11,27.76,26.91,27.74,153200
2015-08-13,27.55,27.58,26.57,26.66,110300
2015-08-14,26.65,27.11,25.95,26.06,136800
2015-08-17,26.08,26.14,25.52,25.56,160100
2015-08-18,25.66,25.87,25.32,25.41,152100
2015-08-19,25.38,25.41,25.22,25.31,92500
2015-08-20,25.39,25.41,24.48,24.70,135800
2015-08-21,24.72,24.82,24.11,24.32,175500
2015-08-24,24.19,24.39,23.92,23.99,164700
2015-08-25,23.85,24.96,23.60,24.95,180500
2015-08-26,25.06,26.03,24.96,25.68,125400
2015-08-27,25.81,25.84,25.31,25.51,182000
2015-08-28,25.54,25.74,25.17,25.36,148900
2015-08-31,25.51,25.60,24.79,24.90,189800
2015-09-01,25.00,25.06,24.13,24.15,150100
2015-09-02,24.22,24.30,24.07,24.11,98800
2015-09-03,24.02,24.16,23.55,23.73,171200
2015-09-04,23.89,23.94,23.58,23.70,138900
2015-09-08,23.75,23.78,23.00,23.11,140600
2015-09-09,23.07,23.13,22.81,22.83,113700
2015-09-10,22.77,23.01,22.50,22.90,190600
2015-09-11,22.92,23.13,22.79,23.04,137000
2015-09-14,22.89,23.36,22.75,23.20,189400
2015-09-15,23.27,23.31,22.57,22.72,139200
2015-09-16,22.64,23.21,22.55,23.05,126800
2015-09-17,23.08,23.27,22.75,22.76,183000
2015-09-18,22.71,23.19,22.59,23.00,148200
2015-09-21,22.98,23.17,22.93,23.00,148400
2015-09-22,22.93,22.94,22.40,22.51,118000
2015-09-23,22.50,22.66,22.37,22.41,138600
2015-09-24,22.58,22.66,22.18,22.55,160700
2015-09-25,22.67,22.84,22.60,22.78,117500
2015-09-28,22.81,22.84,22.72,22.74,136500
2015-09-29,22.73,23.39,22.64,23.31,139500
2015-09-30,23.39,23.76,23.20,23.69,151700
2015-10-01,23.80,23.88,23.50,23.60,187000
2015-10-02,23.52,24.09,23.43,23.89,142500
2015-10-05,23.89,24.73,23.82,24.65,132700
2015-10-06,24.47,25.61,24.29,25.43,218700
2015-10-07,25.55,25.56,24.94,24.94,139200
2015-10-08,25.15,25.26,24.46,24.57,145200
2015-10-09,24.58,25.35,24.54,25.16,141100
2015-10-13,24.95,25.04,24.71,24.74,143100
2015-10-14,24.80,25.01,24.09,24.22,151900
2015-10-15,24.14,24.34,24.02,24.04,173000
2015-10-16,23.98,24.21,23.85,24.21,160100
2015-10-19,24.27,24.48,24.10,24.17,176900
2015-10-20,24.19,24.53,23.86,23.92,176100
2015-10-21,23.88,23.93,23.52,23.67,155200
2015-10-22,23.61,23.65,23.30,23.41,159400
2015-10-23,23.42,23.55,23.04,23.09,177700
2015-10-26,23.05,24.05,22.88,23.95,122200
2015-10-27,23.85,24.26,23.81,24.07,212500
2015-10-28,24.04,24.51,23.90,24.42,137200
2015-10-29,24.45,24.50,24.05,24.23,141200
2015-10-30,24.21,24.38,24.00,24.16,119700
2015-11-02,24.02,24.12,23.88,23.89,120400
2015-11-03,23.98,23.99,22.61,22.90,174400
2015-11-04,22.65,22.69,22.32,22.41,206800
2015-11-05,22.37,22.39,21.71,21.78,135800
2015-11-06,21.73,21.76,20.99,21.02,158700
2015-11-09,21.03,21.14,20.56,20.64,155500
2015-11-10,20.68,21.20,20.66,21.10,175000
2015-11-12,21.19,21.38,21.04,21.09,205500
2015-11-13,21.03,21.62,20.99,21.55,188000
2015-11-16,21.60,21.78,21.38,21.70,144000
2015-11-17,21.72,22.05,21.72,21.99,163200
2015-11-18,21.84,21.84,21.57,21.69,165700
2015-11-19,21.85,22.08,21.84,21.88,149500
2015-11-20,21.76,22.32,21.61,22.15,122600
2015-11-23,22.19,22.29,21.88,21.96,130000
2015-11-24,21.99,22.45,21.98,22.17,178700
2015-11-25,22.19,22.57,22.11,22.38,181300
2015-11-27,22.33,22.38,22.13,22.19,144800
2015-11-30,22.27,22.27,21.62,21.81,156500
2015-12-01,21.67,21.96,21.38,21.41,179900
2015-12-02,21.40,21.69,21.39,21.45,107400
2015-12-03,21.40,21.58,21.18,21.58,138800
2015-12-04,21.52,21.77,21.25,21.32,200400
2015-12-07,21.36,21.45,21.23,21.34,157500
2015-12-08,21.43,21.66,21.25,21.55,121800
2015-12-09,21.52,21.84,21.50,21.78,152900
2015-12-10,21.85,22.35,21.74,22.34,175500
2015-12-11,22.34,22.98,22.31,22.81,86300
2015-12-14,22.73,22.78,22.38,22.46,154400
2015-12-15,22.43,23.17,22.41,23.08,140700
2015-12-16,23.05,23.25,22.79,22.89,109000
2015-12-17,22.83,23.29,22.61,23.28,152000
2015-12-18,23.32,23.48,23.09,23.32,146600
2015-12-21,23.34,23.43,23.02,23.17,149400
2015-12-22,23.02,23.22,22.41,22.52,141300
2015-12-23,22.37,22.50,22.33,22.46,124500
2015-12-24,22.50,22.56,21.90,21.92,113600
2015-12-28,21.85,22.29,21.82,22.27,132700
2015-12-29,22.30,22.90,22.27,22.83,171500
2015-12-30,22.90,22.90,22.49,22.55,155800
2015-12-31,22.44,22.73,22.29,22.67,148300
2016-01-04,22.54,22.67,22.23,22.42,124000
2016-01-05,22.57,22.59,22.16,22.20,140700
2016-01-06,22.23,22.69,22.00,22.49,168400
2016-01-07,22.45,22.71,22.44,22.48,162600
2016-01-08,22.40,23.37,22.26,23.13,138100
2016-01-11,23.08,23.17,22.90,22.96,84700
2016-01-12,22.85,23.50,22.77,23.34,133100
2016-01-13,23.42,23.46,23.35,23.38,137900
2016-01-14,23.31,23.70,23.24,23.68,127300
2016-01-15,23.79,23.80,23.52,23.52,139700
2016-01-19,23.48,23.57,23.43,23.51,170400
2016-01-20,23.41,23.49,23.29,23.47,149100
2016-01-21,23.43,23.81,23.16,23.16,174700
2016-01-22,22.92,23.46,22.52,23.42,112300
2016-01-25,23.41,23.73,23.17,23.67,142400
2016-01-26,23.65,24.14,23.61,23.90,101500
2016-01-27,23.98,24.75,23.86,24.50,139300
2016-01-28,24.32,25.28,24.15,25.08,123900
2016-01-29,25.19,25.25,24.88,24.93,182000
2016-02-01,25.01,25.31,24.92,25.08,160200
2016-02-02,25.20,25.43,24.72,24.83,175400
2016-02-03,24.82,24.99,24.72,24.84,139300
2016-02-04,24.94,24.99,24.52,24.60,124500
2016-02-05,24.46,25.27,24.16,25.25,123700
2016-02-08,25.32,25.60,25.20,25.39,156600
2016-02-09,25.32,25.50,25.13,25.30,195300
2016-02-10,25.14,25.97,25.08,25.79,160300
2016-02-11,25.68,25.75,24.89,24.91,140600
2016-02-12,24.91,24.96,24.06,24.12,145300
2016-02-16,24.04,24.54,23.94,24.43,149200
2016-02-17,24.47,24.59,24.39,24.46,200700
2016-02-18,24.28,24.58,24.16,24.56,180800
2016-02-19,24.35,24.40,23.89,24.04,156500
2016-02-22,24.18,24.34,24.03,24.04,152700
2016-02-23,24.12,25.07,23.95,24.82,157500
2016-02-24,24.72,25.27,24.68,25.15,162400
2016-02-25,25.15,25.26,24.94,25.22,139700
2016-02-26,25.33,25.38,25.03,25.05,128900
2016-02-29,25.09,25.16,24.85,24.89,175800
2016-03-01,24.90,24.98,24.02,24.05,150500
2016-03-02,24.16,24.43,24.12,24.16,173700
2016-03-03,24.09,24.55,24.03,24.49,191200
2016-03-04,24.49,24.57,23.85,23.88,163000
2016-03-07,23.88,24.13,23.46,23.63,159000
2016-03-08,23.61,23.67,23.17,23.21,230000
2016-03-09,23.17,23.18,22.80,22.86,155200
2016-03-10,22.86,23.06,22.65,22.89,122700
2016-03-11,22.89,22.91,22.11,22.14,143000
2016-03-14,22.05,22.57,21.98,22.37,188800
2016-03-15,22.44,22.76,22.33,22.65,117600
2016-03-16,22.57,22.63,22.54,22.57,131200
2016-03-17,22.55,22.59,21.55,21.70,177700
2016-03-18,21.68,21.69,21.22,21.37,143200
2016-03-21,21.40,21.91,21.22,21.81,147200
2016-03-22,21.63,21.77,20.82,20.87,176800
2016-03-23,20.95,20.97,20.48,20.77,132100
2016-03-24,20.72,20.80,20.32,20.40,113300
2016-03-25,20.50,20.90,20.24,20.68,115300
2016-03-28,20.64,20.73,20.38,20.47,164500
2016-03-29,20.47,20.83,20.31,20.62,156500
2016-03-30,20.78,20.84,20.74,20.83,132700
2016-03-31,20.80,21.61,20.70,21.46,121000
2016-04-01,21.57,21.76,21.22,21.41,143200
2016-04-04,21.41,21.70,21.27,21.55,177900
2016-04-05,21.59,21.80,21.04,21.06,129100
2016-04-06,21.06,21.49,20.79,21.48,133400
2016-04-07,21.55,21.60,21.21,21.23,120200
2016-04-08,21.17,21.36,20.95,21.05,140800
2016-04-11,20.97,21.13,20.94,21.06,158500
2016-04-12,21.01,21.26,20.19,20.55,202900
2016-04-13,20.56,20.77,20.35,20.65,155400
2016-04-14,20.63,21.06,20.45,20.98,148700
2016-04-15,21.04,21.20,20.97,21.10,171600
2016-04-18,21.21,21.37,20.48,20.58,167400
2016-04-19,20.50,20.69,20.46,20.56,135600
2016-04-20,20.50,20.84,20.47,20.82,207600
2016-04-21,20.70,21.00,20.18,20.22,149400
2016-04-22,20.38,20.43,19.73,19.89,155900
2016-04-25,19.91,20.37,19.79,20.19,163800
2016-04-26,20.23,20.44,20.21,20.29,158600
2016-04-27,20.18,20.50,20.17,20.44,188100
2016-04-28,20.44,21.23,20.36,21.08,135300
2016-04-29,21.12,21.32,21.02,21.25,169600
2016-05-02,21.23,21.74,21.22,21.49,154100
2016-05-03,21.58,22.65,21.47,22.46,174600
2016-05-04,22.67,22.82,22.38,22.39,144600
2016-05-05,22.31,22.43,21.90,22.12,141200
2016-05-06,22.03,22.34,21.93,22.28,168300
2016-05-09,22.20,22.60,22.17,22.45,158900
2016-05-10,22.59,22.80,22.22,22.27,129500
2016-05-11,22.36,22.42,21.84,21.91,183600
2016-05-12,21.90,22.80,21.80,22.75,168300
2016-05-13,22.75,23.03,22.49,22.88,148100
2016-05-16,22.80,23.08,22.39,22.62,138300
2016-05-17,22.70,22.97,22.47,22.96,159100
2016-05-18,22.93,23.12,22.91,22.93,166500
2016-05-19,22.91,23.03,22.77,22.84,110100
2016-05-20,22.90,23.13,22.72,23.06,159400
2016-05-23,23.04,23.11,22.48,22.60,166300
2016-05-24,22.57,22.93,22.48,22.73,91200
2016-05-25,22.73,23.65,22.65,23.45,154900
2016-05-26,23.52,23.90,23.26,23.63,167400
2016-05-27,23.79,23.86,23.37,23.49,164500
2016-05-31,23.55,23.57,23.01,23.31,170100
2016-06-01,23.38,23.53,23.11,23.16,141800
2016-06-02,23.14,23.18,23.02,23.08,124000
2016-06-03,23.01,23.20,22.82,22.94,105000
2016-06-06,23.00,23.36,22.97,23.29,177300
2016-06-07,23.31,23.42,22.39,22.66,167600
2016-06-08,22.53,23.05,22.48,22.98,179200
2016-06-09,22.95,22.96,22.82,22.85,131900
2016-06-10,22.84,23.14,22.70,23.00,170100
2016-06-13,22.95,23.17,22.49,22.60,112400
2016-06-14,22.73,23.16,22.70,23.09,128300
2016-06-15,23.13,23.82,23.05,23.56,153100
2016-06-16,23.69,23.96,23.65,23.93,166600
2016-06-17,23.96,24.04,23.31,23.36,192000
2016-06-20,23.37,23.93,23.36,23.68,144000
2016-06-21,23.59,23.92,23.49,23.84,128400
2016-06-22,23.84,23.87,23.22,23.24,127100
2016-06-23,23.24,23.34,23.23,23.24,132800
2016-06-24,23.11,23.56,22.95,23.38,205500
2016-06-27,23.33,23.70,23.29,23.60,168900
2016-06-28,23.57,23.75,23.48,23.67,177800
2016-06-29,23.71,23.97,23.63,23.79,144000
2016-06-30,23.83,24.49,23.80,24.36,150000
2016-07-01,24.30,25.04,24.20,24.84,167500
2016-07-05,24.89,24.91,23.59,23.73,137400
2016-07-06,23.71,23.83,23.48,23.61,142700
2016-07-07,23.34,23.86,23.31,23.56,133100
2016-07-08,23.51,23.73,22.71,22.91,138800
2016-07-11,23.01,23.21,22.93,22.95,151200
2016-07-12,22.80,23.50,22.76,23.43,129500
2016-07-13,23.44,23.66,22.81,23.03,157100
2016-07-14,23.17,23.20,23.12,23.16,157100
2016-07-15,23.09,23.23,22.52,22.83,145500
2016-07-18,22.83,23.10,22.52,22.59,129300
2016-07-19,22.48,23.21,22.34,23.14,152600
2016-07-20,23.29,23.56,22.93,22.95,137400
2016-07-21,22.94,23.24,22.91,23.13,151200
2016-07-22,23.13,23.35,22.34,22.45,177500
2016-07-25,22.58,23.32,22.22,23.14,118700
2016-07-26,23.20,23.45,23.16,23.37,204300
2016-07-27,23.29,23.46,23.23,23.31,148200
2016-07-28,23.25,23.56,23.19,23.53,160300
2016-07-29,23.58,23.66,22.94,23.02,131200
2016-08-01,22.96,23.54,22.82,23.46,178600
2016-08-02,23.26,23.38,23.03,23.35,146900
2016-08-03,23.34,23.50,23.12,23.28,140100
2016-08-04,23.14,23.22,23.07,23.10,135600
2016-08-05,23.25,23.34,22.71,22.90,143300
2016-08-08,22.91,23.28,22.86,23.16,160500
2016-08-09,23.08,23.31,23.02,23.26,154300
2016-08-10,23.20,23.68,23.19,23.51,149000
2016-08-11,23.34,23.61,23.15,23.51,132200
2016-08-12,23.41,23.71,23.19,23.71,130800
2016-08-15,23.81,23.88,23.46,23.56,138500
2016-08-16,23.77,24.47,23.74,24.42,161500
2016-08-17,24.49,24.59,23.69,23.82,166600
2016-08-18,23.81,24.44,23.69,24.31,169900
2016-08-19,24.27,25.06,24.26,24.85,150000
2016-08-22,24.76,24.90,24.50,24.51,159600
2016-08-23,24.72,25.46,24.57,25.41,145800
2016-08-24,25.39,26.06,25.19,25.81,106400
2016-08-25,26.03,26.38,25.94,26.21,144600
2016-08-26,26.36,26.62,26.20,26.22,140600
2016-08-29,26.04,26.34,25.92,26.12,124000
2016-08-30,26.05,26.27,25.98,26.03,135800
2016-08-31,25.96,26.38,25.67,26.19,153400
2016-09-01,26.18,27.19,26.12,26.78,121700
2016-09-02,26.77,26.86,26.61,26.85,132200
2016-09-06,27.17,27.36,26.34,26.45,188700
2016-09-07,26.34,27.06,26.33,26.80,109900
2016-09-08,26.82,27.33,26.78,27.19,145400
2016-09-09,27.26,27.76,27.12,27.47,120800
2016-09-12,27.47,28.16,27.20,27.79,131200
2016-09-13,27.80,27.86,27.31,27.65,145100
2016-09-14,27.54,27.61,27.21,27.24,125300
2016-09-15,27.25,27.44,26.43,26.85,164300
2016-09-16,26.91,27.11,26.04,26.15,183800
2016-09-19,26.18,26.39,25.99,26.24,171000
2016-09-20,26.30,26.52,26.09,26.20,175600
2016-09-21,26.35,26.49,25.98,26.02,115500
2016-09-22,26.11,26.19,24.47,24.81,143900
2016-09-23,24.82,25.07,24.28,24.32,161700
2016-09-26,24.21,25.07,24.08,24.76,171800
2016-09-27,24.70,24.86,24.37,24.50,193800
2016-09-28,24.48,24.67,24.31,24.65,176700
2016-09-29,24.67,24.86,23.96,24.10,172400
2016-09-30,24.06,24.70,23.99,24.67,215800
2016-10-03,24.58,24.67,24.30,24.61,152400
2016-10-04,24.50,24.74,24.33,24.73,142800
2016-10-05,24.57,25.91,24.31,25.67,154400
2016-10-06,25.64,26.59,25.54,26.30,127100
2016-10-07,26.14,26.32,26.13,26.16,151700
2016-10-11,26.06,26.11,25.62,25.91,106800
2016-10-12,25.87,25.92,25.47,25.77,136800
2016-10-13,25.64,26.04,25.63,25.98,147100
2016-10-14,26.02,26.20,25.93,25.93,173700
2016-10-17,26.01,26.06,25.68,25.77,177800
2016-10-18,25.71,26.58,25.67,26.37,125900
2016-10-19,26.33,26.34,26.09,26.32,201900
2016-10-20,26.38,27.49,26.14,27.30,153700
2016-10-21,27.22,27.51,26.94,27.33,156000
2016-10-24,27.25,28.39,27.07,28.11,109600
2016-10-25,28.25,28.27,27.98,28.26,134500
2016-10-26,28.36,28.72,28.03,28.69,176200
2016-10-27,28.76,29.10,28.22,28.34,154200
2016-10-28,28.44,28.55,27.65,27.94,152700
2016-10-31,27.72,28.21,27.66,28.13,155700
2016-11-01,28.29,28.60,28.02,28.57,113900
2016-11-02,28.61,28.98,28.35,28.57,147600
2016-11-03,28.69,28.72,27.74,27.98,185200
2016-11-04,28.02,28.08,27.21,27.36,177200
2016-11-07,27.37,27.58,26.68,26.73,146900
2016-11-08,26.70,26.81,25.84,25.98,189100
2016-11-09,26.02,26.37,26.00,26.02,118500
2016-11-10,25.99,26.65,25.97,26.49,125700
2016-11-14,26.58,26.76,26.42,26.48,196600
2016-11-15,26.31,26.43,25.25,25.53,164400
2016-11-16,25.48,25.89,25.36,25.45,142800
2016-11-17,25.66,25.73,25.28,25.39,148600
2016-11-18,25.32,26.47,25.29,26.25,129800
2016-11-21,26.22,26.23,25.59,25.64,156900
2016-11-22,25.55,25.69,25.33,25.48,154900
2016-11-23,25.51,26.44,25.42,26.18,150500
2016-11-25,26.10,26.62,25.88,26.36,121000
2016-11-28,26.34,26.83,26.16,26.60,156600
2016-11-29,26.69,26.70,26.52,26.64,136800
2016-11-30,26.57,26.79,26.56,26.77,125400
2016-12-01,26.86,27.28,26.82,27.10,181700
2016-12-02,27.19,27.21,26.63,26.74,204200
2016-12-05,26.86,27.30,26.80,27.12,198600
2016-12-06,27.13,27.32,26.52,26.52,166300
2016-12-07,26.86,27.30,26.57,26.65,143400
2016-12-08,26.76,26.84,26.67,26.72,148200
2016-12-09,26.76,26.86,26.38,26.45,160100
2016-12-12,26.36,26.84,26.02,26.44,139500
2016-12-13,26.43,26.69,26.12,26.17,183000
2016-12-14,26.32,26.56,25.42,25.72,99100
2016-12-15,25.89,26.05,25.39,25.57,142600
2016-12-16,25.72,25.78,25.09,25.12,170000
2016-12-19,25.20,25.35,24.90,25.25,128900
2016-12-20,25.12,25.35,24.57,24.79,144000
2016-12-21,24.84,25.10,24.76,25.07,164800
2016-12-22,24.95,25.01,24.50,24.60,188000
2016-12-23,24.46,24.47,24.30,24.38,117700
2016-12-27,24.41,24.50,24.14,24.14,115800
2016-12-28,24.19,24.75,24.10,24.66,126300
2016-12-29,24.75,24.86,24.59,24.80,111600
2016-12-30,24.85,24.87,24.58,24.71,113300
2017-01-03,24.77,25.23,24.75,24.91,125700
2017-01-04,24.81,24.88,23.73,24.09,180800
2017-01-05,24.08,24.24,24.02,24.07,142200
2017-01-06,23.93,25.02,23.70,24.86,150800
2017-01-09,24.66,24.99,24.45,24.91,126100
2017-01-10,24.99,25.09,24.72,24.94,165800
2017-01-11,24.86,25.22,24.85,25.16,196900
2017-01-12,25.25,25.63,25.22,25.52,127800
2017-01-13,25.64,25.64,24.64,24.72,193100
2017-01-17,24.66,25.01,24.00,24.06,159100
2017-01-18,24.12,24.35,24.00,24.15,150400
2017-01-19,24.08,24.25,23.81,23.88,160000
2017-01-20,23.70,24.50,23.69,24.39,159800
2017-01-23,24.40,24.66,24.20,24.27,196400
2017-01-24,24.22,24.43,23.48,23.53,163000
2017-01-25,23.49,23.68,23.00,23.06,163500
2017-01-26,23.25,23.38,21.88,22.08,139500
2017-01-27,21.94,22.08,21.74,22.01,171000
2017-01-30,22.04,22.11,21.55,21.95,126100
2017-01-31,21.86,22.02,21.62,21.81,152700
2017-02-01,21.89,22.36,21.72,22.20,222100
2017-02-02,22.23,22.72,22.14,22.65,87400
2017-02-03,22.68,22.69,22.59,22.59,155800
2017-02-06,22.51,22.53,21.74,21.84,156800
2017-02-07,21.78,22.18,21.60,22.07,144300
2017-02-08,22.15,22.74,22.08,22.28,144900
2017-02-09,22.44,22.49,22.22,22.40,152300
2017-02-10,22.44,22.87,22.33,22.77,143700
2017-02-13,22.68,22.86,22.22,22.35,155500
2017-02-14,22.38,23.14,22.34,23.09,137800
2017-02-15,23.32,23.45,22.65,22.75,200600
2017-02-16,22.76,23.10,22.68,23.03,143700
2017-02-17,23.17,23.23,22.42,22.43,164200
2017-02-21,22.36,22.42,22.05,22.10,133300
2017-02-22,22.10,22.93,22.05,22.66,173300
2017-02-23,22.71,22.81,22.54,22.57,168300
2017-02-24,22.61,22.90,22.52,22.89,160500
2017-02-27,22.82,23.07,22.74,22.98,124300
2017-02-28,22.91,23.07,22.75,22.95,131200
2017-03-01,23.04,23.65,22.83,23.47,192200
2017-03-02,23.58,23.64,23.37,23.38,130900
2017-03-03,23.53,23.67,22.62,22.73,166000
2017-03-06,22.90,22.99,22.27,22.45,126400
2017-03-07,22.46,22.78,22.43,22.66,175200
2017-03-08,22.63,22.94,22.52,22.81,132800
2017-03-09,22.94,23.14,22.01,22.26,125900
2017-03-10,22.32,22.54,21.97,22.01,132200
2017-03-13,21.92,22.04,21.60,21.82,136200
2017-03-14,21.73,21.83,21.63,21.70,160100
2017-03-15,21.74,22.09,21.00,21.24,151700
2017-03-16,21.23,21.29,20.96,21.04,122600
2017-03-17,21.04,21.17,20.72,20.81,149300
2017-03-20,20.90,21.16,20.82,21.09,121400
2017-03-21,21.15,21.43,21.06,21.38,166100
2017-03-22,21.49,21.63,21.33,21.34,170700
2017-03-23,21.18,21.29,21.11,21.22,149400
2017-03-24,21.24,21.34,21.24,21.28,156800
2017-03-27,21.34,21.43,20.95,21.02,193800
2017-03-28,20.89,20.98,20.62,20.65,146100
2017-03-29,20.60,20.63,20.21,20.36,126400
2017-03-30,20.29,20.32,20.11,20.17,164500
2017-03-31,20.17,20.40,19.79,19.81,121700
2017-04-03,19.94,19.99,19.69,19.88,144700
2017-04-04,20.04,20.18,19.93,20.14,135000
2017-04-05,20.07,20.14,19.63,19.65,132500
2017-04-06,19.69,19.76,19.66,19.67,143700
2017-04-07,19.72,19.92,19.53,19.62,172500
2017-04-10,19.65,19.94,19.62,19.75,177600
2017-04-11,19.78,19.93,19.63,19.77,173200
2017-04-12,19.79,19.81,19.29,19.33,158400
2017-04-13,19.46,19.59,18.84,18.96,143600
2017-04-14,19.05,19.25,18.98,18.99,91100
2017-04-17,18.91,19.39,18.85,19.33,159200
2017-04-18,19.39,19.55,18.63,18.67,93000
2017-04-19,18.74,18.83,18.60,18.80,101900
2017-04-20,18.82,19.31,18.74,19.18,146000
2017-04-21,19.27,19.32,19.11,19.16,156600
2017-04-24,19.17,19.35,19.10,19.35,138700
2017-04-25,19.36,19.53,19.14,19.15,188400
2017-04-26,19.16,19.21,19.05,19.13,161600
2017-04-27,18.98,19.07,18.55,18.66,143800
2017-04-28,18.66,18.68,17.77,18.00,184700
2017-05-01,17.95,18.39,17.78,18.30,189100
2017-05-02,18.21,18.25,17.82,18.03,162800
2017-05-03,18.14,18.19,17.85,17.92,130600
2017-05-04,17.96,18.11,17.35,17.55,136200
2017-05-05,17.55,17.57,17.15,17.19,113800
2017-05-08,17.15,17.18,17.14,17.17,148900
2017-05-09,17.19,17.24,16.84,16.99,123700
2017-05-10,17.06,17.21,17.06,17.12,141800
2017-05-11,17.06,17.32,16.87,17.27,156500
2017-05-12,17.27,17.42,17.11,17.39,100400
2017-05-15,17.45,17.58,17.42,17.48,118400
2017-05-16,17.34,18.04,17.22,17.95,137300
2017-05-17,17.95,18.09,17.57,17.67,148700
2017-05-18,17.64,18.02,17.55,17.68,137700
2017-05-19,17.67,18.03,17.53,18.03,143200
2017-05-22,17.99,18.51,17.81,18.42,132300
2017-05-23,18.43,18.47,18.01,18.03,113800
2017-05-24,18.17,18.38,17.93,17.96,136600
2017-05-25,17.94,18.45,17.77,18.38,144700
2017-05-26,18.40,18.61,18.29,18.55,142200
2017-05-30,18.70,18.82,18.63,18.63,152800
2017-05-31,18.59,18.64,18.54,18.59,160500
2017-06-01,18.73,18.79,18.40,18.50,167000
2017-06-02,18.50,18.61,18.43,18.61,134200
2017-06-05,18.74,18.81,18.47,18.55,110600
2017-06-06,18.61,18.72,18.40,18.56,181800
2017-06-07,18.59,18.62,18.37,18.61,159600
2017-06-08,18.60,18.69,18.42,18.43,126100
2017-06-09,18.38,18.66,18.35,18.61,156900
2017-06-12,18.61,19.60,18.55,19.52,176700
2017-06-13,19.59,19.71,18.99,18.99,193200
2017-06-14,18.99,19.13,18.93,19.11,156300
2017-06-15,19.09,19.13,18.89,18.90,176500
2017-06-16,18.88,19.11,18.84,19.10,119800
2017-06-19,19.17,19.29,19.09,19.13,149100
2017-06-20,19.23,19.60,19.20,19.39,141600
2017-06-21,19.34,19.84,19.31,19.78,158600
2017-06-22,19.72,19.97,19.69,19.86,190300
2017-06-23,19.89,20.45,19.83,20.24,156200
2017-06-26,20.36,20.41,19.42,19.51,126600
2017-06-27,19.60,20.16,19.39,20.03,118400
2017-06-28,19.93,20.24,19.74,20.17,191100
2017-06-29,20.15,20.59,20.13,20.54,162800
2017-06-30,20.46,20.58,20.08,20.16,161200
2017-07-03,20.14,20.15,19.82,19.91,141400
2017-07-05,20.04,20.07,19.89,19.97,156700
2017-07-06,19.86,20.00,19.75,19.99,125300
2017-07-07,19.86,20.12,19.73,20.09,159700
2017-07-10,20.03,20.60,20.00,20.46,120600
2017-07-11,20.49,20.54,19.83,19.91,141000
2017-07-12,19.96,20.30,19.89,20.24,133900
2017-07-13,20.28,20.30,20.19,20.26,68600
2017-07-14,20.36,20.37,19.92,20.21,141300
2017-07-17,20.07,20.27,19.71,19.76,127500
2017-07-18,19.85,20.01,19.71,19.94,144700
2017-07-19,19.91,20.06,19.18,19.20,150000
2017-07-20,19.26,19.50,19.16,19.42,194200
2017-07-21,19.32,19.45,18.91,18.98,157600
2017-07-24,18.98,19.16,18.64,19.02,158400
2017-07-25,19.04,19.07,18.89,19.00,162400
2017-07-26,19.09,19.58,18.97,19.38,171800
2017-07-27,19.26,19.40,19.19,19.35,161400
2017-07-28,19.35,19.45,19.10,19.15,157000
2017-07-31,19.07,19.11,18.75,19.02,167800
2017-08-01,19.06,19.56,18.87,19.43,89300
2017-08-02,19.49,19.73,19.35,19.62,202200
2017-08-03,19.72,19.84,19.44,19.52,189700
2017-08-04,19.47,19.49,19.31,19.46,155400
2017-08-07,19.53,19.56,18.93,19.00,114700
2017-08-08,19.10,19.20,19.10,19.14,180300
2017-08-09,19.01,19.28,18.49,18.63,132700
2017-08-10,18.67,18.90,18.45,18.87,163300
2017-08-11,18.95,18.95,18.92,18.93,117900
2017-08-14,18.92,19.83,18.85,19.69,205700
2017-08-15,19.60,19.64,19.30,19.37,113900
2017-08-16,19.44,19.56,19.25,19.36,151700
2017-08-17,19.26,20.14,19.08,19.94,96900
2017-08-18,19.93,20.40,19.92,20.34,149000
2017-08-21,20.34,20.47,20.10,20.14,139400
2017-08-22,20.19,20.42,20.18,20.23,178400
2017-08-23,20.17,20.34,20.15,20.24,139400
2017-08-24,20.19,20.46,20.11,20.35,178500
2017-08-25,20.36,20.43,19.78,20.14,124400
2017-08-28,20.22,20.30,19.99,20.13,143000
2017-08-29,20.32,20.35,19.60,19.64,143500
2017-08-30,19.52,19.80,19.35,19.70,162400
2017-08-31,19.73,19.93,19.67,19.86,159200
2017-09-01,19.78,20.04,19.72,19.81,168100
2017-09-05,19.89,20.04,19.27,19.32,156700
2017-09-06,19.25,19.65,19.16,19.65,166500
2017-09-07,19.60,20.00,19.53,19.78,127600
2017-09-08,19.74,19.77,19.48,19.57,159700
2017-09-11,19.57,19.73,19.38,19.50,190200
2017-09-12,19.53,19.72,18.93,19.06,108000
2017-09-13,19.10,19.35,18.75,18.77,162200
2017-09-14,18.77,18.89,18.61,18.63,166900
2017-09-15,18.53,19.05,18.46,19.02,186500
2017-09-18,19.08,19.19,18.78,18.85,168200
2017-09-19,18.85,19.10,18.79,19.07,152500
2017-09-20,19.15,19.36,18.89,18.92,160800
2017-09-21,18.87,19.07,18.70,19.02,131600
2017-09-22,18.90,19.03,18.87,19.00,140300
2017-09-25,18.99,19.39,18.91,19.29,116600
2017-09-26,19.39,19.52,19.04,19.14,187200
2017-09-27,19.15,19.53,18.62,18.69,161300
2017-09-28,18.67,18.72,18.25,18.30,127100
2017-09-29,18.23,18.24,17.99,18.17,156800
2017-10-02,18.29,18.37,17.82,17.83,179000
2017-10-03,17.76,18.06,17.63,17.97,174800
2017-10-04,17.92,18.05,17.86,17.86,126800
2017-10-05,17.90,18.74,17.65,18.58,71700
2017-10-06,18.44,18.67,17.92,18.09,159900
2017-10-10,18.18,18.34,18.04,18.17,127800
2017-10-11,18.22,18.36,17.83,17.87,165600
2017-10-12,17.93,17.95,17.72,17.75,173800
2017-10-13,17.79,17.87,17.70,17.82,177800
2017-10-16,17.81,17.85,17.08,17.19,193600
2017-10-17,17.12,17.29,17.10,17.28,180900
2017-10-18,17.27,17.86,17.24,17.84,193700
2017-10-19,17.77,17.87,17.57,17.74,184500
2017-10-20,17.77,17.86,17.75,17.84,186700
2017-10-23,17.89,18.24,17.89,18.15,149000
2017-10-24,18.26,18.40,17.98,18.13,117800
2017-10-25,18.16,18.25,17.95,17.99,212100
2017-10-26,18.05,18.18,17.35,17.37,151600
2017-10-27,17.34,17.61,17.31,17.57,180700
2017-10-30,17.54,17.61,17.49,17.56,136200
2017-10-31,17.60,17.61,17.27,17.31,174100
2017-11-01,17.28,17.57,17.12,17.37,88900
2017-11-02,17.38,17.62,17.21,17.23,139700
2017-11-03,17.16,17.20,16.99,17.11,147500
2017-11-06,17.05,17.30,16.99,17.30,161600
2017-11-07,17.35,17.43,16.85,16.96,176800
2017-11-08,17.02,17.35,16.96,17.27,122600
2017-11-09,17.21,17.22,16.90,16.92,166500
2017-11-13,16.96,16.98,16.75,16.77,180700
2017-11-14,16.73,17.39,16.67,17.32,208600
2017-11-15,17.32,17.72,17.24,17.66,167700
2017-11-16,17.76,17.96,17.70,17.71,138500
2017-11-17,17.77,17.85,17.38,17.47,118200
2017-11-20,17.53,17.53,17.29,17.35,195700
2017-11-21,17.48,17.53,17.30,17.39,168400
2017-11-22,17.34,17.45,17.24,17.43,149500
2017-11-24,17.36,17.45,17.29,17.43,109500
2017-11-27,17.38,17.58,17.36,17.45,126700
2017-11-28,17.43,17.77,17.34,17.41,165800
2017-11-29,17.25,17.37,16.95,17.04,158800
2017-11-30,17.02,17.08,16.90,16.92,101300
2017-12-01,16.89,17.27,16.86,17.20,165800
2017-12-04,17.25,17.32,16.72,16.85,110800
2017-12-05,16.88,16.97,16.78,16.83,183900
2017-12-06,16.79,16.91,16.51,16.64,155200
2017-12-07,16.67,16.70,16.63,16.69,138400
2017-12-08,16.74,16.82,16.61,16.62,174800
2017-12-11,16.56,17.21,16.49,17.04,158800
2017-12-12,17.01,17.28,17.00,17.21,183100
2017-12-13,17.05,17.11,16.87,16.87,152000
2017-12-14,16.80,17.09,16.72,17.08,153500
2017-12-15,17.03,17.18,16.84,16.90,142900
2017-12-18,16.90,17.05,16.69,16.77,156600
2017-12-19,16.71,17.12,16.48,16.88,192400
2017-12-20,16.85,17.00,16.76,16.77,137400
2017-12-21,16.69,17.25,16.58,17.04,166200
2017-12-22,17.05,17.06,16.76,16.86,128000
2017-12-26,16.89,17.00,16.60,16.72,98300
2017-12-27,16.75,16.75,16.53,16.57,155200
2017-12-28,16.57,16.58,16.31,16.45,159300
2017-12-29,16.35,16.79,16.26,16.77,147200
2018-01-02,16.73,17.05,16.69,16.97,112600
2018-01-03,16.94,17.51,16.87,17.46,157600
2018-01-04,17.43,18.17,17.34,18.13,156700
2018-01-05,18.14,18.26,17.83,17.86,127800
2018-01-08,17.96,17.98,17.65,17.90,116200
2018-01-09,17.96,18.07,17.41,17.59,143700
2018-01-10,17.52,17.70,17.32,17.40,166300
2018-01-11,17.45,17.47,17.23,17.25,160400
2018-01-12,17.30,17.43,16.76,16.99,128000
2018-01-16,16.93,17.07,16.55,16.73,153400
2018-01-17,16.79,16.84,16.59,16.72,172200
2018-01-18,16.71,16.89,16.34,16.42,120700
2018-01-19,16.33,16.81,16.26,16.67,151600
2018-01-22,16.70,16.72,16.37,16.46,183500
2018-01-23,16.47,17.25,16.39,17.24,118100
2018-01-24,17.23,17.33,16.99,17.14,178900
2018-01-25,17.14,17.27,17.12,17.19,190500
2018-01-26,17.14,17.14,16.85,16.86,144400
2018-01-29,16.90,17.43,16.82,17.36,141400
2018-01-30,17.35,17.72,17.18,17.70,175800
2018-01-31,17.71,17.98,17.70,17.80,145300
2018-02-01,17.83,18.00,17.33,17.45,91200
2018-02-02,17.37,17.65,17.34,17.53,147500
2018-02-05,17.47,17.51,17.18,17.24,161800
2018-02-06,17.09,17.68,17.03,17.68,168500
2018-02-07,17.72,18.05,17.70,17.93,128000
2018-02-08,17.85,18.09,17.82,17.99,143300
2018-02-09,18.00,18.06,17.30,17.32,174400
2018-02-12,17.35,17.36,17.04,17.08,148500
2018-02-13,17.12,17.39,17.03,17.29,111800
2018-02-14,17.21,17.70,17.14,17.66,180900
2018-02-15,17.65,18.00,17.63,18.00,144600
2018-02-16,18.12,18.19,17.52,17.57,177300
2018-02-20,17.69,17.69,17.59,17.68,115100
2018-02-21,17.75,18.01,17.72,17.99,147000
2018-02-22,18.02,18.03,17.35,17.54,162700
2018-02-23,17.47,17.61,17.47,17.57,147800
2018-02-26,17.62,17.81,17.50,17.67,120400
2018-02-27,17.66,17.67,17.51,17.61,90300
2018-02-28,17.65,17.73,17.07,17.12,188100
2018-03-01,17.07,17.18,17.03,17.05,156200
2018-03-02,17.04,17.07,16.93,16.99,179200
2018-03-05,17.00,17.08,16.85,16.98,173200
2018-03-06,16.99,17.01,16.79,16.85,164900
2018-03-07,16.88,16.94,16.62,16.76,142000
2018-03-08,16.72,16.83,16.61,16.77,162200
2018-03-09,16.69,16.99,16.66,16.92,185800
2018-03-12,17.03,17.28,16.72,16.87,152100
2018-03-13,17.03,17.12,16.76,16.78,197500
2018-03-14,16.81,17.02,16.58,16.83,112500
2018-03-15,16.74,16.89,16.32,16.35,109800
2018-03-16,16.30,16.55,16.27,16.50,174700
2018-03-19,16.54,16.75,16.34,16.53,129500
2018-03-20,16.62,16.79,16.42,16.57,201100
2018-03-21,16.49,16.92,16.33,16.85,183400
2018-03-22,16.84,16.88,16.28,16.36,189700
2018-03-23,16.37,16.56,15.80,15.88,172100
2018-03-26,15.93,15.99,15.78,15.98,127000
2018-03-27,15.95,16.06,15.90,16.00,108500
2018-03-28,15.90,16.15,15.85,16.08,187400
2018-03-29,16.12,16.13,15.79,15.99,112500
2018-03-30,16.06,16.23,15.96,16.19,189600
2018-04-02,16.18,16.54,16.14,16.46,166700
2018-04-03,16.48,16.81,16.35,16.61,148100
2018-04-04,16.58,16.59,16.52,16.57,161100
2018-04-05,16.51,16.60,16.00,16.05,161600
2018-04-06,16.11,16.32,16.00,16.28,144900
2018-04-09,16.30,16.66,16.24,16.63,185600
2018-04-10,16.66,16.94,16.65,16.82,184800
2018-04-11,16.93,16.94,16.60,16.62,153900
2018-04-12,16.55,16.84,16.33,16.82,135000
2018-04-13,16.79,17.15,16.76,17.08,182600
2018-04-16,17.09,17.59,17.09,17.54,99400
2018-04-17,17.50,17.52,17.27,17.32,161100
2018-04-18,17.38,17.46,17.12,17.29,168500
2018-04-19,17.27,17.52,17.25,17.52,129300
2018-04-20,17.45,17.59,17.35,17.56,174300
2018-04-23,17.56,17.63,17.08,17.27,149300
2018-04-24,17.28,17.58,17.21,17.41,136400
2018-04-25,17.48,17.65,17.39,17.60,174100
2018-04-26,17.63,17.69,17.54,17.65,122900
2018-04-27,17.68,17.75,17.54,17.74,171700
2018-04-30,17.76,17.87,17.52,17.69,100400
2018-05-01,17.68,18.18,17.62,18.14,157100
2018-05-02,18.09,18.12,17.76,17.90,151100
2018-05-03,17.92,18.06,17.65,17.76,136500
2018-05-04,17.73,17.83,17.51,17.78,159700
2018-05-07,17.90,18.12,17.81,18.06,148000
2018-05-08,18.16,18.20,17.52,17.66,176400
2018-05-09,17.70,17.76,17.26,17.31,164000
2018-05-10,17.34,17.65,16.74,16.78,161300
2018-05-11,16.78,16.89,16.51,16.82,157300
2018-05-14,16.73,16.94,16.52,16.55,138200
2018-05-15,16.53,16.69,16.39,16.47,142500
2018-05-16,16.48,16.75,16.46,16.68,156200
2018-05-17,16.69,16.82,16.52,16.53,145700
2018-05-18,16.56,16.69,16.53,16.62,177800
2018-05-21,16.68,16.81,16.46,16.57,152300
2018-05-22,16.52,16.85,16.52,16.77,159400
2018-05-23,16.73,16.95,16.72,16.93,114900
2018-05-24,17.03,17.06,16.71,16.77,173600
2018-05-25,16.82,16.84,16.68,16.75,135500
2018-05-29,16.72,17.15,16.72,17.06,123900
2018-05-30,17.05,17.24,16.94,17.19,191200
2018-05-31,17.19,17.26,16.80,16.84,167400
2018-06-01,16.84,17.06,16.70,17.04,174400
2018-06-04,17.08,17.28,16.73,16.78,161400
2018-06-05,16.95,17.21,16.93,17.19,147700
2018-06-06,17.20,17.59,17.15,17.50,143000
2018-06-07,17.54,17.66,17.41,17.60,169500
2018-06-08,17.49,17.70,17.30,17.67,178300
2018-06-11,17.64,17.65,17.56,17.64,148300
2018-06-12,17.73,17.95,17.69,17.86,201800
2018-06-13,17.88,17.96,17.67,17.77,145100
2018-06-14,17.47,17.89,17.35,17.87,115100
2018-06-15,17.91,18.22,17.80,18.14,107000
2018-06-18,18.28,18.32,17.76,18.00,107800
2018-06-19,17.86,17.87,17.78,17.85,139700
2018-06-20,17.96,17.99,17.35,17.53,144200
2018-06-21,17.34,17.62,17.24,17.26,167100
2018-06-22,17.33,17.49,16.63,16.79,149300
2018-06-25,16.79,17.11,16.72,17.01,171100
2018-06-26,16.86,17.63,16.85,17.54,151100
2018-06-27,17.57,17.99,17.49,17.97,150300
2018-06-28,18.05,18.33,17.46,17.53,135600
2018-06-29,17.56,17.86,17.44,17.76,185600
2018-07-02,17.80,18.28,17.75,18.20,111700
2018-07-03,18.17,18.17,18.08,18.09,157500
2018-07-05,17.95,18.23,17.82,18.14,145500
2018-07-06,18.19,18.29,17.51,17.59,169500
2018-07-09,17.71,17.77,17.63,17.69,149500
2018-07-10,17.77,17.84,17.39,17.41,150200
2018-07-11,17.28,17.63,17.25,17.50,143300
2018-07-12,17.39,17.58,17.08,17.09,184800
2018-07-13,17.03,17.29,16.95,17.26,150100
2018-07-16,17.15,17.74,17.13,17.57,199200
2018-07-17,17.58,17.74,17.37,17.38,156800
2018-07-18,17.41,17.57,17.08,17.09,150500
2018-07-19,16.99,17.10,16.38,16.54,146400
2018-07-20,16.59,16.63,16.39,16.49,164100
2018-07-23,16.53,16.59,16.34,16.37,135300
2018-07-24,16.33,16.48,15.92,15.99,153600
2018-07-25,15.98,16.34,15.90,16.14,150200
2018-07-26,16.01,16.15,15.82,16.05,158100
2018-07-27,16.03,16.05,15.71,15.81,158800
2018-07-30,15.81,15.83,15.68,15.70,160000
2018-07-31,15.71,16.06,15.67,16.00,152400
2018-08-01,16.02,16.23,15.99,16.18,189200
2018-08-02,16.20,16.28,16.08,16.17,160600
2018-08-03,16.16,16.40,16.08,16.36,215100
2018-08-06,16.38,16.41,16.04,16.09,151200
2018-08-07,16.15,16.23,16.06,16.13,174000
2018-08-08,16.12,16.31,15.99,16.19,131800
2018-08-09,16.21,16.41,16.10,16.10,185000
2018-08-10,16.09,16.32,16.04,16.24,132400
2018-08-13,16.20,16.20,16.06,16.07,161400
2018-08-14,16.10,16.34,16.04,16.23,143400
2018-08-15,16.19,16.53,16.16,16.40,161300
2018-08-16,16.43,16.51,15.59,15.68,144100
2018-08-17,15.68,16.10,15.56,16.01,130300
2018-08-20,15.99,16.03,15.17,15.28,143200
2018-08-21,15.25,15.34,15.15,15.16,188500
2018-08-22,15.12,15.50,15.12,15.44,161700
2018-08-23,15.34,15.46,15.27,15.39,117800
2018-08-24,15.41,15.49,14.95,15.06,177400
2018-08-27,15.07,15.11,14.68,14.83,127700
2018-08-28,14.88,15.20,14.81,15.11,168600
2018-08-29,15.07,15.09,14.63,14.68,163800
2018-08-30,14.79,14.99,14.71,14.98,165400
2018-08-31,14.96,15.12,14.82,15.00,196300
2018-09-04,14.94,15.05,14.66,14.74,129300
2018-09-05,14.68,14.80,14.60,14.64,165300
2018-09-06,14.54,14.65,14.40,14.43,181500
2018-09-07,14.52,14.71,14.51,14.66,133900
2018-09-10,14.75,14.95,14.65,14.87,131400
2018-09-11,14.90,14.96,14.39,14.50,142800
2018-09-12,14.44,14.52,14.26,14.43,158100
2018-09-13,14.54,14.62,14.13,14.27,114700
2018-09-14,14.25,14.64,14.17,14.60,163800
2018-09-17,14.58,14.61,14.26,14.32,114800
2018-09-18,14.40,14.91,14.36,14.72,182300
2018-09-19,14.76,14.87,14.67,14.75,162800
2018-09-20,14.88,14.99,14.49,14.50,197800
2018-09-21,14.52,14.58,14.24,14.38,166700
2018-09-24,14.36,14.39,14.14,14.23,142400
2018-09-25,14.19,14.24,13.88,13.97,130000
2018-09-26,13.87,14.05,13.83,14.03,156000
2018-09-27,14.01,14.15,13.78,13.78,149200
2018-09-28,13.85,13.88,13.32,13.34,179700
2018-10-01,13.38,13.40,13.18,13.30,126800
2018-10-02,13.30,13.31,12.84,12.95,200500
2018-10-03,12.90,13.03,12.77,12.83,181900
2018-10-04,12.84,12.95,12.65,12.68,144900
2018-10-05,12.73,12.87,12.44,12.54,194900
2018-10-09,12.56,12.99,12.51,12.98,130400
2018-10-10,12.99,13.14,12.85,13.03,155100
2018-10-11,12.98,13.17,12.91,13.11,118100
2018-10-12,13.16,13.29,12.68,12.78,196200
2018-10-15,12.62,12.73,12.60,12.68,108800
2018-10-16,12.70,12.84,12.68,12.76,114000
2018-10-17,12.89,12.90,12.55,12.58,134100
2018-10-18,12.51,12.89,12.44,12.80,183100
2018-10-19,12.79,12.84,12.55,12.59,173900
2018-10-22,12.59,12.61,12.53,12.57,153100
2018-10-23,12.55,12.64,12.43,12.49,175500
2018-10-24,12.54,12.58,12.52,12.55,147100
2018-10-25,12.58,12.77,12.35,12.46,160600
2018-10-26,12.47,12.53,12.32,12.44,191300
2018-10-29,12.48,12.50,12.32,12.43,143800
2018-10-30,12.43,12.47,12.29,12.32,130800
2018-10-31,12.47,12.48,12.35,12.45,161800
2018-11-01,12.46,12.54,12.40,12.53,168500
2018-11-02,12.54,12.58,12.54,12.55,152800
2018-11-05,12.46,12.54,12.42,12.50,175100
2018-11-06,12.47,12.76,12.38,12.69,145000
2018-11-07,12.75,12.82,12.66,12.68,153200
2018-11-08,12.61,12.68,12.58,12.65,159400
2018-11-09,12.54,12.80,12.53,12.71,157200
2018-11-13,12.71,13.15,12.61,13.09,190300
2018-11-14,13.16,13.16,12.78,12.85,159200
2018-11-15,12.85,13.18,12.76,13.04,142400
2018-11-16,13.02,13.03,12.63,12.68,163200
2018-11-19,12.59,12.89,12.55,12.76,175200
2018-11-20,12.79,13.18,12.76,13.12,169400
2018-11-21,13.16,13.28,13.08,13.26,168000
2018-11-23,13.17,13.48,13.11,13.33,112500
2018-11-26,13.39,13.48,13.17,13.25,87700
2018-11-27,13.29,13.37,13.18,13.29,181900
2018-11-28,13.35,13.51,13.22,13.27,161000
2018-11-29,13.30,13.36,13.04,13.13,149500
2018-11-30,13.17,13.26,13.06,13.11,167400
2018-12-03,13.13,13.33,13.09,13.18,198200
2018-12-04,13.23,13.23,13.04,13.05,185300
2018-12-05,12.96,13.03,12.90,12.92,174100
2018-12-06,12.84,12.87,12.59,12.68,127800
2018-12-07,12.64,12.80,12.53,12.79,131100
2018-12-10,12.78,12.94,12.74,12.94,90300
2018-12-11,12.96,13.11,12.93,13.02,165800
2018-12-12,13.04,13.28,13.03,13.26,177700
2018-12-13,13.32,13.40,13.29,13.31,179800
2018-12-14,13.37,13.56,13.32,13.43,166900
2018-12-17,13.38,13.55,13.36,13.53,146100
2018-12-18,13.54,13.58,13.33,13.54,135900
2018-12-19,13.49,13.72,13.36,13.46,129400
2018-12-20,13.45,14.03,13.42,13.98,145900
2018-12-21,14.00,14.00,13.86,13.91,125600
2018-12-24,13.72,13.80,13.48,13.79,193900
2018-12-26,13.93,13.96,13.83,13.92,117400
2018-12-27,13.95,14.06,13.89,14.01,145100
2018-12-28,13.98,14.01,13.69,13.73,101600
2018-12-31,13.84,14.05,13.72,14.01,157400
2019-01-02,14.00,14.08,13.90,14.03,149900
2019-01-03,14.03,14.05,13.77,13.81,141100
2019-01-04,13.78,14.19,13.78,14.11,126700
2019-01-07,14.20,14.29,14.14,14.28,150100
2019-01-08,14.28,14.32,14.02,14.03,136400
2019-01-09,14.04,14.48,13.96,14.47,146600
2019-01-10,14.54,14.77,14.50,14.65,198900
2019-01-11,14.69,14.71,14.61,14.68,154300
2019-01-14,14.68,15.23,14.49,15.09,163300
2019-01-15,15.16,15.25,15.05,15.16,138400
2019-01-16,15.32,15.50,15.15,15.18,130400
2019-01-17,15.20,15.22,14.96,15.05,149400
2019-01-18,15.06,15.37,14.89,15.23,212600
2019-01-22,15.24,15.38,15.22,15.37,142800
2019-01-23,15.45,15.51,15.35,15.41,159000
2019-01-24,15.37,15.59,15.06,15.24,129300
2019-01-25,15.23,15.34,15.15,15.31,81100
2019-01-28,15.21,15.39,15.16,15.32,130300
2019-01-29,15.25,15.30,14.76,15.02,209500
2019-01-30,14.99,14.99,14.64,14.70,164900
2019-01-31,14.70,14.93,14.52,14.87,191000
2019-02-01,14.98,15.03,14.23,14.29,141300
2019-02-04,14.32,14.46,14.24,14.37,91100
2019-02-05,14.32,14.41,14.27,14.29,122300
2019-02-06,14.25,14.77,14.19,14.63,159900
2019-02-07,14.71,14.78,14.53,14.55,155900
2019-02-08,14.61,14.77,14.54,14.73,149700
2019-02-11,14.73,14.79,14.60,14.67,136700
2019-02-12,14.64,14.83,14.59,14.73,173500
2019-02-13,14.79,15.18,14.79,14.93,137500
2019-02-14,14.87,14.92,14.75,14.85,157700
2019-02-15,14.88,15.16,14.87,15.12,154900
2019-02-19,15.26,15.32,14.90,14.92,140800
2019-02-20,14.93,15.08,14.76,15.02,128000
2019-02-21,14.97,15.28,14.96,15.27,139300
2019-02-22,15.30,15.50,15.29,15.46,196800
2019-02-25,15.43,16.23,15.31,15.98,177800
2019-02-26,15.89,15.90,15.78,15.81,175500
2019-02-27,15.85,15.87,15.46,15.49,130300
2019-02-28,15.56,15.68,15.10,15.28,114100
2019-03-01,15.26,15.47,15.24,15.47,177400
2019-03-04,15.45,15.74,15.35,15.62,172600
2019-03-05,15.57,15.70,15.55,15.68,153400
2019-03-06,15.67,15.87,15.26,15.43,140700
2019-03-07,15.39,15.76,15.33,15.65,113400
2019-03-08,15.59,15.65,15.31,15.38,171700
2019-03-11,15.49,15.72,15.46,15.69,179700
2019-03-12,15.72,16.55,15.62,16.46,133000
2019-03-13,16.50,16.78,16.49,16.58,130900
2019-03-14,16.64,16.79,16.54,16.77,181000
2019-03-15,16.82,16.87,16.57,16.66,134000
2019-03-18,16.63,16.73,16.06,16.21,194500
2019-03-19,16.23,16.29,15.92,16.08,147300
2019-03-20,16.07,16.13,15.64,15.83,140300
2019-03-21,15.86,16.01,15.39,15.50,151100
2019-03-22,15.52,16.00,15.35,15.96,140300
2019-03-25,15.94,16.19,15.88,16.06,178200
2019-03-26,15.98,16.29,15.91,16.19,172100
2019-03-27,16.20,16.30,16.09,16.14,177200
2019-03-28,16.12,16.20,16.10,16.12,154600
2019-03-29,16.00,16.55,15.96,16.40,138600
2019-04-01,16.43,16.49,16.27,16.42,149800
2019-04-02,16.48,16.60,16.36,16.59,139400
2019-04-03,16.75,16.86,16.56,16.56,186700
2019-04-04,16.54,16.54,16.38,16.50,175100
2019-04-05,16.46,16.47,16.15,16.16,147700
2019-04-08,16.09,16.13,15.61,15.68,126800
2019-04-09,15.69,15.76,15.44,15.65,188500
2019-04-10,15.66,15.76,15.57,15.69,153400
2019-04-11,15.64,15.68,15.33,15.40,146700
2019-04-12,15.39,15.42,15.28,15.42,188700
2019-04-15,15.30,15.50,15.14,15.46,137300
2019-04-16,15.52,15.53,14.84,14.97,142000
2019-04-17,14.92,15.06,14.69,14.78,144200
2019-04-18,14.78,14.95,14.76,14.91,117100
2019-04-19,14.82,15.07,14.72,15.03,157900
2019-04-22,15.00,15.15,14.77,14.79,130900
2019-04-23,14.77,14.86,14.75,14.85,135700
2019-04-24,14.85,15.19,14.66,15.13,132400
2019-04-25,15.16,15.43,15.01,15.35,135300
2019-04-26,15.44,15.45,15.34,15.36,129000
2019-04-29,15.40,15.49,15.26,15.27,156200
2019-04-30,15.33,15.40,15.06,15.15,146100
2019-05-01,15.24,15.40,15.23,15.29,151200
2019-05-02,15.33,15.46,15.26,15.37,208800
2019-05-03,15.37,15.70,15.36,15.56,146100
2019-05-06,15.62,15.64,15.49,15.62,165100
2019-05-07,15.69,15.98,15.48,15.86,168000
2019-05-08,15.90,15.97,15.82,15.91,148400
2019-05-09,15.82,16.22,15.68,16.14,156800
2019-05-10,16.09,16.55,16.00,16.39,150500
2019-05-13,16.38,16.50,16.16,16.21,155100
2019-05-14,16.26,16.45,15.66,15.78,135300
2019-05-15,15.78,16.26,15.59,16.20,137600
2019-05-16,16.28,16.32,16.20,16.30,150400
2019-05-17,16.38,16.52,15.78,15.88,100700
2019-05-20,15.96,15.99,15.67,15.73,187400
2019-05-21,15.81,16.01,15.56,15.96,204000
2019-05-22,15.89,15.93,15.87,15.91,154300
2019-05-23,15.94,15.95,15.60,15.81,166600
2019-05-24,15.77,16.25,15.74,16.20,177000
2019-05-28,16.09,16.10,15.89,15.96,116900
2019-05-29,15.94,16.03,15.67,15.78,173200
2019-05-30,15.87,16.13,15.81,15.87,139300
2019-05-31,15.90,16.01,15.84,16.00,207300
2019-06-03,16.13,16.27,15.98,16.15,145300
2019-06-04,16.16,16.60,16.07,16.42,172700
2019-06-05,16.58,16.65,16.42,16.50,145500
2019-06-06,16.51,16.82,16.49,16.66,204900
2019-06-07,16.66,16.67,16.56,16.61,137200
2019-06-10,16.53,16.66,16.49,16.66,179100
2019-06-11,16.73,16.78,16.68,16.71,165700
2019-06-12,16.68,16.80,16.68,16.80,160100
2019-06-13,16.75,17.11,16.65,17.03,155700
2019-06-14,17.12,17.26,16.89,17.21,133300
2019-06-17,17.29,17.41,17.22,17.25,85300
2019-06-18,17.33,17.38,16.85,17.05,176900
2019-06-19,17.03,17.10,16.93,17.10,137800
2019-06-20,17.09,17.15,16.91,17.12,179200
2019-06-21,17.11,17.25,16.94,17.20,158800
2019-06-24,17.25,17.89,17.20,17.84,180000
2019-06-25,17.95,18.03,17.69,17.71,170000
2019-06-26,17.74,17.98,17.71,17.86,88400
2019-06-27,18.00,18.33,17.86,18.19,165400
2019-06-28,18.26,18.36,18.17,18.24,141400
2019-07-01,18.23,19.12,18.19,18.96,179100
2019-07-02,19.03,19.09,18.86,18.87,164800
2019-07-03,19.00,19.18,18.89,18.99,165100
2019-07-05,19.14,19.33,18.66,18.77,143200
2019-07-08,18.86,18.94,18.66,18.68,127200
2019-07-09,18.69,18.86,18.48,18.78,139200
2019-07-10,18.76,19.32,18.68,19.06,105000
2019-07-11,19.10,19.45,19.09,19.18,135200
2019-07-12,19.31,19.64,19.22,19.59,113400
2019-07-15,19.62,19.72,19.45,19.58,114100
2019-07-16,19.61,19.65,19.48,19.49,152900
2019-07-17,19.50,20.53,19.21,20.37,163400
2019-07-18,20.35,20.53,20.29,20.52,149200
2019-07-19,20.51,20.52,20.30,20.30,137500
2019-07-22,20.31,20.35,19.94,20.09,126300
2019-07-23,20.23,20.30,19.66,19.81,142100
2019-07-24,19.79,20.19,19.69,20.13,129400
2019-07-25,20.13,20.17,19.93,20.03,148400
2019-07-26,19.96,20.18,19.80,20.09,112000
2019-07-29,20.15,20.26,20.03,20.08,167500
2019-07-30,20.19,20.42,20.16,20.34,135800
2019-07-31,20.47,20.61,19.88,20.08,159400
2019-08-01,20.10,20.23,19.68,19.76,172200
2019-08-02,19.80,20.05,19.54,19.85,158200
2019-08-05,19.83,20.06,19.78,20.06,170000
2019-08-06,20.10,20.53,20.03,20.18,98300
2019-08-07,20.21,20.36,19.83,19.94,137700
2019-08-08,19.94,20.24,19.89,20.17,177600
2019-08-09,20.19,20.24,19.74,19.95,162700
2019-08-12,19.99,20.08,19.77,19.80,196200
2019-08-13,19.78,19.94,19.50,19.53,192600
2019-08-14,19.51,20.12,19.46,19.96,157500
2019-08-15,20.09,20.20,20.02,20.18,143700
2019-08-16,20.40,20.41,20.21,20.39,126000
2019-08-19,20.29,20.82,20.24,20.82,138100
2019-08-20,20.71,21.94,20.71,21.79,139800
2019-08-21,21.71,21.81,21.07,21.22,135200
2019-08-22,21.21,21.43,20.70,20.98,127000
2019-08-23,21.06,21.10,20.68,20.79,160000
2019-08-26,20.84,21.10,20.50,20.52,192400
2019-08-27,20.54,20.58,20.14,20.19,173300
2019-08-28,20.23,20.38,20.08,20.11,141900
2019-08-29,20.05,20.12,19.74,19.74,175400
2019-08-30,19.72,19.99,19.46,19.86,158700
2019-09-03,19.86,19.97,19.77,19.90,149000
2019-09-04,19.77,20.36,19.64,20.07,147400
2019-09-05,19.98,20.32,19.96,20.25,145000
2019-09-06,20.16,20.52,19.98,20.47,166300
2019-09-09,20.53,20.58,20.34,20.36,153500
2019-09-10,20.38,21.20,20.31,21.08,131800
2019-09-11,21.13,21.18,21.06,21.17,130600
2019-09-12,21.02,21.24,20.56,20.57,157600
2019-09-13,20.45,20.51,20.13,20.26,160700
2019-09-16,20.31,20.48,19.54,19.72,142200
2019-09-17,19.50,19.81,19.37,19.74,121700
2019-09-18,19.84,19.84,19.53,19.72,181300
2019-09-19,19.58,19.66,19.55,19.59,176000
2019-09-20,19.66,20.28,19.65,20.25,100300
2019-09-23,20.18,20.49,20.09,20.45,183500
2019-09-24,20.53,20.73,20.46,20.70,144800
2019-09-25,20.97,21.06,20.40,20.41,154700
2019-09-26,20.23,20.27,20.08,20.11,178500
2019-09-27,20.16,20.36,19.96,20.13,191300
2019-09-30,19.99,20.31,19.97,20.21,175100
2019-10-01,20.24,20.39,19.58,19.63,156000
2019-10-02,19.62,19.64,19.57,19.60,115600
2019-10-03,19.61,19.70,19.56,19.62,99300
2019-10-04,19.55,19.67,19.40,19.57,172000
2019-10-07,19.63,19.84,19.24,19.34,183600
2019-10-08,19.22,19.24,19.15,19.19,129600
2019-10-09,19.29,19.34,19.07,19.16,143300
2019-10-10,19.12,19.21,19.03,19.20,136100
2019-10-11,19.10,19.57,19.03,19.41,135400
2019-10-15,19.54,19.87,19.51,19.77,176900
2019-10-16,19.76,20.01,19.63,19.70,155500
2019-10-17,19.85,19.94,19.53,19.57,144300
2019-10-18,19.67,19.79,19.54,19.73,216400
2019-10-21,19.67,20.15,19.51,19.94,114100
2019-10-22,19.93,19.95,19.71,19.82,163700
2019-10-23,19.83,20.24,19.72,20.09,123800
2019-10-24,20.21,20.58,20.07,20.43,146100
2019-10-25,20.46,21.16,20.42,20.87,153700
2019-10-28,20.88,21.60,20.87,21.49,171100
2019-10-29,21.47,21.48,21.16,21.20,143500
2019-10-30,21.20,21.38,21.20,21.22,140800
2019-10-31,21.33,21.34,21.17,21.24,143000
2019-11-01,21.24,21.26,21.20,21.22,123000
2019-11-04,21.19,21.38,20.97,21.02,165800
2019-11-05,20.97,21.32,20.29,20.54,157000
2019-11-06,20.49,20.64,20.43,20.58,160900
2019-11-07,20.47,20.53,20.30,20.35,148300
2019-11-08,20.29,20.51,20.19,20.39,145200
2019-11-12,20.52,20.74,20.09,20.15,179400
2019-11-13,20.13,20.27,19.78,19.82,175500
2019-11-14,19.87,20.05,19.75,19.91,185400
2019-11-15,19.71,20.00,19.69,19.98,159300
2019-11-18,20.02,20.41,20.00,20.18,183800
2019-11-19,20.17,21.03,20.15,20.92,139600
2019-11-20,20.88,21.23,20.67,21.02,145000
2019-11-21,21.04,21.31,20.95,21.20,179900
2019-11-22,21.16,21.16,20.81,20.85,171100
2019-11-25,20.68,20.73,20.29,20.44,142700
2019-11-26,20.52,21.02,20.43,20.99,123800
2019-11-27,21.01,21.20,20.62,20.69,144900
2019-11-29,20.67,20.76,20.31,20.36,132900
2019-12-02,20.29,20.45,20.22,20.37,193100
2019-12-03,20.25,20.51,20.24,20.36,169000
2019-12-04,20.37,20.58,19.93,20.08,130900
2019-12-05,20.21,20.31,19.73,20.00,123900
2019-12-06,20.02,20.63,19.96,20.42,130500
2019-12-09,20.30,20.55,19.92,20.17,136000
2019-12-10,20.19,20.25,19.64,19.74,145800
2019-12-11,19.74,20.19,19.55,20.06,177900
2019-12-12,20.13,20.61,20.11,20.24,125800
2019-12-13,20.29,20.31,19.90,20.06,207200
2019-12-16,19.82,19.95,19.57,19.57,126400
2019-12-17,19.61,19.72,19.17,19.36,114800
2019-12-18,19.28,19.50,19.23,19.36,192200
2019-12-19,19.25,19.78,18.98,19.75,183000
2019-12-20,19.73,20.03,19.43,19.44,145400
2019-12-23,19.47,19.52,19.23,19.43,159500
2019-12-24,19.31,19.89,19.24,19.66,160200
2019-12-26,19.72,19.85,18.89,18.95,153400
2019-12-27,19.00,19.42,18.97,19.28,117600
2019-12-30,19.29,19.34,18.83,18.94,88000
2019-12-31,18.88,19.12,18.87,19.06,128900
2020-01-02,18.99,19.19,18.69,19.16,195400
2020-01-03,19.24,19.55,19.18,19.52,196400
2020-01-06,19.40,19.84,19.28,19.71,143500
2020-01-07,19.79,19.87,18.90,18.99,126100
2020-01-08,18.98,19.17,18.70,18.78,157000
2020-01-09,18.77,19.05,18.72,18.84,161000
2020-01-10,18.71,18.81,18.60,18.80,165000
2020-01-13,18.79,18.99,18.77,18.97,86800
2020-01-14,19.01,19.26,18.97,19.23,228900
2020-01-15,19.13,19.51,18.94,19.44,178300
2020-01-16,19.48,19.70,19.31,19.39,145100
2020-01-17,19.40,19.42,18.81,18.85,132000
2020-01-21,18.80,18.82,18.72,18.73,174700
2020-01-22,18.79,18.90,18.75,18.88,162400
2020-01-23,18.71,18.82,18.53,18.57,152300
2020-01-24,18.60,18.85,18.53,18.78,161500
2020-01-27,18.90,19.13,18.88,19.08,147200
2020-01-28,19.19,19.27,19.08,19.14,160000
2020-01-29,19.17,19.38,18.00,18.24,168200
2020-01-30,18.22,18.42,17.80,17.90,158600
2020-01-31,17.85,18.48,17.75,18.47,157300
2020-02-03,18.45,18.47,18.11,18.33,184800
2020-02-04,18.37,18.43,17.73,17.78,110100
2020-02-05,17.72,18.16,17.72,18.16,130100
2020-02-06,18.21,18.28,18.09,18.19,150700
2020-02-07,18.34,18.67,18.12,18.53,131800
2020-02-10,18.53,18.64,18.50,18.64,140100
2020-02-11,18.54,18.95,18.47,18.80,182200
2020-02-12,18.70,18.97,18.67,18.93,146300
2020-02-13,18.99,19.38,18.95,19.16,104300
2020-02-14,19.16,19.94,19.15,19.89,139400
2020-02-18,19.96,20.40,19.95,20.22,151500
2020-02-19,20.18,20.23,19.61,19.74,151000
2020-02-20,19.80,20.00,19.77,19.90,163900
2020-02-21,19.88,20.31,19.88,20.28,161900
2020-02-24,20.22,20.90,20.20,20.69,146500
2020-02-25,20.66,20.74,20.34,20.57,120200
2020-02-26,20.47,21.16,20.45,20.97,139000
2020-02-27,21.14,21.52,21.07,21.30,134400
2020-02-28,21.29,22.22,21.05,22.21,142900
2020-03-02,22.27,22.34,21.77,21.95,167300
2020-03-03,21.91,21.97,21.73,21.79,160100
2020-03-04,21.70,21.78,21.68,21.69,170600
2020-03-05,21.67,21.68,21.46,21.54,140400
2020-03-06,21.63,21.67,21.20,21.24,187700
2020-03-09,21.20,21.34,20.27,20.34,166800
2020-03-10,20.27,20.32,20.10,20.22,152800
2020-03-11,20.23,20.51,20.15,20.35,165100
2020-03-12,20.39,20.50,20.04,20.21,133100
2020-03-13,20.34,20.87,20.21,20.86,97300
2020-03-16,20.89,20.91,20.85,20.88,134800
2020-03-17,20.94,21.73,20.70,21.33,168700
2020-03-18,21.39,21.61,21.21,21.44,152000
2020-03-19,21.34,21.75,21.26,21.73,146600
2020-03-20,21.65,22.03,21.50,21.84,128800
2020-03-23,21.75,22.39,21.65,22.34,101100
2020-03-24,22.22,22.42,22.11,22.37,185600
2020-03-25,22.44,22.67,22.44,22.56,144800
2020-03-26,22.58,22.76,22.58,22.70,139300
2020-03-27,22.71,22.73,22.50,22.60,133200
2020-03-30,22.37,22.82,22.10,22.76,181400
2020-03-31,22.95,23.80,22.91,23.60,172000
2020-04-01,23.51,23.61,23.49,23.50,125800
2020-04-02,23.70,23.75,23.61,23.67,179100
2020-04-03,23.53,24.16,23.47,24.15,146400
2020-04-06,24.07,24.68,23.90,24.60,134700
2020-04-07,24.38,24.64,24.14,24.61,142700
2020-04-08,24.64,24.68,23.58,23.69,130400
2020-04-09,23.58,24.14,23.43,23.89,117000
2020-04-10,23.79,23.86,22.98,23.06,169400
2020-04-13,22.93,23.71,22.80,23.62,144500
2020-04-14,23.69,23.80,23.67,23.69,165400
2020-04-15,23.75,24.26,23.73,24.07,157200
2020-04-16,24.25,24.28,23.60,23.73,163700
2020-04-17,23.67,23.81,23.02,23.15,98900
2020-04-20,23.17,23.26,22.96,23.26,128300
2020-04-21,23.14,23.30,23.11,23.25,164200
2020-04-22,23.22,23.26,23.06,23.08,118100
2020-04-23,23.03,23.19,22.69,23.12,159300
2020-04-24,23.16,24.25,22.93,24.17,115200
2020-04-27,24.27,24.57,24.21,24.50,150400
2020-04-28,24.59,24.97,24.43,24.91,190200
2020-04-29,24.83,25.50,24.71,25.25,169400
2020-04-30,25.35,25.93,25.16,25.86,103700
2020-05-01,25.85,25.97,25.70,25.78,171200
2020-05-04,25.74,25.78,24.87,24.94,195600
2020-05-05,24.87,24.89,24.68,24.86,219900
2020-05-06,24.81,25.47,24.72,25.19,161900
2020-05-07,25.37,25.38,24.73,24.80,115900
2020-05-08,24.83,24.91,24.70,24.73,160900
2020-05-11,24.75,24.84,24.33,24.46,189900
2020-05-12,24.43,25.08,24.31,25.06,145300
2020-05-13,25.30,25.66,25.30,25.36,176100
2020-05-14,25.49,25.82,25.23,25.62,129000
2020-05-15,25.55,25.94,25.51,25.88,159300
2020-05-18,25.85,26.05,25.85,25.86,87800
2020-05-19,25.84,26.06,25.79,25.94,126200
2020-05-20,25.95,25.99,25.33,25.45,149800
2020-05-21,25.37,25.48,24.40,24.57,140900
2020-05-22,24.61,24.70,24.61,24.63,117500
2020-05-26,24.77,24.90,24.62,24.76,137500
2020-05-27,24.63,25.52,24.56,25.24,158200
2020-05-28,25.13,26.05,24.84,25.89,147800
2020-05-29,25.84,26.87,25.73,26.54,151500
2020-06-01,26.49,26.64,25.95,26.11,168300
2020-06-02,26.32,26.56,25.80,25.96,141400
2020-06-03,26.07,26.48,25.96,26.16,184000
2020-06-04,26.26,27.27,26.15,27.24,125300
2020-06-05,27.21,27.99,27.18,27.88,198200
2020-06-08,27.85,28.41,27.82,28.37,177800
2020-06-09,28.21,28.29,28.10,28.18,141100
2020-06-10,28.27,28.53,27.71,27.77,142800
2020-06-11,27.83,28.21,27.69,28.11,155200
2020-06-12,28.26,28.50,27.58,27.61,165000
2020-06-15,27.59,27.76,27.31,27.49,177400
2020-06-16,27.48,27.60,27.18,27.43,116500
2020-06-17,27.45,28.13,27.39,28.13,160900
2020-06-18,28.23,28.28,27.73,27.96,97100
2020-06-19,27.79,27.90,26.85,26.88,145600
2020-06-22,26.95,27.10,26.87,27.09,186300
2020-06-23,27.08,27.18,26.63,26.78,114600
2020-06-24,26.66,27.10,26.50,26.79,110000
2020-06-25,26.56,26.76,26.56,26.74,155500
2020-06-26,26.73,26.73,26.45,26.62,184700
2020-06-29,26.77,27.20,26.47,26.95,158100
2020-06-30,27.13,27.22,26.27,26.29,102400
2020-07-01,26.33,26.54,25.87,26.07,107900
2020-07-02,26.27,26.39,26.27,26.35,152400
2020-07-06,26.35,26.52,25.91,26.09,120500
2020-07-07,26.19,26.24,25.14,25.42,153400
2020-07-08,25.37,25.71,25.36,25.69,154900
2020-07-09,25.64,26.38,25.48,26.15,137800
2020-07-10,26.08,26.14,26.02,26.13,195400
2020-07-13,25.92,26.11,25.26,25.32,164800
2020-07-14,25.45,25.79,25.16,25.61,180300
2020-07-15,25.54,25.58,24.69,24.93,173000
2020-07-16,24.85,25.11,24.70,25.06,146200
2020-07-17,24.94,25.04,24.50,24.70,145100
2020-07-20,24.68,24.72,24.17,24.25,142600
2020-07-21,24.42,24.49,23.94,24.08,167000
2020-07-22,24.28,24.35,23.97,24.01,133700
2020-07-23,23.86,23.99,23.47,23.77,193100
2020-07-24,23.74,24.24,23.52,24.00,131400
2020-07-27,23.90,23.94,23.76,23.83,155400
2020-07-28,23.93,24.29,23.83,24.22,144300
2020-07-29,24.24,24.60,24.23,24.33,138700
2020-07-30,24.27,24.54,24.04,24.06,204300
2020-07-31,24.07,24.36,23.56,23.73,139000
2020-08-03,23.69,23.82,23.02,23.12,142400
2020-08-04,23.27,23.35,23.00,23.24,133400
2020-08-05,23.29,23.41,23.05,23.11,151000
2020-08-06,23.17,23.28,22.23,22.26,147500
2020-08-07,22.02,22.12,22.02,22.08,122000
2020-08-10,22.07,22.24,21.74,21.77,139400
2020-08-11,21.95,22.34,21.80,22.34,165200
2020-08-12,22.46,22.48,21.62,21.75,175700
2020-08-13,21.59,21.79,21.17,21.27,150600
2020-08-14,21.24,21.75,21.23,21.66,151500
2020-08-17,21.56,22.18,21.50,22.15,141000
2020-08-18,22.30,22.36,21.68,21.90,137400
2020-08-19,21.92,21.95,21.67,21.69,127000
2020-08-20,21.62,21.94,21.38,21.92,111100
2020-08-21,21.92,21.93,20.91,21.13,132400
2020-08-24,20.91,21.01,20.52,20.52,172600
2020-08-25,20.43,20.47,20.42,20.44,139400
2020-08-26,20.45,21.16,20.41,20.97,141300
2020-08-27,21.05,21.12,20.72,20.84,140900
2020-08-28,20.68,20.99,20.51,20.89,181100
2020-08-31,20.86,21.46,20.69,21.29,126800
2020-09-01,21.38,22.17,21.21,22.03,156900
2020-09-02,21.91,21.94,21.71,21.84,148300
2020-09-03,21.86,21.88,21.78,21.85,151700
2020-09-04,21.85,22.80,21.58,22.51,156100
2020-09-08,22.66,22.71,21.88,21.97,151400
2020-09-09,21.95,22.51,21.91,22.35,169800
2020-09-10,22.34,22.40,21.86,22.00,149300
2020-09-11,22.07,22.10,21.91,22.05,193600
2020-09-14,21.93,22.11,21.75,21.97,151100
2020-09-15,21.95,22.06,21.56,21.65,107400
2020-09-16,21.61,21.74,21.28,21.32,166000
2020-09-17,21.31,21.79,21.07,21.43,159800
2020-09-18,21.50,22.02,21.41,21.79,150800
2020-09-21,21.84,21.92,21.69,21.76,143500
2020-09-22,21.69,22.11,21.64,21.79,97100
2020-09-23,21.80,22.11,21.72,22.00,101300
2020-09-24,22.14,22.37,21.59,21.68,191200
2020-09-25,21.60,21.95,21.49,21.95,135400
2020-09-28,21.96,22.28,21.89,22.25,174100
2020-09-29,22.23,23.30,22.20,23.21,109900
2020-09-30,23.20,23.35,22.90,23.07,123800
2020-10-01,22.92,22.93,22.88,22.91,167000
2020-10-02,23.04,23.24,23.04,23.20,147400
2020-10-05,23.13,23.59,22.99,23.52,163400
2020-10-06,23.61,23.65,23.06,23.32,149700
2020-10-07,23.26,23.31,23.16,23.18,144800
2020-10-08,23.12,23.53,22.97,23.39,133000
2020-10-09,23.50,23.68,23.08,23.09,120100
2020-10-13,23.18,23.33,22.93,22.94,185100
2020-10-14,22.96,23.01,22.75,22.98,189200
2020-10-15,23.05,23.66,22.76,23.36,124000
2020-10-16,23.33,23.35,22.97,23.14,122400
2020-10-19,23.14,23.25,22.47,22.48,141300
2020-10-20,22.42,22.43,21.78,21.81,158500
2020-10-21,21.89,21.97,21.22,21.38,145500
2020-10-22,21.32,21.33,20.84,20.95,162500
2020-10-23,21.08,21.21,20.78,20.91,148800
2020-10-26,20.89,21.05,20.32,20.53,147100
2020-10-27,20.54,20.69,20.25,20.32,210300
2020-10-28,20.38,20.50,20.01,20.09,136900
2020-10-29,20.09,20.09,19.94,19.96,191000
2020-10-30,19.94,20.53,19.93,20.41,186200
2020-11-02,20.41,20.76,20.18,20.64,162600
2020-11-03,20.72,20.82,20.61,20.66,101800
2020-11-04,20.61,20.65,20.38,20.53,150800
2020-11-05,20.52,20.61,20.36,20.40,137100
2020-11-06,20.40,20.70,20.40,20.53,150500
2020-11-09,20.60,20.79,20.43,20.74,123400
2020-11-10,20.73,20.96,20.42,20.45,168900
2020-11-12,20.60,20.67,20.47,20.48,174600
2020-11-13,20.47,20.55,19.68,19.84,179300
2020-11-16,19.82,20.00,19.67,19.93,140400
2020-11-17,19.91,20.39,19.77,20.19,123500
2020-11-18,20.08,20.12,19.62,20.12,158800
2020-11-19,20.03,20.74,19.98,20.73,193900
2020-11-20,20.68,20.82,20.43,20.45,151700
2020-11-23,20.55,20.57,20.54,20.54,161300
2020-11-24,20.54,20.57,20.46,20.55,144100
2020-11-25,20.51,20.64,20.47,20.53,137400
2020-11-27,20.63,20.81,20.42,20.51,166500
2020-11-30,20.63,20.67,20.53,20.56,147300
2020-12-01,20.66,20.96,20.48,20.86,160100
2020-12-02,20.78,21.34,20.69,21.34,162700
2020-12-03,21.29,21.54,21.22,21.35,158700
2020-12-04,21.50,21.85,21.44,21.64,163900
2020-12-07,21.66,21.88,21.26,21.41,128700
2020-12-08,21.39,21.79,21.26,21.69,127100
2020-12-09,21.75,21.87,21.43,21.44,148900
2020-12-10,21.53,21.86,21.40,21.83,149500
2020-12-11,21.78,22.68,21.76,22.63,136900
2020-12-14,22.65,22.75,22.33,22.59,156000
2020-12-15,22.68,22.79,21.68,21.82,172700
2020-12-16,21.72,21.82,21.56,21.65,179700
2020-12-17,21.65,22.11,21.34,22.09,185300
2020-12-18,21.99,22.42,21.71,22.30,117100
2020-12-21,22.21,22.55,22.12,22.40,120900
2020-12-22,22.35,22.80,22.25,22.77,142800
2020-12-23,22.81,22.99,22.56,22.96,152000
2020-12-24,22.93,23.47,22.89,23.42,144000
2020-12-28,23.35,23.77,23.24,23.77,136200
2020-12-29,23.77,24.44,23.74,24.36,142400
2020-12-30,24.25,24.69,24.14,24.50,162100
2020-12-31,24.54,24.94,24.50,24.86,116800
2021-01-04,24.97,25.02,24.69,24.74,208600
2021-01-05,24.73,24.97,24.39,24.50,150500
2021-01-06,24.48,25.29,24.44,25.18,176300
2021-01-07,25.22,25.35,25.16,25.27,135500
2021-01-08,25.07,25.65,24.92,25.60,164400
2021-01-11,25.65,25.74,25.39,25.65,152500
2021-01-12,25.97,26.05,25.36,25.40,171400
2021-01-13,25.39,25.72,25.31,25.41,145000
2021-01-14,25.39,26.11,25.28,26.00,188800
2021-01-15,26.07,26.48,25.99,26.22,112700
2021-01-19,26.40,26.56,25.27,25.51,173700
2021-01-20,25.61,25.72,25.27,25.42,153000
2021-01-21,25.20,26.31,24.80,26.15,124500
2021-01-22,26.21,26.23,25.58,26.06,198800
2021-01-25,26.33,26.53,25.05,25.32,196200
2021-01-26,25.38,26.33,25.04,26.09,98200
2021-01-27,25.97,26.45,25.97,26.37,154400
2021-01-28,26.40,26.74,26.26,26.34,167600
2021-01-29,26.21,26.26,26.17,26.18,161000
2021-02-01,26.31,26.89,26.20,26.63,187900
2021-02-02,26.53,26.70,26.35,26.39,182700
2021-02-03,26.40,27.17,26.29,26.88,156600
2021-02-04,26.79,27.23,26.70,27.10,206900
2021-02-05,27.04,27.29,27.01,27.20,173400
2021-02-08,27.36,27.38,27.12,27.26,141200
2021-02-09,27.27,27.30,27.09,27.17,136200
2021-02-10,27.11,27.81,27.06,27.62,181100
2021-02-11,27.49,27.49,27.14,27.23,130200
2021-02-12,27.03,27.19,26.49,26.52,139800
2021-02-16,26.39,26.78,26.21,26.78,144000
2021-02-17,26.79,27.18,26.64,27.04,158900
2021-02-18,27.15,27.45,26.96,27.24,145200
2021-02-19,27.18,27.54,27.13,27.41,117100
2021-02-22,27.58,27.65,27.19,27.26,179100
2021-02-23,27.18,27.65,27.04,27.60,139900
2021-02-24,27.57,27.70,27.34,27.57,200500
2021-02-25,27.45,27.81,27.03,27.34,157600
2021-02-26,27.45,27.52,27.09,27.20,181700
2021-03-01,27.42,28.23,27.18,28.08,165800
2021-03-02,27.88,28.00,26.91,27.30,182900
2021-03-03,27.26,27.63,27.08,27.51,164300
2021-03-04,27.65,27.81,26.63,26.77,155900
2021-03-05,26.61,26.74,26.46,26.71,177300
2021-03-08,26.78,27.15,26.37,26.52,212100
2021-03-09,26.65,26.77,25.64,25.65,143300
2021-03-10,25.65,25.83,25.53,25.80,169900
2021-03-11,25.86,25.92,25.61,25.64,149900
2021-03-12,25.83,26.10,24.52,24.79,162700
2021-03-15,24.99,25.30,24.97,25.13,151100
2021-03-16,25.12,26.10,24.81,25.71,96100
2021-03-17,25.66,26.60,25.60,26.33,145000
2021-03-18,26.23,26.72,26.00,26.48,175000
2021-03-19,26.58,26.64,26.23,26.49,130900
2021-03-22,26.35,27.08,26.30,27.05,173000
2021-03-23,27.03,28.04,26.94,27.78,154600
2021-03-24,27.79,28.32,27.54,28.28,145200
2021-03-25,28.22,28.53,27.81,27.84,172600
2021-03-26,27.87,27.94,27.53,27.92,167000
2021-03-29,28.21,28.30,27.88,28.11,160500
2021-03-30,28.09,28.39,27.12,27.29,175400
2021-03-31,27.24,27.71,27.09,27.49,155100
2021-04-01,27.60,28.51,27.47,28.49,108900
2021-04-02,28.52,29.08,28.47,28.77,140500
2021-04-05,28.94,29.61,28.84,29.44,104900
2021-04-06,29.46,29.74,29.33,29.51,166400
2021-04-07,29.48,29.50,29.26,29.45,172400
2021-04-08,29.25,29.65,29.17,29.62,173500
2021-04-09,29.42,29.51,29.15,29.21,162200
2021-04-12,29.00,29.13,28.70,28.75,174200
2021-04-13,28.79,29.33,28.72,29.32,110600
2021-04-14,29.16,30.14,29.14,29.95,147300
2021-04-15,30.10,30.17,29.37,29.46,114600
2021-04-16,29.46,30.44,29.23,29.90,141000
2021-04-19,29.87,29.97,29.73,29.84,190400
2021-04-20,29.73,30.14,29.55,29.98,177300
2021-04-21,30.05,30.36,29.99,30.18,166600
2021-04-22,30.08,30.68,29.97,30.64,145500
2021-04-23,30.52,30.97,30.50,30.65,125200
2021-04-26,30.80,31.38,30.63,31.33,154700
2021-04-27,31.37,31.81,31.36,31.45,177800
2021-04-28,31.42,31.77,31.21,31.74,160200
2021-04-29,31.82,32.08,31.14,31.29,110400
2021-04-30,31.29,32.43,30.98,32.36,152600
2021-05-03,32.41,32.69,32.36,32.57,102200
2021-05-04,32.47,33.37,32.39,32.91,170100
2021-05-05,33.18,33.40,31.95,32.04,132700
2021-05-06,31.96,31.99,31.56,31.59,119400
2021-05-07,31.79,32.33,31.65,32.19,170400
2021-05-10,32.17,32.47,32.07,32.31,164000
2021-05-11,32.41,32.55,31.29,31.30,155800
2021-05-12,31.39,31.95,31.28,31.80,204800
2021-05-13,31.94,32.03,31.24,31.49,165900
2021-05-14,31.38,32.61,31.35,32.18,133900
2021-05-17,32.32,32.40,31.98,32.10,163000
2021-05-18,32.34,32.54,31.90,32.17,142800
2021-05-19,32.14,32.83,31.87,32.75,181700
2021-05-20,32.76,32.92,32.14,32.25,157000
2021-05-21,32.18,32.34,31.65,31.71,159500
2021-05-24,31.67,31.98,31.31,31.58,113900
2021-05-25,31.80,32.23,31.76,31.97,151500
2021-05-26,31.84,31.96,31.06,31.27,148600
2021-05-27,31.15,31.28,30.35,30.42,124400
2021-05-28,30.61,31.02,29.98,30.80,144500
2021-06-01,30.87,31.13,30.32,30.48,160900
2021-06-02,30.74,30.83,30.09,30.26,149900
2021-06-03,30.21,30.22,29.30,29.35,114700
2021-06-04,29.37,29.51,28.85,29.02,143200
2021-06-07,28.94,29.20,28.83,29.00,138300
2021-06-08,29.01,29.74,28.89,29.41,154800
2021-06-09,29.21,29.28,28.81,29.03,152100
2021-06-10,29.11,29.98,28.89,29.80,139700
2021-06-11,29.84,29.85,29.44,29.45,138700
2021-06-14,29.44,29.47,29.08,29.11,151700
2021-06-15,29.07,29.86,28.92,29.82,174100
2021-06-16,29.71,30.07,29.66,29.90,157000
2021-06-17,29.99,30.14,29.38,29.61,185600
2021-06-21,29.48,29.56,29.26,29.52,178300
2021-06-22,29.58,30.23,29.45,30.15,187400
2021-06-23,30.40,30.86,30.09,30.84,184200
2021-06-24,31.02,31.13,30.17,30.41,189100
2021-06-25,30.23,30.41,30.20,30.37,121200
2021-06-28,30.30,30.87,30.30,30.39,166200
2021-06-29,30.44,30.47,29.80,29.89,180500
2021-06-30,29.88,29.96,29.50,29.84,185000
2021-07-01,29.68,29.95,29.66,29.82,130700
2021-07-02,29.87,30.54,29.77,30.35,166400
2021-07-06,30.35,31.06,30.17,30.92,151900
2021-07-07,31.16,31.30,30.72,30.73,196200
2021-07-08,30.70,30.74,30.13,30.60,115300
2021-07-09,30.74,31.09,30.57,30.90,130800
2021-07-12,30.75,30.98,30.48,30.59,104700
2021-07-13,30.46,30.91,30.29,30.85,153600
2021-07-14,30.94,30.96,30.50,30.78,206600
2021-07-15,30.92,31.08,30.14,30.29,148900
2021-07-16,30.17,30.33,29.70,29.80,152500
2021-07-19,29.80,30.61,29.65,30.48,163800
2021-07-20,30.31,30.39,30.06,30.38,147100
2021-07-21,30.36,31.49,30.29,31.16,159200
2021-07-22,31.27,31.42,30.62,30.88,159800
2021-07-23,30.83,31.18,30.81,31.00,128900
2021-07-26,30.97,32.27,30.87,32.18,147600
2021-07-27,32.03,32.08,31.55,31.61,168500
2021-07-28,31.53,31.53,30.52,30.63,173200
2021-07-29,30.85,31.31,30.82,31.25,182500
2021-07-30,31.25,31.27,30.59,30.81,158400
2021-08-02,30.68,30.78,30.59,30.77,158900
2021-08-03,30.73,30.82,30.32,30.46,168800
2021-08-04,30.27,30.71,30.09,30.57,135100
2021-08-05,30.44,30.64,29.96,30.08,134100
2021-08-06,30.24,30.63,29.95,29.97,146900
2021-08-09,29.95,30.20,29.68,30.17,118100
2021-08-10,30.40,30.48,29.50,29.66,160200
2021-08-11,29.65,29.72,29.07,29.31,176200
2021-08-12,29.31,29.56,28.88,29.13,132200
2021-08-13,29.20,29.29,28.43,28.45,160900
2021-08-16,28.15,28.26,28.09,28.25,134300
2021-08-17,28.27,28.47,28.14,28.29,124600
2021-08-18,28.28,28.34,27.90,28.09,201400
2021-08-19,28.26,28.46,27.77,27.96,124900
2021-08-20,28.07,28.15,27.72,27.94,118000
2021-08-23,27.81,27.96,27.62,27.63,155400
2021-08-24,27.77,28.13,27.72,27.93,156700
2021-08-25,27.90,28.58,27.66,28.57,166700
2021-08-26,28.46,28.46,28.31,28.34,200000
2021-08-27,28.36,28.61,28.35,28.55,130600
2021-08-30,28.52,28.98,28.22,28.42,135500
2021-08-31,28.60,28.67,28.23,28.57,190200
2021-09-01,28.61,29.36,28.53,29.28,173500
2021-09-02,29.31,29.64,29.18,29.50,170000
2021-09-03,29.61,29.70,28.55,28.66,135300
2021-09-07,28.78,29.00,28.78,28.85,178100
2021-09-08,28.94,29.51,28.90,29.41,170100
2021-09-09,29.58,29.59,29.14,29.29,154700
2021-09-10,29.36,29.90,29.28,29.74,135400
2021-09-13,29.76,29.96,29.36,29.39,152700
2021-09-14,29.54,29.72,28.54,28.68,191200
2021-09-15,28.67,28.83,28.58,28.73,122700
2021-09-16,28.74,29.15,27.61,27.92,130000
2021-09-17,28.11,28.41,27.69,27.80,134300
2021-09-20,27.98,28.50,27.91,28.37,139700
2021-09-21,28.37,28.41,27.45,27.50,149600
2021-09-22,27.45,27.72,26.76,26.93,174000
2021-09-23,27.09,27.11,26.39,26.48,161500
2021-09-24,26.57,26.59,26.34,26.45,151500
2021-09-27,26.48,26.68,25.89,26.29,156900
2021-09-28,26.26,27.14,26.10,26.88,165600
2021-09-29,26.92,27.31,26.66,27.29,108000
2021-09-30,27.28,27.55,27.22,27.49,176800
2021-10-01,27.42,27.60,27.36,27.55,129300
2021-10-04,27.56,27.79,27.49,27.71,138900
2021-10-05,27.74,27.74,27.00,27.32,158500
2021-10-06,27.28,27.99,27.23,27.69,148100
2021-10-07,27.79,27.86,26.98,27.19,162200
2021-10-08,27.33,27.57,27.31,27.54,153500
2021-10-12,27.65,28.39,27.36,28.06,142800
2021-10-13,28.03,28.14,27.96,28.14,188200
2021-10-14,28.23,28.39,27.83,28.05,167700
2021-10-15,28.06,28.23,28.01,28.22,157600
2021-10-18,28.08,28.13,26.71,26.94,167300
2021-10-19,27.01,27.13,26.63,27.06,132400
2021-10-20,27.08,27.08,26.80,27.01,204400
2021-10-21,27.29,27.49,26.94,26.98,122800
2021-10-22,27.13,27.54,26.96,27.27,152800
2021-10-25,27.35,27.39,27.06,27.23,142800
2021-10-26,27.26,27.49,26.66,26.73,141900
2021-10-27,26.75,26.76,26.56,26.66,138600
2021-10-28,26.56,26.82,26.35,26.68,130700
2021-10-29,26.50,26.89,26.44,26.73,179700
2021-11-01,26.63,26.83,26.47,26.79,119900
2021-11-02,26.78,27.36,26.71,27.23,174600
2021-11-03,27.00,27.03,26.67,26.75,166200
2021-11-04,26.69,27.01,26.66,26.82,140500
2021-11-05,26.79,27.46,26.75,27.37,163300
2021-11-08,27.35,27.47,26.60,26.61,146100
2021-11-09,26.54,26.76,26.53,26.68,122500
2021-11-10,26.65,26.68,26.40,26.43,122700
2021-11-12,26.61,26.63,26.10,26.27,166400
2021-11-15,26.34,26.34,25.54,25.88,165100
2021-11-16,25.82,26.01,25.78,25.81,156100
2021-11-17,25.80,26.95,25.80,26.58,140200
2021-11-18,26.57,26.58,26.00,26.04,145200
2021-11-19,25.96,25.97,25.45,25.55,141900
2021-11-22,25.47,25.68,24.91,25.02,106300
2021-11-23,25.12,25.83,25.06,25.72,151500
2021-11-24,25.68,25.79,25.47,25.53,163100
2021-11-26,25.42,25.57,25.28,25.52,151700
2021-11-29,25.51,25.80,25.35,25.35,194200
2021-11-30,25.36,25.52,24.83,24.97,124900
2021-12-01,24.78,24.96,24.72,24.88,133500
2021-12-02,24.87,25.94,24.84,25.88,153300
2021-12-03,25.97,26.48,25.82,26.46,156100
2021-12-06,26.50,26.82,25.96,26.09,102500
2021-12-07,26.32,26.48,26.31,26.36,165100
2021-12-08,26.49,26.61,25.93,26.00,156200
2021-12-09,26.16,26.38,25.27,25.27,97000
2021-12-10,25.56,25.77,25.50,25.69,147100
2021-12-13,25.76,26.17,25.69,26.16,129800
2021-12-14,26.18,26.83,26.13,26.60,138700
2021-12-15,26.70,26.77,26.38,26.40,116500
2021-12-16,26.34,26.38,26.16,26.32,160400
2021-12-17,26.33,26.72,26.22,26.63,194000
2021-12-20,26.56,26.86,26.17,26.79,156600
2021-12-21,26.83,26.93,26.49,26.62,96000
2021-12-22,26.55,26.65,25.75,25.93,157100
2021-12-23,25.86,26.05,25.83,25.97,145100
2021-12-27,26.02,26.49,25.90,26.42,122500
2021-12-28,26.41,26.49,25.86,25.91,158800
2021-12-29,25.71,26.35,25.48,26.18,172000
2021-12-30,26.02,26.36,25.86,26.31,133300
2022-01-03,26.19,26.84,26.11,26.62,108900
2022-01-04,26.53,27.28,26.25,26.99,99700
2022-01-05,27.04,27.15,26.45,26.68,133400
2022-01-06,26.71,27.18,25.91,26.00,146100
2022-01-07,26.11,26.27,25.74,25.77,137100
2022-01-10,25.85,26.19,25.74,26.14,132900
2022-01-11,26.25,26.39,25.83,25.91,164200
2022-01-12,25.97,26.06,25.39,25.62,161600
2022-01-13,25.64,25.70,24.81,24.88,155000
2022-01-14,24.99,25.79,24.87,25.59,170400
2022-01-18,25.68,25.95,25.60,25.92,133600
2022-01-19,25.96,26.44,25.91,26.24,122600
2022-01-20,26.38,26.73,26.33,26.65,136900
2022-01-21,26.40,26.94,26.29,26.89,135200
2022-01-24,26.86,26.92,26.45,26.77,98700
2022-01-25,26.74,26.83,26.64,26.70,136400
2022-01-26,26.82,26.95,26.49,26.51,177600
2022-01-27,26.67,27.81,26.59,27.64,170000
2022-01-28,27.48,27.92,27.31,27.88,163100
2022-01-31,28.04,28.07,27.66,27.66,153300
2022-02-01,27.53,27.95,27.45,27.86,186200
2022-02-02,27.73,27.79,27.38,27.40,123500
2022-02-03,27.37,28.24,27.10,28.05,125900
2022-02-04,28.02,28.15,27.63,27.75,178100
2022-02-07,27.57,28.00,27.56,27.96,150700
2022-02-08,28.03,28.54,27.91,28.43,133200
2022-02-09,28.50,28.80,28.49,28.59,163800
2022-02-10,28.71,28.94,28.61,28.61,139000
2022-02-11,28.56,28.71,28.34,28.60,129100
2022-02-14,28.60,28.66,28.41,28.56,128400
2022-02-15,28.56,28.70,28.28,28.29,158000
2022-02-16,28.48,28.57,27.87,28.07,155100
2022-02-17,27.75,28.80,27.70,28.73,187900
2022-02-18,28.62,28.90,28.55,28.66,142700
2022-02-22,28.66,28.75,28.00,28.29,142300
2022-02-23,28.17,28.19,27.66,28.04,186000
2022-02-24,28.01,28.64,27.66,28.53,174600
2022-02-25,28.51,28.87,28.46,28.82,153600
2022-02-28,28.75,29.26,28.65,29.06,111000
2022-03-01,29.07,29.25,28.87,28.93,129700
2022-03-02,29.00,29.32,28.84,29.18,123600
2022-03-03,29.15,29.37,28.80,28.86,150900
2022-03-04,28.81,28.82,28.56,28.72,137300
2022-03-07,28.71,29.27,28.46,29.16,190100
2022-03-08,29.16,29.62,28.79,29.55,110700
2022-03-09,29.34,29.35,28.79,29.07,121000
2022-03-10,29.12,29.18,28.48,28.66,156100
2022-03-11,28.61,28.83,28.44,28.69,163000
2022-03-14,28.84,29.68,28.74,29.48,85300
2022-03-15,29.55,29.74,28.41,28.57,106600
2022-03-16,28.70,28.91,28.68,28.68,143400
2022-03-17,28.57,28.79,27.99,28.04,183900
2022-03-18,28.00,28.06,27.72,27.75,197200
2022-03-21,27.61,27.73,27.50,27.57,139600
2022-03-22,27.50,27.52,27.18,27.38,145700
2022-03-23,27.52,27.65,26.83,27.14,129100
2022-03-24,27.30,27.39,26.89,27.13,165800
2022-03-25,27.01,27.05,26.54,26.89,188200
2022-03-28,26.84,26.97,26.19,26.26,181400
2022-03-29,26.25,26.61,26.25,26.58,149300
2022-03-30,26.65,26.99,26.57,26.90,129000
2022-03-31,26.71,27.37,26.43,27.26,150200
2022-04-01,27.08,27.15,26.31,26.58,184500
2022-04-04,26.64,26.72,26.43,26.71,140000
2022-04-05,26.50,27.21,26.41,26.99,104600
2022-04-06,26.94,27.08,26.30,26.54,141000
2022-04-07,26.56,26.63,26.36,26.54,143000
2022-04-08,26.58,26.83,26.42,26.48,104500
2022-04-11,26.47,27.50,26.33,27.27,155800
2022-04-12,27.23,28.14,27.19,28.11,162700
2022-04-13,28.20,28.32,27.20,27.36,196500
2022-04-14,27.39,28.63,27.10,28.46,116700
2022-04-15,28.39,28.47,27.79,28.03,168300
2022-04-18,28.04,28.77,27.97,28.46,174200
2022-04-19,28.51,28.92,28.45,28.89,163000
2022-04-20,29.09,29.23,28.33,28.42,124800
2022-04-21,28.51,28.95,28.26,28.63,123400
2022-04-22,28.77,29.07,28.47,28.57,152400
2022-04-25,28.50,28.90,28.30,28.81,152300
2022-04-26,28.75,29.01,28.64,28.90,136000
2022-04-27,28.87,29.48,28.86,29.44,182300
2022-04-28,29.42,29.85,29.35,29.45,140000
2022-04-29,29.33,29.37,29.24,29.36,102700
2022-05-02,29.50,30.04,29.49,29.86,144400
2022-05-03,29.96,30.41,29.86,30.11,162000
2022-05-04,30.08,30.79,30.00,30.44,158500
2022-05-05,30.52,30.67,29.86,30.10,158400
2022-05-06,30.13,30.28,29.48,29.58,187300
2022-05-09,29.66,29.69,29.24,29.29,122100
2022-05-10,29.13,29.35,28.95,28.98,139400
2022-05-11,28.97,29.63,28.89,29.33,188600
2022-05-12,29.33,29.78,29.26,29.77,100800
2022-05-13,29.85,29.87,29.56,29.68,148700
2022-05-16,29.61,30.64,29.51,30.35,180700
2022-05-17,30.04,31.00,29.94,30.99,180400
2022-05-18,30.86,31.16,30.77,31.09,166500
2022-05-19,31.08,31.22,30.55,30.66,167100
2022-05-20,30.66,31.67,30.63,31.41,124000
2022-05-23,31.62,31.74,31.25,31.35,184300
2022-05-24,31.43,31.84,31.10,31.39,120000
2022-05-25,31.40,31.52,31.13,31.19,121500
2022-05-26,31.19,31.24,30.72,30.72,159700
2022-05-27,30.86,31.04,29.82,29.98,137700
2022-05-31,29.91,30.43,29.78,30.27,155200
2022-06-01,30.25,30.50,29.76,29.87,160800
2022-06-02,29.74,31.64,29.62,31.34,194500
2022-06-03,31.52,31.63,30.63,30.77,160800
2022-06-06,30.82,31.18,30.07,30.14,134500
2022-06-07,30.05,30.71,29.60,30.36,166900
2022-06-08,30.35,31.17,30.32,31.09,129200
2022-06-09,31.15,31.28,31.07,31.09,172800
2022-06-10,31.06,31.66,31.00,31.35,151600
2022-06-13,31.29,31.30,30.38,30.41,160000
2022-06-14,30.33,30.36,29.74,30.06,105500
2022-06-15,30.10,30.25,29.03,29.53,93700
2022-06-16,29.49,29.65,28.46,28.63,112500
2022-06-17,28.58,28.70,28.53,28.67,193600
2022-06-21,28.51,28.61,27.11,27.64,121300
2022-06-22,27.65,27.76,26.91,27.05,168300
2022-06-23,27.03,27.12,26.50,26.81,134000
2022-06-24,26.78,26.86,26.41,26.45,144000
2022-06-27,26.47,26.68,26.16,26.61,148900
2022-06-28,26.69,26.80,26.66,26.74,191100
2022-06-29,26.81,27.12,26.79,27.11,164600
2022-06-30,27.17,27.56,27.04,27.43,159600
2022-07-01,27.41,28.19,27.40,27.93,182400
2022-07-05,27.86,28.09,27.83,27.91,134200
2022-07-06,27.80,28.08,27.64,28.04,176700
2022-07-07,27.97,28.50,27.89,28.26,172500
2022-07-08,28.26,28.37,28.21,28.31,172200
2022-07-11,28.22,28.28,28.09,28.11,146100
2022-07-12,28.12,28.34,27.89,27.95,139100
2022-07-13,27.84,27.87,27.42,27.57,128300
2022-07-14,27.39,27.92,27.34,27.75,129800
2022-07-15,27.84,27.89,27.49,27.70,127100
2022-07-18,27.64,27.73,27.22,27.39,159200
2022-07-19,27.30,27.32,26.86,27.09,144300
2022-07-20,26.98,27.09,26.49,26.57,160800
2022-07-21,26.61,27.17,26.46,26.98,162200
2022-07-22,27.13,27.15,26.92,27.00,123500
2022-07-25,26.96,27.23,26.52,26.63,122800
2022-07-26,26.60,27.24,26.60,26.97,144300
2022-07-27,27.08,27.14,26.64,26.72,130600
2022-07-28,26.52,26.90,26.10,26.12,128000
2022-07-29,26.32,26.83,26.17,26.54,192400
2022-08-01,26.80,26.90,26.23,26.31,111700
2022-08-02,26.02,26.23,25.85,26.13,200600
2022-08-03,26.12,26.32,25.95,26.14,157200
2022-08-04,26.07,26.79,26.03,26.62,174700
2022-08-05,26.59,26.80,26.54,26.62,171700
2022-08-08,26.58,26.74,26.01,26.11,165400
2022-08-09,26.20,26.46,25.95,26.33,191500
2022-08-10,26.32,26.34,26.00,26.13,122900
2022-08-11,26.03,27.02,25.93,26.92,146100
2022-08-12,26.90,27.11,26.79,26.91,128700
2022-08-15,26.97,27.14,25.92,25.96,107600
2022-08-16,25.84,26.11,25.79,26.11,133500
2022-08-17,25.93,27.09,25.74,26.93,196800
2022-08-18,27.14,27.72,26.98,27.60,145700
2022-08-19,27.53,28.72,27.53,28.41,199600
2022-08-22,28.40,28.51,27.83,27.94,202100
2022-08-23,27.90,28.48,27.76,28.34,224900
2022-08-24,28.40,28.51,27.99,28.00,197600
2022-08-25,28.20,28.36,28.02,28.09,209000
2022-08-26,28.15,28.23,27.41,27.51,158100
2022-08-29,27.34,27.44,27.14,27.22,155700
2022-08-30,27.06,27.34,26.79,26.91,157400
2022-08-31,26.87,27.58,26.76,27.29,150000
2022-09-01,27.27,27.85,27.22,27.64,153700
2022-09-02,27.45,27.88,27.33,27.75,168800
2022-09-06,27.84,27.97,26.90,27.14,138400
2022-09-07,27.03,27.06,26.89,27.00,115600
2022-09-08,27.16,27.28,26.62,26.67,159100
2022-09-09,26.87,27.15,26.65,27.04,132700
2022-09-12,27.01,27.70,26.97,27.54,135300
2022-09-13,27.59,28.01,27.56,28.00,146400
2022-09-14,27.87,28.00,27.62,27.65,140700
2022-09-15,27.72,27.77,26.29,26.46,177800
2022-09-16,26.40,26.44,25.51,25.71,145800
2022-09-19,25.60,26.34,25.52,26.30,179000
2022-09-20,26.27,26.35,25.89,26.13,155200
2022-09-21,26.08,26.23,25.78,25.81,147800
2022-09-22,25.78,26.54,25.73,26.50,154000
2022-09-23,26.60,27.20,26.58,27.03,117700
2022-09-26,26.95,27.25,26.91,27.03,158500
2022-09-27,27.22,27.30,26.64,26.90,171200
2022-09-28,26.76,26.92,26.50,26.83,174800
2022-09-29,27.01,27.18,26.78,26.92,116200
2022-09-30,26.82,27.69,26.41,27.61,112000
2022-10-03,27.61,28.22,27.38,27.79,136600
2022-10-04,27.74,28.16,27.40,28.10,184600
2022-10-05,28.06,28.74,27.65,28.62,155500
2022-10-06,28.71,28.76,28.01,28.07,130600
2022-10-07,28.24,28.42,28.03,28.40,113700
2022-10-11,28.54,28.58,28.07,28.25,132900
2022-10-12,28.21,28.26,27.06,27.13,131200
2022-10-13,27.15,27.23,26.15,26.21,173400
2022-10-14,26.13,26.31,25.65,25.78,175300
2022-10-17,25.68,26.05,25.56,26.00,123800
2022-10-18,25.88,26.11,25.81,26.04,168800
2022-10-19,26.00,26.17,25.87,26.11,166300
2022-10-20,26.14,27.15,26.06,26.94,120500
2022-10-21,26.73,27.00,26.25,26.39,147900
2022-10-24,26.38,26.47,26.32,26.37,158500
2022-10-25,26.53,26.69,26.48,26.49,154100
2022-10-26,26.61,26.66,26.08,26.18,107200
2022-10-27,26.12,26.23,26.04,26.19,153300
2022-10-28,26.04,26.06,25.28,25.52,165900
2022-10-31,25.57,26.22,25.53,26.10,189500
2022-11-01,25.86,26.01,25.76,25.81,133300
2022-11-02,25.93,26.94,25.90,26.66,136400
2022-11-03,26.64,26.66,26.56,26.64,144800
2022-11-04,26.84,27.26,26.67,27.07,157300
2022-11-07,26.89,27.27,26.82,27.04,152400
2022-11-08,27.14,27.21,26.98,27.02,165100
2022-11-09,27.01,27.08,26.47,26.76,121900
2022-11-10,26.73,26.81,26.44,26.81,159900
2022-11-14,26.66,27.12,26.43,26.93,131400
2022-11-15,27.00,27.03,26.46,26.59,146400
2022-11-16,26.66,26.76,26.35,26.53,192700
2022-11-17,26.72,26.80,26.23,26.27,115000
2022-11-18,26.37,27.30,26.15,27.25,143000
2022-11-21,27.18,27.23,26.96,27.20,118100
2022-11-22,27.09,28.22,27.01,27.87,153800
2022-11-23,27.72,28.08,27.45,27.77,176200
2022-11-25,27.93,28.02,27.74,27.87,154200
2022-11-28,27.79,27.83,27.26,27.28,147100
2022-11-29,27.44,27.55,26.87,27.07,183200
2022-11-30,27.13,27.20,27.08,27.16,158300
2022-12-01,27.19,27.96,27.15,27.85,170500
2022-12-02,27.81,28.05,27.63,27.93,167900
2022-12-05,28.01,28.58,27.91,28.55,78100
2022-12-06,28.54,29.01,28.33,28.82,148100
2022-12-07,28.78,29.79,28.53,29.57,123000
2022-12-08,29.65,29.80,29.42,29.52,129300
2022-12-09,29.50,30.75,29.43,30.65,186900
2022-12-12,30.55,30.64,30.20,30.39,140600
2022-12-13,30.46,30.55,29.95,30.00,197300
2022-12-14,29.99,30.13,29.15,29.40,114800
2022-12-15,29.46,30.78,29.04,30.50,122900
2022-12-16,30.44,31.25,29.92,30.87,169100
2022-12-19,30.72,30.74,30.59,30.68,141500
2022-12-20,30.90,31.33,30.87,31.28,157700
2022-12-21,31.47,31.82,31.42,31.59,147200
2022-12-22,31.71,32.78,31.43,32.57,146400
2022-12-23,32.52,32.55,31.59,31.74,142400
2022-12-27,31.71,31.96,31.25,31.58,154500
2022-12-28,31.75,31.82,31.19,31.32,166000
2022-12-29,31.27,31.47,30.18,30.32,190400
2022-12-30,30.24,30.90,30.02,30.81,144900
2023-01-03,31.04,31.17,30.56,30.65,140200
2023-01-04,30.65,31.09,30.59,30.99,136900
2023-01-05,31.21,32.44,30.83,32.16,186700
2023-01-06,31.98,32.00,31.91,31.94,167300
2023-01-09,32.01,32.20,31.47,31.70,102500
2023-01-10,31.96,32.18,31.72,31.73,101400
2023-01-11,31.73,32.28,31.68,32.20,129200
2023-01-12,32.17,32.50,31.63,31.88,155800
2023-01-13,31.73,32.14,31.45,31.53,149200
2023-01-17,31.67,32.06,31.44,32.04,162900
2023-01-18,31.94,32.48,31.91,32.20,145600
2023-01-19,32.19,32.36,30.98,31.13,184900
2023-01-20,30.98,31.01,30.40,30.50,169300
2023-01-23,30.69,31.29,30.39,31.22,151900
2023-01-24,31.36,31.52,31.34,31.39,178600
2023-01-25,31.39,31.43,30.92,30.98,108800
2023-01-26,30.84,31.11,30.67,30.87,147900
2023-01-27,31.06,31.08,30.49,30.85,153400
2023-01-30,30.81,31.29,30.66,31.19,165100
2023-01-31,31.05,31.09,30.16,30.49,107100
2023-02-01,30.28,30.46,29.74,30.06,143500
2023-02-02,29.98,30.36,29.81,30.17,160000
2023-02-03,30.00,30.23,29.71,30.10,161900
2023-02-06,30.02,30.54,29.86,30.35,179700
2023-02-07,30.44,30.68,29.45,29.74,169000
2023-02-08,29.69,30.06,29.69,29.89,148500
2023-02-09,29.93,30.49,29.89,30.39,166900
2023-02-10,30.31,30.66,30.08,30.61,145000
2023-02-13,30.62,30.80,30.55,30.65,153700
2023-02-14,30.89,30.95,30.54,30.58,169900
2023-02-15,30.54,30.71,30.11,30.15,148900
2023-02-16,30.20,30.36,29.80,30.09,159000
2023-02-17,29.90,30.78,29.88,30.68,174000
2023-02-21,30.87,30.90,30.35,30.60,167800
2023-02-22,30.54,30.82,29.85,30.14,180800
2023-02-23,30.27,30.37,29.40,29.88,208200
2023-02-24,29.87,30.14,29.80,29.96,167600
2023-02-27,30.03,30.16,29.63,29.76,138500
2023-02-28,29.84,30.12,29.68,29.97,162800
2023-03-01,29.91,30.62,29.83,30.20,161700
2023-03-02,30.33,30.71,30.18,30.61,165300
2023-03-03,30.52,31.32,30.36,31.29,187400
2023-03-06,31.39,32.09,31.25,31.76,107900
2023-03-07,31.71,31.93,31.13,31.26,187800
2023-03-08,31.30,31.43,30.78,30.78,196300
2023-03-09,30.73,30.92,30.70,30.72,164200
2023-03-10,30.73,30.86,30.22,30.48,164800
2023-03-13,30.34,30.41,29.78,29.90,144000
2023-03-14,29.93,29.96,29.66,29.67,150200
2023-03-15,29.68,29.94,29.32,29.43,167400
2023-03-16,29.36,29.44,28.73,29.09,165800
2023-03-17,29.09,29.31,28.82,28.93,168000
2023-03-20,28.94,29.55,28.89,29.46,165700
2023-03-21,29.39,29.56,29.19,29.54,172500
2023-03-22,29.52,30.73,29.48,30.71,169700
2023-03-23,30.58,30.87,30.32,30.77,124400
2023-03-24,31.06,31.20,30.44,30.60,170800
2023-03-27,30.73,30.83,30.48,30.57,196500
2023-03-28,30.61,30.96,30.58,30.68,149300
2023-03-29,30.82,31.11,30.74,30.86,187500
2023-03-30,30.62,32.01,30.54,31.88,127100
2023-03-31,31.56,31.72,31.13,31.42,149300
2023-04-03,31.37,32.02,31.16,31.83,134000
2023-04-04,31.65,31.97,31.59,31.90,184500
2023-04-05,31.87,31.88,30.94,31.08,191000
2023-04-06,31.11,31.77,31.05,31.44,147500
2023-04-07,31.55,32.15,31.45,32.05,179300
2023-04-10,31.91,32.15,31.57,31.59,191300
2023-04-11,31.64,31.75,31.40,31.55,149200
2023-04-12,31.55,31.68,30.57,30.66,153200
2023-04-13,30.71,30.85,29.84,30.03,168300
2023-04-14,29.97,30.57,29.76,30.51,128900
2023-04-17,30.68,30.71,30.19,30.26,152800
2023-04-18,30.25,30.33,29.53,29.71,203600
2023-04-19,29.92,30.03,29.66,29.80,137500
2023-04-20,29.70,29.90,29.14,29.53,171300
2023-04-21,29.62,29.82,29.09,29.29,163100
2023-04-24,29.28,29.66,29.15,29.62,145900
2023-04-25,29.58,29.64,28.97,29.05,155500
2023-04-26,29.12,29.14,28.52,28.62,193800
2023-04-27,28.58,28.82,28.50,28.67,163800
2023-04-28,28.37,29.27,28.13,29.10,167700
2023-05-01,28.75,29.92,28.70,29.67,190000
2023-05-02,29.82,29.89,29.24,29.33,142800
2023-05-03,29.48,29.78,29.47,29.76,123800
2023-05-04,29.98,30.03,29.17,29.37,194200
2023-05-05,29.36,30.53,29.10,30.22,153400
2023-05-08,30.06,30.30,29.28,29.65,172300
2023-05-09,29.60,30.33,29.54,30.27,130900
2023-05-10,30.27,30.36,29.78,29.93,159700
2023-05-11,29.81,31.01,29.73,30.89,122600
2023-05-12,31.09,31.39,30.68,31.15,151600
2023-05-15,31.43,31.61,30.51,30.62,133800
2023-05-16,30.68,30.97,29.84,30.34,128100
2023-05-17,30.34,30.76,29.86,30.70,142400
2023-05-18,30.54,31.31,30.21,31.20,92700
2023-05-19,31.39,31.42,31.10,31.14,121000
2023-05-22,31.15,31.35,30.92,31.13,169600
2023-05-23,31.09,31.66,30.96,31.48,158700
2023-05-24,31.54,31.82,31.47,31.52,123100
2023-05-25,31.45,31.75,30.46,30.85,163700
2023-05-26,30.86,31.04,30.41,30.42,128000
2023-05-30,30.25,30.54,30.04,30.51,168000
2023-05-31,30.65,31.31,30.49,31.09,147100
2023-06-01,31.07,32.07,30.81,31.87,141900
2023-06-02,32.02,32.33,31.99,32.24,147700
2023-06-05,32.22,32.64,32.15,32.36,214000
2023-06-06,32.34,32.76,32.22,32.71,131000
2023-06-07,32.56,33.17,32.10,32.33,155700
2023-06-08,32.43,32.43,32.12,32.22,169500
2023-06-09,32.11,32.25,31.65,31.77,125900
2023-06-12,31.70,31.90,30.91,31.11,110100
2023-06-13,31.11,31.58,30.93,31.25,135000
2023-06-14,31.26,31.47,31.24,31.31,169000
2023-06-15,31.10,31.90,30.92,31.63,141400
2023-06-16,31.60,31.92,31.57,31.88,144200
2023-06-20,31.98,32.22,31.69,31.97,172800
2023-06-21,31.92,32.39,31.91,32.22,129800
2023-06-22,32.19,32.23,31.93,32.17,147800
2023-06-23,32.19,32.41,32.11,32.35,112200
2023-06-26,32.33,32.60,31.91,31.94,158000
2023-06-27,31.81,32.16,31.78,32.10,155700
2023-06-28,32.10,32.54,32.00,32.41,169900
2023-06-29,32.54,32.56,31.90,32.04,121400
2023-06-30,31.90,32.35,31.89,32.03,145200
2023-07-03,31.98,32.43,31.67,31.68,118000
2023-07-05,31.51,31.66,31.00,31.38,143800
2023-07-06,31.50,31.57,30.58,30.80,187000
2023-07-07,30.79,31.45,30.63,31.40,142000
2023-07-10,31.29,32.07,31.27,31.91,115900
2023-07-11,31.92,32.43,31.73,32.16,133000
2023-07-12,32.00,33.26,31.79,33.15,109700
2023-07-13,33.02,33.40,32.99,33.02,117600
2023-07-14,32.82,34.72,32.71,34.62,166800
2023-07-17,34.47,34.53,34.40,34.45,113800
2023-07-18,34.64,34.69,34.34,34.54,157800
2023-07-19,34.44,34.71,34.06,34.28,150600
2023-07-20,34.34,34.64,34.20,34.44,136700
2023-07-21,34.33,35.37,34.29,34.86,155700
2023-07-24,34.97,35.09,34.74,34.75,126600
2023-07-25,34.61,35.71,34.47,35.71,171000
2023-07-26,35.71,35.96,35.26,35.79,132500
2023-07-27,35.80,35.99,35.50,35.90,140300
2023-07-28,36.23,36.63,35.17,35.33,137400
2023-07-31,35.42,35.75,35.23,35.51,167200
2023-08-01,35.43,35.58,35.33,35.39,163600
2023-08-02,35.49,35.59,34.83,35.00,84500
2023-08-03,35.30,35.57,34.49,34.52,156400
2023-08-04,34.29,36.13,34.00,35.98,106400
2023-08-07,35.86,35.91,35.61,35.78,141500
2023-08-08,35.74,36.16,34.87,34.90,147300
2023-08-09,34.84,34.86,34.46,34.47,141200
2023-08-10,34.42,34.51,34.17,34.40,162500
2023-08-11,34.22,34.85,34.19,34.65,168000
2023-08-14,34.85,34.93,34.82,34.92,130700
2023-08-15,34.72,35.33,34.37,35.25,129800
2023-08-16,35.22,35.64,34.65,34.84,149100
2023-08-17,34.99,34.99,34.75,34.98,111400
2023-08-18,34.98,35.13,34.02,34.45,138100
2023-08-21,34.32,34.43,33.79,34.07,183700
2023-08-22,33.88,34.02,33.43,33.53,112300
2023-08-23,33.50,33.79,32.71,32.86,141500
2023-08-24,32.76,33.48,32.60,33.39,135200
2023-08-25,33.41,33.96,33.03,33.72,200100
2023-08-28,33.53,34.33,33.24,34.21,136600
2023-08-29,34.32,34.58,34.16,34.19,138000
2023-08-30,34.20,34.70,34.17,34.57,124200
2023-08-31,34.60,34.75,33.44,33.57,150200
2023-09-01,33.76,34.30,33.73,33.99,156800
2023-09-05,33.93,34.05,33.80,34.05,127900
2023-09-06,33.95,34.55,33.93,34.35,174700
2023-09-07,34.27,34.62,33.90,34.51,156800
2023-09-08,34.49,34.51,33.91,33.93,171300
2023-09-11,33.92,34.07,32.88,33.09,141800
2023-09-12,32.98,33.34,32.41,32.67,156100
2023-09-13,32.41,33.06,32.39,32.94,144700
2023-09-14,32.86,33.46,32.71,33.26,186400
2023-09-15,33.31,33.52,32.46,32.51,152900
2023-09-18,32.52,32.72,31.66,31.97,150200
2023-09-19,32.12,32.34,31.44,31.57,138500
2023-09-20,31.82,31.92,31.16,31.36,137100
2023-09-21,31.45,31.86,30.65,30.66,155900
2023-09-22,30.83,30.95,29.88,29.94,170500
2023-09-25,30.03,30.13,29.22,29.53,132900
2023-09-26,29.73,29.74,29.52,29.55,153200
2023-09-27,29.77,29.80,28.64,28.98,154600
2023-09-28,29.09,29.18,28.81,28.91,159000
2023-09-29,28.99,29.56,28.74,29.38,107300
2023-10-02,29.36,29.42,28.72,28.76,126900
2023-10-03,28.75,28.86,28.59,28.65,115900
2023-10-04,28.61,29.13,28.40,29.11,150800
2023-10-05,29.18,29.27,28.74,28.89,127500
2023-10-06,28.81,28.89,28.52,28.61,137600
2023-10-10,28.59,29.30,28.54,29.14,120100
2023-10-11,28.86,29.04,28.83,28.98,139900
2023-10-12,29.18,29.61,28.98,29.47,121900
2023-10-13,29.45,29.86,29.21,29.66,168900
2023-10-16,29.71,29.79,29.37,29.48,162000
2023-10-17,29.65,29.86,29.52,29.68,153800
2023-10-18,29.72,29.96,29.56,29.82,142500
2023-10-19,29.99,30.36,29.84,30.28,99100
2023-10-20,30.13,30.17,29.83,30.00,138500
2023-10-23,30.29,30.31,29.85,30.00,131000
2023-10-24,30.13,30.33,29.85,29.94,156200
2023-10-25,29.97,30.47,29.87,30.26,165500
2023-10-26,30.43,30.82,29.47,29.75,158100
2023-10-27,29.61,30.78,29.35,30.21,181600
2023-10-30,30.18,30.44,29.88,30.42,135800
2023-10-31,30.59,31.02,29.70,29.76,134800
2023-11-01,29.54,30.65,29.17,30.32,175900
2023-11-02,30.39,31.58,30.10,31.40,154200
2023-11-03,31.46,31.90,31.28,31.88,143800
2023-11-06,32.13,32.87,32.05,32.58,196200
2023-11-07,32.37,32.85,32.19,32.59,164400
2023-11-08,32.80,33.04,31.40,31.70,145200
2023-11-09,31.63,31.67,30.31,30.75,132900
2023-11-13,30.70,30.88,30.53,30.85,183200
2023-11-14,30.70,30.75,30.30,30.53,155200
2023-11-15,30.40,30.52,30.02,30.07,150600
2023-11-16,30.12,30.18,29.72,30.01,166900
2023-11-17,29.88,30.30,29.71,30.29,172000
2023-11-20,30.38,30.58,29.39,29.57,163700
2023-11-21,29.49,29.73,29.26,29.34,172100
2023-11-22,29.20,30.31,29.13,30.04,161300
2023-11-24,29.97,30.09,29.50,29.50,163900
2023-11-27,29.54,29.96,29.47,29.90,131700
2023-11-28,29.86,30.20,29.63,29.65,195300
2023-11-29,29.65,29.90,29.51,29.88,119200
2023-11-30,29.97,30.62,29.86,30.39,157700
2023-12-01,30.52,31.04,30.41,30.73,116600
2023-12-04,30.69,31.26,30.56,31.16,147500
2023-12-05,31.03,31.15,30.37,30.56,135700
2023-12-06,30.57,31.29,30.43,31.08,153400
2023-12-07,31.14,31.32,30.47,30.64,158500
2023-12-08,30.46,30.75,30.24,30.74,126100
2023-12-11,30.63,30.94,30.60,30.84,149300
2023-12-12,30.75,31.08,30.35,31.05,184800
2023-12-13,31.03,31.26,30.84,31.20,117200
2023-12-14,31.10,31.35,30.72,30.75,128600
2023-12-15,30.84,30.94,30.05,30.07,171500
2023-12-18,29.88,30.56,29.86,30.47,151900
2023-12-19,30.28,30.60,30.19,30.53,153800
2023-12-20,30.49,31.25,30.28,31.08,175600
2023-12-21,31.05,31.18,30.94,31.03,130100
2023-12-22,30.85,30.91,30.16,30.31,137000
2023-12-26,30.24,30.88,30.13,30.76,133900
2023-12-27,30.71,30.84,30.39,30.55,141300
2023-12-28,30.50,30.97,30.21,30.70,183500
2023-12-29,30.71,30.72,30.11,30.35,107500
2024-01-02,30.27,31.17,29.85,31.14,120100
2024-01-03,31.32,31.50,30.45,30.68,115900
2024-01-04,30.74,30.83,30.37,30.49,185000
2024-01-05,30.39,30.76,30.24,30.52,134600
2024-01-08,30.53,30.62,29.84,29.96,141800
2024-01-09,29.98,30.14,29.63,30.10,109600
2024-01-10,30.25,31.09,30.07,30.87,143400
2024-01-11,30.79,30.88,30.50,30.60,171700
2024-01-12,30.69,31.03,30.57,30.77,156300
2024-01-16,30.77,31.07,29.33,29.42,147300
2024-01-17,29.59,29.78,29.34,29.38,110900
2024-01-18,29.53,29.98,29.13,29.22,141800
2024-01-19,29.24,29.31,28.57,28.82,153700
2024-01-22,28.79,29.63,28.65,29.30,125200
2024-01-23,29.36,29.42,29.10,29.13,166400
2024-01-24,29.11,29.13,29.01,29.03,172100
2024-01-25,29.23,29.36,28.50,28.84,136800
2024-01-26,28.85,29.15,27.89,27.95,168100
2024-01-29,27.91,27.92,27.38,27.44,147300
2024-01-30,27.39,27.86,27.37,27.85,178700
2024-01-31,27.72,28.03,26.89,26.92,200900
2024-02-01,26.98,27.18,26.23,26.58,122700
2024-02-02,26.49,26.56,26.40,26.41,169200
2024-02-05,26.52,27.30,26.43,27.15,182600
2024-02-06,27.01,27.64,26.70,27.47,125700
2024-02-07,27.49,27.67,27.17,27.22,135600
2024-02-08,27.35,27.79,27.08,27.78,135300
2024-02-09,27.55,27.64,27.32,27.45,146700
2024-02-12,27.67,27.97,27.46,27.88,141100
2024-02-13,27.83,27.93,26.98,27.27,145000
2024-02-14,27.29,27.81,27.23,27.73,170900
2024-02-15,27.80,28.01,27.53,27.54,102600
2024-02-16,27.62,27.67,26.89,27.08,125700
2024-02-20,27.11,27.17,26.88,26.98,166700
2024-02-21,27.09,27.21,26.99,27.09,163800
2024-02-22,27.15,27.17,26.72,26.87,123500
2024-02-23,27.06,27.14,26.92,27.10,164000
2024-02-26,27.16,27.25,26.62,26.84,183200
2024-02-27,27.05,27.12,26.99,27.10,148800
2024-02-28,27.20,27.64,27.13,27.28,124800
2024-02-29,27.09,27.59,26.88,27.25,171900
2024-03-01,27.53,27.71,26.88,27.05,193100
2024-03-04,26.98,27.25,26.70,27.10,127800
2024-03-05,27.27,27.51,27.21,27.33,151000
2024-03-06,27.34,28.42,27.24,28.24,177300
2024-03-07,28.36,28.72,28.33,28.65,152900
2024-03-08,28.58,29.13,28.50,29.09,106300
2024-03-11,29.16,30.91,29.10,30.55,161100
2024-03-12,30.51,30.78,30.40,30.77,125500
2024-03-13,30.97,31.12,30.92,30.99,118200
2024-03-14,31.04,31.41,30.85,31.31,106800
2024-03-15,31.43,31.54,30.71,30.78,179800
2024-03-18,30.52,30.73,30.36,30.54,129100
2024-03-19,30.53,30.68,30.18,30.27,158300
2024-03-20,30.32,30.81,30.22,30.56,164500
2024-03-21,30.59,30.70,30.42,30.45,154000
2024-03-22,30.57,30.66,30.17,30.49,157400
2024-03-25,30.45,31.21,30.09,31.00,159500
2024-03-26,31.01,31.58,30.86,31.41,153500
2024-03-27,31.56,31.64,31.28,31.30,131000
2024-03-28,31.02,31.47,30.68,30.94,128800
2024-03-29,31.01,31.52,30.97,31.48,147400
2024-04-01,31.44,31.94,31.29,31.84,146800
2024-04-02,31.72,31.88,30.70,31.00,160700
2024-04-03,31.04,31.12,30.52,30.82,177500
2024-04-04,30.97,31.10,30.81,30.88,158600
2024-04-05,31.01,31.32,30.84,31.24,129700
2024-04-08,31.22,31.71,31.22,31.67,95500
2024-04-09,31.78,32.07,31.65,31.78,130800
2024-04-10,31.89,32.21,31.70,32.05,116400
2024-04-11,32.04,32.19,32.03,32.05,131700
2024-04-12,31.96,32.18,31.53,31.68,156100
2024-04-15,31.60,31.88,31.39,31.51,152100
2024-04-16,31.62,31.68,31.45,31.49,196500
2024-04-17,31.49,31.53,31.26,31.45,162100
2024-04-18,31.32,31.56,30.42,30.49,197700
2024-04-19,30.28,30.47,30.17,30.27,167900
2024-04-22,30.37,30.81,30.22,30.27,177100
2024-04-23,30.21,30.22,29.93,30.11,141000
2024-04-24,30.15,30.20,29.78,29.97,123100
2024-04-25,30.12,30.42,29.95,30.19,138800
2024-04-26,30.03,30.15,29.54,29.65,149700
2024-04-29,29.64,29.66,28.79,28.86,134300
2024-04-30,28.84,28.96,28.44,28.69,125000
2024-05-01,28.73,29.22,28.50,29.02,160400
2024-05-02,29.17,29.86,28.98,29.80,124900
2024-05-03,29.64,30.19,29.61,30.15,111700
2024-05-06,30.22,30.25,29.32,29.43,121900
2024-05-07,29.55,29.68,29.25,29.30,144100
2024-05-08,29.28,29.62,29.13,29.41,125200
2024-05-09,29.39,29.83,29.26,29.47,144300
2024-05-10,29.52,29.90,29.50,29.71,165000
2024-05-13,29.75,29.88,29.08,29.25,164400
2024-05-14,29.32,29.83,29.16,29.27,133500
2024-05-15,29.33,29.56,28.96,29.44,117400
2024-05-16,29.33,30.15,28.99,29.82,135600
2024-05-17,29.94,30.03,29.13,29.41,166400
2024-05-20,29.55,29.78,28.93,29.23,172200
2024-05-21,29.25,29.29,27.90,27.98,158800
2024-05-22,27.81,27.95,27.63,27.69,180000
2024-05-23,27.68,27.98,27.37,27.45,193200
2024-05-24,27.47,27.53,26.90,26.99,137900
2024-05-28,26.87,27.14,26.82,27.06,187200
2024-05-29,27.02,27.28,26.86,27.02,143500
2024-05-30,26.87,26.94,25.93,26.05,175500
2024-05-31,26.12,26.33,26.01,26.14,167700
2024-06-03,26.16,26.23,25.53,25.75,100600
2024-06-04,25.58,26.19,25.31,25.95,125800
2024-06-05,25.98,26.10,25.37,25.42,119500
2024-06-06,25.41,25.57,25.22,25.43,105400
2024-06-07,25.48,25.52,25.04,25.31,172000
2024-06-10,25.27,25.47,25.12,25.43,201700
2024-06-11,25.35,25.56,25.30,25.48,143600
2024-06-12,25.40,25.66,25.34,25.38,171400
2024-06-13,25.32,25.43,24.70,24.76,187100
2024-06-14,24.76,24.97,24.07,24.18,155200
2024-06-17,24.20,24.25,23.92,23.96,149400
2024-06-18,23.94,23.98,23.87,23.96,143900
2024-06-20,23.92,23.94,23.62,23.73,163400
2024-06-21,23.70,24.30,23.67,23.98,171900
2024-06-24,24.22,24.22,23.76,23.87,161500
2024-06-25,23.80,23.96,23.48,23.51,160700
2024-06-26,23.46,23.54,23.40,23.41,148700
2024-06-27,23.72,23.76,23.24,23.50,110200
2024-06-28,23.54,23.63,23.51,23.63,172400
2024-07-01,23.50,24.47,23.20,24.36,117900
2024-07-02,24.44,24.47,23.90,24.10,165500
2024-07-03,24.01,24.21,23.95,24.08,168900
2024-07-05,24.17,24.36,24.15,24.25,121500
2024-07-08,24.23,24.24,24.16,24.24,134800
2024-07-09,24.20,24.30,23.91,24.05,203000
2024-07-10,24.20,24.32,23.19,23.46,148000
2024-07-11,23.52,23.67,23.27,23.28,119500
2024-07-12,23.37,23.38,22.65,22.89,170000
2024-07-15,22.93,22.95,22.23,22.27,130700
2024-07-16,22.23,22.50,21.84,22.00,102000
2024-07-17,22.06,22.11,21.63,21.65,163000
2024-07-18,21.75,21.91,21.63,21.86,127100
2024-07-19,21.87,22.32,21.74,22.09,158000
2024-07-22,22.25,22.32,21.66,21.78,129700
2024-07-23,21.85,22.00,21.50,21.70,167700
2024-07-24,21.72,21.88,21.07,21.08,154600
2024-07-25,21.10,21.11,20.72,20.93,85300
2024-07-26,20.94,21.23,20.89,21.07,159600
2024-07-29,20.97,21.48,20.95,21.37,142800
2024-07-30,21.36,21.49,21.08,21.14,185400
2024-07-31,21.16,21.61,21.03,21.51,159900
2024-08-01,21.48,21.51,20.88,21.01,168900
2024-08-02,21.04,21.08,20.48,20.61,132200
2024-08-05,20.61,20.98,20.58,20.86,130200
2024-08-06,20.93,21.67,20.87,21.44,149400
2024-08-07,21.50,21.71,21.47,21.63,141000
2024-08-08,21.64,21.68,21.58,21.62,183500
2024-08-09,21.51,21.56,20.83,20.89,146200
2024-08-12,21.04,21.04,20.21,20.24,119400
2024-08-13,20.23,20.32,20.09,20.30,129300
2024-08-14,20.29,20.34,20.03,20.20,174100
2024-08-15,20.17,20.26,19.72,19.86,145800
2024-08-16,19.82,19.99,19.80,19.90,144500
2024-08-19,20.02,20.20,19.86,19.96,176500
2024-08-20,20.07,20.29,19.84,20.28,127100
2024-08-21,20.31,20.55,20.10,20.34,94100
2024-08-22,20.33,20.80,20.23,20.76,128700
2024-08-23,20.81,20.88,20.62,20.78,156100
2024-08-26,20.78,20.85,20.75,20.76,143800
2024-08-27,20.74,21.38,20.61,21.13,111000
2024-08-28,21.16,21.40,20.71,20.81,175400
2024-08-29,20.78,22.09,20.62,21.79,154100
2024-08-30,21.81,21.96,21.74,21.93,159700
2024-09-03,21.95,22.12,21.82,22.08,160500
2024-09-04,22.13,22.46,22.13,22.27,117500
2024-09-05,22.22,23.10,22.19,22.96,157600
2024-09-06,23.03,23.27,22.81,23.26,172700
2024-09-09,23.18,23.19,22.59,22.68,178500
2024-09-10,22.63,23.48,22.60,23.21,168000
2024-09-11,23.16,23.17,22.96,23.09,162800
2024-09-12,22.99,23.25,22.94,23.13,106600
2024-09-13,23.23,23.26,22.65,22.67,149600
2024-09-16,22.58,23.03,22.51,22.87,126100
2024-09-17,22.81,22.96,22.64,22.64,182100
2024-09-18,22.76,22.84,22.45,22.69,178300
2024-09-19,22.64,22.85,22.41,22.59,126200
2024-09-20,22.58,23.32,22.58,23.31,148900
2024-09-23,23.22,24.08,23.06,24.07,156200
2024-09-24,24.15,24.16,23.73,24.09,172500
2024-09-25,24.17,24.18,23.97,24.12,108100
2024-09-26,24.19,24.57,23.90,23.98,94800
2024-09-27,24.03,24.44,24.00,24.41,151000
2024-09-30,24.42,24.62,24.16,24.28,86700
2024-10-01,24.23,24.47,24.00,24.12,154000
2024-10-02,24.05,24.74,24.02,24.51,164800
2024-10-03,24.63,24.76,24.26,24.30,180900
2024-10-04,24.37,24.41,24.23,24.29,134400
2024-10-07,24.22,24.37,23.62,23.68,154000
2024-10-08,23.69,24.05,23.49,23.96,166300
2024-10-09,23.93,25.01,23.91,24.72,120600
2024-10-10,24.61,25.11,24.39,25.01,172900
2024-10-11,25.02,25.96,24.97,25.60,156900
2024-10-15,25.55,25.71,25.19,25.25,134900
2024-10-16,25.15,25.57,24.79,25.35,153500
2024-10-17,25.20,25.45,24.72,24.96,146500
2024-10-18,24.81,25.03,24.56,24.87,169500
2024-10-21,24.84,25.36,24.72,25.18,141000
2024-10-22,25.17,25.23,24.84,25.22,155700
2024-10-23,25.14,25.45,24.65,24.66,134500
2024-10-24,24.72,24.73,24.11,24.15,126600
2024-10-25,24.14,24.23,23.32,23.62,154300
2024-10-28,23.68,23.83,23.63,23.81,127600
2024-10-29,23.80,24.65,23.64,24.62,170000
2024-10-30,24.54,25.31,24.48,25.16,164800
2024-10-31,25.17,25.33,24.24,24.41,130900
2024-11-01,24.29,25.25,24.03,24.97,155300
2024-11-04,25.03,25.64,24.95,25.35,130800
2024-11-05,25.26,25.26,24.39,24.73,109900
2024-11-06,24.82,24.86,24.46,24.61,135100
2024-11-07,24.58,25.20,24.35,25.05,148700
2024-11-08,25.16,25.37,24.88,25.27,163000
2024-11-12,25.16,25.42,24.71,24.75,153700
2024-11-13,24.68,25.22,24.58,24.99,172700
2024-11-14,25.03,25.10,24.08,24.15,125500
2024-11-15,24.26,24.34,23.99,24.07,140600
2024-11-18,24.23,24.59,24.09,24.51,191100
2024-11-19,24.52,24.76,24.33,24.52,101700
2024-11-20,24.70,25.00,24.26,24.33,138700
2024-11-21,24.30,24.71,24.28,24.68,123200
2024-11-22,24.79,25.17,24.62,25.07,145100
2024-11-25,24.97,25.61,24.93,25.60,139100
2024-11-26,25.64,26.06,25.46,25.96,165100
2024-11-27,25.72,26.45,25.49,26.41,156400
2024-11-29,26.29,26.82,26.22,26.71,117400
2024-12-02,26.76,26.85,26.65,26.82,135300
2024-12-03,26.68,26.99,26.62,26.85,150000
2024-12-04,26.90,26.97,26.60,26.74,168500
2024-12-05,26.84,26.91,26.07,26.22,210800
2024-12-06,26.17,26.30,25.74,25.82,167600
2024-12-09,25.72,25.77,25.58,25.70,124700
2024-12-10,25.65,25.86,25.57,25.79,147700
2024-12-11,25.69,26.55,25.69,26.39,154500
2024-12-12,26.38,26.52,26.29,26.37,137000
2024-12-13,26.38,26.88,26.29,26.79,161800
2024-12-16,26.76,27.50,26.59,27.25,93200
2024-12-17,27.43,27.46,27.07,27.14,163800
2024-12-18,27.06,27.39,26.88,27.39,138100
2024-12-19,27.54,27.57,27.23,27.27,147300
2024-12-20,27.16,28.04,27.00,27.85,186600
2024-12-23,27.85,28.32,27.77,28.12,118500
2024-12-24,28.25,28.44,27.47,27.58,156800
2024-12-26,27.70,27.71,27.36,27.64,169800
2024-12-27,27.59,28.51,27.44,28.36,154300
2024-12-30,28.43,28.75,28.15,28.27,109600
2024-12-31,28.31,28.60,28.19,28.46,183800
2025-01-02,28.39,28.77,28.23,28.69,144700
2025-01-03,28.76,29.01,28.04,28.20,136800
2025-01-06,28.41,28.51,28.04,28.42,142200
2025-01-07,28.47,28.72,27.65,27.78,140400
2025-01-08,27.84,28.09,27.23,27.49,120200
2025-01-09,27.57,28.11,27.30,27.96,154100
2025-01-10,27.80,28.20,27.76,28.11,135100
2025-01-13,28.16,28.29,27.88,27.96,166800
2025-01-14,27.84,28.59,27.64,28.14,162900
2025-01-15,28.08,28.23,28.07,28.10,190600
2025-01-16,28.35,28.59,28.07,28.10,144700
2025-01-17,28.07,28.38,27.96,28.38,129900
2025-01-21,28.30,28.51,27.64,28.04,113300
2025-01-22,28.17,28.19,28.03,28.04,204800
2025-01-23,27.94,27.94,27.77,27.89,166600
2025-01-24,27.84,28.02,27.00,27.18,132700
2025-01-27,27.32,27.37,26.71,26.77,192300
2025-01-28,26.78,27.60,26.54,27.45,183900
2025-01-29,27.27,27.64,27.14,27.61,116200
2025-01-30,27.67,27.76,26.94,27.02,131200
2025-01-31,26.97,27.00,26.29,26.35,146700
2025-02-03,26.51,26.51,26.29,26.30,123200
2025-02-04,26.23,26.99,26.05,26.96,147600
2025-02-05,27.07,27.25,26.75,26.87,167800
2025-02-06,27.06,27.47,27.03,27.43,115700
2025-02-07,27.34,27.80,27.29,27.57,157300
2025-02-10,27.55,27.86,27.47,27.77,179200
2025-02-11,27.81,27.84,27.07,27.17,160000
2025-02-12,27.08,27.76,26.83,27.57,148100
2025-02-13,27.60,27.82,27.26,27.42,133300
2025-02-14,27.39,28.08,27.28,27.79,170800
2025-02-18,27.76,27.78,27.33,27.42,120600
2025-02-19,27.42,27.61,27.35,27.48,156100
2025-02-20,27.49,27.87,27.28,27.63,150600
2025-02-21,27.65,27.72,27.36,27.55,178100
2025-02-24,27.48,27.90,27.39,27.72,135400
2025-02-25,27.66,27.67,27.34,27.59,137600
2025-02-26,27.57,28.08,27.08,27.29,119000
2025-02-27,27.29,28.04,27.24,27.99,160900
2025-02-28,27.94,28.60,27.70,28.45,139400
2025-03-03,28.49,28.56,27.97,28.09,128400
2025-03-04,27.89,28.43,27.79,28.34,130800
2025-03-05,28.25,28.42,27.89,27.99,163400
2025-03-06,27.96,28.31,27.36,27.45,122400
2025-03-07,27.36,28.08,27.36,27.90,124600
2025-03-10,28.08,28.14,26.93,27.14,172400
2025-03-11,27.14,27.60,26.96,27.53,145800
2025-03-12,27.55,27.60,27.39,27.41,173900
2025-03-13,27.36,27.61,26.90,27.31,141000
2025-03-14,27.31,27.53,27.11,27.48,150000
2025-03-17,27.34,28.24,27.08,27.72,153900
2025-03-18,27.71,28.11,27.12,27.35,184700
2025-03-19,27.25,27.68,27.18,27.65,182600
2025-03-20,27.62,27.75,27.56,27.69,178800
2025-03-21,27.41,27.59,26.98,27.13,134300
2025-03-24,27.01,27.12,26.86,27.05,125300
2025-03-25,27.21,27.77,27.21,27.64,169000
2025-03-26,27.74,28.46,27.73,28.38,184400
2025-03-27,28.54,28.91,28.26,28.70,179100
2025-03-28,28.86,28.91,27.75,28.14,150300
2025-03-31,28.22,28.59,28.17,28.35,168200
2025-04-01,28.30,28.84,28.29,28.72,168600
2025-04-02,28.60,29.17,28.50,29.04,153700
2025-04-03,29.18,29.61,29.13,29.39,154800
2025-04-04,29.40,29.63,29.34,29.54,152500
2025-04-07,29.84,29.91,29.49,29.49,130300
2025-04-08,29.45,29.51,29.18,29.19,132800
2025-04-09,29.42,29.43,28.16,28.30,132500
2025-04-10,28.28,28.70,28.24,28.44,110000
2025-04-11,28.59,28.68,28.38,28.51,153600
2025-04-14,28.70,28.79,28.70,28.75,149000
2025-04-15,28.63,28.67,28.08,28.12,169000
2025-04-16,28.07,28.60,28.03,28.40,181500
2025-04-17,28.28,29.66,28.11,29.33,183100
2025-04-18,29.19,29.62,29.13,29.35,185500
2025-04-21,29.43,29.59,29.28,29.30,131100
2025-04-22,29.28,29.46,29.25,29.43,114200
2025-04-23,29.44,30.50,29.42,30.38,173300
2025-04-24,30.45,30.45,29.86,29.87,184600
2025-04-25,29.65,30.05,29.64,29.94,188900
2025-04-28,30.10,30.25,29.44,29.54,162100
2025-04-29,29.50,29.61,29.13,29.26,100100
2025-04-30,29.33,29.35,29.08,29.22,159100
2025-05-01,29.29,29.98,28.98,29.84,163900
2025-05-02,30.00,30.92,29.90,30.69,181300
2025-05-05,30.68,31.05,30.56,30.89,185700
2025-05-06,30.63,30.68,30.27,30.67,172700
2025-05-07,30.68,32.06,30.53,31.90,135300
2025-05-08,31.92,32.09,31.37,31.65,124300
2025-05-09,31.52,31.65,31.15,31.33,163300
2025-05-12,31.35,31.40,30.37,30.43,130200
2025-05-13,30.38,31.19,30.27,31.09,186900
2025-05-14,30.92,31.81,30.78,31.55,107400
2025-05-15,31.63,32.86,31.54,32.76,164200
2025-05-16,32.69,32.73,31.87,32.01,158000
2025-05-19,31.95,32.91,31.78,32.73,144800
2025-05-20,32.67,32.82,32.66,32.73,126900
2025-05-21,32.89,33.18,32.82,33.12,98500
2025-05-22,33.11,33.26,32.06,32.22,136700
2025-05-23,32.23,32.96,32.07,32.95,137200
2025-05-27,32.90,33.41,32.53,33.33,177800
2025-05-28,33.40,33.57,33.07,33.28,130400
2025-05-29,33.46,33.63,33.33,33.58,161300
2025-05-30,33.67,33.76,33.09,33.13,117700
2025-06-02,33.23,33.38,32.61,32.79,162000
2025-06-03,32.87,33.20,32.44,32.51,94100
2025-06-04,32.33,32.63,31.05,31.53,202400
2025-06-05,31.42,32.02,31.40,31.94,146500
2025-06-06,31.91,32.78,31.83,32.52,80100
2025-06-09,32.43,32.50,32.08,32.13,132100
2025-06-10,31.99,32.59,31.71,32.27,128100
2025-06-11,32.03,32.37,31.75,32.10,133600
2025-06-12,31.93,32.29,31.87,32.24,140900
2025-06-13,32.21,32.62,31.68,31.89,133400
2025-06-16,31.88,31.95,31.22,31.41,129600
2025-06-17,31.31,31.98,31.30,31.91,121000
2025-06-18,31.92,31.95,31.67,31.85,170500
2025-06-20,31.79,32.95,31.57,32.86,180000
2025-06-23,33.01,33.34,32.63,32.85,143600
2025-06-24,32.83,32.93,32.31,32.33,149600
2025-06-25,32.42,33.09,32.24,32.94,121800
2025-06-26,32.97,33.51,32.87,33.24,151800
2025-06-27,33.05,33.61,32.70,33.59,155700
2025-06-30,33.58,34.48,33.30,34.19,144500
2025-07-01,34.02,34.12,33.65,33.80,159900
2025-07-02,33.78,33.97,33.49,33.69,157700
2025-07-03,33.59,33.80,33.51,33.55,123600
2025-07-07,33.61,33.71,32.67,32.83,179800
2025-07-08,32.65,32.73,32.46,32.66,144800
2025-07-09,32.66,33.65,32.46,33.33,191900
2025-07-10,33.40,33.44,33.34,33.41,160500
2025-07-11,33.54,33.78,32.54,32.66,199300
2025-07-14,32.56,32.65,31.74,31.83,179400
2025-07-15,31.83,33.09,31.77,32.65,155700
2025-07-16,32.68,32.86,32.32,32.57,131900
2025-07-17,32.77,32.80,31.95,32.20,132500
2025-07-18,32.01,32.64,31.69,32.03,163300
2025-07-21,31.91,32.09,31.21,31.25,153600
2025-07-22,31.60,32.16,31.54,31.94,135300
2025-07-23,31.91,32.20,31.48,31.71,170800
2025-07-24,31.47,32.43,31.10,32.38,151000
2025-07-25,32.31,32.64,32.00,32.37,171000
2025-07-28,32.02,33.14,31.68,33.09,125600
2025-07-29,33.12,33.20,33.06,33.19,175000
2025-07-30,33.30,33.67,33.20,33.61,162500
2025-07-31,33.48,34.18,33.38,33.95,179900
2025-08-01,33.89,34.37,33.53,34.25,174400
2025-08-04,34.38,34.47,34.04,34.40,147900
2025-08-05,34.16,34.40,33.99,34.23,145900
2025-08-06,34.05,35.56,34.02,35.25,194600
2025-08-07,35.22,35.38,34.54,34.69,142700
2025-08-08,34.59,34.66,34.55,34.65,168700
2025-08-11,34.61,34.75,34.56,34.61,140500
2025-08-12,34.44,35.09,34.24,34.79,103500
2025-08-13,34.82,34.87,34.32,34.51,119300
2025-08-14,34.49,34.70,33.95,34.64,160100
2025-08-15,34.71,34.90,34.17,34.50,167500
2025-08-18,34.53,34.60,33.39,33.59,160200
2025-08-19,33.62,33.68,33.43,33.56,178600
2025-08-20,33.37,33.42,32.90,32.94,159800
2025-08-21,33.00,33.02,31.79,32.00,130600
2025-08-22,31.96,32.14,31.72,32.04,164900
2025-08-25,32.02,32.37,31.84,32.26,154200
2025-08-26,32.39,32.65,32.17,32.50,135600
2025-08-27,32.40,32.84,32.29,32.76,161800
2025-08-28,32.94,33.53,31.61,31.73,152000
2025-08-29,31.91,32.03,30.88,31.01,134900
2025-09-02,31.11,32.20,30.92,31.98,145600
2025-09-03,31.86,32.09,31.35,31.42,185300
2025-09-04,31.14,31.78,31.04,31.70,184500
2025-09-05,31.83,31.94,31.17,31.32,154700
2025-09-08,31.34,31.34,31.30,31.33,151400
2025-09-09,31.24,31.35,30.79,30.99,114200
2025-09-10,31.13,31.32,30.92,31.24,193000
2025-09-11,31.13,31.30,31.13,31.28,175900
2025-09-12,31.23,31.31,30.92,31.03,168800
2025-09-15,31.10,31.18,30.26,30.49,93100
2025-09-16,30.35,30.78,30.34,30.59,151000
2025-09-17,30.58,30.79,29.67,29.98,146800
2025-09-18,30.11,30.18,29.96,30.17,167100
2025-09-19,30.19,31.49,30.17,31.44,138700
2025-09-22,31.59,32.37,31.35,32.09,144200
2025-09-23,32.24,32.58,31.96,32.43,165500
2025-09-24,32.43,32.58,32.20,32.35,130700
2025-09-25,32.05,32.24,31.25,31.33,135600
2025-09-26,31.20,31.25,30.58,30.65,154800
2025-09-29,30.74,31.38,30.70,31.26,183500
2025-09-30,31.07,31.47,30.54,30.84,170200
2025-10-01,30.80,30.86,30.36,30.47,176900
2025-10-02,30.51,30.70,30.28,30.37,151600
2025-10-03,30.55,30.83,29.59,29.83,187400
2025-10-06,29.76,30.08,29.17,29.23,106500
2025-10-07,29.16,29.50,29.11,29.19,200600
2025-10-08,29.18,29.35,28.62,28.76,203800
2025-10-09,28.80,28.92,28.35,28.40,161400
2025-10-10,28.39,28.44,27.78,28.04,170800
2025-10-14,28.15,28.47,28.00,28.26,149100
2025-10-15,28.17,28.39,28.08,28.14,144800
2025-10-16,28.15,28.49,28.04,28.05,134700
2025-10-17,28.10,28.67,27.91,28.30,148800
2025-10-20,28.26,28.31,28.17,28.22,163900
2025-10-21,28.32,28.40,27.98,28.09,160500
2025-10-22,28.10,28.32,27.87,28.28,199700
2025-10-23,28.37,28.65,28.06,28.57,152500
2025-10-24,28.60,28.86,28.37,28.49,112800
2025-10-27,28.54,28.68,28.49,28.51,191100
2025-10-28,28.44,28.46,27.97,28.14,119500
2025-10-29,28.07,28.46,27.73,27.75,136000
2025-10-30,27.88,28.13,27.78,28.08,156800
2025-10-31,28.15,28.33,28.02,28.27,160400
2025-11-03,28.15,28.51,28.06,28.46,113900
2025-11-04,28.48,28.67,28.41,28.57,131300
2025-11-05,28.30,28.75,28.30,28.58,113000
2025-11-06,28.51,29.20,28.30,28.88,165500
2025-11-07,28.99,29.33,28.82,29.30,179600
2025-11-10,29.29,29.77,29.17,29.71,119500
2025-11-12,29.73,29.97,29.48,29.64,174900
2025-11-13,29.29,30.30,29.12,30.29,173300
2025-11-14,30.24,30.43,30.11,30.38,133500
2025-11-17,30.42,30.75,30.34,30.66,100400
2025-11-18,30.72,31.17,30.64,30.77,123200
2025-11-19,30.89,31.02,30.82,30.87,135100
2025-11-20,30.85,31.07,30.41,30.48,188500
2025-11-21,30.46,30.82,30.38,30.80,147000
2025-11-24,30.64,32.37,30.38,32.21,124800
2025-11-25,32.19,32.26,31.83,31.99,153700
2025-11-26,31.83,32.21,31.63,31.99,117600
2025-11-28,31.76,31.86,31.52,31.73,162900
2025-12-01,31.59,31.81,31.14,31.46,125600
2025-12-02,31.65,32.28,31.23,32.21,129200
2025-12-03,32.18,32.25,31.54,31.84,159400
2025-12-04,31.86,32.20,31.55,31.56,193800
2025-12-05,31.50,31.56,30.56,30.74,204900
2025-12-08,30.52,30.57,30.26,30.35,124000
2025-12-09,30.46,30.69,29.25,29.51,135100
2025-12-10,29.25,29.88,29.22,29.79,162900
2025-12-11,29.72,31.18,29.48,31.13,179200
2025-12-12,31.12,31.17,30.90,30.92,95900
2025-12-15,30.95,31.16,29.99,30.08,152200
2025-12-16,29.99,30.52,29.96,30.50,137800
2025-12-17,30.27,30.42,30.00,30.12,101900
2025-12-18,30.02,31.04,30.01,30.73,116600
2025-12-19,30.64,30.93,30.46,30.57,135800
2025-12-22,30.47,30.89,30.04,30.23,151500
2025-12-23,30.35,30.49,30.05,30.12,175200
2025-12-24,29.98,30.59,29.94,30.47,158900
2025-12-26,30.51,30.67,29.98,30.33,173700
2025-12-29,30.35,30.48,29.93,30.07,150700
2025-12-30,30.19,30.29,29.59,29.95,132400
2025-12-31,29.94,29.96,29.22,29.33,145400
