Date,Open,High,Low,Close,Volume
2011-01-03,1100.00,1101.30,1096.40,1100.00,1917200
2011-01-04,1105.68,1112.40,1097.99,1100.40,2980900
2011-01-05,1096.14,1114.90,1092.17,1105.40,3220600
2011-01-06,1097.47,1113.65,1095.52,1101.54,2103200
2011-01-07,1103.33,1115.54,1072.65,1088.27,3594000
2011-01-10,1083.32,1085.10,1079.20,1081.79,2217500
2011-01-11,1079.89,1090.10,1064.27,1067.30,3697200
2011-01-12,1071.20,1072.70,1065.98,1068.68,3137700
2011-01-13,1065.19,1098.89,1062.78,1089.40,2595700
2011-01-14,1093.24,1097.18,1076.53,1082.34,2047000
2011-01-17,1079.40,1082.56,1072.61,1073.42,2809700
2011-01-18,1079.84,1091.17,1076.90,1081.27,2958100
2011-01-19,1087.02,1093.69,1086.76,1087.13,2937000
2011-01-20,1085.09,1092.13,1079.93,1089.17,2657600
2011-01-21,1088.24,1094.00,1068.04,1075.50,2888200
2011-01-24,1071.92,1079.75,1068.17,1075.52,3539700
2011-01-25,1076.38,1095.67,1070.31,1086.51,2467100
2011-01-26,1091.51,1094.89,1057.77,1066.68,2888900
2011-01-27,1060.52,1069.31,1058.89,1060.35,3291200
2011-01-28,1064.25,1069.61,1027.97,1032.99,3001400
2011-01-31,1027.54,1035.20,1014.80,1015.07,3535200
2011-02-01,1011.59,1016.80,982.52,989.84,3950200
2011-02-02,982.79,991.24,981.52,987.26,2801300
2011-02-03,995.61,998.33,969.31,970.57,3144200
2011-02-04,970.80,989.37,964.52,974.99,1246300
2011-02-07,975.95,983.74,970.27,977.85,2805000
2011-02-08,975.21,981.14,964.64,976.00,3417400
2011-02-09,980.18,983.07,932.14,942.90,2339400
2011-02-10,935.00,946.23,933.40,936.60,3814200
2011-02-11,936.70,945.06,934.13,936.77,1879600
2011-02-14,945.07,950.76,933.90,939.06,3826100
2011-02-15,937.62,942.10,919.53,919.94,2702200
2011-02-16,920.00,922.71,908.03,914.64,2398200
2011-02-17,917.10,918.45,890.71,903.04,2720300
2011-02-18,900.11,902.22,888.67,893.74,2852300
2011-02-21,893.82,910.95,892.19,908.02,2401200
2011-02-22,911.52,913.21,888.83,898.67,2180800
2011-02-23,899.37,904.01,895.03,899.15,2696800
2011-02-24,900.48,912.65,893.95,911.25,3582400
2011-02-25,909.98,912.24,893.73,904.69,3256100
2011-02-28,905.83,910.97,902.02,904.15,3820000
2011-03-01,904.36,910.33,902.83,906.43,2644100
2011-03-02,911.73,916.14,907.54,908.12,2797200
2011-03-03,910.76,920.74,885.56,893.54,2810000
2011-03-04,892.67,901.39,888.36,895.40,3097400
2011-03-07,886.67,915.96,874.39,913.51,3288700
2011-03-08,916.13,922.05,894.10,894.78,4068600
2011-03-09,897.49,913.46,888.82,906.53,3434000
2011-03-10,903.21,920.91,888.10,908.92,3109500
2011-03-11,901.69,907.08,895.61,901.67,3826600
2011-03-14,897.56,934.96,895.06,928.19,2539000
2011-03-15,931.64,947.07,929.91,939.00,2219100
2011-03-16,935.01,947.44,922.45,924.17,3411500
2011-03-17,922.47,929.73,916.51,925.98,3110200
2011-03-18,926.80,934.89,921.06,934.34,3081900
2011-03-21,938.93,941.43,926.60,932.70,3570600
2011-03-22,932.63,950.06,922.16,942.50,2807900
2011-03-23,942.12,946.26,941.08,942.43,2941800
2011-03-24,940.37,959.10,929.73,952.10,3237500
2011-03-25,958.33,975.55,953.57,972.28,3400100
2011-03-28,976.43,984.94,952.69,963.87,3601600
2011-03-29,963.50,973.13,961.79,967.38,3079500
2011-03-30,962.00,964.70,955.97,961.89,3168300
2011-03-31,958.85,964.94,957.40,964.38,1552500
2011-04-01,966.62,972.37,945.44,949.24,3745000
2011-04-04,946.51,947.54,927.55,942.37,2063800
2011-04-05,945.74,950.90,933.85,940.60,2981400
2011-04-06,941.97,962.35,939.22,953.35,4533700
2011-04-07,954.47,987.30,952.52,969.57,2811100
2011-04-08,972.11,974.07,945.81,952.52,2055200
2011-04-11,954.42,957.04,937.41,942.77,3978000
2011-04-12,939.55,954.24,933.48,952.18,2673700
2011-04-13,950.94,956.70,924.40,926.77,2909000
2011-04-14,935.48,937.85,919.19,921.63,2907700
2011-04-15,917.19,931.93,910.03,921.25,3449400
2011-04-18,919.50,939.07,918.56,938.49,3474700
2011-04-19,942.50,952.57,938.31,948.43,2932500
2011-04-20,947.83,952.64,942.08,944.91,3675300
2011-04-21,941.85,952.96,939.59,940.87,2463800
2011-04-22,935.90,938.64,928.83,938.41,3412600
2011-04-25,940.42,963.02,932.72,959.50,2631700
2011-04-26,963.42,970.47,950.79,954.56,3426700
2011-04-27,959.92,966.12,950.20,951.31,2604300
2011-04-28,951.51,962.13,942.10,956.83,2741900
2011-04-29,960.84,966.35,954.50,956.02,3893200
2011-05-02,952.08,959.02,942.99,954.19,2330300
2011-05-03,954.83,957.63,934.78,940.22,2299500
2011-05-04,937.67,946.61,935.45,940.91,3350400
2011-05-05,941.56,944.73,926.09,935.92,2843600
2011-05-06,938.73,952.61,937.67,952.19,2746700
2011-05-09,956.27,964.79,954.77,961.76,2919400
2011-05-10,957.96,966.61,953.39,962.23,4280300
2011-05-11,967.12,975.89,959.74,972.09,2382500
2011-05-12,970.24,972.53,963.62,968.24,2842100
2011-05-13,964.28,989.87,956.16,983.41,3104300
2011-05-16,982.74,984.81,977.86,984.09,2439200
2011-05-17,978.35,995.08,975.90,992.92,2983000
2011-05-18,992.94,993.62,961.76,975.86,3295400
2011-05-19,976.99,982.17,976.02,981.38,2457000
2011-05-20,980.60,981.68,951.33,959.20,3675000
2011-05-23,961.26,962.53,931.33,933.05,2316800
2011-05-24,931.87,943.45,917.17,929.94,2916800
2011-05-25,929.96,936.12,918.92,919.16,3205400
2011-05-26,913.88,925.62,908.11,922.17,4914900
2011-05-27,922.33,953.93,919.20,952.54,1952000
2011-05-30,949.30,954.01,940.82,942.33,3172400
2011-05-31,940.63,946.27,930.44,934.98,4517500
2011-06-01,934.63,943.63,933.21,938.54,2644500
2011-06-02,939.26,948.77,932.03,945.91,3657100
2011-06-03,939.70,951.10,936.39,944.42,3131500
2011-06-06,938.53,951.85,937.94,942.55,2144000
2011-06-07,941.41,959.52,934.17,952.73,3239300
2011-06-08,954.54,964.10,949.77,960.53,2467700
2011-06-09,961.91,968.82,946.53,947.54,3054200
2011-06-10,950.93,958.29,943.42,947.33,2101600
2011-06-13,952.28,959.07,945.92,948.65,3440800
2011-06-14,950.54,955.32,934.27,935.58,1552300
2011-06-15,935.51,944.41,934.22,939.87,2899800
2011-06-16,936.00,936.44,925.34,929.50,3774900
2011-06-17,925.99,946.03,921.83,943.14,3311500
2011-06-20,941.38,952.71,935.69,946.55,2792100
2011-06-21,947.57,955.86,946.53,948.59,2861100
2011-06-22,949.43,955.31,938.38,941.62,2745800
2011-06-23,941.64,946.82,931.75,940.92,4633000
2011-06-24,940.35,941.77,913.76,915.82,2969600
2011-06-27,918.13,923.04,897.85,902.33,2992800
2011-06-28,903.08,909.42,893.03,907.88,2560100
2011-06-29,908.96,915.06,873.46,882.14,2716100
2011-06-30,883.23,899.19,873.26,893.65,3367000
2011-07-01,891.70,896.49,871.26,873.02,2635100
2011-07-04,869.43,890.56,866.62,883.33,2517000
2011-07-05,885.07,889.49,872.55,873.92,2670300
2011-07-06,875.38,884.85,861.77,884.52,2788900
2011-07-07,883.74,893.04,883.73,887.13,3104600
2011-07-08,885.66,889.47,865.05,869.21,2709300
2011-07-11,877.17,892.75,867.92,885.58,2885500
2011-07-12,882.90,909.56,878.49,904.65,2550300
2011-07-13,903.86,914.00,895.86,904.76,3742800
2011-07-14,905.73,908.36,896.62,902.25,3054700
2011-07-15,898.09,906.23,894.47,901.19,2811800
2011-07-18,901.61,904.13,889.79,889.92,3174700
2011-07-19,896.34,908.32,894.63,904.71,2973000
2011-07-20,908.10,915.32,890.38,898.81,2059800
2011-07-21,901.09,904.46,897.34,899.13,2892200
2011-07-22,901.27,902.09,878.20,890.16,3991400
2011-07-25,890.56,894.59,879.42,883.37,3303200
2011-07-26,886.76,886.92,867.88,868.69,3706500
2011-07-27,868.15,891.05,864.60,885.16,2597800
2011-07-28,883.66,885.81,877.31,884.25,2108300
2011-07-29,884.61,901.05,880.90,897.30,2581500
2011-08-01,900.56,908.02,893.07,898.45,3811000
2011-08-02,899.63,900.74,885.13,890.72,2400400
2011-08-03,893.13,898.54,881.84,887.64,2523600
2011-08-04,880.48,883.02,875.78,881.69,3663200
2011-08-05,885.91,888.80,871.06,882.80,2849700
2011-08-08,891.11,893.76,867.62,879.18,2880900
2011-08-09,883.89,888.10,869.79,876.51,3228400
2011-08-10,875.39,881.91,852.78,860.75,3052200
2011-08-11,857.84,858.11,850.11,852.12,2818100
2011-08-12,853.07,877.44,852.04,873.18,3151900
2011-08-15,869.74,872.10,855.82,866.03,2571300
2011-08-16,868.55,874.09,850.35,854.37,2974400
2011-08-17,852.58,861.44,852.06,859.48,3393400
2011-08-18,862.79,884.68,856.71,877.66,2363500
2011-08-19,882.46,884.84,856.19,860.98,2872000
2011-08-22,854.01,868.43,846.63,859.52,2313800
2011-08-23,860.53,861.73,852.94,853.00,3447500
2011-08-24,850.62,853.70,828.62,833.27,3369100
2011-08-25,828.58,852.63,820.30,843.00,3565600
2011-08-26,840.92,843.86,836.45,843.82,3619500
2011-08-29,843.08,845.89,838.78,845.75,3614500
2011-08-30,849.25,852.24,835.30,837.96,3430200
2011-08-31,832.88,845.84,832.13,844.42,2533300
2011-09-01,847.98,850.64,837.64,839.15,3561300
2011-09-02,845.95,850.29,838.27,838.57,2452500
2011-09-05,840.58,840.72,822.79,826.74,4399400
2011-09-06,828.55,832.35,809.80,813.89,3173200
2011-09-07,813.85,837.05,808.80,830.42,3355900
2011-09-08,826.52,832.04,821.38,825.65,2259900
2011-09-09,827.42,830.35,822.95,830.16,3643300
2011-09-12,831.43,834.64,820.80,830.88,3704000
2011-09-13,833.32,839.93,817.39,826.88,2058100
2011-09-14,835.42,843.78,818.78,822.14,2665500
2011-09-15,824.53,840.68,821.48,830.56,2718600
2011-09-16,831.98,839.28,824.58,828.18,2610600
2011-09-19,833.37,840.13,823.58,827.55,3829100
2011-09-20,823.11,829.55,816.26,828.93,4298900
2011-09-21,825.15,855.27,823.60,843.84,2360400
2011-09-22,842.58,863.54,838.75,853.03,3629200
2011-09-23,850.80,865.46,847.29,858.70,2842300
2011-09-26,861.09,867.92,850.65,853.02,3822000
2011-09-27,851.94,852.99,831.60,837.75,1529900
2011-09-28,843.60,852.64,837.93,850.09,2739000
2011-09-29,855.27,862.79,843.57,862.77,3729400
2011-09-30,865.44,870.17,849.08,862.15,2542900
2011-10-03,860.82,870.61,853.56,869.80,3713800
2011-10-04,871.94,888.36,868.96,880.44,2692200
2011-10-05,883.30,893.62,878.50,891.80,3682500
2011-10-06,888.00,905.34,887.86,904.41,3349600
2011-10-07,905.67,912.28,895.69,899.66,2746700
2011-10-10,902.20,930.92,901.48,919.97,2540900
2011-10-11,920.77,923.76,895.16,905.01,2897200
2011-10-12,910.72,918.83,908.93,917.01,3694600
2011-10-13,921.47,927.22,915.17,924.36,2994500
2011-10-14,921.31,940.06,918.08,936.71,2599700
2011-10-17,937.18,964.71,927.34,962.65,4992200
2011-10-18,959.43,987.22,955.77,983.77,2051500
2011-10-19,986.05,995.88,967.17,968.96,2862200
2011-10-20,965.60,976.70,945.56,947.18,3323300
2011-10-21,950.68,962.92,944.40,959.00,2370700
2011-10-24,960.49,961.44,943.27,946.36,2991000
2011-10-25,950.04,957.03,944.32,947.12,2745300
2011-10-26,946.57,962.05,934.87,959.26,2108800
2011-10-27,953.69,954.43,925.68,938.32,3271400
2011-10-28,944.97,948.84,911.78,911.93,2314300
2011-10-31,911.30,920.43,906.62,916.25,2545400
2011-11-01,921.30,921.73,915.74,917.81,3738200
2011-11-02,919.39,919.48,914.67,915.64,2325800
2011-11-03,918.11,928.41,916.92,917.13,3360200
2011-11-04,923.86,925.48,898.51,907.12,3707800
2011-11-07,908.36,910.78,880.97,889.09,3594100
2011-11-08,894.09,902.44,884.83,888.07,3279000
2011-11-09,882.81,885.24,866.57,877.10,2856300
2011-11-10,880.16,881.34,856.02,858.19,2154500
2011-11-11,857.36,875.30,854.75,865.40,3083600
2011-11-14,864.94,867.27,862.42,865.75,3263700
2011-11-15,865.78,876.13,859.02,871.79,2690200
2011-11-16,873.00,877.97,860.77,860.86,2403900
2011-11-17,866.59,875.16,849.04,854.06,3517600
2011-11-18,847.75,854.09,834.49,843.29,2362300
2011-11-21,843.44,851.38,823.34,834.01,3260900
2011-11-22,831.62,837.69,820.66,837.44,2706400
2011-11-23,841.36,841.70,827.91,829.44,1982800
2011-11-24,828.04,836.10,826.34,834.75,3964300
2011-11-25,836.28,841.66,826.39,839.89,3361400
2011-11-28,838.55,866.78,836.92,865.21,3320100
2011-11-29,867.53,879.23,837.54,849.58,2143900
2011-11-30,853.04,864.11,852.66,861.35,2916400
2011-12-01,859.98,861.88,859.01,861.38,3160900
2011-12-02,861.55,866.95,852.00,862.32,2544200
2011-12-05,857.43,857.57,844.31,846.08,3983100
2011-12-06,847.11,858.72,836.31,841.77,1777400
2011-12-07,844.66,853.81,838.69,851.73,3413500
2011-12-08,849.84,853.63,839.15,851.87,1854300
2011-12-09,855.70,864.47,852.60,853.97,2047700
2011-12-12,846.92,855.42,843.03,851.62,2218400
2011-12-13,845.34,867.25,837.39,866.65,3330000
2011-12-14,861.85,870.12,855.92,867.49,2556900
2011-12-15,865.81,866.83,840.77,842.24,2581300
2011-12-16,842.31,846.09,835.08,835.26,2438600
2011-12-19,835.00,838.01,807.55,813.68,2094000
2011-12-20,813.46,816.78,776.59,778.61,2442000
2011-12-21,780.87,781.30,770.81,774.09,2388100
2011-12-22,772.63,790.51,770.42,789.96,2786300
2011-12-23,785.97,793.44,785.18,791.71,2749700
2011-12-26,787.78,787.79,775.72,780.03,1533900
2011-12-27,786.65,789.81,764.55,771.05,2585800
2011-12-28,763.83,787.86,755.52,784.64,3702000
2011-12-29,784.08,787.98,783.14,787.61,2687400
2011-12-30,792.22,796.85,788.79,789.38,2925400
2012-01-02,790.91,793.00,781.98,790.03,2534000
2012-01-03,787.41,792.43,785.13,791.69,2553300
2012-01-04,791.70,806.08,788.40,801.92,2919400
2012-01-05,804.69,812.12,797.98,809.37,2151200
2012-01-06,813.29,815.41,810.05,813.03,2860100
2012-01-09,810.11,810.72,791.64,802.44,1958400
2012-01-10,804.88,810.12,801.91,809.43,3158400
2012-01-11,810.25,811.08,788.68,802.91,2010100
2012-01-12,806.47,820.53,806.43,816.54,3347000
2012-01-13,821.10,828.12,802.22,803.32,3562000
2012-01-16,802.22,807.39,795.72,803.00,1977300
2012-01-17,798.35,804.81,797.12,804.14,3356800
2012-01-18,805.41,810.04,788.75,790.56,2705000
2012-01-19,796.20,812.82,791.08,811.13,3647400
2012-01-20,813.35,830.22,807.10,829.12,2628500
2012-01-23,829.88,830.45,821.16,824.94,2776800
2012-01-24,832.90,848.24,831.78,835.10,2770600
2012-01-25,831.64,845.75,828.21,840.73,3700300
2012-01-26,843.77,849.05,801.82,811.65,1781700
2012-01-27,809.80,817.45,807.45,815.72,3403500
2012-01-30,815.88,819.23,815.03,816.23,2998700
2012-01-31,816.52,829.31,815.10,818.39,2648800
2012-02-01,823.37,825.56,804.27,807.34,2798900
2012-02-02,804.32,810.70,793.15,805.52,3502200
2012-02-03,803.80,810.78,795.95,804.74,3436400
2012-02-06,799.63,822.71,797.25,819.49,3958300
2012-02-07,821.09,832.26,818.44,824.55,2555100
2012-02-08,823.04,826.94,816.00,825.69,1804300
2012-02-09,827.08,847.37,821.35,844.78,2607700
2012-02-10,841.16,844.09,838.37,839.40,2823100
2012-02-13,838.19,851.22,835.98,836.01,2675900
2012-02-14,839.49,841.13,814.65,816.17,3672200
2012-02-15,815.60,836.23,811.06,835.55,4306900
2012-02-16,837.64,855.11,834.67,848.11,3166700
2012-02-17,849.90,862.54,847.55,860.25,1867700
2012-02-20,859.04,869.63,856.67,869.50,3562100
2012-02-21,864.10,875.80,862.10,871.98,2550900
2012-02-22,875.43,876.02,871.69,875.75,2963500
2012-02-23,876.35,878.18,872.70,873.79,3441900
2012-02-24,877.24,880.15,865.08,872.43,3158300
2012-02-27,865.44,874.73,864.37,874.23,2896500
2012-02-28,868.46,897.05,863.72,894.09,3109400
2012-02-29,886.46,903.57,886.23,902.18,3392300
2012-03-01,899.02,902.99,895.83,902.52,3313700
2012-03-02,906.29,908.84,891.08,896.31,4180000
2012-03-05,898.34,903.38,888.58,889.46,1139300
2012-03-06,889.34,914.48,886.41,910.78,2466800
2012-03-07,911.25,919.27,904.15,918.34,2585100
2012-03-08,921.14,927.35,919.75,920.27,3431200
2012-03-09,919.15,922.07,913.93,916.87,3069100
2012-03-12,918.32,924.98,900.95,903.79,3447000
2012-03-13,904.29,905.41,896.85,904.03,2079700
2012-03-14,896.15,916.66,895.58,916.25,2804500
2012-03-15,914.84,917.82,909.47,912.29,3323000
2012-03-16,917.26,921.53,906.32,910.46,2904800
2012-03-19,909.02,912.54,901.33,908.73,2695900
2012-03-20,908.21,922.21,907.56,911.21,3099400
2012-03-21,909.00,910.25,891.92,892.16,3924500
2012-03-22,890.44,891.36,889.60,890.34,1670400
2012-03-23,894.35,899.47,874.59,880.85,3888600
2012-03-26,879.91,895.29,874.60,892.98,3102500
2012-03-27,889.34,894.93,875.34,884.50,2421500
2012-03-28,873.56,899.02,866.44,892.81,3330500
2012-03-29,890.77,918.83,890.12,913.21,2959700
2012-03-30,906.05,928.00,902.46,910.29,3660600
2012-04-02,903.67,903.80,891.12,903.73,2451900
2012-04-03,906.61,908.63,904.28,907.26,3515600
2012-04-04,909.83,910.83,903.02,908.32,2391500
2012-04-05,901.38,906.70,896.82,896.85,3126800
2012-04-06,899.91,909.86,888.76,903.78,3352800
2012-04-09,905.44,932.45,905.06,930.78,2886400
2012-04-10,927.86,928.47,926.35,928.47,3319700
2012-04-11,931.20,934.98,916.77,926.89,2577700
2012-04-12,920.88,921.95,902.46,914.48,3572600
2012-04-13,910.08,922.34,897.95,919.66,2633400
2012-04-16,914.38,918.82,899.75,904.80,2513000
2012-04-17,900.79,913.34,887.73,891.98,2865800
2012-04-18,895.12,914.54,887.48,909.25,2904600
2012-04-19,904.41,911.95,896.02,898.88,2432600
2012-04-20,894.75,915.71,894.52,913.72,3413800
2012-04-23,910.25,943.68,909.04,934.55,2861500
2012-04-24,935.28,941.13,930.65,939.01,3299000
2012-04-25,937.73,950.86,935.11,947.36,2039900
2012-04-26,950.64,975.71,945.51,974.67,2146900
2012-04-27,971.90,977.05,971.60,972.97,2776300
2012-04-30,967.96,968.28,964.52,965.90,2340400
2012-05-01,963.95,966.64,938.93,948.75,2856300
2012-05-02,948.88,957.90,945.22,950.34,3272300
2012-05-03,946.79,972.61,937.62,971.27,3604800
2012-05-04,972.34,992.88,969.85,985.41,3817700
2012-05-07,992.58,994.31,964.87,973.45,3407600
2012-05-08,971.16,974.34,961.17,962.84,2512200
2012-05-09,962.98,969.02,950.67,957.07,3266200
2012-05-10,962.22,966.74,961.81,962.01,2622100
2012-05-11,959.49,964.66,955.33,960.26,3261400
2012-05-14,956.97,976.13,951.47,964.17,2304000
2012-05-15,959.91,972.63,955.27,969.19,3743500
2012-05-16,970.69,974.55,957.95,966.14,3184900
2012-05-17,968.08,977.26,958.92,966.61,2765100
2012-05-18,965.98,972.61,956.98,970.42,2120700
2012-05-21,970.52,971.26,957.65,970.28,3105700
2012-05-22,975.17,980.60,971.99,978.15,2621400
2012-05-23,981.48,1005.28,980.44,1005.12,3087900
2012-05-24,999.43,1014.80,998.73,1014.42,2509800
2012-05-25,1014.30,1019.57,1011.64,1016.13,2611700
2012-05-28,1016.47,1018.93,993.15,993.32,3310200
2012-05-29,996.09,1001.61,990.67,999.69,3824600
2012-05-30,998.70,1002.08,972.47,973.73,2178900
2012-05-31,971.13,974.86,953.65,955.69,2821000
2012-06-01,953.85,973.95,950.96,968.25,3172100
2012-06-04,961.29,985.74,949.54,978.89,2845700
2012-06-05,978.69,988.70,973.40,977.83,2674500
2012-06-06,975.39,978.17,955.27,955.67,4236700
2012-06-07,957.34,958.09,948.47,951.75,2434200
2012-06-08,947.74,951.11,941.19,943.78,3154700
2012-06-11,942.03,959.20,935.08,953.31,2645500
2012-06-12,949.47,989.40,946.15,985.00,2880500
2012-06-13,980.69,989.44,974.26,988.99,1567100
2012-06-14,991.63,992.47,977.60,979.22,3470700
2012-06-15,977.27,984.53,960.66,964.29,2812200
2012-06-18,965.87,967.65,960.20,964.56,2359300
2012-06-19,960.12,964.79,957.48,963.20,3936600
2012-06-20,963.44,968.61,944.87,948.81,2772700
2012-06-21,942.29,954.14,937.40,951.42,2571000
2012-06-22,949.46,957.36,936.60,937.25,2431500
2012-06-25,935.23,955.23,934.93,953.06,3579100
2012-06-26,955.14,972.74,946.47,968.42,2956700
2012-06-27,968.96,987.21,959.27,984.28,2753500
2012-06-28,983.43,988.59,975.69,978.75,2144700
2012-06-29,981.88,986.95,972.14,986.85,2397400
2012-07-02,987.44,1002.35,977.75,986.01,3146300
2012-07-03,987.97,990.44,979.33,981.65,2926600
2012-07-04,984.50,990.15,973.90,978.00,1731600
2012-07-05,977.57,978.15,958.43,961.36,2414900
2012-07-06,960.07,961.13,941.40,943.14,3075400
2012-07-09,944.22,960.90,943.12,954.78,4549300
2012-07-10,953.03,953.37,950.98,953.29,2487500
2012-07-11,954.60,962.79,951.08,957.25,1605400
2012-07-12,961.33,984.24,954.99,971.84,3398900
2012-07-13,974.99,979.19,942.95,949.55,2651500
2012-07-16,947.93,953.19,933.14,940.24,2146600
2012-07-17,935.26,946.47,927.53,943.64,3277300
2012-07-18,943.26,951.45,942.69,949.93,2799900
2012-07-19,949.28,950.93,944.18,946.00,2361100
2012-07-20,950.01,961.35,935.21,960.82,2152200
2012-07-23,959.18,970.87,956.03,964.72,2865400
2012-07-24,963.73,972.51,949.40,949.50,2991300
2012-07-25,952.11,953.43,930.08,938.27,1872500
2012-07-26,936.31,953.76,932.08,950.02,3530500
2012-07-27,949.24,961.78,947.26,957.30,2177900
2012-07-30,963.69,964.12,927.63,933.22,3779800
2012-07-31,938.61,955.77,934.07,952.13,3138400
2012-08-01,954.35,963.80,951.97,961.22,2827400
2012-08-02,962.07,985.57,960.00,980.55,3140700
2012-08-03,976.58,984.88,968.85,976.32,2583600
2012-08-06,978.31,981.29,972.39,973.31,2900100
2012-08-07,973.35,977.21,955.59,959.11,3927500
2012-08-08,959.77,996.48,955.70,994.89,2596600
2012-08-09,992.65,996.85,991.81,993.45,3429600
2012-08-10,993.21,1025.19,989.78,1016.80,2401000
2012-08-13,1015.86,1028.20,998.59,1008.57,2927900
2012-08-14,1009.66,1014.18,1003.61,1011.87,3517900
2012-08-15,1017.46,1027.96,984.22,989.41,2218500
2012-08-16,990.65,994.87,975.66,985.13,3141000
2012-08-17,978.45,1002.54,970.16,999.83,1649400
2012-08-20,995.78,998.79,979.64,983.44,2251400
2012-08-21,977.06,1004.59,970.30,999.36,2688600
2012-08-22,996.01,1007.47,991.64,1005.09,3469100
2012-08-23,1007.15,1010.72,984.32,991.48,3369700
2012-08-24,992.88,995.04,985.03,985.55,2391000
2012-08-27,983.01,989.93,979.63,980.26,2860800
2012-08-28,981.12,981.61,971.16,980.62,3051200
2012-08-29,977.47,977.79,968.38,974.32,2001200
2012-08-30,968.62,975.20,952.06,964.14,3193600
2012-08-31,958.56,967.65,953.43,961.11,3750000
2012-09-03,957.63,960.25,932.99,948.45,3685700
2012-09-04,953.66,957.57,928.00,932.57,2584900
2012-09-05,927.41,935.31,922.07,933.07,2694700
2012-09-06,937.53,950.34,932.93,945.82,2378100
2012-09-07,950.66,951.88,922.18,926.87,2642300
2012-09-10,926.02,934.99,919.43,928.06,2789700
2012-09-11,927.70,932.06,918.82,920.79,3348700
2012-09-12,918.36,926.00,908.07,909.42,2989100
2012-09-13,909.15,929.54,904.93,921.55,2382600
2012-09-14,923.79,928.38,910.96,916.03,3431400
2012-09-17,915.88,939.37,912.06,936.65,3468100
2012-09-18,940.19,948.42,924.44,927.60,2573400
2012-09-19,931.81,946.22,925.53,933.79,2791700
2012-09-20,934.88,942.31,927.50,931.95,2878400
2012-09-21,932.98,940.45,920.62,923.30,1953300
2012-09-24,922.89,934.74,922.86,932.10,3021100
2012-09-25,933.20,934.84,930.73,931.22,3343500
2012-09-26,926.90,945.48,920.65,940.27,4108400
2012-09-27,941.60,943.80,940.19,940.78,3055400
2012-09-28,941.36,945.47,917.49,927.70,2769200
2012-10-01,924.33,939.45,918.48,927.53,2851700
2012-10-02,935.34,935.36,926.61,929.37,3307300
2012-10-03,925.58,943.91,920.68,943.09,3418500
2012-10-04,939.63,943.20,915.85,932.32,2425500
2012-10-05,933.16,938.32,925.06,932.96,3056300
2012-10-08,925.58,926.68,909.55,911.86,3333200
2012-10-09,908.79,922.53,906.58,921.41,1736300
2012-10-10,915.63,918.99,899.32,908.72,3764100
2012-10-11,905.03,913.44,873.46,887.19,2813300
2012-10-12,886.54,889.79,885.15,887.69,3464400
2012-10-15,888.63,908.07,887.85,902.79,2914100
2012-10-16,906.58,910.09,878.79,884.90,2794500
2012-10-17,887.57,898.12,871.71,872.75,2896800
2012-10-18,876.70,877.34,860.44,864.96,3114900
2012-10-19,866.80,875.55,849.19,852.64,3463900
2012-10-22,850.86,862.65,845.56,858.47,2784200
2012-10-23,862.12,867.36,846.22,850.09,2270500
2012-10-24,848.25,853.82,842.12,842.83,2523600
2012-10-25,840.58,858.81,834.77,851.06,2357200
2012-10-26,856.08,856.94,837.11,843.38,3399300
2012-10-29,845.86,853.40,839.39,849.82,2368500
2012-10-30,850.38,855.73,838.11,839.62,3855800
2012-10-31,841.97,843.50,816.77,826.79,3022200
2012-11-01,829.51,833.10,803.88,807.11,2891200
2012-11-02,802.56,835.33,793.41,829.81,3727900
2012-11-05,829.32,835.47,823.85,827.43,2724500
2012-11-06,823.36,832.36,819.37,831.59,2767800
2012-11-07,831.82,834.24,828.10,832.56,3412900
2012-11-08,830.15,838.87,827.31,835.76,3389300
2012-11-09,840.12,852.58,834.22,837.66,2347400
2012-11-12,839.22,870.43,834.94,861.70,4420800
2012-11-13,858.72,863.27,844.49,850.53,3287200
2012-11-14,850.28,850.85,829.51,833.46,2193800
2012-11-15,829.25,834.57,815.66,823.05,2842200
2012-11-16,823.00,824.87,808.35,809.13,3502700
2012-11-19,810.72,826.01,806.06,819.02,3079300
2012-11-20,819.70,830.37,818.24,829.84,3461800
2012-11-21,823.29,824.09,819.49,820.07,4367700
2012-11-22,818.79,823.18,804.49,805.59,3507200
2012-11-23,807.05,812.04,800.94,802.96,4153800
2012-11-26,803.76,823.13,797.74,820.16,3358000
2012-11-27,823.78,824.81,788.88,789.71,2551200
2012-11-28,785.49,806.59,784.41,796.96,3857600
2012-11-29,798.45,805.12,779.73,786.41,2531500
2012-11-30,784.19,800.77,782.71,799.37,3526400
2012-12-03,799.81,802.75,785.49,788.76,3345000
2012-12-04,789.86,791.34,784.59,787.01,2445900
2012-12-05,788.99,792.01,767.05,771.96,2532100
2012-12-06,770.01,770.69,757.76,762.87,2849800
2012-12-07,763.26,780.50,762.32,779.27,3197100
2012-12-10,775.47,791.03,772.48,789.71,3757100
2012-12-11,785.09,789.26,779.54,786.67,3004100
2012-12-12,788.24,789.16,776.05,778.53,4100800
2012-12-13,778.18,785.52,758.05,759.54,3485900
2012-12-14,754.47,758.28,753.15,756.79,2578500
2012-12-17,754.05,761.20,748.83,757.91,2593000
2012-12-18,757.79,759.51,747.84,758.46,3016200
2012-12-19,763.01,766.28,749.92,758.90,2654100
2012-12-20,761.90,763.61,745.74,748.49,2913300
2012-12-21,750.71,752.78,748.78,749.25,3433800
2012-12-24,743.75,755.08,737.63,750.30,3125900
2012-12-25,749.83,775.86,746.88,765.45,3555300
2012-12-26,766.74,789.18,764.85,787.20,2557600
2012-12-27,788.25,788.32,785.37,787.10,2454100
2012-12-28,788.22,788.63,779.95,780.09,2132900
2012-12-31,779.19,786.61,768.64,780.80,1904000
2013-01-01,786.13,788.64,771.88,775.60,2705200
2013-01-02,780.01,785.17,768.32,768.99,3015500
2013-01-03,768.53,774.36,764.89,769.80,2855400
2013-01-04,766.61,766.95,757.12,760.05,2979700
2013-01-07,766.14,770.83,762.00,767.99,4203000
2013-01-08,766.11,772.39,765.03,768.31,2322600
2013-01-09,771.81,780.54,769.19,772.44,2816000
2013-01-10,778.18,783.68,770.25,771.90,2685000
2013-01-11,768.81,769.47,764.51,765.50,2433600
2013-01-14,766.21,766.66,752.69,756.84,3790400
2013-01-15,755.61,756.52,746.73,755.78,2960200
2013-01-16,757.16,758.17,746.05,751.44,3731400
2013-01-17,752.22,757.49,750.59,755.37,2303700
2013-01-18,761.09,764.48,746.72,756.78,4106500
2013-01-21,758.39,761.37,740.66,743.91,4340400
2013-01-22,743.71,749.49,737.67,746.08,2458900
2013-01-23,749.28,750.82,727.25,733.63,2975900
2013-01-24,732.66,735.05,727.29,728.80,2904800
2013-01-25,727.56,728.56,719.04,727.28,3318200
2013-01-28,733.65,742.35,701.74,707.90,2203000
2013-01-29,705.42,713.57,705.02,710.32,3264100
2013-01-30,708.77,713.34,706.39,713.34,3419900
2013-01-31,713.29,713.80,707.68,713.26,2624100
2013-02-01,710.09,712.43,706.93,710.53,1625700
2013-02-04,704.40,709.20,699.81,708.33,2576400
2013-02-05,711.16,713.99,697.84,700.20,2747700
2013-02-06,697.84,707.12,695.55,699.07,3443600
2013-02-07,697.40,699.18,690.61,695.20,2613800
2013-02-08,694.00,701.52,692.31,697.62,2295400
2013-02-11,694.72,702.01,683.59,687.45,3356000
2013-02-12,684.34,693.70,681.35,691.26,3208500
2013-02-13,691.54,694.56,690.75,694.18,3426400
2013-02-14,700.70,703.97,693.60,694.33,3014300
2013-02-15,696.21,700.41,690.80,691.59,3620700
2013-02-18,693.50,699.83,688.05,698.50,3294400
2013-02-19,694.15,698.51,683.42,683.90,1916000
2013-02-20,683.68,695.09,675.88,689.87,3106600
2013-02-21,686.45,697.42,685.24,693.76,3451300
2013-02-22,695.75,701.60,695.41,698.06,3009900
2013-02-25,697.26,708.13,692.91,703.35,3864600
2013-02-26,703.29,704.09,694.03,698.46,2714900
2013-02-27,698.04,708.91,693.39,697.45,3407100
2013-02-28,695.66,712.18,694.68,705.24,2251000
2013-03-01,700.80,713.29,698.03,711.04,2988600
2013-03-04,712.52,715.72,706.22,714.62,2659100
2013-03-05,710.51,714.07,695.57,701.12,2388300
2013-03-06,697.65,708.51,695.78,707.96,2205000
2013-03-07,706.95,721.40,704.75,721.20,3123200
2013-03-08,718.99,736.10,717.32,733.00,3245900
2013-03-11,733.59,737.28,733.35,736.91,2608300
2013-03-12,739.72,745.95,719.52,722.48,2246800
2013-03-13,723.03,737.02,720.53,733.61,2463200
2013-03-14,734.02,739.97,727.63,733.61,3445500
2013-03-15,733.50,738.36,705.28,709.50,2267900
2013-03-18,711.78,715.45,709.41,714.80,3672300
2013-03-19,709.37,709.92,692.81,701.51,1988100
2013-03-20,702.38,703.05,690.24,690.40,3157300
2013-03-21,687.67,687.76,685.43,685.82,3389800
2013-03-22,682.29,706.45,681.48,699.73,3722800
2013-03-25,699.58,703.17,697.48,697.64,2732800
2013-03-26,696.39,704.48,695.93,701.83,2531500
2013-03-27,703.31,721.41,698.55,720.80,2136800
2013-03-28,723.81,749.31,718.90,738.62,3536200
2013-03-29,731.61,740.05,729.07,739.06,2913400
2013-04-01,738.67,744.33,736.75,738.07,2715300
2013-04-02,743.69,753.21,721.35,726.63,2739500
2013-04-03,728.99,735.33,715.98,721.11,3143200
2013-04-04,725.12,728.92,723.86,726.95,3010700
2013-04-05,727.07,735.59,723.77,732.52,3699100
2013-04-08,728.15,741.84,727.30,735.17,1700600
2013-04-09,731.70,751.99,728.66,747.01,3498400
2013-04-10,748.97,750.09,736.06,740.47,2672400
2013-04-11,743.14,745.66,737.91,741.40,2945100
2013-04-12,739.06,751.72,737.15,750.55,2803600
2013-04-15,749.57,761.69,747.71,758.23,2941300
2013-04-16,758.84,775.05,750.17,771.20,3445800
2013-04-17,765.64,781.24,762.43,776.99,3125700
2013-04-18,775.72,779.72,772.88,775.10,2127600
2013-04-19,779.95,788.00,774.75,780.53,2952900
2013-04-22,787.19,791.37,764.71,771.10,2934700
2013-04-23,770.58,777.00,748.42,755.05,3216300
2013-04-24,760.43,768.46,758.71,762.73,3018300
2013-04-25,760.95,771.30,756.65,763.64,2945800
2013-04-26,760.99,773.46,754.38,768.44,3609500
2013-04-29,761.41,764.30,747.02,751.85,2341200
2013-04-30,754.55,755.54,747.80,749.51,4302300
2013-05-01,748.22,757.62,744.70,744.74,2656500
2013-05-02,751.57,759.50,736.45,737.29,2373600
2013-05-03,738.09,740.70,712.07,715.85,3465300
2013-05-06,716.22,719.06,705.44,714.04,3640100
2013-05-07,708.73,732.21,707.47,724.63,3746100
2013-05-08,728.82,733.74,727.54,730.05,3871100
2013-05-09,728.82,730.19,722.43,725.45,3282600
2013-05-10,724.82,727.58,724.04,726.84,3035000
2013-05-13,720.29,741.94,719.27,736.14,3222800
2013-05-14,738.70,742.64,707.28,709.70,2994800
2013-05-15,712.35,715.81,702.89,710.01,2671500
2013-05-16,708.13,721.37,701.65,717.00,3960000
2013-05-17,717.10,727.21,713.05,725.44,4087800
2013-05-20,726.42,745.92,719.01,744.50,3002600
2013-05-21,747.20,759.17,743.50,757.97,2860100
2013-05-22,758.12,764.09,750.68,762.82,2703600
2013-05-23,767.92,770.99,758.19,767.56,1988400
2013-05-24,766.64,778.76,764.93,777.59,2591900
2013-05-27,775.53,783.19,766.55,773.22,2688900
2013-05-28,771.60,777.26,764.73,774.28,2987100
2013-05-29,766.29,790.02,763.62,785.68,2398400
2013-05-30,782.98,810.72,780.23,809.04,1858000
2013-05-31,812.12,814.35,805.12,808.70,3391300
2013-06-03,809.37,811.30,808.95,809.61,4032900
2013-06-04,806.78,822.85,803.80,813.33,1722500
2013-06-05,814.28,831.22,814.07,830.25,2917700
2013-06-06,823.39,837.65,819.86,831.33,3513900
2013-06-07,830.20,855.19,823.76,850.08,2300500
2013-06-10,851.68,855.15,836.11,840.04,2138800
2013-06-11,842.21,847.36,838.73,839.28,3021000
2013-06-12,836.50,842.08,827.94,838.38,2861000
2013-06-13,841.26,853.20,837.73,849.11,2619000
2013-06-14,855.29,863.98,850.66,863.06,3987500
2013-06-17,861.40,868.77,846.03,846.38,3901000
2013-06-18,848.71,852.17,830.55,837.01,3395700
2013-06-19,831.63,851.17,829.43,842.41,2963000
2013-06-20,835.64,837.96,830.26,836.09,2808200
2013-06-21,837.96,844.53,810.24,819.86,3535200
2013-06-24,819.83,833.80,816.99,833.35,2864800
2013-06-25,833.84,841.42,824.57,840.58,3899300
2013-06-26,838.45,857.36,838.04,847.85,3755500
2013-06-27,846.67,850.23,834.62,843.64,2645200
2013-06-28,846.20,861.07,845.73,857.33,3465400
2013-07-01,863.06,869.98,853.35,855.86,3950300
2013-07-02,854.94,871.25,853.26,870.54,3403900
2013-07-03,864.63,868.18,860.84,860.88,2444400
2013-07-04,865.10,866.57,839.78,852.04,2852000
2013-07-05,853.92,860.10,846.95,855.91,2809600
2013-07-08,858.07,858.98,847.31,848.94,3087300
2013-07-09,849.38,863.72,847.40,858.45,3034500
2013-07-10,866.29,867.18,862.91,863.00,2805100
2013-07-11,863.09,863.94,841.86,853.32,3532800
2013-07-12,854.90,858.10,853.80,855.61,3831000
2013-07-15,849.12,856.64,843.34,852.83,2681700
2013-07-16,850.68,866.49,848.79,865.28,2135700
2013-07-17,862.73,865.00,852.36,859.05,3245000
2013-07-18,858.77,862.72,848.27,855.20,3026600
2013-07-19,856.21,873.19,855.81,871.27,3277300
2013-07-22,868.48,903.48,864.32,900.46,2615000
2013-07-23,906.53,928.46,902.69,927.42,3201300
2013-07-24,923.28,930.42,919.49,929.56,2481000
2013-07-25,927.70,934.26,924.26,933.74,3682500
2013-07-26,934.44,955.42,925.64,955.34,4038200
2013-07-29,950.38,955.84,943.40,954.96,2472200
2013-07-30,956.95,965.53,941.05,943.26,1472600
2013-07-31,945.46,952.61,939.82,946.11,2738700
2013-08-01,944.81,956.66,942.82,953.41,2717300
2013-08-02,960.53,962.79,941.68,943.68,3151700
2013-08-05,943.80,945.66,922.51,923.45,3047400
2013-08-06,924.30,924.90,899.87,906.37,3332600
2013-08-07,902.71,917.60,898.22,916.23,4665300
2013-08-08,909.93,913.29,905.90,907.89,2702700
2013-08-09,905.41,914.67,901.82,907.45,2813800
2013-08-12,906.10,924.57,899.45,911.53,3298600
2013-08-13,909.68,921.82,905.24,920.83,1929200
2013-08-14,923.48,929.71,914.31,917.86,3511900
2013-08-15,908.95,930.59,905.96,925.65,2667000
2013-08-16,921.27,923.88,908.60,915.51,2178700
2013-08-19,908.66,914.36,899.45,912.24,2533800
2013-08-20,916.96,918.35,899.11,900.59,3343900
2013-08-21,898.37,920.74,887.31,916.37,3547600
2013-08-22,914.30,918.70,908.20,917.38,3792000
2013-08-23,913.16,913.84,901.84,909.28,3306900
2013-08-26,912.37,925.02,904.84,906.16,2611300
2013-08-27,904.49,905.76,898.60,904.73,3379300
2013-08-28,905.35,915.86,899.90,915.03,2998600
2013-08-29,907.43,920.55,892.77,896.15,4450200
2013-08-30,900.18,903.46,883.11,884.60,1812100
2013-09-02,885.82,886.10,875.15,881.33,4015300
2013-09-03,883.10,915.58,875.75,914.60,3510900
2013-09-04,918.96,930.14,917.21,928.31,3294500
2013-09-05,927.40,930.55,923.34,928.20,2994900
2013-09-06,927.40,944.82,927.38,938.86,2713700
2013-09-09,941.38,970.28,939.23,967.67,2472500
2013-09-10,969.13,971.65,958.94,965.79,2116800
2013-09-11,964.65,976.93,960.21,962.13,4276100
2013-09-12,962.10,990.25,961.69,979.91,3616000
2013-09-13,977.74,990.91,975.45,987.99,3458200
2013-09-16,990.62,1001.11,990.16,998.58,3272600
2013-09-17,1002.12,1003.86,991.61,992.73,1904800
2013-09-18,992.55,1024.32,986.28,1021.11,2889000
2013-09-19,1028.62,1051.43,1025.32,1047.07,3129900
2013-09-20,1040.44,1062.85,1033.20,1056.56,3752600
2013-09-23,1055.37,1079.70,1053.87,1067.87,2456000
2013-09-24,1075.01,1081.44,1030.24,1039.07,3221400
2013-09-25,1037.12,1059.19,1029.83,1049.57,2915700
2013-09-26,1042.66,1058.76,1034.06,1047.86,3077100
2013-09-27,1053.53,1060.63,1052.72,1055.41,2591500
2013-09-30,1057.51,1067.89,1052.52,1066.69,3276900
2013-10-01,1061.39,1065.93,1057.15,1062.71,3109200
2013-10-02,1065.81,1068.09,1035.01,1038.96,1939000
2013-10-03,1034.51,1055.49,1028.64,1045.50,3789900
2013-10-04,1039.70,1040.86,1029.09,1035.85,4380700
2013-10-07,1035.02,1038.48,1031.55,1032.25,2535700
2013-10-08,1030.07,1030.24,1024.41,1024.73,3753100
2013-10-09,1020.03,1024.15,1009.80,1021.04,2475800
2013-10-10,1019.35,1022.59,989.58,989.72,2746600
2013-10-11,985.56,1008.52,983.87,1008.02,4121100
2013-10-14,1008.07,1019.62,999.41,1012.84,3185400
2013-10-15,1012.55,1030.35,1004.73,1029.97,3975600
2013-10-16,1032.85,1068.32,1027.54,1060.14,3242300
2013-10-17,1058.01,1067.39,1051.57,1061.62,3674300
2013-10-18,1055.77,1058.47,1030.62,1036.28,2968700
2013-10-21,1030.61,1036.78,1008.82,1024.56,3929100
2013-10-22,1023.36,1024.44,1001.95,1008.59,4142300
2013-10-23,1014.63,1021.84,990.20,1002.76,3477600
2013-10-24,1005.98,1018.74,1001.12,1005.13,2731300
2013-10-25,1002.36,1003.35,970.66,978.56,2850500
2013-10-28,982.07,993.84,981.72,984.56,2505600
2013-10-29,979.81,988.86,960.26,965.22,3436000
2013-10-30,968.97,971.69,965.73,970.57,3386100
2013-10-31,968.90,978.64,967.59,970.39,2655000
2013-11-01,973.20,973.76,962.79,967.44,3625100
2013-11-04,969.68,983.46,962.88,967.77,2728300
2013-11-05,966.51,975.85,961.75,961.79,4166900
2013-11-06,962.88,966.08,950.20,954.90,3571000
2013-11-07,950.64,951.24,931.72,933.97,4030500
2013-11-08,933.52,936.86,930.88,934.96,2649400
2013-11-11,938.85,963.05,930.64,960.84,2479800
2013-11-12,976.57,995.69,973.62,989.22,1982300
2013-11-13,991.83,1012.95,989.24,1009.01,3466300
2013-11-14,1009.17,1024.52,1005.30,1020.29,2404500
2013-11-15,1015.97,1021.98,1010.48,1011.90,3885600
2013-11-18,1016.01,1034.95,1014.48,1033.82,3166700
2013-11-19,1026.78,1053.33,1022.66,1034.21,3538800
2013-11-20,1030.70,1047.99,1029.21,1034.43,2311500
2013-11-21,1035.72,1040.57,1023.23,1031.42,2725900
2013-11-22,1026.26,1038.27,1014.69,1033.97,3192100
2013-11-25,1040.19,1046.03,1019.95,1028.90,3524300
2013-11-26,1033.23,1035.86,1027.84,1028.91,2310500
2013-11-27,1026.38,1038.00,1005.66,1014.62,3288300
2013-11-28,1012.17,1014.59,1008.00,1010.57,2587000
2013-11-29,1005.05,1045.34,994.10,1044.65,3569500
2013-12-02,1038.61,1058.01,1030.68,1044.83,2946800
2013-12-03,1046.50,1059.49,1033.18,1042.54,2905000
2013-12-04,1044.96,1053.60,1041.17,1051.55,3345100
2013-12-05,1052.84,1074.20,1045.46,1063.23,3776700
2013-12-06,1064.17,1068.45,1044.97,1047.93,2939200
2013-12-09,1045.38,1046.84,1039.61,1046.09,3817600
2013-12-10,1047.41,1063.23,1045.62,1060.84,2486300
2013-12-11,1054.40,1066.93,1042.40,1066.03,3253500
2013-12-12,1065.87,1074.05,1059.63,1069.02,2413800
2013-12-13,1075.17,1094.59,1073.60,1093.72,3211500
2013-12-16,1099.34,1107.23,1084.34,1084.50,2537700
2013-12-17,1082.28,1089.57,1067.62,1086.89,3104400
2013-12-18,1085.23,1094.31,1072.29,1080.12,3456000
2013-12-19,1085.91,1108.14,1081.11,1104.06,2505700
2013-12-20,1111.81,1120.50,1073.99,1075.37,2033900
2013-12-23,1068.73,1072.91,1065.04,1066.47,2978400
2013-12-24,1064.45,1067.24,1054.50,1059.76,3395100
2013-12-25,1060.56,1072.96,1050.83,1070.85,3221300
2013-12-26,1075.90,1088.50,1073.93,1081.15,2539100
2013-12-27,1077.32,1104.15,1075.16,1103.65,3581900
2013-12-30,1106.29,1118.88,1074.87,1080.67,2908800
2013-12-31,1079.17,1096.28,1075.74,1093.24,3539900
2014-01-01,1103.52,1122.65,1085.63,1089.89,2553400
2014-01-02,1091.57,1093.10,1075.08,1080.90,3344900
2014-01-03,1080.12,1093.04,1078.37,1090.26,3784600
2014-01-06,1088.59,1097.80,1076.83,1077.42,2684500
2014-01-07,1081.80,1082.11,1044.82,1047.67,2906300
2014-01-08,1050.34,1052.45,1037.58,1043.46,3451400
2014-01-09,1038.75,1050.91,1022.26,1023.01,3392800
2014-01-10,1023.72,1026.56,1009.81,1015.01,3292400
2014-01-13,1009.39,1033.17,1008.41,1021.59,3006000
2014-01-14,1018.31,1035.58,1014.48,1027.34,2144800
2014-01-15,1021.82,1055.70,1003.39,1051.70,3075200
2014-01-16,1045.93,1055.25,1045.70,1049.98,2306500
2014-01-17,1046.90,1054.91,1024.42,1028.87,3127600
2014-01-20,1024.64,1025.66,1018.58,1019.28,1680200
2014-01-21,1021.26,1022.05,1000.60,1007.51,3934500
2014-01-22,1010.55,1012.26,988.98,991.75,4211400
2014-01-23,990.62,1006.51,984.36,999.14,3341600
2014-01-24,994.48,996.86,989.33,991.46,2570100
2014-01-27,994.49,1000.34,951.68,965.68,2894700
2014-01-28,957.69,985.59,949.72,976.53,3604900
2014-01-29,968.81,978.24,958.86,976.36,3467900
2014-01-30,979.04,992.86,977.26,982.61,2658900
2014-01-31,985.03,994.71,984.55,985.41,3790400
2014-02-03,989.10,996.06,975.94,995.52,3506400
2014-02-04,994.48,998.00,989.32,997.37,3393400
2014-02-05,992.16,1019.05,989.41,1016.13,2864300
2014-02-06,1013.87,1031.60,1009.39,1023.49,3072900
2014-02-07,1025.64,1032.18,1024.83,1030.41,2650500
2014-02-10,1027.06,1040.76,1015.96,1037.62,3185600
2014-02-11,1034.51,1037.11,1013.30,1017.90,2679900
2014-02-12,1012.04,1023.54,1007.29,1016.85,3771400
2014-02-13,1011.93,1030.02,1009.75,1014.45,3096600
2014-02-14,1017.71,1022.69,1015.71,1018.71,3198500
2014-02-17,1020.39,1033.05,1000.73,1000.78,3269400
2014-02-18,995.95,1030.07,993.18,1025.30,3264100
2014-02-19,1020.68,1028.74,1013.60,1028.08,2225000
2014-02-20,1025.58,1026.25,1008.94,1012.05,3834500
2014-02-21,1014.10,1021.41,977.49,989.41,3130000
2014-02-24,984.60,987.08,982.44,986.86,2745200
2014-02-25,986.01,994.96,977.36,986.97,2495300
2014-02-26,978.33,990.07,974.96,978.43,2666100
2014-02-27,973.33,981.52,972.36,981.07,2707500
2014-02-28,982.55,989.52,967.55,973.65,3079000
2014-03-03,976.99,984.11,973.88,982.59,2559200
2014-03-04,977.86,985.47,973.70,974.02,3136200
2014-03-05,970.82,977.09,967.16,974.87,3157400
2014-03-06,977.83,998.59,969.01,989.72,2659300
2014-03-07,987.99,1029.81,987.69,1027.40,4384500
2014-03-10,1024.99,1027.90,1011.93,1014.28,2999200
2014-03-11,1016.22,1019.66,1003.51,1009.02,3269000
2014-03-12,1009.63,1017.56,998.21,998.53,3134600
2014-03-13,1002.82,1012.20,999.55,1010.91,2973200
2014-03-14,1013.96,1019.36,993.91,996.10,3468700
2014-03-17,993.62,1005.07,987.66,990.70,3887100
2014-03-18,990.06,993.63,985.37,991.65,3023400
2014-03-19,991.24,994.69,974.55,979.49,2555900
2014-03-20,974.00,977.38,963.95,967.81,3390600
2014-03-21,963.87,972.09,960.16,962.78,1785000
2014-03-24,966.38,972.05,929.27,936.24,3157900
2014-03-25,930.13,933.75,916.37,918.91,2951900
2014-03-26,922.42,926.50,913.03,915.07,3256600
2014-03-27,915.96,923.32,912.58,918.45,2165200
2014-03-28,917.78,921.27,916.58,917.54,2802300
2014-03-31,919.36,920.10,887.06,896.47,2450800
2014-04-01,898.03,898.39,891.20,892.17,2739400
2014-04-02,896.35,903.77,891.18,903.72,3408200
2014-04-03,902.12,913.83,900.20,912.29,2940200
2014-04-04,911.30,912.77,910.08,912.77,2701600
2014-04-07,911.72,914.19,896.87,902.97,3758200
2014-04-08,909.67,921.51,902.19,912.50,3061900
2014-04-09,915.82,920.26,901.65,906.61,1850700
2014-04-10,903.10,906.14,892.98,893.36,2432500
2014-04-11,892.02,896.85,876.65,884.89,3294200
2014-04-14,882.24,907.13,876.16,904.57,3308700
2014-04-15,904.47,910.88,893.49,908.87,3179300
2014-04-16,909.50,925.52,905.00,925.26,3201600
2014-04-17,933.67,944.09,912.40,920.54,2512000
2014-04-18,913.67,941.10,910.11,934.21,2987700
2014-04-21,937.92,941.44,923.32,927.83,2338200
2014-04-22,929.31,938.15,923.86,927.26,2545300
2014-04-23,924.50,966.72,919.31,961.63,2499600
2014-04-24,960.90,975.63,957.37,973.46,2540600
2014-04-25,971.37,977.98,956.26,968.05,2834300
2014-04-28,968.09,971.32,966.29,968.32,2900900
2014-04-29,972.09,976.02,961.33,974.18,2559300
2014-04-30,968.11,1004.74,965.22,992.26,3671900
2014-05-01,997.35,1014.44,984.58,986.86,2761300
2014-05-02,985.23,988.98,961.34,964.45,3939800
2014-05-05,970.13,970.19,959.22,962.11,3621500
2014-05-06,963.55,967.39,958.90,963.75,2309600
2014-05-07,968.38,973.85,956.54,966.66,3551300
2014-05-08,968.71,991.68,965.18,986.09,2197100
2014-05-09,990.25,1004.49,983.17,991.88,3879800
2014-05-12,991.96,1005.80,987.39,1004.64,3216000
2014-05-13,1001.14,1007.64,985.25,990.62,2432900
2014-05-14,993.15,1008.32,992.94,1004.14,1722600
2014-05-15,1006.86,1037.56,994.92,1035.45,2780600
2014-05-16,1044.06,1053.88,1037.50,1048.05,2215400
2014-05-19,1039.52,1054.94,1036.58,1053.08,3662300
2014-05-20,1052.10,1064.39,1052.02,1056.65,2276300
2014-05-21,1061.01,1089.37,1059.63,1084.74,2875300
2014-05-22,1079.15,1087.89,1069.86,1071.97,3300100
2014-05-23,1070.84,1074.95,1066.07,1071.56,3015200
2014-05-26,1080.55,1091.88,1074.06,1079.75,3162100
2014-05-27,1085.76,1098.71,1080.58,1092.32,2859900
2014-05-28,1088.33,1099.23,1086.18,1086.87,3432900
2014-05-29,1092.96,1093.08,1087.89,1092.80,2453600
2014-05-30,1097.85,1107.67,1083.02,1089.77,3340900
2014-06-02,1093.03,1095.27,1081.01,1092.84,2291800
2014-06-03,1094.37,1100.91,1088.30,1092.05,3108000
2014-06-04,1092.95,1100.13,1074.47,1075.95,2329000
2014-06-05,1072.06,1085.14,1055.94,1076.89,2882100
2014-06-06,1074.52,1092.22,1073.10,1091.47,3348500
2014-06-09,1094.54,1095.07,1071.26,1078.01,3731900
2014-06-10,1078.48,1079.81,1070.11,1075.63,1935500
2014-06-11,1083.50,1090.80,1069.70,1086.96,2545900
2014-06-12,1085.38,1088.15,1071.22,1072.03,2422700
2014-06-13,1061.64,1082.98,1057.41,1076.05,3715700
2014-06-16,1074.48,1076.41,1060.27,1061.44,2486000
2014-06-17,1062.50,1086.99,1057.03,1079.75,3414500
2014-06-18,1081.28,1119.61,1074.81,1116.59,2692800
2014-06-19,1116.76,1154.38,1111.56,1149.88,2144200
2014-06-20,1145.97,1152.69,1136.06,1147.48,3062500
2014-06-23,1154.24,1163.66,1152.20,1160.58,2323000
2014-06-24,1157.37,1172.86,1156.36,1163.66,3428300
2014-06-25,1166.85,1169.10,1166.24,1166.43,3485600
2014-06-26,1164.96,1194.55,1161.07,1193.10,3783700
2014-06-27,1187.26,1193.02,1172.12,1172.29,2395400
2014-06-30,1178.82,1200.03,1178.60,1190.84,3926300
2014-07-01,1178.81,1214.00,1174.12,1191.08,3566900
2014-07-02,1186.89,1216.95,1180.33,1215.87,1933900
2014-07-03,1217.85,1229.08,1205.94,1220.06,4305400
2014-07-04,1218.19,1225.60,1207.85,1209.61,3991200
2014-07-07,1213.12,1233.89,1203.03,1215.33,2379800
2014-07-08,1214.72,1231.05,1207.33,1228.93,3188500
2014-07-09,1226.58,1241.20,1224.80,1230.52,2199500
2014-07-10,1241.09,1259.34,1238.60,1239.93,2914100
2014-07-11,1238.72,1244.23,1223.63,1231.85,3103400
2014-07-14,1230.95,1237.91,1192.18,1196.54,3359800
2014-07-15,1191.25,1216.36,1189.75,1212.77,2505400
2014-07-16,1209.03,1227.17,1205.33,1225.72,2977300
2014-07-17,1228.80,1243.22,1221.07,1229.26,2441700
2014-07-18,1231.92,1233.17,1228.45,1231.42,3219900
2014-07-21,1231.31,1255.45,1217.49,1250.40,3386500
2014-07-22,1246.79,1252.60,1240.12,1243.35,3036000
2014-07-23,1246.67,1251.71,1224.36,1232.06,3673600
2014-07-24,1223.58,1255.47,1217.90,1229.79,3440600
2014-07-25,1228.00,1253.80,1227.09,1251.43,3213200
2014-07-28,1250.07,1254.01,1226.83,1228.28,3681100
2014-07-29,1224.03,1250.54,1219.39,1249.95,2256700
2014-07-30,1250.62,1256.26,1237.03,1239.75,2971200
2014-07-31,1236.35,1238.06,1209.08,1221.74,1942400
2014-08-01,1217.73,1255.64,1211.72,1244.51,2982000
2014-08-04,1253.43,1254.65,1232.60,1243.78,2714000
2014-08-05,1247.39,1253.85,1216.77,1222.29,3482700
2014-08-06,1228.09,1229.97,1214.13,1217.17,2730600
2014-08-07,1217.34,1252.62,1212.25,1234.17,2613200
2014-08-08,1238.87,1268.59,1238.10,1255.94,2936500
2014-08-11,1259.80,1264.01,1244.59,1249.39,2914400
2014-08-12,1255.40,1261.34,1253.41,1257.48,3298000
2014-08-13,1269.38,1272.86,1264.75,1271.05,2474700
2014-08-14,1269.84,1278.57,1247.54,1260.53,2103600
2014-08-15,1261.78,1276.64,1253.02,1267.75,2049100
2014-08-18,1267.43,1270.12,1255.71,1268.10,3675400
2014-08-19,1250.34,1260.04,1245.81,1259.53,2244600
2014-08-20,1252.46,1261.81,1251.53,1251.81,2717800
2014-08-21,1251.86,1262.20,1246.64,1253.94,2337500
2014-08-22,1257.08,1261.06,1254.99,1255.42,3515500
2014-08-25,1252.49,1260.00,1236.38,1246.46,2658300
2014-08-26,1252.09,1256.56,1233.71,1240.01,3721400
2014-08-27,1246.36,1266.03,1244.93,1260.49,2575200
2014-08-28,1258.38,1270.99,1249.17,1265.22,3169300
2014-08-29,1272.41,1300.74,1269.98,1281.93,3442900
2014-09-01,1290.92,1308.16,1283.03,1304.60,3567300
2014-09-02,1306.99,1317.03,1300.31,1316.24,2285700
2014-09-03,1311.06,1367.53,1303.98,1359.61,2775800
2014-09-04,1367.59,1386.15,1340.73,1344.69,2946300
2014-09-05,1343.79,1370.03,1335.35,1360.75,1908600
2014-09-08,1358.68,1370.61,1353.61,1355.41,3416700
2014-09-09,1356.03,1392.85,1346.03,1391.83,3226000
2014-09-10,1388.83,1429.79,1385.70,1426.02,3297000
2014-09-11,1432.14,1435.40,1385.41,1388.07,2167800
2014-09-12,1392.38,1402.86,1365.99,1370.00,3104100
2014-09-15,1376.69,1387.06,1370.87,1383.50,3254100
2014-09-16,1386.72,1408.98,1377.61,1399.56,3606400
2014-09-17,1395.12,1417.26,1388.88,1414.69,2685600
2014-09-18,1413.79,1413.93,1413.41,1413.87,3397500
2014-09-19,1418.83,1435.92,1410.02,1423.50,4161100
2014-09-22,1421.19,1452.21,1413.90,1437.14,2737700
2014-09-23,1454.03,1458.55,1429.74,1436.10,2751700
2014-09-24,1434.71,1462.81,1424.64,1457.45,2803800
2014-09-25,1454.03,1458.02,1405.94,1412.53,2110800
2014-09-26,1419.04,1426.62,1411.20,1425.72,2780800
2014-09-29,1429.99,1458.73,1400.42,1405.79,3961000
2014-09-30,1405.63,1429.98,1396.53,1425.40,2445400
2014-10-01,1424.09,1430.77,1412.68,1421.41,2881900
2014-10-02,1423.84,1427.05,1400.24,1404.41,3707000
2014-10-03,1409.11,1423.10,1392.04,1412.41,3332700
2014-10-06,1416.72,1420.74,1394.81,1395.10,3132900
2014-10-07,1393.41,1399.32,1375.96,1378.02,2799000
2014-10-08,1380.41,1402.61,1329.71,1348.79,2929400
2014-10-09,1353.35,1358.76,1343.72,1349.06,3004500
2014-10-10,1353.19,1361.15,1348.37,1359.24,3406000
2014-10-13,1342.57,1380.34,1338.82,1379.61,3044500
2014-10-14,1374.70,1378.88,1360.83,1377.56,3556100
2014-10-15,1373.30,1399.88,1363.57,1398.63,1891700
2014-10-16,1397.35,1403.38,1384.93,1399.63,3484900
2014-10-17,1400.64,1401.12,1382.41,1398.45,2684800
2014-10-20,1403.62,1418.76,1379.02,1410.39,3005900
2014-10-21,1413.87,1438.89,1408.67,1432.07,2747600
2014-10-22,1431.34,1433.66,1422.62,1425.81,3379900
2014-10-23,1425.94,1437.02,1396.05,1421.53,2929000
2014-10-24,1431.57,1433.16,1412.96,1418.93,3370100
2014-10-27,1415.46,1429.92,1414.99,1421.18,2522200
2014-10-28,1422.91,1438.22,1391.75,1403.97,3112000
2014-10-29,1412.79,1431.29,1406.01,1424.98,3727600
2014-10-30,1426.95,1427.84,1415.58,1417.60,3660700
2014-10-31,1406.06,1430.51,1405.86,1427.43,2788600
2014-11-03,1429.57,1438.49,1408.24,1411.61,3084700
2014-11-04,1409.42,1424.60,1406.35,1419.35,2781200
2014-11-05,1418.71,1435.04,1410.83,1427.77,2929400
2014-11-06,1433.79,1440.10,1411.41,1419.98,3010600
2014-11-07,1422.65,1471.36,1411.35,1461.36,3718300
2014-11-10,1459.81,1474.05,1449.70,1469.48,3346000
2014-11-11,1474.73,1509.69,1468.45,1506.99,3865200
2014-11-12,1509.61,1540.03,1507.47,1527.75,3911100
2014-11-13,1528.39,1530.98,1503.44,1513.98,2250900
2014-11-14,1515.80,1516.67,1505.03,1506.27,3184000
2014-11-17,1507.79,1535.21,1502.24,1515.88,2737200
2014-11-18,1513.83,1529.29,1506.31,1517.55,2044400
2014-11-19,1514.77,1524.49,1508.96,1518.96,2362100
2014-11-20,1519.12,1519.90,1508.75,1513.25,2703700
2014-11-21,1507.48,1512.07,1467.75,1475.78,3991400
2014-11-24,1468.37,1483.00,1462.00,1471.61,3053100
2014-11-25,1479.29,1480.53,1420.24,1427.09,2891700
2014-11-26,1425.73,1436.42,1422.30,1435.16,2984700
2014-11-27,1435.02,1444.15,1420.00,1421.23,2558500
2014-11-28,1420.46,1431.16,1400.08,1407.69,3104200
2014-12-01,1407.82,1419.69,1403.87,1404.03,2948100
2014-12-02,1404.16,1410.12,1393.04,1410.08,2038300
2014-12-03,1410.45,1420.18,1380.02,1382.74,2688300
2014-12-04,1378.29,1386.67,1345.55,1350.01,4987400
2014-12-05,1355.05,1357.55,1324.26,1330.81,3375700
2014-12-08,1327.13,1336.56,1287.61,1294.14,2945300
2014-12-09,1299.51,1300.09,1272.31,1277.67,3396400
2014-12-10,1267.90,1319.33,1265.01,1307.45,2428600
2014-12-11,1301.91,1304.81,1286.10,1289.16,3056300
2014-12-12,1294.28,1305.81,1294.16,1301.93,3521100
2014-12-15,1301.16,1312.43,1270.51,1278.08,2055500
2014-12-16,1274.66,1295.91,1271.25,1284.44,2569900
2014-12-17,1286.37,1287.88,1265.28,1279.67,2767400
2014-12-18,1274.33,1287.20,1271.69,1279.58,2836800
2014-12-19,1279.97,1295.78,1266.44,1290.80,2701700
2014-12-22,1279.42,1333.60,1270.82,1323.92,3164000
2014-12-23,1321.52,1343.41,1300.93,1328.42,3604400
2014-12-24,1324.97,1338.15,1324.35,1331.61,3206700
2014-12-25,1334.49,1346.15,1314.28,1314.45,3607400
2014-12-26,1319.06,1333.35,1308.25,1326.15,3619500
2014-12-29,1321.62,1322.83,1318.08,1322.47,2652600
2014-12-30,1331.01,1340.53,1327.86,1338.87,3164200
2014-12-31,1335.70,1346.87,1333.17,1338.90,2783500
2015-01-01,1327.94,1381.50,1324.38,1372.82,3391400
2015-01-02,1359.81,1360.94,1325.37,1335.99,2798500
2015-01-05,1344.24,1347.52,1328.70,1331.32,2895000
2015-01-06,1330.85,1362.70,1328.99,1348.74,4003400
2015-01-07,1345.25,1359.72,1342.57,1342.97,2900100
2015-01-08,1338.96,1361.45,1326.98,1329.00,2087600
2015-01-09,1323.21,1326.77,1322.33,1324.95,3075200
2015-01-12,1332.14,1334.28,1291.52,1300.48,3179200
2015-01-13,1300.04,1308.97,1295.63,1303.61,2707700
2015-01-14,1312.97,1361.64,1312.16,1349.90,3046300
2015-01-15,1348.82,1374.98,1347.53,1372.57,3605000
2015-01-16,1359.73,1362.23,1343.12,1352.20,2701000
2015-01-19,1356.78,1360.14,1329.64,1336.60,2895400
2015-01-20,1334.63,1346.59,1319.16,1329.92,2589600
2015-01-21,1328.66,1356.65,1328.28,1349.66,3200100
2015-01-22,1358.15,1362.95,1333.25,1335.07,2932300
2015-01-23,1333.67,1335.95,1306.50,1323.11,2463800
2015-01-26,1329.27,1343.52,1328.83,1340.53,2915200
2015-01-27,1340.50,1364.08,1326.30,1357.74,4080200
2015-01-28,1353.66,1360.39,1343.91,1351.48,2005400
2015-01-29,1354.23,1363.22,1328.70,1331.34,2194500
2015-01-30,1328.14,1333.15,1293.53,1303.64,3204500
2015-02-02,1310.06,1310.55,1286.25,1291.90,2193600
2015-02-03,1296.87,1299.21,1248.62,1253.15,4152100
2015-02-04,1253.46,1268.75,1248.91,1267.46,2132800
2015-02-05,1270.55,1274.07,1245.15,1257.37,2241800
2015-02-06,1260.21,1270.04,1250.54,1266.95,2705800
2015-02-09,1265.55,1307.30,1264.02,1301.60,3640300
2015-02-10,1306.27,1327.15,1305.28,1324.15,3477800
2015-02-11,1322.94,1334.43,1300.03,1303.89,3341700
2015-02-12,1307.11,1330.59,1304.41,1320.84,3181900
2015-02-13,1315.83,1350.00,1314.27,1343.37,3770100
2015-02-16,1343.92,1345.85,1325.37,1330.28,1941800
2015-02-17,1332.50,1333.16,1312.21,1313.55,3170100
2015-02-18,1309.42,1317.45,1290.08,1312.49,3846000
2015-02-19,1310.32,1332.47,1277.88,1284.33,2382100
2015-02-20,1281.60,1314.12,1277.56,1312.09,3195600
2015-02-23,1315.93,1320.05,1268.61,1269.57,3724900
2015-02-24,1265.94,1276.00,1238.47,1251.09,3741000
2015-02-25,1253.31,1263.83,1237.88,1247.48,2928500
2015-02-26,1255.13,1261.61,1223.93,1244.62,4098900
2015-02-27,1246.42,1251.85,1234.59,1248.64,3304300
2015-03-02,1240.64,1262.25,1236.79,1254.50,3635700
2015-03-03,1255.16,1264.97,1240.38,1251.85,2380900
2015-03-04,1257.10,1277.26,1254.83,1273.05,2566100
2015-03-05,1271.63,1281.23,1231.17,1236.51,2563300
2015-03-06,1242.04,1247.19,1229.47,1237.65,4042500
2015-03-09,1240.74,1240.76,1221.63,1226.45,1643200
2015-03-10,1228.55,1229.92,1212.28,1229.89,1933800
2015-03-11,1228.64,1247.41,1217.70,1234.85,3475700
2015-03-12,1232.36,1237.27,1219.78,1220.32,3094400
2015-03-13,1219.11,1221.99,1207.49,1210.58,1276600
2015-03-16,1210.93,1233.50,1204.85,1225.30,2776700
2015-03-17,1227.91,1233.77,1226.17,1232.47,2829500
2015-03-18,1234.59,1236.26,1220.28,1221.93,3716300
2015-03-19,1220.51,1262.70,1214.05,1258.54,1889700
2015-03-20,1258.92,1309.00,1249.64,1301.03,2698500
2015-03-23,1303.11,1308.64,1260.18,1275.65,3631700
2015-03-24,1267.44,1289.62,1266.00,1282.13,3454900
2015-03-25,1278.25,1332.48,1271.27,1329.05,2471600
2015-03-26,1324.87,1347.37,1322.38,1344.68,2841700
2015-03-27,1343.65,1352.12,1330.90,1349.76,2146500
2015-03-30,1348.34,1350.07,1332.89,1346.74,3806800
2015-03-31,1345.42,1348.96,1333.42,1337.48,2758900
2015-04-01,1332.89,1350.55,1330.50,1334.44,3753200
2015-04-02,1338.10,1353.30,1317.26,1325.12,3477500
2015-04-03,1326.67,1349.36,1324.76,1339.99,2493100
2015-04-06,1331.29,1336.05,1322.79,1333.47,2925500
2015-04-07,1333.61,1333.92,1319.32,1326.20,3389100
2015-04-08,1320.31,1324.59,1304.12,1305.01,3268900
2015-04-09,1314.01,1315.97,1299.93,1305.12,3901400
2015-04-10,1302.82,1312.33,1280.74,1289.89,3663400
2015-04-13,1287.94,1298.89,1286.67,1287.68,3201500
2015-04-14,1288.19,1308.78,1280.24,1307.67,3414800
2015-04-15,1306.70,1328.71,1300.58,1315.40,2598200
2015-04-16,1315.18,1332.17,1314.20,1325.73,2665200
2015-04-17,1334.05,1342.74,1317.37,1333.34,3364300
2015-04-20,1334.63,1363.21,1329.21,1335.40,3209000
2015-04-21,1339.96,1352.68,1333.76,1333.98,2367900
2015-04-22,1340.10,1342.05,1319.20,1329.20,2967200
2015-04-23,1324.12,1345.86,1317.17,1344.38,2548200
2015-04-24,1353.59,1354.26,1324.88,1325.05,2690500
2015-04-27,1328.80,1354.35,1316.29,1351.16,3767100
2015-04-28,1356.44,1362.28,1346.88,1352.73,2464000
2015-04-29,1348.16,1354.93,1324.39,1339.54,2633400
2015-04-30,1344.02,1358.22,1324.81,1331.34,3344700
2015-05-01,1333.64,1333.65,1318.08,1319.75,3058900
2015-05-04,1317.01,1330.35,1309.44,1323.71,3113200
2015-05-05,1335.95,1349.18,1299.77,1311.46,2175400
2015-05-06,1314.53,1334.91,1308.84,1333.64,3000400
2015-05-07,1332.46,1342.42,1310.45,1320.08,2800200
2015-05-08,1321.21,1332.04,1274.17,1279.72,2545700
2015-05-11,1284.48,1302.27,1265.63,1267.77,2689800
2015-05-12,1273.61,1277.55,1229.09,1233.71,2846000
2015-05-13,1236.67,1246.52,1226.08,1234.21,3505900
2015-05-14,1240.33,1254.90,1232.37,1253.86,4111200
2015-05-15,1261.35,1266.47,1240.44,1266.45,3082500
2015-05-18,1260.30,1261.61,1241.13,1244.06,3880400
2015-05-19,1241.74,1249.66,1231.44,1232.01,3084500
2015-05-20,1227.49,1271.35,1223.06,1264.31,2156200
2015-05-21,1264.90,1291.50,1259.39,1271.10,3053100
2015-05-22,1278.56,1288.85,1270.85,1272.29,3764400
2015-05-25,1275.72,1296.42,1271.89,1292.38,3833500
2015-05-26,1287.09,1343.34,1281.06,1338.65,2507000
2015-05-27,1337.18,1375.56,1332.67,1364.16,4318900
2015-05-28,1369.90,1372.29,1356.99,1367.75,2591900
2015-05-29,1364.95,1386.99,1356.66,1375.47,2595900
2015-06-01,1375.05,1399.56,1357.12,1388.31,2717000
2015-06-02,1390.12,1390.40,1375.86,1377.31,3862900
2015-06-03,1367.42,1374.67,1350.27,1357.93,3254100
2015-06-04,1362.28,1374.35,1357.71,1359.87,3550300
2015-06-05,1361.84,1363.43,1340.03,1342.88,1731500
2015-06-08,1346.04,1350.02,1339.53,1342.70,2991300
2015-06-09,1337.56,1358.40,1327.81,1345.48,2956900
2015-06-10,1341.46,1395.33,1334.20,1391.32,3427700
2015-06-11,1388.11,1400.06,1373.51,1375.70,2750600
2015-06-12,1377.19,1378.93,1365.43,1374.26,3716100
2015-06-15,1374.75,1376.52,1352.44,1372.01,2623400
2015-06-16,1372.82,1383.50,1355.77,1381.35,2213500
2015-06-17,1391.40,1404.96,1385.53,1402.65,2070900
2015-06-18,1410.11,1414.23,1392.38,1393.89,3758100
2015-06-19,1390.00,1395.86,1373.95,1378.82,3464000
2015-06-22,1375.33,1376.63,1344.25,1348.39,2570400
2015-06-23,1357.78,1363.27,1319.93,1331.98,3665400
2015-06-24,1330.40,1345.31,1317.93,1343.05,2925600
2015-06-25,1350.58,1351.09,1331.67,1344.90,2954800
2015-06-26,1353.63,1355.95,1321.42,1326.89,2176400
2015-06-29,1324.12,1325.88,1305.95,1321.00,2706800
2015-06-30,1319.69,1324.62,1313.87,1322.63,3089000
2015-07-01,1323.17,1346.76,1316.53,1333.04,3144300
2015-07-02,1328.55,1328.80,1318.35,1323.02,2699900
2015-07-03,1317.96,1324.31,1315.67,1319.43,3603200
2015-07-06,1317.42,1319.93,1281.12,1287.29,3861900
2015-07-07,1291.79,1296.74,1258.48,1267.81,2557000
2015-07-08,1265.64,1299.78,1260.05,1298.04,3259700
2015-07-09,1297.07,1298.42,1252.95,1259.94,2142400
2015-07-10,1257.70,1259.81,1252.17,1255.18,3266900
2015-07-13,1248.44,1261.30,1242.94,1260.23,2467400
2015-07-14,1267.84,1270.63,1249.66,1254.82,2937700
2015-07-15,1243.22,1246.36,1241.24,1241.89,3127800
2015-07-16,1238.74,1254.41,1238.53,1242.05,2887200
2015-07-17,1244.93,1253.07,1239.94,1243.19,3634200
2015-07-20,1236.37,1262.75,1233.03,1242.98,2577800
2015-07-21,1246.09,1251.90,1203.86,1211.92,2757500
2015-07-22,1218.11,1226.03,1197.56,1210.71,3217400
2015-07-23,1206.65,1215.89,1195.81,1197.58,3009200
2015-07-24,1198.67,1199.54,1186.10,1189.74,3176300
2015-07-27,1184.56,1202.92,1179.22,1194.86,2907200
2015-07-28,1197.38,1207.41,1192.51,1206.96,2562000
2015-07-29,1207.48,1224.59,1200.91,1223.53,3414100
2015-07-30,1224.68,1236.17,1214.07,1216.32,3075000
2015-07-31,1223.08,1239.42,1209.12,1233.46,3551600
2015-08-03,1235.88,1259.80,1225.98,1255.17,3802200
2015-08-04,1262.04,1283.38,1254.41,1276.53,2825700
2015-08-05,1279.87,1315.57,1273.19,1302.80,2601500
2015-08-06,1296.67,1305.10,1286.50,1301.26,2767700
2015-08-07,1302.72,1305.44,1288.56,1299.20,2654500
2015-08-10,1301.85,1317.42,1300.32,1315.43,1879300
2015-08-11,1307.95,1314.21,1287.37,1291.58,3982000
2015-08-12,1298.58,1312.18,1290.13,1296.51,3268900
2015-08-13,1296.97,1303.01,1284.96,1288.04,4381600
2015-08-14,1290.04,1301.34,1277.21,1282.55,2707800
2015-08-17,1278.06,1280.67,1248.39,1252.80,3374500
2015-08-18,1253.26,1254.51,1229.00,1238.49,3190800
2015-08-19,1240.07,1241.60,1238.41,1239.39,2991900
2015-08-20,1237.87,1257.62,1237.51,1256.17,3599800
2015-08-21,1256.67,1278.44,1252.81,1274.94,3034900
2015-08-24,1264.27,1282.00,1248.24,1274.69,2988200
2015-08-25,1281.75,1288.38,1258.90,1272.50,3126400
2015-08-26,1266.94,1279.83,1252.33,1258.97,1740800
2015-08-27,1248.12,1267.58,1246.42,1267.31,2617700
2015-08-28,1262.54,1266.87,1261.53,1264.12,2607600
2015-08-31,1260.00,1282.37,1258.60,1276.11,3986900
2015-09-01,1278.99,1321.73,1263.64,1309.01,3372500
2015-09-02,1304.34,1314.34,1299.30,1309.54,3487000
2015-09-03,1311.13,1316.63,1279.03,1283.47,3396800
2015-09-04,1278.65,1284.43,1265.50,1269.26,2922600
2015-09-07,1280.61,1286.30,1239.04,1244.79,3988800
2015-09-08,1247.60,1247.85,1220.36,1225.34,2914000
2015-09-09,1235.06,1249.48,1230.19,1249.26,2216900
2015-09-10,1244.29,1261.70,1243.38,1254.49,3398100
2015-09-11,1257.91,1260.54,1224.79,1229.29,3716100
2015-09-14,1224.68,1249.04,1213.62,1241.89,3094700
2015-09-15,1244.86,1266.36,1238.86,1265.29,3245500
2015-09-16,1268.82,1272.82,1243.83,1260.15,3589100
2015-09-17,1252.23,1253.54,1243.48,1249.50,3919200
2015-09-18,1243.92,1246.07,1238.57,1244.87,3372200
2015-09-21,1239.16,1252.42,1237.36,1251.11,4007000
2015-09-22,1243.69,1264.74,1240.31,1263.64,3203100
2015-09-23,1260.03,1293.38,1239.41,1285.98,4246900
2015-09-24,1281.13,1320.62,1277.48,1309.20,2240600
2015-09-25,1301.73,1341.01,1292.17,1332.27,3582100
2015-09-28,1332.87,1364.42,1328.97,1359.02,3202300
2015-09-29,1362.07,1374.30,1358.11,1372.71,3105500
2015-09-30,1365.59,1378.07,1339.57,1344.58,2297000
2015-10-01,1341.67,1344.23,1338.44,1343.18,3657200
2015-10-02,1343.30,1357.07,1340.97,1350.17,2923900
2015-10-05,1349.00,1372.70,1340.45,1344.00,2462900
2015-10-06,1340.31,1370.86,1339.42,1362.34,2672000
2015-10-07,1366.84,1374.95,1356.05,1356.52,2902900
2015-10-08,1361.19,1368.63,1331.47,1340.08,3095800
2015-10-09,1343.80,1377.63,1343.35,1368.56,2512800
2015-10-12,1367.49,1400.03,1357.90,1382.41,2504300
2015-10-13,1393.51,1395.40,1380.08,1387.66,3276700
2015-10-14,1397.42,1413.91,1389.51,1406.77,2995700
2015-10-15,1404.58,1439.48,1402.44,1428.80,4172600
2015-10-16,1428.18,1442.15,1412.57,1436.53,2793200
2015-10-19,1443.44,1448.23,1384.94,1388.78,3466500
2015-10-20,1384.41,1392.89,1366.29,1376.68,4042800
2015-10-21,1378.94,1382.06,1356.89,1368.92,2921700
2015-10-22,1369.23,1373.23,1350.08,1351.20,3606200
2015-10-23,1347.46,1367.51,1343.42,1356.04,3211700
2015-10-26,1354.84,1398.12,1340.57,1379.94,3067600
2015-10-27,1371.35,1375.56,1361.07,1371.60,3963400
2015-10-28,1368.68,1375.01,1349.47,1351.00,2464400
2015-10-29,1340.31,1397.86,1329.32,1391.01,2688300
2015-10-30,1403.81,1404.66,1373.99,1383.23,2015300
2015-11-02,1391.64,1402.47,1357.11,1360.54,2967300
2015-11-03,1367.30,1369.71,1365.09,1366.14,3605100
2015-11-04,1367.84,1378.00,1365.55,1375.36,2890100
2015-11-05,1380.91,1381.44,1361.47,1362.87,3510600
2015-11-06,1369.87,1380.23,1363.74,1379.10,2599200
2015-11-09,1384.76,1386.72,1365.07,1370.74,3696000
2015-11-10,1375.82,1376.92,1351.40,1354.17,2971600
2015-11-11,1349.27,1371.97,1339.85,1358.64,2761400
2015-11-12,1361.01,1380.27,1359.47,1374.46,3982200
2015-11-13,1371.56,1376.26,1362.52,1363.34,3030500
2015-11-16,1356.96,1373.78,1354.09,1370.73,3366900
2015-11-17,1364.53,1374.40,1364.25,1369.99,3106100
2015-11-18,1372.37,1429.50,1367.06,1426.34,3442100
2015-11-19,1432.39,1440.12,1410.91,1413.17,3106400
2015-11-20,1405.49,1453.55,1391.26,1441.79,2343300
2015-11-23,1451.92,1453.91,1440.43,1441.62,3199200
2015-11-24,1450.15,1451.92,1438.47,1439.95,3311600
2015-11-25,1437.79,1458.21,1434.00,1455.48,3259700
2015-11-26,1452.81,1475.86,1452.68,1474.68,2904600
2015-11-27,1474.27,1519.76,1460.74,1501.90,4081100
2015-11-30,1507.82,1511.76,1496.86,1509.57,2616600
2015-12-01,1507.28,1508.32,1488.83,1497.66,3106900
2015-12-02,1491.06,1504.00,1481.66,1487.18,3157900
2015-12-03,1489.24,1499.73,1479.95,1498.62,2411800
2015-12-04,1486.31,1525.30,1483.67,1511.62,2349900
2015-12-07,1512.49,1546.07,1512.11,1542.24,3418600
2015-12-08,1549.42,1557.17,1531.18,1551.96,3424900
2015-12-09,1553.87,1578.19,1547.98,1575.80,3116600
2015-12-10,1580.74,1618.26,1568.18,1610.20,2111600
2015-12-11,1613.39,1623.52,1611.67,1614.40,2868700
2015-12-14,1619.11,1623.22,1568.28,1581.62,3174000
2015-12-15,1582.55,1594.51,1549.28,1556.27,3393600
2015-12-16,1551.12,1558.38,1516.24,1525.87,3720200
2015-12-17,1524.50,1567.79,1523.16,1560.97,3297900
2015-12-18,1560.51,1569.51,1539.65,1543.17,3590600
2015-12-21,1550.96,1572.15,1543.56,1570.68,3992200
2015-12-22,1580.93,1590.99,1564.87,1584.21,1690400
2015-12-23,1586.88,1627.16,1585.28,1623.28,3606800
2015-12-24,1618.40,1655.91,1617.71,1646.70,2783700
2015-12-25,1641.90,1660.36,1633.35,1644.73,3312700
2015-12-28,1643.50,1655.85,1632.69,1640.52,3155800
2015-12-29,1649.66,1667.86,1636.01,1642.89,2447000
2015-12-30,1645.09,1652.35,1643.92,1647.33,2515000
2015-12-31,1646.97,1662.17,1630.71,1635.53,3285700
2016-01-01,1630.53,1635.77,1624.51,1635.21,2931100
2016-01-04,1640.99,1675.16,1639.66,1672.91,3455600
2016-01-05,1674.84,1679.50,1633.23,1633.83,2812600
2016-01-06,1633.50,1661.76,1631.54,1640.19,4269600
2016-01-07,1640.87,1642.21,1606.37,1619.91,2887500
2016-01-08,1630.88,1631.51,1620.78,1624.64,4227600
2016-01-11,1623.60,1653.36,1617.30,1644.32,2596900
2016-01-12,1655.47,1656.41,1643.08,1643.41,3356000
2016-01-13,1651.60,1671.23,1640.71,1661.71,3681300
2016-01-14,1662.06,1669.42,1616.74,1625.50,2279700
2016-01-15,1631.25,1653.61,1625.43,1651.36,2477100
2016-01-18,1650.54,1662.07,1637.12,1637.87,3267100
2016-01-19,1632.45,1656.12,1629.03,1652.64,3693500
2016-01-20,1650.87,1663.29,1647.95,1657.27,3818900
2016-01-21,1651.27,1675.29,1593.95,1598.73,3351900
2016-01-22,1602.00,1610.35,1578.96,1582.43,3635900
2016-01-25,1582.53,1591.75,1574.41,1587.92,2363700
2016-01-26,1591.53,1636.74,1590.70,1623.44,2789100
2016-01-27,1628.81,1640.32,1627.74,1630.47,3863200
2016-01-28,1610.24,1646.97,1593.21,1636.83,2714500
2016-01-29,1638.87,1644.41,1600.35,1605.22,2893900
2016-02-01,1593.69,1644.51,1589.84,1638.25,2033100
2016-02-02,1639.34,1691.34,1632.25,1680.69,2923000
2016-02-03,1674.80,1683.78,1669.83,1681.69,2117200
2016-02-04,1682.40,1695.35,1667.30,1676.86,3238700
2016-02-05,1686.04,1700.75,1632.50,1639.62,3877500
2016-02-08,1628.46,1662.92,1601.26,1660.48,3211700
2016-02-09,1661.75,1730.52,1650.89,1724.91,3127700
2016-02-10,1724.37,1745.57,1723.27,1742.53,2801200
2016-02-11,1729.40,1794.07,1727.88,1773.81,3347100
2016-02-12,1778.41,1797.06,1775.70,1787.40,2393100
2016-02-15,1787.64,1789.62,1756.00,1762.95,2765600
2016-02-16,1759.37,1807.08,1749.00,1796.37,4271900
2016-02-17,1791.19,1805.68,1757.77,1765.60,2280200
2016-02-18,1788.44,1797.86,1757.77,1760.51,2704900
2016-02-19,1757.74,1781.90,1748.19,1767.52,2227400
2016-02-22,1754.83,1790.89,1743.01,1789.61,3736800
2016-02-23,1782.95,1803.86,1766.49,1800.10,2893100
2016-02-24,1797.46,1814.95,1785.87,1809.88,2297500
2016-02-25,1807.10,1807.18,1782.26,1790.67,2307700
2016-02-26,1790.11,1792.36,1747.93,1758.68,3665000
2016-02-29,1751.33,1767.87,1741.07,1760.33,3414700
2016-03-01,1764.15,1767.41,1740.66,1743.05,3485600
2016-03-02,1739.68,1748.52,1709.70,1711.61,2990000
2016-03-03,1702.32,1714.47,1677.85,1681.81,3543000
2016-03-04,1676.33,1676.80,1669.17,1670.67,3781300
2016-03-07,1668.10,1671.75,1627.48,1628.28,3408600
2016-03-08,1633.82,1634.70,1589.30,1598.36,2104400
2016-03-09,1601.46,1601.97,1558.50,1562.76,1892900
2016-03-10,1560.65,1573.44,1555.37,1567.44,2182800
2016-03-11,1567.57,1580.47,1563.33,1577.10,3177100
2016-03-14,1578.46,1631.66,1573.46,1622.72,2161900
2016-03-15,1636.00,1641.45,1588.69,1589.57,2399500
2016-03-16,1585.65,1597.39,1572.90,1575.14,3040800
2016-03-17,1578.08,1601.54,1573.75,1596.06,2515000
2016-03-18,1600.70,1609.77,1579.05,1591.83,2283500
2016-03-21,1585.77,1588.38,1582.73,1585.18,3571000
2016-03-22,1586.38,1625.35,1582.96,1624.22,3301200
2016-03-23,1625.28,1633.38,1605.59,1617.08,3470500
2016-03-24,1614.04,1616.04,1586.27,1591.66,3546400
2016-03-25,1595.28,1605.60,1562.87,1563.20,3845700
2016-03-28,1569.64,1578.62,1568.47,1571.27,2992000
2016-03-29,1578.39,1580.00,1572.83,1578.68,2906400
2016-03-30,1577.47,1580.08,1545.55,1549.30,2001900
2016-03-31,1550.48,1565.40,1528.38,1528.81,2872400
2016-04-01,1543.25,1546.07,1528.04,1541.09,2666400
2016-04-04,1534.31,1558.51,1530.55,1554.37,3612700
2016-04-05,1555.75,1565.36,1539.26,1541.16,3397000
2016-04-06,1546.66,1573.81,1544.52,1555.42,3857700
2016-04-07,1556.35,1572.10,1554.00,1568.66,3636900
2016-04-08,1572.78,1581.60,1510.35,1530.66,3691300
2016-04-11,1531.72,1541.80,1519.26,1524.78,3312600
2016-04-12,1529.39,1545.34,1527.81,1534.49,3087900
2016-04-13,1542.38,1550.23,1521.63,1523.01,2787300
2016-04-14,1521.66,1533.83,1478.55,1478.87,2995800
2016-04-15,1480.04,1485.90,1470.57,1473.95,2457200
2016-04-18,1473.62,1494.46,1470.81,1490.50,3230400
2016-04-19,1488.09,1538.00,1475.52,1524.77,2956900
2016-04-20,1524.65,1530.59,1469.82,1479.51,1834700
2016-04-21,1472.82,1541.42,1467.79,1535.60,1447600
2016-04-22,1540.18,1549.99,1508.30,1512.34,2583600
2016-04-25,1522.68,1540.66,1512.38,1533.61,2733400
2016-04-26,1544.10,1571.68,1538.86,1561.15,2828400
2016-04-27,1569.14,1587.59,1564.47,1583.53,3746900
2016-04-28,1577.44,1588.73,1571.32,1587.53,2639300
2016-04-29,1597.21,1602.95,1542.21,1562.59,2269000
2016-05-02,1558.12,1583.10,1552.11,1577.10,3220200
2016-05-03,1576.76,1583.79,1558.80,1562.08,3576600
2016-05-04,1573.66,1576.83,1504.14,1508.59,3947200
2016-05-05,1502.13,1580.88,1495.42,1570.44,2416100
2016-05-06,1575.73,1590.04,1573.74,1586.81,2854000
2016-05-09,1588.60,1631.06,1588.38,1628.42,2754000
2016-05-10,1627.43,1638.09,1595.01,1608.33,3867600
2016-05-11,1602.71,1650.30,1592.83,1642.36,3400400
2016-05-12,1645.14,1699.16,1638.06,1679.88,3012000
2016-05-13,1676.76,1730.94,1672.54,1717.29,3414900
2016-05-16,1724.48,1732.28,1713.19,1717.11,2792300
2016-05-17,1725.54,1734.77,1681.97,1688.78,2880800
2016-05-18,1679.49,1690.42,1673.71,1685.01,2977500
2016-05-19,1681.61,1685.15,1625.76,1634.26,2709100
2016-05-20,1632.17,1642.03,1596.01,1596.33,2851800
2016-05-23,1588.80,1606.26,1568.54,1599.06,3199800
2016-05-24,1591.92,1593.59,1575.91,1577.67,3135000
2016-05-25,1578.23,1584.38,1570.07,1574.76,3848100
2016-05-26,1573.45,1574.66,1572.01,1573.09,3491400
2016-05-27,1562.73,1625.17,1560.65,1616.94,2953000
2016-05-30,1613.47,1649.34,1612.88,1647.22,1735000
2016-05-31,1650.64,1661.78,1632.34,1646.73,2143600
2016-06-01,1638.80,1689.77,1614.78,1675.39,2705000
2016-06-02,1669.21,1680.94,1652.17,1657.67,2773000
2016-06-03,1668.23,1675.00,1645.10,1650.39,2240500
2016-06-06,1659.11,1689.60,1655.56,1672.10,2776500
2016-06-07,1661.29,1666.03,1640.53,1643.76,3056900
2016-06-08,1634.90,1639.35,1632.94,1637.91,2627600
2016-06-09,1640.39,1658.96,1596.28,1608.47,2909000
2016-06-10,1600.82,1635.14,1589.52,1611.78,2936100
2016-06-13,1610.15,1665.00,1609.68,1649.70,2585900
2016-06-14,1646.73,1653.77,1622.41,1632.97,2493600
2016-06-15,1636.63,1640.90,1636.34,1638.74,2914700
2016-06-16,1622.25,1631.03,1614.84,1618.86,3141500
2016-06-17,1604.66,1619.01,1588.09,1593.64,2390600
2016-06-20,1585.84,1590.57,1566.01,1566.99,1816600
2016-06-21,1573.36,1611.76,1560.62,1600.02,2438700
2016-06-22,1599.04,1660.71,1597.18,1654.54,3276000
2016-06-23,1643.27,1674.79,1635.30,1666.32,2060700
2016-06-24,1669.61,1687.28,1641.23,1650.21,3515700
2016-06-27,1654.88,1686.43,1635.07,1667.14,2649100
2016-06-28,1665.50,1668.18,1654.93,1659.87,3056800
2016-06-29,1657.68,1682.64,1647.67,1679.14,2541000
2016-06-30,1682.09,1703.47,1676.71,1686.49,3316900
2016-07-01,1694.67,1696.05,1693.15,1693.58,3012000
2016-07-04,1694.61,1724.25,1684.89,1708.50,3195000
2016-07-05,1712.14,1717.25,1683.67,1695.10,1869100
2016-07-06,1694.77,1711.09,1677.60,1685.98,3395700
2016-07-07,1683.41,1688.75,1640.57,1646.30,2020300
2016-07-08,1640.28,1648.05,1628.25,1636.73,2791200
2016-07-11,1638.41,1644.44,1599.87,1605.06,3277900
2016-07-12,1603.14,1606.74,1595.17,1602.51,2871300
2016-07-13,1600.95,1610.34,1581.46,1581.86,3266700
2016-07-14,1587.76,1598.30,1581.76,1584.86,3077200
2016-07-15,1587.96,1598.78,1586.19,1595.71,3032900
2016-07-18,1601.27,1609.56,1554.13,1565.01,2518300
2016-07-19,1555.17,1561.51,1543.80,1548.08,3554700
2016-07-20,1551.54,1555.23,1509.35,1528.61,3622000
2016-07-21,1525.01,1556.79,1521.12,1545.57,2674300
2016-07-22,1540.58,1598.35,1535.27,1583.82,2469400
2016-07-25,1578.43,1608.94,1564.62,1603.58,3096800
2016-07-26,1611.37,1618.74,1591.95,1596.46,2549000
2016-07-27,1601.76,1636.20,1596.95,1630.29,3058700
2016-07-28,1625.63,1628.55,1588.24,1596.73,3445900
2016-07-29,1589.48,1637.43,1589.43,1631.35,3358300
2016-08-01,1631.44,1637.49,1610.91,1617.08,3822300
2016-08-02,1614.11,1619.69,1536.56,1556.00,3242800
2016-08-03,1566.36,1616.83,1541.25,1615.70,2386200
2016-08-04,1606.29,1681.31,1606.06,1652.50,2493100
2016-08-05,1640.45,1653.88,1606.22,1629.39,3283800
2016-08-08,1627.72,1642.08,1618.48,1633.91,4065300
2016-08-09,1633.98,1644.15,1621.83,1629.66,2777300
2016-08-10,1630.52,1661.34,1616.00,1632.65,2458400
2016-08-11,1637.58,1648.49,1594.41,1599.74,3772600
2016-08-12,1613.06,1619.47,1575.87,1585.28,2908100
2016-08-15,1583.11,1599.87,1581.64,1596.48,3373900
2016-08-16,1593.01,1603.29,1582.65,1602.22,3592000
2016-08-17,1590.99,1635.13,1590.83,1630.10,2420000
2016-08-18,1631.69,1635.47,1603.69,1632.59,2775700
2016-08-19,1638.17,1690.76,1631.04,1687.86,2663100
2016-08-22,1686.11,1686.25,1656.34,1671.55,3279100
2016-08-23,1679.46,1683.84,1669.53,1678.19,3349400
2016-08-24,1678.40,1686.96,1629.67,1634.30,2697000
2016-08-25,1644.23,1659.21,1606.22,1606.53,3295000
2016-08-26,1608.67,1645.76,1604.87,1637.44,1965200
2016-08-29,1630.53,1631.03,1615.17,1616.62,3176600
2016-08-30,1612.51,1632.42,1606.89,1629.39,3173100
2016-08-31,1619.43,1650.94,1601.76,1628.67,2979300
2016-09-01,1617.39,1633.73,1603.87,1605.70,2155800
2016-09-02,1607.41,1623.32,1596.51,1598.63,2920900
2016-09-05,1604.20,1611.93,1574.30,1587.92,2370100
2016-09-06,1600.38,1606.83,1571.97,1577.91,3799700
2016-09-07,1577.56,1600.74,1577.31,1595.48,2813800
2016-09-08,1593.96,1614.34,1591.99,1610.90,2860200
2016-09-09,1603.77,1624.37,1593.96,1598.66,2914300
2016-09-12,1604.99,1608.69,1578.44,1579.25,3282900
2016-09-13,1581.71,1588.71,1571.23,1586.33,3021100
2016-09-14,1582.56,1591.63,1582.27,1584.91,3280600
2016-09-15,1589.28,1611.01,1574.92,1608.71,2452300
2016-09-16,1612.33,1673.00,1604.06,1670.42,3600600
2016-09-19,1657.97,1695.64,1650.63,1690.85,2699500
2016-09-20,1695.88,1702.15,1682.58,1690.57,3405500
2016-09-21,1691.49,1698.50,1682.72,1687.04,3111100
2016-09-22,1684.40,1704.24,1667.14,1667.48,3583100
2016-09-23,1664.70,1672.58,1635.88,1647.04,2935800
2016-09-26,1658.60,1671.05,1620.66,1624.72,2145200
2016-09-27,1634.73,1635.84,1609.46,1616.47,2327900
2016-09-28,1628.32,1642.83,1596.45,1607.57,2849000
2016-09-29,1600.20,1630.84,1586.40,1625.17,3758900
2016-09-30,1620.92,1626.28,1612.51,1616.84,2740200
2016-10-03,1622.70,1626.29,1612.48,1613.12,3008300
2016-10-04,1605.34,1607.05,1583.77,1586.58,3684700
2016-10-05,1582.02,1627.78,1581.74,1624.38,2659400
2016-10-06,1612.70,1643.63,1606.90,1636.68,3150200
2016-10-07,1648.86,1679.25,1634.91,1678.91,3136300
2016-10-10,1686.06,1701.87,1671.46,1698.34,2638900
2016-10-11,1701.46,1742.91,1689.99,1734.69,3107100
2016-10-12,1736.21,1736.67,1728.89,1729.10,3567800
2016-10-13,1726.22,1760.85,1721.44,1747.02,3568400
2016-10-14,1744.24,1818.36,1733.00,1814.89,2788100
2016-10-17,1819.36,1819.92,1775.45,1784.28,4619400
2016-10-18,1779.21,1823.37,1770.72,1814.23,3174400
2016-10-19,1823.16,1873.14,1810.23,1858.10,2821500
2016-10-20,1854.45,1874.15,1852.48,1869.19,2570400
2016-10-21,1862.67,1899.27,1855.06,1889.40,2422400
2016-10-24,1899.23,1931.69,1882.89,1923.56,3438200
2016-10-25,1922.46,1926.44,1896.92,1905.51,1352000
2016-10-26,1909.74,1928.53,1894.14,1916.64,2891000
2016-10-27,1913.46,1929.07,1881.70,1892.90,2202800
2016-10-28,1875.94,1880.50,1859.88,1874.68,2881000
2016-10-31,1878.78,1880.28,1845.38,1858.24,2957900
2016-11-01,1848.25,1859.50,1844.17,1854.55,2240300
2016-11-02,1862.59,1864.09,1856.28,1858.57,2421100
2016-11-03,1847.08,1882.11,1842.38,1870.77,3692000
2016-11-04,1856.87,1859.83,1822.54,1833.24,2665900
2016-11-07,1835.49,1899.19,1815.46,1886.20,2973500
2016-11-08,1889.41,1931.64,1883.08,1917.75,2799400
2016-11-09,1918.57,1954.24,1915.42,1937.76,3444600
2016-11-10,1928.38,1935.82,1924.51,1927.73,3664400
2016-11-11,1934.60,1958.15,1924.64,1925.19,3494100
2016-11-14,1913.94,1951.96,1910.20,1940.30,3288400
2016-11-15,1936.70,1960.01,1933.77,1951.67,3293800
2016-11-16,1945.53,1985.36,1876.78,1905.06,2308300
2016-11-17,1902.18,1925.54,1868.99,1925.41,3714200
2016-11-18,1931.99,2019.12,1923.16,2007.60,2662000
2016-11-21,2002.52,2007.21,1945.14,1954.78,2476500
2016-11-22,1959.20,2003.36,1951.56,1982.73,2765100
2016-11-23,1988.24,1993.95,1983.77,1993.02,2529400
2016-11-24,1979.43,1997.13,1956.40,1989.57,3209200
2016-11-25,1980.31,2040.38,1959.93,2028.89,3384100
2016-11-28,2025.78,2028.29,1993.72,1994.34,3698400
2016-11-29,1989.62,2017.33,1975.24,1998.74,2923600
2016-11-30,2001.20,2047.55,1999.58,2040.93,2641600
2016-12-01,2025.22,2037.26,2021.50,2034.75,2819800
2016-12-02,2040.62,2063.85,2012.53,2022.17,2316800
2016-12-05,2028.20,2032.15,2010.09,2025.17,2562400
2016-12-06,2023.80,2038.63,2009.51,2011.90,4102200
2016-12-07,2000.81,2066.85,1997.93,2056.85,2542900
2016-12-08,2056.90,2065.29,2024.09,2029.74,2718400
2016-12-09,2025.38,2059.98,2013.35,2055.02,3331500
2016-12-12,2059.68,2071.28,2004.54,2017.90,3121000
2016-12-13,2017.21,2060.33,2002.71,2037.09,3408700
2016-12-14,2043.03,2056.60,2029.33,2033.63,2488300
2016-12-15,2030.11,2032.33,1949.95,1959.07,2375800
2016-12-16,1970.41,2001.53,1955.16,1958.77,3719800
2016-12-19,1940.79,1943.80,1922.04,1928.79,2595200
2016-12-20,1920.96,1930.32,1907.80,1916.45,2921800
2016-12-21,1920.22,1967.02,1917.95,1959.36,3096900
2016-12-22,1947.55,1959.51,1921.95,1927.98,1936100
2016-12-23,1933.66,1944.15,1897.60,1898.75,2868700
2016-12-26,1889.53,1960.59,1886.74,1938.58,2610500
2016-12-27,1939.30,1944.79,1932.72,1941.76,3271900
2016-12-28,1934.67,2009.63,1933.28,1985.25,2801600
2016-12-29,1981.75,2017.24,1972.46,1994.31,1709800
2016-12-30,1995.70,1997.11,1963.32,1968.92,3420500
2017-01-02,1968.10,1972.90,1962.01,1966.90,1537300
2017-01-03,1963.90,2010.40,1959.92,2001.87,2745300
2017-01-04,2019.19,2035.35,2015.04,2028.92,2586000
2017-01-05,2028.99,2042.63,2018.72,2028.62,2632000
2017-01-06,2020.76,2049.80,2018.35,2029.72,2969400
2017-01-09,2037.26,2039.60,2022.72,2026.10,3512600
2017-01-10,2032.76,2053.33,1996.53,2008.99,2485300
2017-01-11,2018.84,2083.07,2016.15,2065.36,2631700
2017-01-12,2080.18,2099.66,2042.22,2065.14,3394900
2017-01-13,2057.39,2073.28,2031.28,2031.36,3262100
2017-01-16,2039.99,2047.21,2008.84,2017.14,3380200
2017-01-17,2026.35,2048.23,2022.34,2038.06,3164200
2017-01-18,2038.06,2068.64,2026.20,2056.62,2839200
2017-01-19,2058.64,2081.92,2051.13,2052.16,2701000
2017-01-20,2027.66,2042.54,2022.25,2032.13,2709400
2017-01-23,2027.47,2052.40,2023.92,2032.51,3487300
2017-01-24,2047.10,2055.91,1982.38,1983.82,3819300
2017-01-25,1969.69,1982.18,1942.91,1946.83,4093500
2017-01-26,1942.67,1980.83,1933.31,1969.30,2390600
2017-01-27,1971.57,1988.41,1952.05,1955.64,2842900
2017-01-30,1960.15,1984.53,1955.09,1966.15,2979500
2017-01-31,1979.03,2008.77,1968.38,2000.83,2884100
2017-02-01,1986.77,2021.00,1949.00,2019.41,2341100
2017-02-02,2019.76,2025.80,2012.90,2019.75,4207100
2017-02-03,2026.70,2084.45,2014.32,2082.30,3829100
2017-02-06,2071.39,2102.11,2056.58,2101.94,2884700
2017-02-07,2101.61,2102.37,2086.36,2090.72,2721100
2017-02-08,2106.55,2114.14,2098.67,2112.38,2972700
2017-02-09,2123.53,2132.29,2117.87,2124.26,2295000
2017-02-10,2128.85,2135.78,2096.37,2097.67,2786100
2017-02-13,2075.85,2099.40,2069.80,2099.37,3414100
2017-02-14,2098.27,2102.16,2080.46,2093.88,3912600
2017-02-15,2097.12,2102.09,2025.51,2034.98,3480300
2017-02-16,2032.47,2042.73,2027.57,2029.64,3710500
2017-02-17,2029.11,2034.56,2005.39,2021.11,2381600
2017-02-20,2046.19,2066.81,2007.77,2008.15,1147700
2017-02-21,2006.43,2006.77,1944.01,1960.96,3756800
2017-02-22,1953.37,1957.17,1948.95,1950.91,3082100
2017-02-23,1952.81,1961.02,1949.67,1949.77,2931500
2017-02-24,1947.31,1956.00,1940.80,1952.61,3923400
2017-02-27,1950.19,1952.72,1910.30,1920.92,2433400
2017-02-28,1920.25,1939.39,1914.44,1938.56,2437300
2017-03-01,1944.57,1951.14,1880.20,1904.95,2557500
2017-03-02,1906.76,1919.33,1894.39,1898.94,3893800
2017-03-03,1889.83,1936.16,1888.76,1935.08,3514200
2017-03-06,1934.05,1936.44,1902.86,1915.92,1968200
2017-03-07,1919.56,1926.45,1896.20,1901.98,3917300
2017-03-08,1898.42,1946.68,1896.30,1931.72,2986200
2017-03-09,1940.62,1943.61,1905.98,1921.12,3220400
2017-03-10,1927.10,1949.37,1894.11,1913.00,2540000
2017-03-13,1905.43,1920.22,1899.88,1919.20,4044400
2017-03-14,1921.66,1969.28,1910.30,1948.49,3226600
2017-03-15,1964.01,1978.42,1875.12,1887.68,3725600
2017-03-16,1899.50,1911.77,1860.17,1865.50,2411900
2017-03-17,1865.08,1871.98,1828.27,1838.91,3375200
2017-03-20,1845.52,1852.01,1800.75,1810.76,3029700
2017-03-21,1805.88,1812.14,1783.30,1789.04,2850200
2017-03-22,1778.71,1779.08,1744.53,1768.05,2516200
2017-03-23,1771.98,1794.26,1769.95,1776.25,2580100
2017-03-24,1778.00,1783.67,1738.58,1754.21,2313500
2017-03-27,1757.82,1760.95,1738.86,1757.86,2600700
2017-03-28,1757.69,1788.56,1744.86,1768.58,2963600
2017-03-29,1770.89,1781.50,1744.44,1750.68,3309500
2017-03-30,1747.09,1765.62,1732.10,1754.54,2090300
2017-03-31,1757.87,1803.53,1748.19,1796.82,2388400
2017-04-03,1802.82,1817.18,1797.32,1805.60,2629000
2017-04-04,1805.18,1815.12,1789.28,1789.60,2045400
2017-04-05,1795.44,1803.89,1782.13,1788.41,2813300
2017-04-06,1775.79,1779.86,1758.94,1765.56,2826900
2017-04-07,1760.02,1781.11,1734.85,1772.97,2868700
2017-04-10,1783.25,1796.56,1771.21,1795.55,3212100
2017-04-11,1808.25,1813.99,1756.51,1775.07,3514400
2017-04-12,1776.85,1781.74,1768.97,1770.29,3433800
2017-04-13,1769.56,1816.81,1755.04,1799.25,3136500
2017-04-14,1790.15,1799.53,1781.69,1786.95,3314400
2017-04-17,1789.55,1819.87,1788.79,1792.26,2524200
2017-04-18,1797.85,1801.55,1756.09,1766.68,2440700
2017-04-19,1756.24,1776.55,1745.71,1746.66,3346000
2017-04-20,1750.57,1753.99,1724.16,1734.51,3299500
2017-04-21,1737.92,1796.10,1727.69,1788.84,4228700
2017-04-24,1791.99,1805.70,1763.83,1779.12,2848900
2017-04-25,1771.11,1783.01,1760.72,1766.49,2414400
2017-04-26,1770.33,1772.45,1734.57,1753.18,3143700
2017-04-27,1742.71,1752.15,1741.92,1749.72,2721300
2017-04-28,1760.17,1783.79,1758.42,1766.48,2469400
2017-05-01,1767.44,1775.76,1744.88,1771.75,3755900
2017-05-02,1763.52,1830.53,1756.88,1824.10,4076800
2017-05-03,1833.95,1853.74,1819.26,1829.99,3189600
2017-05-04,1838.46,1872.82,1833.13,1867.86,2604800
2017-05-05,1863.00,1876.03,1849.57,1875.40,3123600
2017-05-08,1892.01,1902.59,1888.24,1891.65,2947100
2017-05-09,1884.07,1887.62,1841.89,1854.03,2184900
2017-05-10,1856.35,1868.48,1839.33,1851.07,3454500
2017-05-11,1859.85,1875.70,1843.87,1849.64,3175200
2017-05-12,1832.91,1843.94,1815.18,1843.71,3695000
2017-05-15,1851.11,1858.34,1778.19,1789.33,2661600
2017-05-16,1788.87,1819.73,1781.63,1812.06,2969300
2017-05-17,1811.94,1826.42,1800.46,1802.72,2912700
2017-05-18,1794.97,1796.91,1788.71,1792.19,1994700
2017-05-19,1794.57,1809.79,1777.33,1786.32,4413200
2017-05-22,1778.41,1805.79,1762.20,1781.16,1784800
2017-05-23,1774.27,1814.59,1768.12,1791.90,2325300
2017-05-24,1788.69,1804.32,1757.65,1760.81,2776600
2017-05-25,1752.19,1768.44,1734.29,1738.61,2086300
2017-05-26,1749.58,1753.67,1743.86,1746.37,3220900
2017-05-29,1737.12,1763.15,1723.15,1750.59,2715100
2017-05-30,1745.31,1754.11,1732.91,1742.02,3023500
2017-05-31,1739.82,1748.60,1724.25,1728.74,3115100
2017-06-01,1728.77,1731.15,1696.98,1709.36,3024800
2017-06-02,1714.79,1723.89,1697.04,1708.72,3038500
2017-06-05,1714.32,1739.13,1709.33,1737.97,2896600
2017-06-06,1735.86,1742.37,1708.56,1713.09,3227600
2017-06-07,1710.46,1770.56,1709.57,1750.78,3446800
2017-06-08,1751.02,1784.57,1744.18,1772.25,2837400
2017-06-09,1778.09,1784.42,1760.05,1761.64,2728500
2017-06-12,1766.56,1789.59,1753.13,1781.69,2755300
2017-06-13,1778.02,1779.88,1745.72,1746.06,3161400
2017-06-14,1731.74,1733.45,1678.61,1704.90,2774500
2017-06-15,1719.58,1720.98,1673.68,1675.15,2766800
2017-06-16,1681.54,1686.97,1653.57,1666.42,2122400
2017-06-19,1668.18,1675.35,1651.36,1659.72,4092400
2017-06-20,1661.98,1663.01,1640.78,1648.68,2280000
2017-06-21,1645.25,1656.14,1641.07,1651.91,3951200
2017-06-22,1645.31,1646.03,1599.80,1604.15,3445600
2017-06-23,1602.02,1622.96,1598.11,1616.35,3576900
2017-06-26,1614.92,1625.84,1584.52,1585.54,3138800
2017-06-27,1581.58,1597.20,1570.91,1572.01,3272500
2017-06-28,1562.87,1567.94,1532.31,1564.05,3157300
2017-06-29,1562.10,1566.95,1532.02,1540.06,3330900
2017-06-30,1543.61,1549.91,1508.15,1511.94,3473600
2017-07-03,1508.95,1519.37,1484.95,1492.03,3867200
2017-07-04,1492.16,1500.29,1483.79,1493.08,2422400
2017-07-05,1480.76,1509.54,1475.00,1506.76,3274400
2017-07-06,1505.51,1521.00,1501.51,1519.99,3923000
2017-07-07,1519.25,1533.58,1480.67,1500.19,3797000
2017-07-10,1492.86,1495.41,1469.63,1484.93,2405100
2017-07-11,1474.69,1476.82,1466.94,1467.21,3175400
2017-07-12,1469.63,1479.98,1463.82,1477.85,3156900
2017-07-13,1473.07,1494.95,1437.28,1437.58,3139400
2017-07-14,1440.40,1479.85,1434.90,1464.17,1698800
2017-07-17,1461.71,1462.84,1443.22,1455.62,3496300
2017-07-18,1459.25,1470.51,1425.13,1441.11,2070400
2017-07-19,1439.16,1458.39,1427.66,1449.39,4261200
2017-07-20,1440.69,1483.52,1432.39,1471.92,3378600
2017-07-21,1471.41,1490.94,1459.63,1480.36,2943800
2017-07-24,1478.41,1511.68,1473.30,1503.69,3366700
2017-07-25,1507.65,1514.10,1507.20,1507.82,3084100
2017-07-26,1505.10,1537.33,1493.27,1535.30,2694200
2017-07-27,1532.89,1580.31,1529.84,1563.54,2948900
2017-07-28,1568.93,1571.81,1550.86,1562.53,3203800
2017-07-31,1569.83,1598.14,1560.09,1595.52,2538400
2017-08-01,1600.37,1605.35,1581.93,1600.30,3416600
2017-08-02,1606.95,1608.81,1592.99,1603.33,3649800
2017-08-03,1606.24,1608.15,1583.38,1583.84,3625600
2017-08-04,1588.72,1594.39,1562.49,1578.56,3687300
2017-08-07,1584.12,1597.40,1577.82,1596.99,3757700
2017-08-08,1599.57,1603.43,1552.14,1568.98,3414500
2017-08-09,1569.38,1587.69,1567.48,1584.49,3764800
2017-08-10,1585.39,1606.13,1565.98,1593.37,3043200
2017-08-11,1608.77,1622.38,1589.75,1600.68,3244700
2017-08-14,1600.77,1605.98,1551.58,1553.05,3830300
2017-08-15,1551.58,1554.89,1546.79,1552.01,4132100
2017-08-16,1549.75,1575.65,1547.78,1567.37,2805100
2017-08-17,1567.16,1568.51,1543.03,1551.88,2167400
2017-08-18,1553.39,1564.05,1542.96,1555.05,4253200
2017-08-21,1548.03,1567.76,1499.06,1505.29,3680800
2017-08-22,1493.41,1534.32,1484.99,1520.83,4069400
2017-08-23,1522.63,1539.05,1507.71,1508.06,3535000
2017-08-24,1498.40,1534.66,1497.66,1527.89,3150500
2017-08-25,1529.47,1534.12,1478.18,1490.21,2641600
2017-08-28,1491.05,1507.69,1481.70,1506.09,2452900
2017-08-29,1513.05,1515.73,1495.43,1502.41,3854800
2017-08-30,1512.48,1530.16,1510.80,1520.83,3583400
2017-08-31,1523.07,1531.31,1487.67,1502.52,3196500
2017-09-01,1499.20,1501.02,1490.71,1490.88,2364100
2017-09-04,1483.89,1547.42,1480.61,1539.83,2707300
2017-09-05,1534.96,1554.85,1507.95,1523.27,2650900
2017-09-06,1523.52,1537.15,1496.01,1509.57,2836100
2017-09-07,1497.12,1507.11,1479.89,1505.04,1333600
2017-09-08,1505.50,1507.39,1480.76,1484.96,3143500
2017-09-11,1484.89,1514.77,1477.00,1511.31,3921700
2017-09-12,1515.21,1551.19,1502.11,1549.61,2694600
2017-09-13,1547.53,1559.46,1534.06,1535.63,3027600
2017-09-14,1536.26,1544.34,1491.21,1500.20,3172700
2017-09-15,1495.79,1527.39,1492.50,1526.39,2430200
2017-09-18,1523.56,1558.04,1510.06,1551.57,3263000
2017-09-19,1540.60,1583.92,1532.55,1570.77,2538200
2017-09-20,1571.55,1615.76,1566.39,1597.63,2756000
2017-09-21,1607.55,1607.58,1569.70,1579.46,3159600
2017-09-22,1580.49,1586.45,1576.02,1576.92,2979900
2017-09-25,1579.22,1593.39,1538.99,1547.82,3068400
2017-09-26,1541.75,1543.69,1514.47,1518.61,2475400
2017-09-27,1527.33,1548.75,1516.06,1540.95,3437200
2017-09-28,1536.23,1546.64,1509.56,1527.78,2379200
2017-09-29,1532.69,1584.31,1508.56,1578.67,3506000
2017-10-02,1579.34,1582.61,1575.84,1581.50,2731300
2017-10-03,1575.44,1590.10,1566.76,1568.55,2319600
2017-10-04,1575.01,1590.51,1564.19,1587.40,2961000
2017-10-05,1587.50,1645.66,1577.35,1629.14,2395100
2017-10-06,1630.31,1645.65,1628.35,1641.35,2702700
2017-10-09,1644.32,1644.63,1601.28,1614.65,2924500
2017-10-10,1614.51,1643.39,1609.99,1624.18,3470000
2017-10-11,1621.72,1657.62,1619.39,1656.88,3478000
2017-10-12,1659.97,1661.12,1642.68,1646.49,3292700
2017-10-13,1643.82,1649.03,1623.67,1629.78,2847100
2017-10-16,1630.21,1657.58,1615.92,1654.24,2121700
2017-10-17,1649.83,1671.62,1641.97,1658.51,2881700
2017-10-18,1648.66,1650.75,1622.48,1634.12,2825000
2017-10-19,1629.72,1632.03,1623.23,1626.52,2936800
2017-10-20,1623.31,1637.88,1598.75,1610.49,2704200
2017-10-23,1610.59,1642.52,1602.54,1618.33,2706300
2017-10-24,1626.01,1636.02,1621.19,1621.94,3483400
2017-10-25,1611.01,1658.05,1606.75,1649.40,2232200
2017-10-26,1650.25,1674.43,1647.79,1666.93,3018000
2017-10-27,1652.25,1657.84,1624.55,1631.82,3750000
2017-10-30,1625.01,1648.14,1605.76,1642.25,2561800
2017-10-31,1638.92,1665.54,1631.89,1664.08,2435200
2017-11-01,1649.16,1687.64,1642.52,1675.77,2881400
2017-11-02,1663.36,1713.45,1663.31,1701.12,2811800
2017-11-03,1702.16,1716.93,1688.24,1689.00,3166200
2017-11-06,1689.53,1707.27,1665.51,1667.62,3805500
2017-11-07,1666.86,1702.66,1660.17,1690.51,2938400
2017-11-08,1685.08,1699.43,1665.85,1666.43,3339300
2017-11-09,1680.85,1695.39,1609.89,1617.79,2672600
2017-11-10,1616.75,1657.49,1615.31,1642.34,2726400
2017-11-13,1636.68,1638.88,1617.86,1626.84,3184200
2017-11-14,1637.80,1649.45,1617.51,1621.00,2619700
2017-11-15,1624.99,1635.79,1590.40,1590.70,3715200
2017-11-16,1588.34,1591.07,1560.76,1562.63,2774900
2017-11-17,1570.11,1577.41,1534.40,1538.78,2917200
2017-11-20,1539.75,1543.64,1528.30,1532.35,2401600
2017-11-21,1536.29,1545.91,1519.62,1541.65,2756900
2017-11-22,1543.10,1561.64,1492.56,1494.12,2424800
2017-11-23,1487.99,1512.21,1479.51,1511.37,2725600
2017-11-24,1517.26,1526.53,1484.61,1487.93,1970500
2017-11-27,1488.89,1492.23,1459.65,1467.30,3005300
2017-11-28,1461.38,1495.66,1453.81,1482.78,4035500
2017-11-29,1478.26,1483.66,1476.84,1482.68,1910800
2017-11-30,1488.35,1498.99,1451.33,1452.54,4031100
2017-12-01,1450.40,1502.58,1446.44,1492.09,2940100
2017-12-04,1492.37,1503.31,1469.68,1475.64,3531100
2017-12-05,1479.51,1501.69,1479.16,1482.23,2418900
2017-12-06,1482.99,1492.06,1475.91,1487.84,4202500
2017-12-07,1478.78,1528.70,1463.94,1519.00,2377900
2017-12-08,1522.88,1529.82,1510.20,1510.72,2965400
2017-12-11,1516.40,1535.82,1509.68,1533.61,3925100
2017-12-12,1538.94,1549.90,1517.46,1519.10,2259600
2017-12-13,1528.96,1555.28,1518.45,1544.57,1636700
2017-12-14,1546.82,1548.35,1517.04,1529.47,2967400
2017-12-15,1534.23,1535.02,1511.60,1523.10,2557600
2017-12-18,1532.81,1572.06,1531.64,1565.48,2436900
2017-12-19,1563.66,1584.18,1545.70,1573.74,2470800
2017-12-20,1584.71,1603.42,1571.37,1577.44,2146100
2017-12-21,1588.42,1640.35,1587.49,1629.05,3835300
2017-12-22,1634.16,1648.16,1622.35,1638.47,3728300
2017-12-25,1650.57,1656.08,1609.09,1620.98,2204500
2017-12-26,1626.51,1656.97,1623.27,1638.92,2946400
2017-12-27,1633.16,1635.59,1610.95,1613.15,2737500
2017-12-28,1620.50,1658.86,1615.74,1640.05,3659400
2017-12-29,1642.19,1680.81,1633.50,1669.13,2513900
2018-01-01,1671.89,1679.94,1643.51,1656.85,3967000
2018-01-02,1657.88,1661.45,1641.81,1643.44,3010600
2018-01-03,1652.40,1671.90,1628.53,1648.64,2542500
2018-01-04,1652.29,1663.16,1644.47,1650.09,2955400
2018-01-05,1645.50,1646.10,1607.99,1628.76,2662600
2018-01-08,1631.93,1645.89,1622.07,1642.94,4343900
2018-01-09,1647.74,1650.65,1595.29,1597.75,3095500
2018-01-10,1593.12,1599.60,1586.16,1589.33,2722200
2018-01-11,1586.57,1587.57,1577.63,1581.62,3063900
2018-01-12,1579.20,1584.56,1568.16,1576.86,3881300
2018-01-15,1573.03,1588.13,1568.85,1584.95,2437100
2018-01-16,1587.17,1592.52,1543.57,1559.19,2008600
2018-01-17,1565.55,1581.58,1562.62,1573.44,3784800
2018-01-18,1585.39,1593.21,1563.49,1570.77,3370700
2018-01-19,1578.30,1580.24,1551.00,1557.84,2739400
2018-01-22,1564.22,1572.28,1529.34,1529.62,2959000
2018-01-23,1536.64,1545.72,1495.30,1505.88,3663400
2018-01-24,1513.94,1527.16,1509.89,1514.95,1388600
2018-01-25,1512.67,1519.24,1487.82,1496.06,3762300
2018-01-26,1500.22,1507.45,1495.47,1498.88,2901400
2018-01-29,1500.81,1523.60,1500.49,1522.82,3408200
2018-01-30,1522.03,1552.61,1515.46,1546.44,2974800
2018-01-31,1543.63,1589.65,1520.42,1582.00,4844600
2018-02-01,1578.80,1580.24,1570.89,1576.74,2636700
2018-02-02,1575.05,1583.04,1553.28,1554.26,3660100
2018-02-05,1546.60,1578.41,1528.99,1578.01,1453800
2018-02-06,1581.30,1591.33,1563.41,1586.18,3028200
2018-02-07,1586.04,1621.97,1578.36,1612.65,3474300
2018-02-08,1613.33,1628.33,1604.62,1614.14,2083600
2018-02-09,1616.32,1647.40,1616.31,1642.64,1794100
2018-02-12,1647.41,1668.31,1639.11,1663.41,3061800
2018-02-13,1659.47,1682.04,1656.12,1681.31,3608500
2018-02-14,1680.60,1704.76,1680.35,1694.30,3711400
2018-02-15,1683.43,1707.77,1674.95,1704.82,2595200
2018-02-16,1689.75,1720.74,1688.29,1711.43,3210700
2018-02-19,1698.19,1736.49,1693.50,1717.87,2160400
2018-02-20,1728.46,1745.08,1715.80,1742.87,4046300
2018-02-21,1730.18,1742.80,1725.00,1731.36,2661500
2018-02-22,1734.63,1781.66,1733.35,1774.94,3765600
2018-02-23,1785.46,1801.95,1760.56,1773.17,2842300
2018-02-26,1769.92,1821.73,1768.84,1798.68,2806100
2018-02-27,1810.45,1823.46,1792.97,1797.22,3972400
2018-02-28,1810.55,1814.95,1788.61,1791.84,2482300
2018-03-01,1798.63,1859.15,1791.88,1844.41,3776300
2018-03-02,1862.00,1866.48,1805.69,1837.13,2789500
2018-03-05,1841.71,1846.35,1798.05,1805.28,2477000
2018-03-06,1800.02,1806.53,1776.40,1788.11,2501300
2018-03-07,1791.87,1799.09,1773.49,1781.03,3677000
2018-03-08,1777.89,1855.69,1759.51,1836.48,2954300
2018-03-09,1826.96,1850.37,1813.28,1842.53,2790000
2018-03-12,1833.18,1880.41,1823.92,1867.52,2099100
2018-03-13,1884.90,1889.19,1841.21,1842.16,3704900
2018-03-14,1838.21,1855.38,1833.37,1851.99,3629700
2018-03-15,1851.85,1878.25,1839.29,1870.18,3194900
2018-03-16,1865.27,1920.54,1864.87,1918.61,3467200
2018-03-19,1919.73,1924.71,1898.73,1900.51,1055100
2018-03-20,1898.76,1924.21,1883.17,1917.21,2682500
2018-03-21,1914.13,1935.01,1890.62,1925.87,3097600
2018-03-22,1916.64,1920.04,1895.51,1899.01,3063800
2018-03-23,1888.39,1910.49,1884.55,1899.07,2660000
2018-03-26,1893.51,1900.60,1868.59,1892.65,3142700
2018-03-27,1894.96,1896.46,1831.59,1832.61,2562900
2018-03-28,1847.98,1873.37,1847.49,1848.79,2607700
2018-03-29,1856.69,1867.51,1855.51,1863.55,2253500
2018-03-30,1877.29,1895.15,1847.77,1852.81,3082700
2018-04-02,1856.51,1863.10,1811.62,1819.10,2567400
2018-04-03,1818.58,1881.02,1812.72,1858.00,2698500
2018-04-04,1848.29,1870.95,1847.24,1865.63,3830900
2018-04-05,1865.76,1901.72,1845.62,1893.06,2974200
2018-04-06,1877.01,1946.11,1859.72,1931.43,2978600
2018-04-09,1929.24,1940.69,1912.89,1917.90,2079000
2018-04-10,1930.56,1962.41,1927.41,1940.38,2685900
2018-04-11,1943.07,1960.48,1931.92,1934.32,3589000
2018-04-12,1943.21,1949.38,1921.67,1933.13,3330800
2018-04-13,1930.32,1945.91,1924.79,1931.32,3031900
2018-04-16,1920.86,1940.63,1919.35,1931.80,2894300
2018-04-17,1928.25,1981.84,1923.38,1962.68,3039700
2018-04-18,1959.73,1966.73,1952.91,1966.52,3238600
2018-04-19,1976.19,1981.23,1962.11,1962.71,2804900
2018-04-20,1978.45,1979.67,1955.34,1955.56,1507700
2018-04-23,1949.94,1975.40,1943.67,1965.38,4179200
2018-04-24,1962.73,1968.47,1940.79,1941.33,3681500
2018-04-25,1940.38,1943.05,1927.30,1928.21,2907300
2018-04-26,1925.70,1945.40,1920.72,1927.34,3846300
2018-04-27,1917.95,1938.23,1905.69,1912.67,2216400
2018-04-30,1913.56,1916.80,1908.75,1910.07,3773600
2018-05-01,1913.03,1919.52,1886.64,1894.40,3114500
2018-05-02,1897.51,1962.53,1885.35,1948.95,3532800
2018-05-03,1939.76,1992.51,1937.52,1986.04,2792500
2018-05-04,1985.34,2013.75,1982.47,1998.98,3090400
2018-05-07,1985.32,2000.81,1985.17,1997.83,3350400
2018-05-08,2005.35,2067.04,1983.30,2060.42,3628800
2018-05-09,2052.25,2080.92,2041.35,2069.94,3308300
2018-05-10,2067.88,2081.78,2056.55,2067.57,3265800
2018-05-11,2064.08,2078.25,2063.67,2076.53,2644500
2018-05-14,2071.91,2089.21,2065.85,2085.57,4029800
2018-05-15,2076.99,2131.79,2072.87,2127.28,3124700
2018-05-16,2112.52,2128.60,2092.44,2126.70,2864300
2018-05-17,2141.73,2205.03,2141.18,2190.12,2805200
2018-05-18,2192.61,2208.01,2146.51,2163.05,2278100
2018-05-21,2165.60,2188.22,2158.54,2184.05,2556500
2018-05-22,2202.72,2214.43,2134.61,2153.46,2085800
2018-05-23,2152.84,2225.84,2140.36,2208.86,3121900
2018-05-24,2214.01,2226.95,2187.74,2198.41,2950800
2018-05-25,2198.86,2228.06,2183.67,2196.40,3130800
2018-05-28,2207.13,2234.29,2195.87,2224.80,2249600
2018-05-29,2229.54,2282.57,2205.79,2263.94,2746300
2018-05-30,2267.07,2268.80,2216.32,2228.57,2614600
2018-05-31,2226.57,2226.97,2214.30,2217.49,3594200
2018-06-01,2220.25,2224.37,2161.58,2174.34,2104700
2018-06-04,2184.76,2186.67,2168.77,2178.40,2087900
2018-06-05,2160.65,2182.86,2160.24,2175.16,3769800
2018-06-06,2174.32,2179.26,2158.10,2164.44,3216000
2018-06-07,2161.10,2165.26,2122.07,2143.70,2058500
2018-06-08,2141.40,2149.18,2123.27,2132.12,3808800
2018-06-11,2115.60,2118.00,2108.89,2109.96,3894800
2018-06-12,2116.41,2139.65,2093.85,2125.72,3684400
2018-06-13,2118.82,2176.64,2102.69,2171.34,1761600
2018-06-14,2169.66,2179.56,2105.05,2113.33,3071400
2018-06-15,2109.35,2120.18,2105.23,2109.97,2480300
2018-06-18,2096.20,2101.35,2091.18,2097.74,2839500
2018-06-19,2094.27,2114.27,2077.31,2112.37,2051000
2018-06-20,2097.14,2114.06,2061.65,2084.48,4039500
2018-06-21,2076.91,2088.93,2058.88,2080.38,2583500
2018-06-22,2078.03,2094.44,2035.82,2050.49,3165400
2018-06-25,2050.72,2088.13,2044.73,2070.85,3481800
2018-06-26,2071.58,2074.84,2052.37,2073.94,3367000
2018-06-27,2073.07,2085.61,2056.52,2069.45,3246000
2018-06-28,2087.50,2097.38,2080.02,2080.42,2764400
2018-06-29,2084.32,2095.98,2070.22,2073.44,3131400
2018-07-02,2063.60,2077.82,2014.20,2029.02,2866400
2018-07-03,2024.33,2058.29,2023.99,2046.35,1634600
2018-07-04,2041.25,2069.56,2038.45,2054.92,3598900
2018-07-05,2053.73,2062.00,2039.80,2050.75,2622100
2018-07-06,2046.08,2085.00,2042.76,2079.51,2685600
2018-07-09,2072.68,2116.43,2062.09,2115.49,2751100
2018-07-10,2129.77,2160.74,2083.22,2083.47,2164800
2018-07-11,2084.12,2104.76,2051.01,2061.00,2271100
2018-07-12,2058.50,2118.20,2050.87,2106.40,1916100
2018-07-13,2104.55,2165.62,2094.78,2148.78,3279400
2018-07-16,2147.21,2152.46,2114.65,2126.69,3707100
2018-07-17,2138.85,2140.63,2069.07,2091.89,3043000
2018-07-18,2096.18,2096.39,2071.78,2073.47,2310700
2018-07-19,2083.09,2101.02,2038.24,2059.29,3782100
2018-07-20,2034.04,2054.21,2007.72,2014.39,2806300
2018-07-23,2017.29,2022.20,2012.73,2015.67,2041300
2018-07-24,2024.50,2027.07,1977.49,1980.25,1868300
2018-07-25,1996.22,2004.31,1934.31,1947.47,3106700
2018-07-26,1947.97,1994.86,1943.41,1973.20,3864100
2018-07-27,1959.97,1974.06,1950.03,1954.94,2767000
2018-07-30,1959.82,1961.13,1936.18,1953.55,2616400
2018-07-31,1949.15,1973.35,1944.00,1971.42,2833000
2018-08-01,1957.61,2020.06,1954.86,1994.53,2487600
2018-08-02,1989.87,2006.16,1984.60,1985.60,2669200
2018-08-03,1994.29,2005.04,1966.13,1987.33,3148600
2018-08-06,1997.19,2007.72,1959.09,1964.98,2562900
2018-08-07,1970.94,2026.76,1960.21,2014.21,3556400
2018-08-08,2006.07,2041.38,1983.44,2033.05,2410300
2018-08-09,2053.91,2057.91,2000.28,2002.25,3422000
2018-08-10,1993.20,2028.57,1967.02,2002.82,3204200
2018-08-13,2002.49,2027.03,1994.59,2023.39,2764800
2018-08-14,2012.03,2042.78,2006.45,2037.42,2818100
2018-08-15,2048.49,2106.53,2043.06,2090.65,2801400
2018-08-16,2094.69,2149.87,2093.52,2131.42,4003800
2018-08-17,2139.32,2169.42,2109.71,2115.48,2510600
2018-08-20,2116.56,2126.70,2089.49,2112.99,3709300
2018-08-21,2112.73,2124.21,2063.40,2075.57,3602000
2018-08-22,2077.33,2095.14,2063.54,2083.09,2793300
2018-08-23,2067.74,2089.75,2064.89,2087.75,3966900
2018-08-24,2096.39,2183.75,2063.54,2168.52,1569000
2018-08-27,2176.80,2189.70,2165.53,2171.48,3143500
2018-08-28,2168.42,2183.11,2099.42,2108.76,3073600
2018-08-29,2108.99,2110.73,2085.52,2089.18,3008200
2018-08-30,2092.02,2102.15,2087.89,2092.71,3498600
2018-08-31,2106.23,2111.24,2052.27,2056.46,2756100
2018-09-03,2060.35,2067.04,2029.95,2031.97,2884400
2018-09-04,2032.65,2038.66,2007.63,2021.99,3686200
2018-09-05,2018.21,2035.80,2013.47,2032.13,2926500
2018-09-06,2020.28,2039.26,2014.18,2027.84,2375700
2018-09-07,2023.34,2041.46,1994.51,2003.16,3338000
2018-09-10,2004.07,2032.87,2001.58,2025.87,2946400
2018-09-11,2024.17,2037.57,2008.06,2011.05,2657500
2018-09-12,2012.00,2039.09,1994.76,1997.51,3327400
2018-09-13,2003.82,2032.60,1954.40,1959.80,2533200
2018-09-14,1963.56,1974.50,1911.43,1938.96,2407300
2018-09-17,1941.44,1958.97,1936.78,1957.41,2839100
2018-09-18,1962.91,1977.78,1895.00,1914.19,2881700
2018-09-19,1915.96,1920.74,1900.96,1913.02,3027500
2018-09-20,1913.13,1938.43,1890.79,1933.10,2273200
2018-09-21,1937.08,1944.81,1920.59,1923.61,4027800
2018-09-24,1910.71,1938.29,1899.07,1930.80,3401300
2018-09-25,1940.86,1954.32,1892.34,1901.54,3081500
2018-09-26,1892.11,1948.28,1882.40,1937.54,3133800
2018-09-27,1944.40,2003.32,1941.27,1968.34,1494600
2018-09-28,1968.81,1997.32,1955.33,1975.45,3550600
2018-10-01,1984.60,2007.48,1916.66,1928.08,2382100
2018-10-02,1928.72,1931.60,1898.32,1900.76,3297900
2018-10-03,1893.96,1937.40,1891.68,1927.73,2278900
2018-10-04,1936.40,2002.67,1918.15,1975.26,3587000
2018-10-05,1977.11,1997.67,1972.79,1984.09,2674700
2018-10-08,1985.42,2034.42,1972.99,2019.62,2868300
2018-10-09,2020.68,2025.00,1989.24,2002.99,3913100
2018-10-10,2011.43,2019.94,1985.00,1998.21,3589700
2018-10-11,2005.16,2012.24,1993.35,1998.79,2170400
2018-10-12,2001.03,2030.68,1980.45,2011.21,2576800
2018-10-15,1999.17,2007.29,1954.00,1969.12,3112300
2018-10-16,1966.34,1997.24,1948.45,1995.86,2855600
2018-10-17,1997.11,2050.58,1996.43,2033.72,3480600
2018-10-18,2048.80,2066.03,1987.67,2001.72,2585100
2018-10-19,2005.22,2012.23,1946.20,1964.63,1869900
2018-10-22,1964.32,1981.39,1961.62,1974.95,2448500
2018-10-23,1984.83,1988.01,1942.28,1957.55,2884800
2018-10-24,1957.09,1965.77,1878.14,1894.29,3324600
2018-10-25,1894.48,1920.70,1886.67,1916.70,3442100
2018-10-26,1918.31,1922.18,1915.07,1921.66,3743500
2018-10-29,1910.59,1918.54,1909.29,1909.64,3137000
2018-10-30,1917.38,1973.74,1914.93,1967.81,2874100
2018-10-31,1971.59,1987.16,1969.82,1972.29,3434400
2018-11-01,1970.49,1974.20,1945.04,1952.23,2935900
2018-11-02,1943.75,1965.48,1933.93,1955.69,2714500
2018-11-05,1957.79,1978.10,1915.78,1928.09,2715100
2018-11-06,1939.34,1949.79,1908.09,1908.39,3553000
2018-11-07,1903.92,1922.68,1895.26,1919.56,3887200
2018-11-08,1911.85,1915.12,1895.63,1905.50,3785500
2018-11-09,1909.13,1911.73,1871.28,1894.33,2036500
2018-11-12,1882.69,1957.87,1876.30,1939.99,3651700
2018-11-13,1923.25,1968.11,1917.11,1964.22,2323400
2018-11-14,1961.17,2017.99,1947.10,1987.10,2790900
2018-11-15,1982.07,2006.61,1979.32,2002.49,3347600
2018-11-16,2000.72,2026.94,1983.36,2016.69,2195600
2018-11-19,2012.70,2082.84,2002.01,2058.79,2259700
2018-11-20,2061.99,2068.49,2044.89,2058.65,2545700
2018-11-21,2057.29,2115.17,2053.79,2113.26,4008900
2018-11-22,2108.68,2111.64,2080.71,2085.57,3642000
2018-11-23,2082.23,2092.39,2071.55,2078.49,2456900
2018-11-26,2084.22,2093.06,2038.50,2039.12,3078900
2018-11-27,2047.43,2049.49,2027.27,2029.82,3077400
2018-11-28,2037.64,2048.76,2019.27,2045.12,3183700
2018-11-29,2051.31,2120.29,2044.30,2087.58,2569800
2018-11-30,2060.70,2070.39,2048.45,2068.64,3860800
2018-12-03,2060.84,2093.38,2043.28,2069.20,2768500
2018-12-04,2067.08,2078.03,2057.91,2059.23,3487900
2018-12-05,2061.41,2095.02,2032.48,2038.49,1985800
2018-12-06,2025.82,2036.93,1989.31,2005.32,3231300
2018-12-07,2017.23,2061.20,2005.67,2007.61,3083200
2018-12-10,2010.53,2010.55,1946.75,1960.09,3811000
2018-12-11,1955.69,1976.71,1954.38,1963.85,1438000
2018-12-12,1965.60,1971.65,1957.03,1965.13,3329400
2018-12-13,1962.88,1965.37,1929.97,1947.82,3484400
2018-12-14,1942.37,1956.34,1915.85,1921.19,2837200
2018-12-17,1925.54,1937.32,1879.07,1885.12,3785800
2018-12-18,1882.16,1960.92,1878.65,1936.11,4258300
2018-12-19,1925.67,1939.99,1888.07,1900.85,3525000
2018-12-20,1896.48,1956.66,1893.51,1943.66,3482400
2018-12-21,1943.23,1966.07,1940.14,1960.84,3806300
2018-12-24,1952.86,1957.58,1940.51,1951.59,3260500
2018-12-25,1961.94,1969.04,1917.51,1920.98,3733800
2018-12-26,1913.09,1951.39,1909.59,1950.07,3356700
2018-12-27,1964.31,1999.06,1923.13,1998.65,2586100
2018-12-28,2006.31,2011.68,1963.33,1973.31,2366400
2018-12-31,1966.38,1967.73,1965.78,1965.78,3702500
2019-01-01,1967.29,1997.05,1965.01,1995.67,3356500
2019-01-02,2005.63,2017.61,2001.52,2005.73,2595100
2019-01-03,2004.70,2079.06,2004.29,2063.32,3013300
2019-01-04,2054.02,2064.02,2044.39,2047.38,3876600
2019-01-07,2048.82,2065.82,2033.30,2063.51,1968500
2019-01-08,2080.53,2099.07,2026.56,2028.14,2455900
2019-01-09,2016.61,2108.87,2015.16,2089.12,3416600
2019-01-10,2094.30,2099.14,2067.83,2068.27,3492100
2019-01-11,2068.89,2081.76,1988.47,2005.77,2294300
2019-01-14,2005.34,2007.60,2001.34,2002.87,2399900
2019-01-15,2000.28,2014.67,1984.74,1999.61,3097000
2019-01-16,1997.58,2057.01,1993.41,2054.63,3841300
2019-01-17,2063.73,2069.49,2029.60,2045.42,3004800
2019-01-18,2050.85,2053.72,2035.09,2045.59,1603400
2019-01-21,2037.99,2063.86,2034.05,2063.20,3615600
2019-01-22,2076.66,2135.57,2070.20,2110.03,2984700
2019-01-23,2099.68,2123.41,2092.84,2108.52,2722200
2019-01-24,2114.70,2140.60,2110.28,2139.80,2300600
2019-01-25,2141.96,2162.79,2133.75,2155.66,3715000
2019-01-28,2166.62,2180.26,2140.37,2146.97,3158200
2019-01-29,2150.63,2175.56,2118.21,2149.57,3240400
2019-01-30,2159.27,2162.68,2140.12,2150.69,3208000
2019-01-31,2151.08,2187.27,2113.92,2123.53,3259500
2019-02-01,2132.41,2169.25,2125.80,2160.26,3500200
2019-02-04,2163.85,2172.87,2103.88,2118.99,4026900
2019-02-05,2137.89,2176.12,2121.05,2154.38,2359400
2019-02-06,2149.00,2186.13,2132.42,2183.61,2952400
2019-02-07,2194.69,2194.85,2173.20,2180.94,2725400
2019-02-08,2185.62,2216.22,2145.59,2157.87,4008000
2019-02-11,2160.01,2169.79,2149.32,2151.28,2824600
2019-02-12,2147.03,2172.48,2144.77,2165.84,2030000
2019-02-13,2170.34,2192.70,2170.06,2188.72,2981200
2019-02-14,2176.48,2211.42,2166.71,2197.69,2557400
2019-02-15,2186.33,2237.67,2174.52,2228.57,2553000
2019-02-18,2235.58,2243.62,2191.87,2211.29,2729100
2019-02-19,2198.22,2226.00,2185.43,2218.67,2212200
2019-02-20,2232.11,2245.02,2167.21,2170.57,1836200
2019-02-21,2168.82,2214.79,2156.85,2194.12,4168700
2019-02-22,2196.96,2204.88,2194.38,2198.99,2921300
2019-02-25,2200.31,2229.38,2173.70,2186.38,2435300
2019-02-26,2190.71,2246.39,2185.30,2222.41,3371500
2019-02-27,2220.59,2247.04,2209.74,2244.12,3798300
2019-02-28,2241.49,2248.44,2144.92,2157.37,1947400
2019-03-01,2156.93,2160.90,2153.65,2158.85,2728700
2019-03-04,2168.58,2192.53,2110.80,2115.58,3166000
2019-03-05,2125.83,2151.02,2117.83,2147.82,2490100
2019-03-06,2159.44,2257.64,2152.24,2224.30,3267800
2019-03-07,2228.22,2241.72,2199.63,2208.29,2253800
2019-03-08,2207.19,2230.06,2194.27,2210.74,2596800
2019-03-11,2196.60,2221.09,2184.57,2203.11,2924000
2019-03-12,2209.45,2218.15,2190.33,2214.11,3254300
2019-03-13,2222.24,2247.09,2210.57,2234.31,3020300
2019-03-14,2231.38,2288.90,2223.73,2275.00,2587600
2019-03-15,2283.05,2283.09,2230.85,2243.72,2775300
2019-03-18,2256.00,2297.38,2244.90,2293.67,1726200
2019-03-19,2295.24,2304.87,2251.84,2263.85,4278900
2019-03-20,2274.13,2288.73,2267.62,2272.63,2750800
2019-03-21,2276.13,2321.85,2260.85,2309.76,2819400
2019-03-22,2294.49,2362.88,2277.38,2332.78,3155900
2019-03-25,2329.09,2351.00,2291.74,2302.12,3339600
2019-03-26,2299.05,2320.91,2266.09,2279.48,3202600
2019-03-27,2285.01,2293.33,2259.39,2264.72,2589200
2019-03-28,2257.61,2271.91,2249.75,2263.09,2000300
2019-03-29,2259.82,2310.81,2254.97,2299.73,2891400
2019-04-01,2291.60,2302.89,2255.27,2258.40,2516600
2019-04-02,2258.75,2278.94,2254.93,2273.23,2663900
2019-04-03,2274.56,2301.08,2263.65,2292.70,2994700
2019-04-04,2302.36,2317.98,2302.02,2310.61,3140500
2019-04-05,2318.70,2326.05,2306.86,2325.61,3772000
2019-04-08,2327.85,2403.12,2316.26,2375.39,2907200
2019-04-09,2378.41,2425.16,2366.93,2391.34,1958200
2019-04-10,2393.11,2453.98,2381.08,2419.81,3346900
2019-04-11,2421.65,2438.63,2412.81,2438.51,3552500
2019-04-12,2454.40,2502.90,2452.36,2499.96,2007100
2019-04-15,2475.99,2477.53,2417.68,2433.64,3359500
2019-04-16,2432.68,2481.29,2409.11,2477.21,3107500
2019-04-17,2481.07,2484.12,2456.48,2467.53,2668700
2019-04-18,2479.47,2494.37,2436.39,2457.24,3097900
2019-04-19,2447.27,2469.68,2417.14,2423.55,3228700
2019-04-22,2427.66,2455.90,2358.85,2360.52,3350500
2019-04-23,2369.40,2387.97,2344.14,2347.67,3684500
2019-04-24,2344.21,2358.06,2320.16,2324.97,2987100
2019-04-25,2307.99,2360.25,2303.75,2340.96,2991000
2019-04-26,2338.31,2341.79,2271.08,2293.01,4446100
2019-04-29,2282.72,2346.36,2278.91,2339.38,2352000
2019-04-30,2346.20,2372.07,2345.77,2348.11,2829900
2019-05-01,2340.86,2349.16,2328.93,2339.76,2781600
2019-05-02,2357.22,2360.31,2305.49,2316.46,3456200
2019-05-03,2318.48,2335.78,2275.02,2290.96,3660000
2019-05-06,2284.29,2308.65,2246.47,2254.96,2200600
2019-05-07,2251.11,2260.97,2237.64,2237.92,3734700
2019-05-08,2228.85,2238.32,2226.91,2238.24,2280300
2019-05-09,2242.42,2252.08,2204.97,2232.82,4562900
2019-05-10,2246.87,2277.07,2170.68,2189.18,2591800
2019-05-13,2187.97,2200.31,2167.95,2181.32,3659000
2019-05-14,2190.08,2193.22,2150.60,2154.51,2834100
2019-05-15,2147.07,2172.28,2124.25,2159.72,3421500
2019-05-16,2163.05,2229.71,2140.19,2217.22,2545300
2019-05-17,2238.44,2247.76,2220.82,2236.91,3074800
2019-05-20,2225.05,2234.02,2220.84,2227.27,3009000
2019-05-21,2238.97,2244.63,2140.59,2177.35,3051000
2019-05-22,2188.27,2207.91,2125.39,2134.97,3472900
2019-05-23,2119.63,2120.25,2080.60,2085.58,2730400
2019-05-24,2074.28,2119.30,2071.70,2107.47,2800700
2019-05-27,2099.90,2113.47,2082.81,2085.54,2204700
2019-05-28,2094.28,2102.28,2084.76,2087.95,2912000
2019-05-29,2085.01,2096.17,2070.41,2070.42,2700100
2019-05-30,2069.67,2080.97,2060.30,2073.70,3526700
2019-05-31,2080.22,2121.28,2070.69,2115.43,3398600
2019-06-03,2117.08,2133.44,2089.39,2095.75,2560700
2019-06-04,2098.29,2104.59,2077.97,2086.33,3261500
2019-06-05,2084.29,2094.30,2057.01,2063.50,3785400
2019-06-06,2073.43,2096.51,2069.41,2089.59,2869700
2019-06-07,2083.73,2094.94,2051.26,2060.38,2290900
2019-06-10,2074.86,2084.42,2026.75,2028.61,4474900
2019-06-11,2026.49,2028.20,1982.01,1990.32,3328600
2019-06-12,1984.59,1990.66,1942.89,1952.30,3418700
2019-06-13,1957.95,1971.43,1944.44,1966.18,4501000
2019-06-14,1970.32,2061.12,1949.65,2039.14,2516200
2019-06-17,2023.66,2025.86,2004.90,2011.64,3179700
2019-06-18,2014.03,2047.63,2005.55,2039.44,1857300
2019-06-19,2029.07,2052.05,2022.27,2047.36,3292200
2019-06-20,2041.19,2056.61,2003.75,2016.72,3233800
2019-06-21,2023.69,2026.92,1998.89,2009.72,2525700
2019-06-24,2003.40,2007.43,1988.51,2004.00,2484100
2019-06-25,2007.45,2019.80,1979.28,1985.54,2890600
2019-06-26,1983.12,2042.49,1977.52,2040.85,2857600
2019-06-27,2057.30,2071.14,1979.51,1987.84,3947400
2019-06-28,1987.65,2028.44,1980.79,1999.36,2849400
2019-07-01,1990.56,2011.94,1981.67,2009.52,2900900
2019-07-02,2001.24,2011.38,1985.94,1994.10,2890200
2019-07-03,1987.46,2005.21,1964.61,1999.15,2035200
2019-07-04,2000.74,2025.54,1995.86,2024.74,2703300
2019-07-05,2025.29,2031.98,2016.75,2029.87,2183700
2019-07-08,2038.33,2049.94,2018.14,2042.55,3072200
2019-07-09,2044.49,2070.70,2040.13,2063.23,1677900
2019-07-10,2064.86,2066.06,1978.43,2006.04,2319900
2019-07-11,2009.19,2076.23,2005.44,2048.86,3148600
2019-07-12,2048.36,2118.85,2030.25,2116.03,1733500
2019-07-15,2119.08,2150.64,2084.13,2145.86,2059000
2019-07-16,2153.17,2193.35,2147.20,2177.02,3593100
2019-07-17,2184.43,2192.00,2123.64,2134.91,2195300
2019-07-18,2130.82,2142.27,2125.93,2131.88,2989800
2019-07-19,2117.42,2132.92,2097.32,2108.31,3179900
2019-07-22,2102.05,2109.77,2083.66,2091.63,2357700
2019-07-23,2094.54,2122.48,2094.46,2120.79,1980300
2019-07-24,2100.33,2106.82,2088.28,2097.61,3912700
2019-07-25,2094.17,2104.36,2078.41,2094.42,2659900
2019-07-26,2098.73,2099.12,2034.95,2039.82,3305500
2019-07-29,2035.74,2049.94,2021.86,2036.09,2538300
2019-07-30,2027.51,2052.59,2013.37,2039.45,3213900
2019-07-31,2054.32,2059.61,2015.10,2020.21,2206000
2019-08-01,2031.93,2038.27,1996.63,2000.78,2168800
2019-08-02,1999.21,2081.24,1976.10,2055.24,2366300
2019-08-05,2066.65,2078.25,2008.25,2021.47,2617400
2019-08-06,2032.49,2045.66,1992.52,1992.78,2617400
2019-08-07,1984.28,1989.98,1945.38,1971.25,2796200
2019-08-08,1992.97,2008.41,1972.55,2005.60,3255000
2019-08-09,1998.57,2075.79,1995.87,2066.40,2672400
2019-08-12,2064.72,2101.33,2063.07,2076.77,3556200
2019-08-13,2068.17,2078.78,2044.85,2056.72,2596300
2019-08-14,2057.83,2068.05,2028.99,2045.19,3392700
2019-08-15,2034.93,2080.13,2025.26,2076.72,3782600
2019-08-16,2077.13,2082.07,2048.30,2051.10,4040600
2019-08-19,2060.46,2097.07,2055.83,2094.04,1800400
2019-08-20,2096.30,2145.43,2094.43,2136.67,4031300
2019-08-21,2134.89,2152.96,2126.17,2139.33,1934300
2019-08-22,2153.07,2163.53,2140.98,2159.32,3847300
2019-08-23,2152.06,2189.95,2151.83,2182.61,2987200
2019-08-26,2191.55,2241.01,2189.30,2231.06,3206200
2019-08-27,2228.85,2232.74,2197.19,2198.75,2426900
2019-08-28,2201.12,2253.63,2174.21,2235.82,3556900
2019-08-29,2236.57,2244.90,2197.58,2224.39,3407400
2019-08-30,2225.99,2250.74,2186.24,2200.93,2662800
2019-09-02,2200.91,2217.55,2194.55,2204.48,2624900
2019-09-03,2198.05,2200.57,2195.91,2198.26,3510200
2019-09-04,2193.71,2202.06,2152.61,2168.47,3615500
2019-09-05,2172.74,2189.85,2104.45,2121.00,3457300
2019-09-06,2120.50,2121.11,2069.28,2093.82,2766900
2019-09-09,2084.51,2143.11,2074.98,2137.54,2997700
2019-09-10,2131.92,2213.51,2124.00,2197.67,3559500
2019-09-11,2192.01,2221.33,2189.22,2218.19,3498900
2019-09-12,2218.11,2267.55,2205.21,2255.68,3673800
2019-09-13,2257.71,2267.39,2236.96,2239.67,3081600
2019-09-16,2240.89,2259.11,2225.65,2237.55,2573500
2019-09-17,2232.11,2268.76,2222.67,2246.74,3169900
2019-09-18,2247.29,2250.51,2210.84,2213.26,3268200
2019-09-19,2201.56,2215.76,2176.87,2183.17,2676700
2019-09-20,2158.50,2188.56,2155.47,2186.61,3265600
2019-09-23,2186.49,2194.74,2171.77,2177.29,2493200
2019-09-24,2163.28,2170.87,2132.89,2145.59,3150800
2019-09-25,2137.82,2166.09,2123.52,2157.81,2633200
2019-09-26,2147.76,2151.43,2143.74,2150.41,4267200
2019-09-27,2156.15,2188.55,2142.03,2181.96,3711600
2019-09-30,2171.74,2205.29,2159.34,2182.28,3153900
2019-10-01,2185.00,2192.27,2148.95,2173.60,2207600
2019-10-02,2169.65,2184.88,2161.71,2178.00,2258500
2019-10-03,2167.54,2189.58,2165.91,2173.26,3415500
2019-10-04,2159.89,2167.24,2143.23,2153.54,2905600
2019-10-07,2157.78,2166.21,2128.41,2142.02,3181300
2019-10-08,2145.58,2167.83,2129.88,2165.22,2050200
2019-10-09,2172.18,2203.20,2152.22,2185.45,2092800
2019-10-10,2201.76,2230.02,2192.00,2225.66,3065200
2019-10-11,2228.31,2241.89,2172.14,2173.89,2871200
2019-10-14,2176.55,2181.37,2153.08,2162.48,2196100
2019-10-15,2161.62,2197.97,2141.52,2150.52,2515800
2019-10-16,2151.62,2161.07,2145.60,2156.29,3467100
2019-10-17,2153.46,2156.47,2133.43,2143.25,2735100
2019-10-18,2135.78,2141.15,2120.85,2128.52,3341300
2019-10-21,2145.73,2169.57,2142.63,2152.64,3987900
2019-10-22,2136.83,2168.14,2125.75,2158.61,3198600
2019-10-23,2160.95,2162.61,2115.57,2124.21,3073400
2019-10-24,2128.12,2170.20,2113.13,2164.96,2638900
2019-10-25,2166.40,2211.00,2161.49,2195.95,3727000
2019-10-28,2187.65,2196.73,2177.01,2178.85,2129000
2019-10-29,2177.31,2210.45,2167.93,2204.89,2336900
2019-10-30,2200.94,2211.27,2169.26,2182.77,2985300
2019-10-31,2173.51,2226.29,2156.38,2217.97,2111800
2019-11-01,2217.65,2245.76,2193.06,2211.64,3584600
2019-11-04,2208.12,2210.97,2169.42,2187.36,2621000
2019-11-05,2182.61,2207.94,2168.05,2176.47,3313800
2019-11-06,2182.50,2191.54,2151.00,2153.80,2810300
2019-11-07,2144.75,2177.17,2137.81,2160.22,2844700
2019-11-08,2164.07,2168.22,2158.37,2166.12,3004300
2019-11-11,2160.87,2188.83,2159.97,2167.78,1817800
2019-11-12,2171.52,2195.59,2139.74,2151.53,2342700
2019-11-13,2152.15,2160.93,2037.53,2044.62,2711900
2019-11-14,2046.60,2054.20,2046.31,2048.19,4328600
2019-11-15,2040.19,2055.93,1979.60,1995.41,3484400
2019-11-18,1989.23,2010.10,1968.68,2003.28,3430100
2019-11-19,1996.43,2045.43,1974.17,2036.28,2373000
2019-11-20,2037.68,2052.79,2025.90,2045.04,3531500
2019-11-21,2051.13,2066.73,2016.33,2034.83,3743100
2019-11-22,2043.60,2053.18,2016.91,2030.65,3447300
2019-11-25,2026.56,2045.73,2008.97,2027.82,4570700
2019-11-26,2028.48,2048.66,2004.14,2013.25,2187000
2019-11-27,2000.24,2016.86,1986.59,1997.85,2349900
2019-11-28,1980.19,1999.52,1970.02,1973.21,2837500
2019-11-29,1966.34,2009.63,1954.89,2007.43,2410200
2019-12-02,2002.04,2013.33,1985.93,2008.01,3026600
2019-12-03,1995.53,2044.04,1981.45,2036.11,3307800
2019-12-04,2021.63,2030.15,2019.62,2029.94,2987600
2019-12-05,2034.20,2042.60,2032.71,2032.96,3056000
2019-12-06,2026.37,2029.17,2025.66,2029.08,3238500
2019-12-09,2015.43,2050.51,2009.61,2043.26,3460100
2019-12-10,2062.18,2071.74,2053.52,2067.99,2599100
2019-12-11,2069.31,2076.54,2043.63,2075.83,2593500
2019-12-12,2073.08,2076.97,2051.99,2057.19,3710700
2019-12-13,2062.64,2069.30,2033.30,2035.75,2791100
2019-12-16,2029.46,2085.05,2019.45,2084.58,2495100
2019-12-17,2097.69,2112.15,2051.53,2077.26,3165000
2019-12-18,2064.40,2083.17,2063.14,2069.68,2783400
2019-12-19,2058.76,2133.87,2051.43,2113.47,3066000
2019-12-20,2112.15,2152.83,2101.30,2146.69,2956000
2019-12-23,2139.97,2181.69,2128.24,2163.49,3373600
2019-12-24,2175.51,2195.84,2147.46,2152.06,3543100
2019-12-25,2138.16,2236.81,2134.73,2224.84,2496500
2019-12-26,2218.16,2248.81,2205.91,2237.60,2265000
2019-12-27,2239.51,2261.50,2224.88,2255.25,3951800
2019-12-30,2260.09,2275.84,2242.48,2250.25,2582700
2019-12-31,2259.03,2259.83,2200.30,2206.54,2062800
2020-01-01,2209.32,2214.95,2145.64,2166.21,1855400
2020-01-02,2185.09,2219.61,2156.35,2179.24,2971700
2020-01-03,2174.88,2210.35,2174.02,2191.85,2606800
2020-01-06,2193.13,2209.95,2156.58,2185.08,1894400
2020-01-07,2192.29,2200.17,2145.24,2150.12,2424500
2020-01-08,2147.15,2150.81,2102.69,2107.85,2357300
2020-01-09,2105.12,2116.55,2076.68,2099.00,3590400
2020-01-10,2094.85,2101.88,2026.83,2057.47,3133500
2020-01-13,2051.92,2089.93,2050.26,2084.48,2985100
2020-01-14,2074.84,2121.87,2066.38,2119.29,2229500
2020-01-15,2114.31,2205.85,2107.19,2205.73,2883300
2020-01-16,2191.84,2235.70,2187.01,2233.59,3389100
2020-01-17,2236.65,2253.20,2204.87,2215.61,3086900
2020-01-20,2201.26,2221.21,2179.11,2189.27,3625100
2020-01-21,2207.02,2213.72,2084.17,2086.57,3037900
2020-01-22,2100.43,2116.59,2069.41,2070.14,3406500
2020-01-23,2078.95,2091.32,2059.88,2065.94,3265200
2020-01-24,2063.87,2105.40,2063.29,2095.08,2650800
2020-01-27,2089.84,2128.30,2075.20,2113.97,3793200
2020-01-28,2123.96,2160.51,2114.46,2132.28,3208000
2020-01-29,2133.46,2157.34,2130.11,2139.45,3485400
2020-01-30,2143.85,2175.90,2136.75,2160.10,2352100
2020-01-31,2153.53,2206.06,2150.35,2205.04,2339300
2020-02-03,2214.04,2229.55,2168.62,2172.99,2882800
2020-02-04,2165.69,2171.64,2158.54,2159.79,2507600
2020-02-05,2160.32,2177.26,2117.54,2118.91,3362400
2020-02-06,2103.96,2176.17,2094.22,2168.31,3236100
2020-02-07,2162.26,2220.61,2148.45,2208.74,3726200
2020-02-10,2212.74,2234.75,2208.90,2232.72,3343800
2020-02-11,2228.29,2255.37,2196.06,2196.08,2313000
2020-02-12,2191.75,2228.95,2177.70,2202.02,3559500
2020-02-13,2208.53,2209.88,2193.48,2195.41,2600700
2020-02-14,2194.34,2206.31,2187.93,2198.52,2550500
2020-02-17,2208.99,2226.30,2181.93,2193.36,3027800
2020-02-18,2171.91,2214.77,2169.52,2210.02,2985300
2020-02-19,2214.59,2215.61,2197.55,2198.43,3612700
2020-02-20,2202.43,2229.03,2193.40,2225.52,4686300
2020-02-21,2211.43,2248.25,2208.36,2233.61,3244600
2020-02-24,2221.64,2225.96,2207.62,2225.00,3863100
2020-02-25,2232.34,2247.42,2220.15,2222.08,2863800
2020-02-26,2212.20,2226.96,2208.47,2208.98,3192600
2020-02-27,2202.93,2240.57,2191.43,2234.91,2680300
2020-02-28,2239.78,2245.05,2222.41,2226.96,2737000
2020-03-02,2223.56,2254.28,2221.01,2236.74,3796100
2020-03-03,2240.53,2240.64,2216.91,2225.02,3262200
2020-03-04,2216.88,2240.38,2173.83,2179.80,3257900
2020-03-05,2181.92,2235.65,2175.48,2208.33,2510500
2020-03-06,2217.41,2220.65,2156.22,2176.47,4015200
2020-03-09,2178.83,2203.88,2176.29,2197.97,2884200
2020-03-10,2178.38,2219.33,2168.03,2211.60,2600700
2020-03-11,2216.87,2236.57,2153.60,2161.51,2979100
2020-03-12,2161.56,2162.02,2129.65,2133.86,3394500
2020-03-13,2125.72,2149.14,2096.07,2119.38,3439700
2020-03-16,2130.72,2138.44,2094.38,2096.02,3871900
2020-03-17,2081.07,2090.85,2049.05,2062.53,2355300
2020-03-18,2077.55,2101.33,2075.94,2085.04,2733200
2020-03-19,2079.35,2080.97,2054.03,2079.02,3925800
2020-03-20,2091.65,2095.73,2080.88,2091.26,4353200
2020-03-23,2090.44,2093.14,2078.41,2079.64,2614800
2020-03-24,2068.20,2097.11,2063.24,2089.53,2933700
2020-03-25,2089.87,2114.16,2048.68,2068.62,2065700
2020-03-26,2070.91,2072.38,2064.02,2068.86,2498200
2020-03-27,2072.88,2097.25,2041.44,2086.80,2462200
2020-03-30,2095.19,2096.69,2079.20,2089.09,2929900
2020-03-31,2081.19,2086.22,2074.56,2076.72,2278300
2020-04-01,2080.35,2085.11,2013.40,2046.35,3549100
2020-04-02,2051.92,2056.95,2041.01,2052.23,2957500
2020-04-03,2049.57,2077.89,2043.11,2063.24,2840300
2020-04-06,2055.11,2063.77,2052.07,2056.82,3543800
2020-04-07,2048.56,2057.05,2030.20,2035.83,2832200
2020-04-08,2041.47,2058.08,2029.78,2052.47,2249300
2020-04-09,2058.56,2144.82,2057.19,2126.14,3008600
2020-04-10,2118.67,2136.51,2107.25,2118.04,4291900
2020-04-13,2106.31,2142.35,2084.32,2128.96,3052100
2020-04-14,2139.02,2156.37,2107.38,2141.12,3305700
2020-04-15,2127.45,2133.32,2062.94,2066.37,2874500
2020-04-16,2067.23,2077.96,2059.56,2071.01,2861000
2020-04-17,2063.92,2065.75,2033.37,2051.64,3294500
2020-04-20,2036.90,2101.66,2029.49,2092.91,1409000
2020-04-21,2093.48,2093.54,2074.36,2086.46,2250000
2020-04-22,2084.42,2100.71,2057.53,2064.86,2636200
2020-04-23,2076.27,2084.85,2056.02,2059.60,2831400
2020-04-24,2077.86,2086.57,2056.69,2065.48,3862400
2020-04-27,2063.48,2084.68,2036.87,2050.41,4461000
2020-04-28,2058.34,2067.18,2047.53,2049.99,3369900
2020-04-29,2058.08,2074.56,2009.85,2012.57,3230800
2020-04-30,2007.93,2008.81,2004.14,2007.42,3400800
2020-05-01,2000.06,2049.05,1991.98,2030.56,3894300
2020-05-04,2043.17,2094.64,2028.20,2088.50,2403700
2020-05-05,2085.00,2112.94,2079.58,2110.28,2697900
2020-05-06,2109.60,2141.30,2106.42,2119.29,3085400
2020-05-07,2116.36,2162.18,2101.85,2155.66,3170700
2020-05-08,2154.03,2188.15,2153.32,2187.49,1856000
2020-05-11,2181.75,2243.05,2173.31,2239.82,3249600
2020-05-12,2246.01,2301.34,2227.04,2274.66,2041200
2020-05-13,2285.55,2292.70,2270.15,2271.44,3450500
2020-05-14,2267.56,2294.17,2263.58,2280.22,3498600
2020-05-15,2267.21,2306.27,2240.26,2286.46,1638900
2020-05-18,2286.41,2320.20,2255.48,2296.66,3293100
2020-05-19,2282.59,2303.71,2261.29,2303.58,3109500
2020-05-20,2297.21,2319.62,2266.99,2278.94,2622200
2020-05-21,2289.62,2292.18,2195.31,2213.32,3561300
2020-05-22,2233.36,2235.78,2190.42,2193.30,4190400
2020-05-25,2196.10,2205.83,2121.65,2132.71,3289000
2020-05-26,2123.21,2139.56,2105.36,2135.66,2337700
2020-05-27,2141.83,2157.52,2135.13,2136.72,2128900
2020-05-28,2117.22,2119.08,2083.22,2088.08,2291800
2020-05-29,2081.84,2121.36,2081.80,2109.34,2382700
2020-06-01,2121.70,2159.39,2105.92,2136.10,3663400
2020-06-02,2141.97,2151.29,2128.16,2139.90,3163500
2020-06-03,2127.69,2200.18,2121.48,2191.38,2975000
2020-06-04,2176.43,2251.02,2159.65,2250.37,3513400
2020-06-05,2257.54,2274.77,2210.74,2213.31,3002300
2020-06-08,2212.40,2252.57,2203.94,2246.41,3011900
2020-06-09,2240.61,2262.85,2236.34,2260.96,2487800
2020-06-10,2264.17,2281.69,2261.99,2274.85,2618500
2020-06-11,2269.15,2308.95,2253.06,2305.38,3009300
2020-06-12,2287.30,2304.77,2273.44,2282.77,2291700
2020-06-15,2289.61,2295.72,2256.55,2264.46,3984300
2020-06-16,2258.12,2276.71,2221.72,2239.00,3064900
2020-06-17,2229.58,2235.47,2205.65,2216.13,2662800
2020-06-18,2203.91,2223.97,2198.48,2213.81,3574400
2020-06-19,2215.52,2224.39,2167.19,2170.00,2357700
2020-06-22,2162.58,2163.66,2129.88,2139.31,3623700
2020-06-23,2144.15,2158.02,2130.43,2157.63,3041600
2020-06-24,2154.85,2163.40,2142.94,2156.39,4116400
2020-06-25,2165.20,2171.28,2161.85,2168.89,2662000
2020-06-26,2165.07,2166.95,2107.07,2113.12,2753300
2020-06-29,2107.16,2118.29,2088.25,2091.07,2485800
2020-06-30,2074.28,2080.53,2073.83,2075.94,2244500
2020-07-01,2066.42,2089.86,2066.23,2078.00,3140500
2020-07-02,2083.50,2105.71,2042.61,2062.11,2357300
2020-07-03,2086.87,2090.65,2081.69,2090.40,3181200
2020-07-06,2079.54,2092.65,2056.73,2089.77,2607800
2020-07-07,2080.70,2101.49,2080.18,2091.36,3620700
2020-07-08,2093.70,2094.80,2084.46,2092.84,1463900
2020-07-09,2096.35,2115.93,2083.35,2114.78,3239100
2020-07-10,2108.62,2109.30,2099.77,2101.88,3018100
2020-07-13,2102.07,2145.78,2094.59,2136.25,2990400
2020-07-14,2122.16,2163.23,2113.57,2151.04,2611000
2020-07-15,2148.02,2165.90,2123.17,2156.63,4034700
2020-07-16,2163.90,2178.95,2147.45,2158.82,2744100
2020-07-17,2172.43,2183.93,2166.17,2175.54,3244000
2020-07-20,2173.61,2213.09,2168.14,2207.58,2832100
2020-07-21,2204.82,2243.99,2199.42,2237.81,2773900
2020-07-22,2241.35,2260.00,2238.90,2250.35,3041800
2020-07-23,2259.79,2306.59,2253.68,2278.84,3393000
2020-07-24,2282.76,2296.21,2270.79,2283.24,2321500
2020-07-27,2275.93,2332.08,2275.05,2324.24,2707600
2020-07-28,2327.03,2328.74,2318.56,2323.87,2146400
2020-07-29,2332.33,2336.68,2239.15,2257.82,3227000
2020-07-30,2250.93,2308.35,2228.51,2301.20,2478300
2020-07-31,2288.50,2323.25,2277.45,2305.24,2542900
2020-08-03,2309.42,2321.23,2257.85,2268.31,3377700
2020-08-04,2271.12,2274.20,2243.23,2262.68,2981100
2020-08-05,2270.90,2284.82,2226.05,2235.52,3230200
2020-08-06,2235.83,2325.55,2224.89,2303.00,2904100
2020-08-07,2296.61,2331.80,2288.46,2319.68,3232800
2020-08-10,2315.15,2331.68,2249.70,2269.80,3039900
2020-08-11,2260.05,2308.34,2249.10,2287.90,2320900
2020-08-12,2278.81,2282.61,2274.87,2275.77,3114700
2020-08-13,2270.22,2345.85,2264.66,2338.34,2782000
2020-08-14,2333.35,2342.33,2277.84,2304.61,2844400
2020-08-17,2314.36,2333.62,2233.77,2233.80,3155100
2020-08-18,2222.45,2262.81,2209.60,2236.63,2658600
2020-08-19,2235.74,2236.02,2212.92,2226.52,2353900
2020-08-20,2220.85,2222.57,2210.25,2214.36,3695300
2020-08-21,2227.05,2240.72,2141.14,2149.77,4088300
2020-08-24,2151.57,2164.20,2142.69,2163.66,2781600
2020-08-25,2160.01,2233.24,2151.05,2215.93,3674200
2020-08-26,2222.67,2225.33,2154.46,2158.30,3218300
2020-08-27,2158.44,2208.94,2150.29,2194.97,2603500
2020-08-28,2190.39,2200.84,2155.45,2178.45,2487800
2020-08-31,2191.36,2252.83,2167.22,2252.24,2819800
2020-09-01,2258.18,2273.47,2252.99,2266.78,2730800
2020-09-02,2281.98,2285.89,2259.53,2261.53,2788700
2020-09-03,2271.52,2318.93,2257.99,2297.53,2913500
2020-09-04,2304.18,2348.12,2284.45,2315.14,2311100
2020-09-07,2315.91,2333.84,2289.52,2296.59,3504800
2020-09-08,2286.27,2330.39,2261.89,2320.18,2311700
2020-09-09,2326.29,2344.76,2302.10,2304.21,2348100
2020-09-10,2304.44,2334.96,2233.32,2247.83,3540400
2020-09-11,2253.46,2325.73,2246.65,2313.47,3442700
2020-09-14,2312.97,2316.27,2301.81,2302.77,3858200
2020-09-15,2296.04,2327.47,2277.75,2283.84,3069100
2020-09-16,2274.30,2313.77,2273.91,2295.37,2602500
2020-09-17,2301.35,2308.77,2232.89,2246.43,3673100
2020-09-18,2257.60,2274.33,2193.38,2205.03,2930700
2020-09-21,2202.11,2218.64,2186.72,2190.54,2913400
2020-09-22,2194.11,2194.32,2168.55,2175.59,2480500
2020-09-23,2187.20,2203.53,2172.78,2178.75,3228900
2020-09-24,2171.15,2218.72,2145.00,2214.24,1571700
2020-09-25,2210.86,2219.74,2181.46,2200.46,3302600
2020-09-28,2190.31,2232.60,2157.42,2216.62,1789700
2020-09-29,2226.65,2237.93,2218.01,2236.24,3510200
2020-09-30,2238.19,2251.89,2190.64,2203.37,2055800
2020-10-01,2198.95,2229.73,2177.90,2211.34,3395100
2020-10-02,2196.46,2218.17,2176.31,2183.23,4468100
2020-10-05,2181.30,2224.45,2163.13,2216.97,2821200
2020-10-06,2225.41,2269.24,2221.04,2232.03,2289200
2020-10-07,2229.04,2258.36,2228.10,2233.39,4151700
2020-10-08,2229.26,2235.28,2185.33,2192.72,2723500
2020-10-09,2197.95,2207.83,2184.40,2197.23,2320700
2020-10-12,2186.14,2211.08,2160.16,2174.69,3739600
2020-10-13,2174.79,2216.86,2155.76,2197.30,1283700
2020-10-14,2202.18,2216.37,2182.23,2194.58,2099000
2020-10-15,2187.44,2217.53,2157.90,2170.70,2199400
2020-10-16,2163.22,2203.88,2140.88,2200.04,2571400
2020-10-19,2201.86,2225.07,2199.89,2223.33,1774300
2020-10-20,2222.10,2225.19,2191.84,2205.81,3481000
2020-10-21,2203.40,2257.48,2180.14,2242.94,3600900
2020-10-22,2244.43,2262.68,2222.20,2234.42,2954100
2020-10-23,2236.05,2237.55,2225.25,2225.62,2739400
2020-10-26,2217.11,2234.96,2204.05,2230.37,2050000
2020-10-27,2224.13,2224.63,2187.12,2207.86,3268200
2020-10-28,2211.46,2215.57,2179.32,2195.18,2567400
2020-10-29,2204.64,2222.35,2189.95,2191.22,3356600
2020-10-30,2202.70,2241.53,2194.01,2239.67,3599200
2020-11-02,2231.82,2313.62,2230.85,2288.07,3015300
2020-11-03,2297.69,2309.79,2272.09,2280.52,1720000
2020-11-04,2287.06,2340.90,2282.46,2333.29,2425900
2020-11-05,2332.67,2357.80,2316.66,2332.49,3806400
2020-11-06,2336.68,2364.10,2318.83,2345.57,3152900
2020-11-09,2352.97,2380.20,2348.53,2375.36,3840200
2020-11-10,2391.93,2404.88,2368.85,2385.59,1647400
2020-11-11,2375.29,2478.91,2365.66,2468.13,2920600
2020-11-12,2473.67,2479.17,2466.53,2476.79,2882700
2020-11-13,2475.08,2479.79,2432.66,2435.83,2013500
2020-11-16,2433.49,2484.90,2430.24,2481.10,2601700
2020-11-17,2492.08,2514.34,2461.27,2467.04,3575100
2020-11-18,2474.73,2485.93,2454.91,2456.81,3313400
2020-11-19,2446.60,2454.37,2325.29,2356.30,2667400
2020-11-20,2353.34,2402.38,2331.56,2390.14,3184500
2020-11-23,2391.98,2438.93,2374.49,2418.17,3703900
2020-11-24,2404.34,2451.24,2400.22,2445.78,2341100
2020-11-25,2453.85,2505.30,2435.98,2479.84,3164500
2020-11-26,2478.78,2548.26,2476.37,2539.48,3615200
2020-11-27,2540.79,2596.01,2533.88,2537.90,2575700
2020-11-30,2540.95,2572.50,2523.87,2571.50,3770400
2020-12-01,2589.65,2595.14,2539.33,2544.82,2935200
2020-12-02,2544.87,2554.06,2522.39,2532.30,3655200
2020-12-03,2528.39,2589.20,2521.87,2570.13,3543700
2020-12-04,2587.57,2617.08,2563.80,2584.21,3148300
2020-12-07,2578.76,2579.43,2531.57,2536.35,2814700
2020-12-08,2530.77,2553.62,2527.66,2549.30,2596400
2020-12-09,2535.01,2565.87,2517.69,2542.82,3091900
2020-12-10,2553.42,2579.05,2498.42,2513.91,3116600
2020-12-11,2516.31,2536.15,2497.23,2529.39,3832800
2020-12-14,2533.81,2554.66,2494.63,2515.22,2938700
2020-12-15,2516.57,2546.79,2429.68,2460.67,3202300
2020-12-16,2459.06,2468.98,2412.76,2423.00,4001900
2020-12-17,2415.19,2508.74,2392.58,2484.19,3184900
2020-12-18,2476.23,2484.17,2412.78,2432.31,3265100
2020-12-21,2436.18,2462.40,2415.71,2440.31,3956400
2020-12-22,2441.21,2461.68,2412.47,2461.62,3045800
2020-12-23,2477.28,2488.45,2453.38,2484.07,3230700
2020-12-24,2476.32,2486.86,2428.40,2442.07,3444500
2020-12-25,2437.09,2441.41,2415.72,2431.49,2920800
2020-12-28,2421.40,2453.63,2419.78,2436.70,2323100
2020-12-29,2449.75,2467.32,2433.99,2464.56,2113400
2020-12-30,2452.28,2454.38,2433.39,2442.72,2869600
2020-12-31,2449.91,2455.78,2403.42,2403.64,3666000
2021-01-01,2417.08,2450.43,2408.88,2438.12,3588600
2021-01-04,2436.49,2501.41,2429.54,2476.55,3968900
2021-01-05,2483.38,2490.63,2481.91,2489.71,3534800
2021-01-06,2468.57,2479.21,2452.13,2468.84,2602000
2021-01-07,2464.80,2490.84,2452.63,2483.27,2118100
2021-01-08,2466.76,2503.18,2460.60,2487.36,2681300
2021-01-11,2488.77,2521.80,2488.26,2516.97,2832000
2021-01-12,2516.79,2536.74,2469.11,2473.53,2545400
2021-01-13,2465.75,2492.94,2465.64,2477.88,3544200
2021-01-14,2486.88,2493.11,2461.55,2472.67,2515600
2021-01-15,2475.88,2490.91,2432.95,2434.87,3339000
2021-01-18,2429.58,2443.57,2425.32,2442.67,3460000
2021-01-19,2437.46,2445.73,2436.96,2444.28,1946900
2021-01-20,2429.85,2433.64,2428.80,2430.69,2737100
2021-01-21,2428.65,2462.84,2419.04,2444.66,3744300
2021-01-22,2464.98,2466.13,2370.14,2396.99,3496900
2021-01-25,2390.01,2402.16,2381.79,2395.74,3063800
2021-01-26,2399.48,2419.77,2391.41,2410.81,2326200
2021-01-27,2405.34,2424.93,2391.43,2420.94,2569300
2021-01-28,2428.39,2475.75,2400.60,2458.19,3043000
2021-01-29,2462.22,2465.73,2400.76,2417.59,3747100
2021-02-01,2415.11,2442.63,2353.42,2367.58,3286100
2021-02-02,2350.70,2378.68,2347.11,2376.16,2938400
2021-02-03,2371.10,2412.96,2366.58,2391.98,3130600
2021-02-04,2403.11,2479.29,2386.72,2464.63,3457200
2021-02-05,2462.00,2508.28,2448.39,2486.38,1939000
2021-02-08,2492.32,2492.71,2456.05,2456.46,2396600
2021-02-09,2451.55,2491.52,2436.08,2484.75,3008800
2021-02-10,2466.23,2488.10,2437.96,2455.83,3715400
2021-02-11,2459.72,2493.67,2402.89,2405.67,3637500
2021-02-12,2408.48,2504.24,2385.68,2495.75,2522500
2021-02-15,2489.80,2511.38,2476.65,2507.46,3004500
2021-02-16,2503.54,2556.48,2503.12,2532.96,2545600
2021-02-17,2535.62,2554.67,2530.54,2553.23,2755600
2021-02-18,2547.00,2624.02,2536.51,2618.97,3076200
2021-02-19,2622.30,2639.76,2595.27,2629.36,2772600
2021-02-22,2626.99,2699.95,2615.10,2674.49,2654800
2021-02-23,2649.42,2662.61,2624.59,2636.08,2291000
2021-02-24,2634.33,2640.23,2580.74,2585.11,2039100
2021-02-25,2578.76,2639.04,2567.11,2637.31,2873800
2021-02-26,2628.35,2702.20,2612.43,2692.24,3104000
2021-03-01,2696.27,2728.67,2675.73,2711.29,3359000
2021-03-02,2705.80,2741.76,2700.38,2719.57,2498700
2021-03-03,2725.12,2740.67,2721.77,2725.56,2555300
2021-03-04,2737.11,2740.87,2697.38,2699.07,3745400
2021-03-05,2700.35,2768.32,2684.40,2757.56,3237800
2021-03-08,2740.48,2847.69,2738.86,2782.65,3518800
2021-03-09,2774.36,2816.40,2747.63,2801.90,2647900
2021-03-10,2811.77,2832.39,2807.48,2816.09,2560100
2021-03-11,2812.96,2888.66,2799.84,2857.07,2298600
2021-03-12,2847.71,2893.95,2845.88,2876.57,3582100
2021-03-15,2875.29,2909.72,2859.22,2905.91,2307800
2021-03-16,2911.44,2924.08,2851.94,2857.83,1951400
2021-03-17,2860.51,2893.62,2839.45,2877.54,2539800
2021-03-18,2884.65,2979.27,2855.10,2966.17,3746400
2021-03-19,2956.26,2984.13,2932.39,2943.61,3004700
2021-03-22,2940.16,2947.89,2933.70,2937.27,3128400
2021-03-23,2934.09,2983.41,2918.21,2973.15,3058000
2021-03-24,2972.64,3040.87,2954.89,3012.12,2960800
2021-03-25,2987.01,3073.19,2980.31,3037.29,2887800
2021-03-26,3034.20,3055.53,2964.91,2967.96,2147900
2021-03-29,2952.02,3007.07,2941.86,2987.77,3984300
2021-03-30,3003.99,3013.61,2929.76,2937.51,2896800
2021-03-31,2955.40,2961.19,2875.62,2902.80,3714100
2021-04-01,2921.92,2935.95,2904.50,2924.27,2052400
2021-04-02,2933.42,2978.47,2910.22,2911.24,3312100
2021-04-05,2905.42,2962.33,2901.36,2943.51,2281300
2021-04-06,2954.47,3109.47,2931.79,3075.09,2214300
2021-04-07,3072.41,3122.42,3065.68,3107.26,3147300
2021-04-08,3114.54,3150.93,3109.99,3137.28,3604900
2021-04-09,3125.87,3129.01,3067.47,3096.54,3806700
2021-04-12,3089.12,3093.39,3036.38,3067.28,3784700
2021-04-13,3072.69,3084.45,2986.10,3020.54,2825300
2021-04-14,3041.56,3044.85,2956.51,2996.86,3457700
2021-04-15,2996.34,2998.84,2950.10,2950.25,2630000
2021-04-16,2976.44,3001.31,2916.25,2922.12,2664400
2021-04-19,2953.93,2959.18,2897.58,2912.68,3133700
2021-04-20,2897.75,2908.83,2863.62,2871.30,2917300
2021-04-21,2870.78,2878.76,2806.53,2814.08,3496000
2021-04-22,2803.31,2809.63,2759.20,2760.41,1891400
2021-04-23,2758.70,2779.71,2734.43,2777.62,3668100
2021-04-26,2771.56,2796.78,2747.51,2779.50,2640100
2021-04-27,2778.58,2834.58,2755.59,2819.27,3872200
2021-04-28,2829.85,2872.88,2820.15,2860.22,3673000
2021-04-29,2870.67,2875.42,2812.74,2845.92,2299200
2021-04-30,2848.66,2876.33,2847.79,2872.09,2958600
2021-05-03,2871.94,2892.07,2800.89,2814.04,3394400
2021-05-04,2815.17,2923.87,2808.36,2904.88,2514700
2021-05-05,2906.15,2989.78,2873.93,2953.06,2545300
2021-05-06,2959.58,2972.46,2937.11,2943.20,2806600
2021-05-07,2943.07,2950.91,2867.04,2894.72,3434800
2021-05-10,2900.30,2911.08,2880.52,2909.37,3532200
2021-05-11,2894.16,2939.96,2827.85,2833.37,2736800
2021-05-12,2842.10,2868.10,2778.81,2802.05,3484900
2021-05-13,2821.30,2841.77,2811.51,2831.09,3870700
2021-05-14,2832.97,2850.43,2803.90,2833.50,3539900
2021-05-17,2817.54,2820.05,2810.79,2813.52,2551900
2021-05-18,2828.42,2867.96,2820.23,2850.70,2487200
2021-05-19,2846.82,2857.06,2807.70,2808.93,3160700
2021-05-20,2775.75,2831.55,2757.11,2819.65,3481300
2021-05-21,2817.05,2824.69,2797.76,2799.54,3246800
2021-05-24,2806.09,2833.83,2763.11,2766.07,2760700
2021-05-25,2770.12,2810.85,2769.05,2783.72,2436300
2021-05-26,2797.26,2807.22,2720.36,2744.89,3749400
2021-05-27,2751.49,2839.31,2723.48,2818.68,2902200
2021-05-28,2819.91,2822.19,2768.64,2795.19,4105500
2021-05-31,2773.28,2893.22,2762.81,2873.71,2307000
2021-06-01,2860.92,2866.00,2816.73,2829.36,2794300
2021-06-02,2831.22,2870.23,2830.78,2852.92,2609200
2021-06-03,2860.42,2861.85,2797.43,2804.81,4092600
2021-06-04,2793.29,2797.70,2718.28,2752.19,3730800
2021-06-07,2745.39,2758.21,2735.36,2758.06,2697700
2021-06-08,2763.05,2787.29,2733.31,2784.05,1842600
2021-06-09,2762.94,2772.29,2714.14,2734.44,3681200
2021-06-10,2713.32,2802.79,2701.37,2779.92,3071500
2021-06-11,2777.25,2806.77,2737.10,2748.69,2320700
2021-06-14,2751.30,2759.60,2743.19,2753.48,2097600
2021-06-15,2748.13,2798.30,2747.11,2767.88,3232900
2021-06-16,2742.73,2829.13,2737.45,2790.70,2871600
2021-06-17,2790.81,2838.42,2696.23,2720.96,3080400
2021-06-18,2706.55,2793.07,2696.60,2783.14,3230200
2021-06-21,2790.22,2828.82,2790.14,2804.76,2773800
2021-06-22,2803.50,2831.11,2776.58,2787.67,2832000
2021-06-23,2790.45,2795.38,2747.17,2747.62,3388400
2021-06-24,2754.47,2785.06,2670.26,2682.99,2929300
2021-06-25,2677.27,2696.04,2609.00,2632.29,2829700
2021-06-28,2640.79,2659.11,2616.24,2652.56,3376600
2021-06-29,2665.52,2671.40,2623.82,2639.98,1816200
2021-06-30,2643.99,2666.59,2584.97,2598.58,3736400
2021-07-01,2612.16,2639.24,2532.51,2579.69,3261200
2021-07-02,2573.17,2654.42,2563.88,2637.08,2540000
2021-07-05,2646.53,2655.37,2607.46,2625.01,2891000
2021-07-06,2627.68,2648.55,2598.62,2603.76,3728600
2021-07-07,2593.48,2670.15,2577.64,2653.68,3326400
2021-07-08,2652.73,2699.21,2606.95,2670.96,1936400
2021-07-09,2665.23,2703.01,2663.43,2672.63,2391900
2021-07-12,2666.66,2669.17,2627.91,2650.00,3106000
2021-07-13,2650.78,2653.51,2568.62,2593.10,4061200
2021-07-14,2603.91,2607.68,2543.56,2551.20,3452800
2021-07-15,2547.88,2580.22,2521.92,2534.47,2880100
2021-07-16,2535.60,2543.80,2521.27,2527.11,3342700
2021-07-19,2512.35,2559.34,2493.99,2540.20,3007800
2021-07-20,2541.15,2565.73,2535.60,2560.31,2818200
2021-07-21,2571.92,2573.71,2542.89,2568.67,3225800
2021-07-22,2576.81,2606.83,2575.53,2576.95,1725300
2021-07-23,2581.68,2596.95,2541.08,2541.16,3600900
2021-07-26,2535.75,2546.77,2441.93,2466.05,3318700
2021-07-27,2456.44,2462.80,2443.50,2448.76,2737100
2021-07-28,2447.74,2451.76,2407.36,2416.94,2490000
2021-07-29,2404.05,2406.06,2394.39,2395.71,2281000
2021-07-30,2383.93,2404.51,2365.47,2387.35,3161600
2021-08-02,2396.17,2405.49,2346.49,2346.98,3087900
2021-08-03,2338.36,2341.32,2308.74,2311.71,3104800
2021-08-04,2328.11,2332.70,2303.67,2309.52,4018500
2021-08-05,2296.38,2315.28,2283.51,2314.32,1689300
2021-08-06,2318.16,2328.49,2266.63,2294.20,2570700
2021-08-09,2283.48,2314.41,2278.98,2311.37,2539400
2021-08-10,2312.87,2330.67,2295.12,2305.34,3563900
2021-08-11,2295.75,2305.23,2257.34,2273.72,2850300
2021-08-12,2273.98,2295.82,2248.00,2276.17,2438900
2021-08-13,2274.66,2338.15,2264.81,2338.14,3123700
2021-08-16,2333.85,2351.47,2282.83,2317.14,3241700
2021-08-17,2321.74,2363.25,2310.79,2356.35,3959300
2021-08-18,2370.37,2411.92,2356.58,2403.22,3151500
2021-08-19,2397.48,2459.62,2393.59,2455.01,2738400
2021-08-20,2463.51,2466.65,2412.85,2427.58,2701100
2021-08-23,2428.29,2499.92,2413.16,2497.85,2516600
2021-08-24,2497.44,2507.95,2485.33,2502.51,3290800
2021-08-25,2524.23,2550.37,2464.78,2494.20,3486600
2021-08-26,2472.73,2510.42,2464.67,2486.77,2865500
2021-08-27,2479.95,2518.09,2469.37,2508.42,2919800
2021-08-30,2490.38,2523.49,2479.12,2510.78,3820900
2021-08-31,2507.55,2529.45,2496.14,2505.13,3060300
2021-09-01,2502.74,2558.89,2482.57,2551.14,3296800
2021-09-02,2589.84,2614.04,2515.25,2525.90,2354600
2021-09-03,2529.26,2546.98,2485.92,2489.80,2640200
2021-09-06,2507.46,2544.68,2504.42,2518.23,1728900
2021-09-07,2531.10,2545.09,2524.09,2543.71,2186800
2021-09-08,2539.16,2615.63,2538.76,2583.46,3219400
2021-09-09,2588.25,2600.95,2545.15,2545.33,3742200
2021-09-10,2562.10,2588.80,2545.84,2584.65,2841500
2021-09-13,2586.30,2618.14,2570.82,2602.52,2290100
2021-09-14,2604.55,2670.73,2585.72,2667.87,3055700
2021-09-15,2673.06,2704.45,2609.78,2621.78,3681400
2021-09-16,2606.07,2640.24,2589.85,2630.07,2903100
2021-09-17,2621.50,2624.32,2615.04,2620.12,3547400
2021-09-20,2623.49,2627.20,2533.21,2562.72,2962900
2021-09-21,2568.15,2591.25,2490.60,2537.64,2267800
2021-09-22,2528.30,2579.75,2517.45,2578.52,2460900
2021-09-23,2575.10,2584.95,2555.18,2562.05,2848100
2021-09-24,2560.68,2575.07,2532.59,2536.71,4358200
2021-09-27,2535.07,2568.58,2514.68,2568.27,3348500
2021-09-28,2575.21,2622.32,2572.32,2604.52,2858800
2021-09-29,2605.49,2649.91,2589.55,2641.10,3173400
2021-09-30,2642.70,2658.97,2599.13,2612.29,3127200
2021-10-01,2597.55,2626.04,2573.34,2610.49,2737200
2021-10-04,2599.48,2650.42,2559.52,2648.76,2938200
2021-10-05,2652.00,2652.27,2615.62,2624.77,2849400
2021-10-06,2608.09,2642.36,2593.04,2597.66,3442300
2021-10-07,2600.30,2647.38,2587.27,2628.34,3928900
2021-10-08,2621.31,2690.74,2613.81,2686.75,3791000
2021-10-11,2677.96,2706.66,2639.28,2643.88,2811300
2021-10-12,2650.53,2654.77,2549.27,2549.70,3330300
2021-10-13,2542.71,2552.59,2495.21,2498.95,2569900
2021-10-14,2490.31,2508.26,2447.13,2464.43,2350900
2021-10-15,2457.69,2479.13,2453.48,2460.44,3046100
2021-10-18,2460.85,2495.97,2451.01,2482.52,3363400
2021-10-19,2509.57,2522.35,2476.86,2478.14,2963900
2021-10-20,2457.23,2458.48,2446.01,2454.68,3493800
2021-10-21,2454.33,2498.79,2451.40,2460.75,3494000
2021-10-22,2458.22,2458.85,2417.70,2428.60,3451800
2021-10-25,2437.62,2450.27,2424.44,2427.86,2909600
2021-10-26,2424.12,2431.11,2397.51,2407.01,2191800
2021-10-27,2383.35,2528.14,2363.46,2500.01,4073000
2021-10-28,2513.01,2554.47,2506.02,2529.45,2718000
2021-10-29,2518.33,2534.34,2496.30,2500.64,3437100
2021-11-01,2499.85,2505.39,2457.34,2466.65,3290800
2021-11-02,2453.09,2463.02,2449.89,2452.34,2795300
2021-11-03,2441.49,2450.20,2356.95,2397.31,4088300
2021-11-04,2392.38,2421.58,2372.76,2373.86,3402600
2021-11-05,2381.76,2390.22,2344.65,2350.47,2993400
2021-11-08,2358.15,2399.22,2325.97,2380.84,2753300
2021-11-09,2374.98,2404.23,2360.49,2367.66,2426000
2021-11-10,2372.18,2375.91,2333.61,2342.64,2248800
2021-11-11,2338.96,2361.04,2296.38,2300.18,3341300
2021-11-12,2300.99,2302.88,2260.50,2263.80,2739500
2021-11-15,2264.97,2271.28,2256.47,2263.00,2732100
2021-11-16,2268.37,2273.99,2256.38,2257.51,3302000
2021-11-17,2251.78,2307.81,2247.83,2294.99,2794700
2021-11-18,2293.56,2311.03,2269.40,2276.10,3388800
2021-11-19,2277.84,2313.68,2266.49,2311.41,2621100
2021-11-22,2312.00,2324.86,2280.45,2320.95,2692800
2021-11-23,2313.37,2336.21,2313.06,2321.98,3546900
2021-11-24,2337.68,2355.94,2250.61,2258.75,2596800
2021-11-25,2254.38,2266.66,2204.81,2219.64,3364400
2021-11-26,2226.09,2279.44,2208.70,2244.25,3302000
2021-11-29,2245.82,2291.67,2232.93,2290.00,3006000
2021-11-30,2300.90,2315.14,2283.55,2297.90,2018800
2021-12-01,2277.79,2326.91,2262.44,2323.83,2223600
2021-12-02,2342.59,2350.31,2300.49,2311.78,2351500
2021-12-03,2309.57,2326.53,2292.26,2301.01,2236900
2021-12-06,2289.52,2294.73,2276.44,2280.99,3513000
2021-12-07,2281.90,2313.93,2254.79,2313.64,2484300
2021-12-08,2334.23,2334.60,2324.03,2326.00,2264700
2021-12-09,2330.42,2338.74,2303.83,2319.58,2700100
2021-12-10,2307.99,2334.31,2301.51,2310.14,2943000
2021-12-13,2305.63,2350.41,2303.92,2329.46,2010800
2021-12-14,2341.58,2353.57,2316.76,2341.21,3359300
2021-12-15,2327.92,2333.71,2303.13,2315.25,3429200
2021-12-16,2313.32,2391.22,2293.62,2372.80,2647100
2021-12-17,2369.75,2387.51,2360.86,2382.45,3479300
2021-12-20,2402.77,2423.10,2366.77,2383.86,2078600
2021-12-21,2380.81,2443.43,2356.93,2434.76,2672900
2021-12-22,2447.21,2485.70,2435.06,2470.86,2903100
2021-12-23,2463.93,2473.23,2439.34,2468.66,3041600
2021-12-24,2460.50,2507.61,2427.77,2488.11,3680300
2021-12-27,2497.76,2530.97,2449.32,2451.90,2804500
2021-12-28,2457.68,2458.13,2428.96,2430.89,2401400
2021-12-29,2413.96,2424.96,2345.32,2356.09,3127000
2021-12-30,2361.81,2402.90,2347.32,2397.86,3091700
2021-12-31,2403.70,2416.04,2296.56,2335.99,3264700
2022-01-03,2330.01,2396.16,2298.73,2359.59,2802100
2022-01-04,2361.36,2366.44,2332.17,2333.44,3101800
2022-01-05,2335.64,2340.41,2302.11,2302.87,2661900
2022-01-06,2298.14,2305.37,2278.37,2297.87,3332700
2022-01-07,2292.25,2317.93,2291.32,2307.77,2608100
2022-01-10,2301.33,2341.35,2296.22,2328.92,2632700
2022-01-11,2326.12,2405.53,2324.87,2388.67,3689300
2022-01-12,2375.79,2403.41,2367.08,2401.78,2549600
2022-01-13,2401.07,2435.46,2388.84,2432.66,3001400
2022-01-14,2417.94,2422.66,2408.74,2413.32,3334900
2022-01-17,2413.73,2441.29,2400.89,2438.60,2811300
2022-01-18,2437.46,2463.20,2429.36,2444.80,3533800
2022-01-19,2434.44,2457.57,2424.48,2429.94,2656100
2022-01-20,2437.86,2444.33,2426.03,2427.66,3602300
2022-01-21,2446.09,2459.51,2412.05,2426.55,2078900
2022-01-24,2439.04,2450.35,2426.09,2434.05,2200100
2022-01-25,2420.56,2464.24,2414.76,2448.76,3038500
2022-01-26,2460.85,2464.83,2418.40,2432.32,3843300
2022-01-27,2434.11,2439.20,2397.26,2408.21,3951100
2022-01-28,2407.38,2442.45,2384.03,2434.61,2491500
2022-01-31,2428.53,2434.77,2370.35,2378.43,2981300
2022-02-01,2378.05,2379.25,2348.19,2359.06,2708500
2022-02-02,2371.79,2426.98,2358.42,2412.11,1734000
2022-02-03,2417.01,2425.61,2318.09,2323.42,3426400
2022-02-04,2319.29,2321.61,2301.48,2302.25,2777100
2022-02-07,2295.83,2332.08,2288.46,2325.87,3807400
2022-02-08,2321.72,2326.42,2272.94,2274.00,3163100
2022-02-09,2278.99,2365.14,2268.33,2359.69,2685100
2022-02-10,2376.92,2397.54,2271.05,2276.87,2590600
2022-02-11,2267.02,2330.65,2264.90,2324.55,2887600
2022-02-14,2324.22,2380.95,2322.87,2377.11,3266900
2022-02-15,2373.15,2413.09,2357.40,2408.98,2709600
2022-02-16,2401.46,2414.70,2397.16,2402.59,4654000
2022-02-17,2406.06,2437.69,2399.33,2415.74,3121500
2022-02-18,2420.70,2428.10,2384.43,2386.64,2328100
2022-02-21,2372.93,2426.59,2345.40,2414.99,3046400
2022-02-22,2404.76,2417.91,2368.13,2378.48,3674500
2022-02-23,2389.46,2405.74,2366.68,2370.55,3252200
2022-02-24,2373.21,2410.55,2361.69,2405.05,2803300
2022-02-25,2409.70,2420.00,2364.00,2368.91,2607400
2022-02-28,2363.88,2364.93,2340.08,2358.05,2532700
2022-03-01,2354.17,2372.50,2347.97,2364.71,2299800
2022-03-02,2368.69,2381.44,2311.41,2321.89,2694400
2022-03-03,2317.00,2384.88,2306.13,2361.40,3153700
2022-03-04,2350.71,2379.33,2338.63,2373.92,2664800
2022-03-07,2373.60,2387.01,2304.38,2325.25,3958900
2022-03-08,2333.29,2353.20,2324.55,2325.04,3221400
2022-03-09,2315.24,2316.34,2285.67,2301.25,2737000
2022-03-10,2310.59,2318.22,2272.86,2281.53,2979400
2022-03-11,2287.57,2311.99,2279.53,2285.41,3864200
2022-03-14,2277.29,2281.70,2254.75,2264.22,1993000
2022-03-15,2263.98,2298.12,2252.75,2296.50,3138600
2022-03-16,2295.80,2302.13,2253.66,2275.34,4579800
2022-03-17,2280.75,2311.51,2251.50,2308.30,3590000
2022-03-18,2314.09,2332.47,2296.90,2308.26,2464800
2022-03-21,2296.06,2349.77,2292.72,2337.47,3072400
2022-03-22,2324.71,2339.56,2306.37,2321.12,2859700
2022-03-23,2330.29,2331.56,2298.58,2306.10,4641500
2022-03-24,2306.82,2311.10,2267.80,2270.56,2602100
2022-03-25,2274.01,2294.91,2255.12,2290.49,2837800
2022-03-28,2293.21,2326.83,2277.15,2322.21,2803600
2022-03-29,2336.02,2417.02,2331.83,2393.54,2157700
2022-03-30,2381.80,2444.39,2380.03,2438.38,1051200
2022-03-31,2448.59,2461.37,2442.56,2447.99,2858400
2022-04-01,2439.74,2442.26,2437.08,2441.82,3302500
2022-04-04,2448.53,2463.06,2431.18,2456.21,2743100
2022-04-05,2468.95,2470.11,2430.10,2456.29,3290500
2022-04-06,2442.54,2512.25,2437.06,2508.19,3443100
2022-04-07,2511.85,2548.16,2497.22,2542.46,3410700
2022-04-08,2539.33,2567.84,2502.23,2513.65,1996300
2022-04-11,2510.42,2522.94,2462.48,2490.45,3889200
2022-04-12,2490.53,2545.81,2487.56,2539.55,3506000
2022-04-13,2528.66,2562.72,2519.03,2551.36,3472800
2022-04-14,2541.30,2545.70,2537.01,2543.88,3004600
2022-04-15,2550.16,2590.41,2533.27,2587.32,2996900
2022-04-18,2595.63,2611.24,2560.00,2574.01,2678500
2022-04-19,2567.89,2576.58,2561.43,2564.69,3246700
2022-04-20,2549.61,2561.20,2540.22,2548.94,3543900
2022-04-21,2572.05,2595.45,2467.73,2480.68,2661700
2022-04-22,2491.15,2521.34,2462.05,2511.88,3481900
2022-04-25,2515.12,2522.94,2467.32,2470.62,2723500
2022-04-26,2460.24,2468.62,2429.87,2452.05,3349100
2022-04-27,2446.07,2461.67,2427.49,2427.70,2913000
2022-04-28,2429.70,2457.92,2414.58,2453.69,3506400
2022-04-29,2444.06,2459.59,2437.96,2452.41,4137400
2022-05-02,2467.66,2481.68,2446.61,2454.02,3132800
2022-05-03,2455.01,2471.84,2394.06,2398.04,2708500
2022-05-04,2401.44,2402.68,2381.28,2396.33,2746900
2022-05-05,2386.28,2411.35,2330.41,2348.51,3367200
2022-05-06,2339.78,2387.74,2319.53,2359.98,2706800
2022-05-09,2352.32,2384.79,2336.64,2373.46,3577500
2022-05-10,2375.73,2397.42,2362.43,2374.17,3175200
2022-05-11,2371.36,2452.48,2351.71,2444.39,3534200
2022-05-12,2441.27,2479.08,2439.30,2463.64,2673500
2022-05-13,2466.37,2489.40,2463.22,2485.35,2434500
2022-05-16,2487.22,2492.86,2477.93,2491.33,2559800
2022-05-17,2505.61,2508.60,2480.98,2485.61,3234600
2022-05-18,2483.34,2523.92,2464.82,2520.49,2535800
2022-05-19,2510.09,2563.27,2500.81,2560.60,3410300
2022-05-20,2560.13,2566.15,2502.54,2515.19,1784700
2022-05-23,2529.40,2560.15,2523.54,2553.55,2606600
2022-05-24,2547.64,2584.55,2547.62,2572.84,2902900
2022-05-25,2572.99,2616.15,2554.42,2608.49,1920000
2022-05-26,2604.46,2639.62,2595.62,2626.28,2639200
2022-05-27,2630.12,2636.24,2576.75,2581.58,2115800
2022-05-30,2583.84,2607.12,2528.36,2540.30,2958800
2022-05-31,2531.86,2610.20,2531.21,2606.94,2857700
2022-06-01,2604.25,2639.14,2600.19,2616.89,3439300
2022-06-02,2626.26,2644.68,2560.23,2566.16,2503600
2022-06-03,2576.90,2589.82,2569.82,2579.53,2038100
2022-06-06,2588.57,2596.62,2556.77,2567.28,2679200
2022-06-07,2575.67,2583.85,2474.34,2502.69,3077800
2022-06-08,2499.07,2500.91,2415.66,2424.69,3056800
2022-06-09,2420.90,2451.30,2343.63,2372.07,3100700
2022-06-10,2380.45,2384.00,2338.16,2382.46,3722500
2022-06-13,2371.18,2386.84,2357.60,2382.17,2791200
2022-06-14,2381.31,2389.01,2363.49,2375.19,2876300
2022-06-15,2357.59,2410.42,2329.32,2386.02,2502100
2022-06-16,2382.14,2420.48,2369.43,2407.51,2651400
2022-06-17,2400.51,2407.01,2324.08,2338.90,3618900
2022-06-20,2327.53,2353.06,2313.70,2330.49,3215600
2022-06-21,2335.49,2341.11,2289.40,2305.07,1456500
2022-06-22,2298.11,2304.11,2256.24,2267.10,3715400
2022-06-23,2263.53,2269.37,2239.72,2251.39,1825500
2022-06-24,2248.82,2262.04,2239.35,2249.16,2759600
2022-06-27,2242.37,2252.12,2210.13,2242.44,3577100
2022-06-28,2254.71,2258.13,2194.60,2198.86,3079900
2022-06-29,2194.31,2206.40,2165.38,2185.79,3332800
2022-06-30,2187.20,2252.88,2173.89,2250.21,3516400
2022-07-01,2238.39,2242.38,2206.02,2218.86,3179500
2022-07-04,2214.45,2228.15,2167.62,2168.75,2260100
2022-07-05,2165.71,2187.33,2152.55,2178.97,3221400
2022-07-06,2176.06,2215.49,2170.16,2199.08,2591100
2022-07-07,2193.75,2228.85,2165.51,2215.20,1574300
2022-07-08,2216.16,2218.00,2180.18,2182.47,2830800
2022-07-11,2195.59,2230.81,2188.16,2215.02,3327900
2022-07-12,2213.58,2213.95,2179.88,2192.53,3074500
2022-07-13,2191.04,2207.66,2157.04,2159.74,3008700
2022-07-14,2156.15,2198.43,2140.38,2143.27,4031400
2022-07-15,2164.45,2180.64,2136.12,2141.92,3165200
2022-07-18,2155.26,2181.08,2144.85,2165.37,3544400
2022-07-19,2169.83,2205.25,2166.04,2186.25,3198200
2022-07-20,2192.02,2201.08,2182.44,2187.38,3977000
2022-07-21,2181.01,2221.16,2163.69,2217.98,2786700
2022-07-22,2216.36,2226.97,2215.36,2222.27,3702200
2022-07-25,2223.82,2263.26,2212.71,2252.09,4081500
2022-07-26,2252.86,2259.40,2204.36,2209.91,2784600
2022-07-27,2202.21,2204.98,2155.65,2163.48,3624600
2022-07-28,2156.59,2195.88,2149.83,2189.00,2204600
2022-07-29,2193.16,2196.35,2141.55,2148.61,3193100
2022-08-01,2150.97,2153.57,2122.03,2141.47,3441500
2022-08-02,2123.55,2149.86,2107.27,2140.46,2515300
2022-08-03,2140.96,2141.67,2115.79,2127.81,1946300
2022-08-04,2138.19,2159.17,2109.30,2116.30,3036200
2022-08-05,2110.68,2179.17,2108.95,2159.99,2813500
2022-08-08,2161.76,2183.99,2082.93,2086.67,3117600
2022-08-09,2074.54,2115.41,2068.65,2114.73,3181500
2022-08-10,2121.39,2190.72,2112.17,2185.85,3501100
2022-08-11,2176.04,2194.27,2157.94,2188.43,3933200
2022-08-12,2177.44,2193.52,2169.65,2189.69,3264800
2022-08-15,2186.70,2231.16,2179.55,2213.94,2104800
2022-08-16,2234.35,2288.18,2224.94,2273.20,3407900
2022-08-17,2267.48,2268.03,2224.60,2237.34,3240600
2022-08-18,2226.02,2244.21,2224.40,2241.84,3096900
2022-08-19,2245.63,2251.94,2225.46,2237.74,3947700
2022-08-22,2239.48,2264.76,2236.44,2257.10,3167700
2022-08-23,2271.55,2289.51,2258.19,2263.85,2800400
2022-08-24,2252.34,2295.97,2229.43,2286.57,3286900
2022-08-25,2272.04,2280.90,2260.16,2274.75,2066900
2022-08-26,2271.66,2281.38,2260.68,2277.98,3578700
2022-08-29,2281.09,2283.62,2257.14,2258.36,3049300
2022-08-30,2261.25,2263.82,2229.27,2239.16,4012600
2022-08-31,2248.43,2250.85,2231.53,2236.48,3419100
2022-09-01,2223.14,2239.18,2211.73,2233.80,3236300
2022-09-02,2226.32,2228.49,2192.38,2199.18,3125600
2022-09-05,2197.78,2256.80,2189.88,2249.96,2316500
2022-09-06,2257.10,2276.02,2243.21,2247.45,2968300
2022-09-07,2251.37,2262.42,2204.08,2206.05,3192300
2022-09-08,2202.14,2264.76,2201.60,2242.21,3598500
2022-09-09,2232.98,2238.64,2207.33,2220.59,3272000
2022-09-12,2228.02,2247.56,2209.77,2238.28,3427900
2022-09-13,2246.36,2248.86,2234.53,2239.52,3423400
2022-09-14,2263.21,2266.89,2239.41,2249.18,2706200
2022-09-15,2247.34,2282.53,2233.36,2256.34,3197900
2022-09-16,2270.48,2292.75,2216.83,2239.97,2891000
2022-09-19,2229.11,2252.88,2217.16,2243.04,2278800
2022-09-20,2238.00,2320.19,2220.30,2309.63,2126400
2022-09-21,2303.24,2318.24,2236.44,2239.98,3508300
2022-09-22,2235.65,2245.19,2221.66,2243.85,3867400
2022-09-23,2235.88,2285.41,2219.38,2259.35,3860300
2022-09-26,2254.27,2277.30,2226.35,2228.03,2518500
2022-09-27,2227.29,2237.06,2168.72,2187.48,3907200
2022-09-28,2183.36,2260.30,2174.28,2256.58,3942100
2022-09-29,2262.15,2272.80,2224.84,2246.62,2572000
2022-09-30,2245.62,2332.73,2243.40,2314.81,3309100
2022-10-03,2314.52,2336.61,2310.90,2333.89,4031000
2022-10-04,2347.13,2349.53,2337.01,2337.97,3076400
2022-10-05,2340.58,2361.51,2336.67,2355.20,3721900
2022-10-06,2356.35,2381.74,2354.87,2377.79,2656100
2022-10-07,2377.33,2439.70,2360.46,2418.91,2822500
2022-10-10,2419.22,2448.59,2402.14,2435.12,3541700
2022-10-11,2440.31,2460.55,2411.10,2441.42,2925500
2022-10-12,2433.47,2467.43,2422.35,2448.81,3098400
2022-10-13,2459.53,2499.46,2441.99,2496.95,3078400
2022-10-14,2512.08,2550.59,2501.30,2526.90,2418800
2022-10-17,2538.06,2544.75,2473.52,2492.83,3905000
2022-10-18,2487.74,2502.73,2461.72,2471.96,2942900
2022-10-19,2456.29,2499.06,2453.18,2484.73,2829500
2022-10-20,2480.18,2493.15,2434.88,2464.39,2759700
2022-10-21,2465.59,2492.91,2439.05,2452.74,3061300
2022-10-24,2460.42,2476.05,2418.05,2421.45,2473000
2022-10-25,2419.44,2420.29,2401.64,2414.01,3535000
2022-10-26,2410.86,2440.76,2399.67,2429.81,2821900
2022-10-27,2444.05,2469.20,2438.74,2465.32,3490700
2022-10-28,2458.57,2471.81,2444.52,2466.96,2505100
2022-10-31,2476.99,2541.33,2472.16,2541.02,2421100
2022-11-01,2549.75,2559.86,2515.53,2539.43,2478600
2022-11-02,2525.93,2690.40,2499.72,2656.72,3158000
2022-11-03,2659.31,2697.29,2639.38,2695.08,2241600
2022-11-04,2688.89,2717.23,2673.59,2714.62,3519100
2022-11-07,2704.24,2722.46,2688.88,2696.40,2826800
2022-11-08,2676.60,2677.13,2576.95,2592.55,3551600
2022-11-09,2576.38,2590.74,2565.34,2587.93,2795700
2022-11-10,2591.84,2610.42,2584.47,2595.43,3500800
2022-11-11,2591.18,2683.38,2588.05,2667.26,2414300
2022-11-14,2669.81,2682.03,2579.69,2617.03,2371300
2022-11-15,2605.85,2705.61,2588.32,2688.78,3370900
2022-11-16,2685.09,2696.01,2661.67,2680.10,2694700
2022-11-17,2676.94,2710.76,2676.52,2708.20,3645900
2022-11-18,2691.55,2691.74,2611.11,2614.29,2609800
2022-11-21,2597.01,2646.83,2593.32,2620.35,3321400
2022-11-22,2624.57,2626.30,2595.63,2608.72,2535300
2022-11-23,2609.93,2639.61,2589.54,2634.77,1990100
2022-11-24,2624.84,2652.99,2620.50,2639.06,3865500
2022-11-25,2637.70,2640.24,2587.10,2598.09,2895600
2022-11-28,2604.54,2639.59,2597.04,2633.80,3592400
2022-11-29,2652.46,2673.43,2635.33,2660.48,3123300
2022-11-30,2650.93,2684.08,2629.78,2683.67,2004400
2022-12-01,2689.85,2725.15,2682.63,2722.65,3251500
2022-12-02,2745.03,2785.87,2714.74,2765.65,3657100
2022-12-05,2766.05,2766.51,2756.87,2765.39,3781400
2022-12-06,2781.01,2788.97,2712.97,2713.90,3986400
2022-12-07,2686.22,2687.63,2658.53,2662.50,3248800
2022-12-08,2677.35,2721.66,2677.04,2714.18,2956100
2022-12-09,2713.75,2745.56,2709.59,2742.05,3058200
2022-12-12,2721.64,2782.33,2718.94,2746.63,2328100
2022-12-13,2754.71,2780.47,2698.50,2730.61,3451500
2022-12-14,2741.54,2760.69,2728.06,2732.51,3444600
2022-12-15,2745.16,2753.07,2722.90,2734.15,3222400
2022-12-16,2746.72,2747.68,2690.35,2721.98,2558500
2022-12-19,2721.34,2724.02,2690.57,2696.19,3396700
2022-12-20,2687.98,2799.45,2678.83,2779.96,2689700
2022-12-21,2774.61,2806.40,2753.69,2789.44,3753200
2022-12-22,2788.73,2807.96,2765.00,2766.42,2656000
2022-12-23,2770.50,2777.13,2709.68,2717.05,2703100
2022-12-26,2711.61,2722.81,2662.23,2690.33,2825600
2022-12-27,2690.53,2742.72,2669.74,2718.40,2404500
2022-12-28,2727.45,2771.15,2720.10,2748.18,2484300
2022-12-29,2751.37,2769.47,2730.57,2740.46,2846700
2022-12-30,2764.91,2768.03,2726.50,2743.14,1557600
2023-01-02,2766.13,2773.07,2728.53,2732.14,4197300
2023-01-03,2719.55,2722.35,2682.09,2690.80,3234200
2023-01-04,2684.50,2775.58,2680.79,2741.14,3185700
2023-01-05,2726.78,2760.78,2721.66,2756.19,2490500
2023-01-06,2743.30,2855.23,2740.02,2854.10,3125900
2023-01-09,2859.89,2903.35,2820.14,2824.43,3007000
2023-01-10,2813.13,2842.74,2809.15,2819.48,3069300
2023-01-11,2807.59,2857.43,2782.62,2855.05,2134700
2023-01-12,2851.69,2869.85,2816.25,2845.66,2941600
2023-01-13,2854.29,2860.37,2771.04,2791.33,1891400
2023-01-16,2787.11,2806.10,2730.23,2755.06,2893000
2023-01-17,2750.88,2763.24,2748.66,2759.64,2484100
2023-01-18,2769.28,2779.92,2767.23,2773.61,2649600
2023-01-19,2778.43,2784.75,2761.09,2770.58,2817100
2023-01-20,2775.22,2814.87,2761.67,2810.43,3507700
2023-01-23,2820.58,2855.60,2789.85,2850.31,3733200
2023-01-24,2838.67,2873.05,2832.70,2863.65,3026900
2023-01-25,2865.74,2892.09,2848.07,2865.12,2370000
2023-01-26,2857.66,2867.79,2854.14,2855.38,3890200
2023-01-27,2866.59,2882.87,2855.25,2877.92,2175600
2023-01-30,2886.82,2928.54,2857.53,2915.58,2681000
2023-01-31,2903.30,2921.65,2894.01,2918.30,2880700
2023-02-01,2933.34,2947.14,2932.84,2936.99,2569900
2023-02-02,2923.20,2938.92,2898.94,2923.88,3798500
2023-02-03,2937.01,2962.94,2865.67,2866.90,3246400
2023-02-06,2868.88,2876.99,2815.18,2827.40,3646400
2023-02-07,2817.40,2877.08,2814.28,2858.40,2830900
2023-02-08,2845.53,2911.64,2839.32,2876.78,3522900
2023-02-09,2873.00,2962.44,2872.20,2941.93,2916200
2023-02-10,2941.31,2959.21,2926.60,2944.44,2919300
2023-02-13,2935.88,3004.37,2933.80,2980.50,3183800
2023-02-14,2986.75,3062.79,2985.58,3036.30,3238300
2023-02-15,3019.27,3085.31,3001.07,3078.79,3345200
2023-02-16,3078.34,3087.38,3047.24,3052.47,2878600
2023-02-17,3052.12,3073.90,3027.28,3044.47,2113900
2023-02-20,3021.78,3070.95,3019.37,3049.91,2816000
2023-02-21,3053.26,3058.81,2984.65,3007.99,1411500
2023-02-22,2992.73,3055.54,2972.73,3028.05,2833700
2023-02-23,2998.08,3083.79,2968.47,3071.74,2520500
2023-02-24,3063.96,3070.67,3030.29,3050.96,3490700
2023-02-27,3047.85,3171.47,3040.34,3136.28,1391900
2023-02-28,3147.09,3171.58,3114.35,3123.18,4192800
2023-03-01,3116.84,3125.47,3095.64,3114.00,2798500
2023-03-02,3131.75,3135.70,3096.69,3103.35,2054800
2023-03-03,3120.60,3130.30,3070.04,3072.48,3253600
2023-03-06,3085.36,3095.13,3079.49,3090.35,3291800
2023-03-07,3106.12,3121.24,3075.48,3091.01,3254600
2023-03-08,3094.90,3167.78,3074.48,3163.53,4297000
2023-03-09,3156.22,3214.71,3126.74,3190.11,2507500
2023-03-10,3197.88,3224.06,3179.75,3213.70,3176100
2023-03-13,3225.59,3231.43,3202.72,3203.17,3090200
2023-03-14,3205.80,3223.55,3114.86,3139.84,2596200
2023-03-15,3136.43,3144.49,3101.35,3135.56,3173600
2023-03-16,3115.87,3128.02,3085.24,3098.13,3749900
2023-03-17,3106.02,3147.14,3104.76,3139.48,2494700
2023-03-20,3143.46,3166.65,3135.12,3137.81,3268700
2023-03-21,3121.37,3250.62,3116.36,3211.51,3599300
2023-03-22,3212.38,3246.71,3189.71,3244.18,3389100
2023-03-23,3253.04,3294.08,3210.02,3281.68,2050000
2023-03-24,3279.88,3318.95,3243.03,3291.52,3169100
2023-03-27,3301.31,3318.27,3294.72,3300.34,2770800
2023-03-28,3309.78,3342.73,3292.26,3329.83,3729700
2023-03-29,3310.09,3388.44,3288.30,3372.18,2925500
2023-03-30,3367.77,3380.25,3332.04,3337.75,4168400
2023-03-31,3343.74,3394.25,3334.67,3359.89,2267900
2023-04-03,3371.65,3503.61,3357.37,3484.42,3298100
2023-04-04,3503.43,3521.09,3446.01,3478.62,2480100
2023-04-05,3451.97,3511.98,3441.88,3464.79,4055800
2023-04-06,3463.47,3485.67,3404.30,3430.02,3935300
2023-04-07,3439.31,3464.12,3354.14,3359.95,2451200
2023-04-10,3375.81,3450.19,3367.33,3415.32,3449200
2023-04-11,3437.73,3462.69,3415.33,3417.06,2976000
2023-04-12,3404.06,3455.67,3395.95,3430.23,2034800
2023-04-13,3424.78,3559.86,3413.85,3518.73,2380000
2023-04-14,3503.69,3659.78,3463.15,3642.95,3059700
2023-04-17,3654.29,3657.97,3578.04,3595.99,3307700
2023-04-18,3576.81,3665.33,3575.42,3647.66,2777900
2023-04-19,3664.31,3686.19,3621.01,3677.68,3176000
2023-04-20,3690.86,3712.74,3683.61,3696.23,3187200
2023-04-21,3702.90,3757.48,3695.00,3719.01,3171800
2023-04-24,3686.81,3735.45,3675.99,3715.68,2296400
2023-04-25,3705.30,3797.24,3698.03,3797.15,3082800
2023-04-26,3807.93,3835.42,3783.31,3827.56,3317400
2023-04-27,3805.74,3860.20,3802.70,3843.60,2113400
2023-04-28,3839.49,3931.48,3832.47,3908.73,3916800
2023-05-01,3906.64,3980.00,3886.64,3955.31,3868300
2023-05-02,3968.76,3999.12,3965.89,3977.94,3097700
2023-05-03,3981.90,4004.36,3977.25,3993.18,4243600
2023-05-04,3997.03,4092.29,3983.03,4089.44,2523200
2023-05-05,4081.83,4142.35,4038.82,4115.29,2438600
2023-05-08,4114.87,4114.87,4102.57,4106.62,2630200
2023-05-09,4103.94,4122.73,4011.85,4054.22,2575300
2023-05-10,4065.40,4107.17,4010.20,4031.50,4099300
2023-05-11,4028.15,4028.41,3944.03,3969.57,3030100
2023-05-12,3985.32,3986.34,3972.17,3972.62,2967600
2023-05-15,3945.56,4003.72,3920.78,3983.99,3218200
2023-05-16,4002.44,4009.35,3852.94,3868.34,3947800
2023-05-17,3865.26,3889.80,3854.83,3866.79,3101700
2023-05-18,3883.58,3913.50,3871.57,3899.53,2777400
2023-05-19,3900.33,3963.19,3867.38,3905.97,3163300
2023-05-22,3918.69,3944.48,3850.11,3851.47,3750800
2023-05-23,3873.79,3948.21,3866.82,3917.97,2881300
2023-05-24,3908.91,3944.10,3838.38,3877.26,3842000
2023-05-25,3878.00,3895.66,3792.88,3808.63,3184200
2023-05-26,3805.59,3812.56,3739.72,3749.15,2897200
2023-05-29,3751.76,3764.96,3731.86,3746.29,3295200
2023-05-30,3721.91,3807.15,3709.93,3796.07,4177300
2023-05-31,3793.02,3895.62,3732.36,3856.21,2857500
2023-06-01,3851.93,3884.86,3830.53,3865.05,3821200
2023-06-02,3852.57,3879.74,3772.51,3798.52,3338200
2023-06-05,3795.11,3821.77,3749.85,3761.48,3096500
2023-06-06,3738.14,3743.60,3708.83,3712.37,3033100
2023-06-07,3732.46,3739.17,3646.92,3701.13,3490200
2023-06-08,3707.20,3715.50,3596.78,3608.43,3368600
2023-06-09,3634.93,3646.49,3585.97,3612.42,3223900
2023-06-12,3599.49,3663.37,3595.24,3643.52,3394000
2023-06-13,3626.29,3675.49,3625.13,3634.18,2491700
2023-06-14,3637.76,3659.28,3603.01,3655.92,2615600
2023-06-15,3631.43,3641.02,3587.25,3606.41,2409400
2023-06-16,3609.16,3613.61,3523.15,3532.10,2798500
2023-06-19,3521.84,3557.72,3479.00,3499.37,2877900
2023-06-20,3494.29,3567.82,3477.59,3555.23,2784500
2023-06-21,3558.33,3620.26,3556.38,3605.39,3319800
2023-06-22,3605.56,3618.08,3538.17,3580.78,2441500
2023-06-23,3606.74,3672.39,3604.52,3640.07,2859100
2023-06-26,3648.68,3671.53,3574.57,3621.81,3516800
2023-06-27,3602.88,3703.46,3594.73,3697.57,4001700
2023-06-28,3711.42,3724.83,3673.44,3720.68,3034900
2023-06-29,3700.53,3713.18,3686.12,3695.20,3714800
2023-06-30,3695.95,3766.96,3694.73,3734.61,3816000
2023-07-03,3715.74,3725.84,3688.85,3692.28,2400700
2023-07-04,3679.70,3701.13,3595.61,3642.32,3146600
2023-07-05,3660.77,3706.78,3555.53,3567.36,2382700
2023-07-06,3559.01,3579.22,3536.93,3578.78,2773200
2023-07-07,3569.17,3606.35,3560.04,3574.57,3244300
2023-07-10,3566.13,3583.37,3557.07,3569.18,2253000
2023-07-11,3564.26,3572.37,3525.39,3547.26,3318100
2023-07-12,3567.01,3631.58,3563.41,3617.93,2920100
2023-07-13,3600.58,3614.22,3580.10,3594.87,2859700
2023-07-14,3576.82,3582.58,3536.15,3557.07,3319500
2023-07-17,3564.70,3632.47,3551.02,3618.19,2516000
2023-07-18,3594.92,3723.28,3592.52,3689.21,2000800
2023-07-19,3683.33,3712.41,3671.58,3704.84,3019400
2023-07-20,3720.88,3765.60,3551.87,3613.76,2576400
2023-07-21,3613.23,3618.18,3569.46,3581.92,2884500
2023-07-24,3574.58,3630.83,3568.01,3611.25,2351300
2023-07-25,3600.57,3636.55,3586.35,3610.52,2447200
2023-07-26,3596.90,3700.97,3531.20,3688.28,2393200
2023-07-27,3679.09,3689.44,3565.12,3616.52,2244100
2023-07-28,3617.88,3650.19,3614.38,3649.38,2519200
2023-07-31,3666.76,3683.97,3593.73,3615.76,2536500
2023-08-01,3628.99,3722.36,3624.42,3681.70,3015600
2023-08-02,3672.86,3687.61,3662.66,3675.98,4868100
2023-08-03,3664.75,3747.12,3651.87,3727.55,2634100
2023-08-04,3737.16,3767.43,3651.36,3691.93,2060700
2023-08-07,3664.89,3678.44,3605.83,3617.95,3339900
2023-08-08,3611.04,3620.95,3540.54,3560.55,2270000
2023-08-09,3555.34,3564.75,3524.58,3529.03,2471400
2023-08-10,3512.93,3519.45,3460.48,3477.47,2794600
2023-08-11,3463.18,3550.95,3453.75,3535.25,3021300
2023-08-14,3539.45,3609.31,3533.35,3600.80,3037800
2023-08-15,3576.65,3634.94,3557.91,3613.04,3139600
2023-08-16,3599.31,3609.32,3544.85,3559.54,2926300
2023-08-17,3549.73,3581.28,3535.41,3552.26,3647900
2023-08-18,3552.68,3566.99,3514.31,3516.95,3490000
2023-08-21,3497.23,3613.62,3477.59,3588.01,2674600
2023-08-22,3602.68,3648.42,3577.51,3602.42,2868400
2023-08-23,3597.27,3644.72,3580.83,3625.65,2196000
2023-08-24,3621.14,3642.93,3599.82,3603.82,3383100
2023-08-25,3597.87,3634.80,3482.90,3502.27,2872100
2023-08-28,3492.19,3504.45,3451.37,3463.50,4115300
2023-08-29,3449.32,3465.37,3385.03,3408.74,2593800
2023-08-30,3423.43,3467.38,3412.27,3425.58,3886600
2023-08-31,3427.52,3431.66,3420.58,3429.29,2452600
2023-09-01,3426.99,3438.58,3377.04,3390.10,2003200
2023-09-04,3402.62,3403.35,3355.18,3370.91,2488300
2023-09-05,3360.64,3500.84,3341.36,3444.90,3193800
2023-09-06,3452.62,3456.28,3353.26,3397.99,3590900
2023-09-07,3397.43,3413.89,3327.05,3353.79,2477600
2023-09-08,3341.19,3368.79,3331.03,3342.42,3561000
2023-09-11,3351.59,3359.58,3294.29,3309.23,2684700
2023-09-12,3288.92,3322.06,3282.28,3288.91,2689700
2023-09-13,3296.50,3317.13,3286.92,3313.01,2814300
2023-09-14,3300.59,3412.12,3277.73,3393.79,3962200
2023-09-15,3398.36,3414.95,3281.15,3309.52,3098100
2023-09-18,3326.69,3337.93,3301.64,3308.16,3170500
2023-09-19,3314.67,3324.13,3295.64,3309.58,2103300
2023-09-20,3300.81,3307.02,3288.46,3305.18,3088400
2023-09-21,3303.88,3318.86,3292.20,3296.05,3154400
2023-09-22,3290.34,3304.26,3269.36,3279.92,3949000
2023-09-25,3263.85,3382.89,3263.38,3325.94,2479300
2023-09-26,3310.51,3313.52,3300.42,3303.81,2575600
2023-09-27,3303.41,3310.19,3271.17,3297.45,2450900
2023-09-28,3303.46,3318.09,3272.86,3296.99,2607700
2023-09-29,3273.17,3302.74,3267.30,3301.51,3383900
2023-10-02,3299.57,3304.85,3279.72,3293.16,2521600
2023-10-03,3298.72,3368.26,3290.47,3339.12,3738600
2023-10-04,3339.52,3370.12,3305.94,3338.14,3008400
2023-10-05,3323.94,3351.46,3311.47,3345.71,2453000
2023-10-06,3358.31,3360.07,3335.18,3342.71,2605900
2023-10-09,3325.68,3378.06,3285.80,3295.53,2182200
2023-10-10,3302.88,3345.30,3256.80,3257.04,2135900
2023-10-11,3276.56,3282.61,3187.94,3209.22,3663300
2023-10-12,3182.49,3219.05,3173.45,3217.73,3503700
2023-10-13,3219.92,3231.64,3176.20,3185.57,2410100
2023-10-16,3188.43,3212.11,3134.81,3138.51,2721600
2023-10-17,3140.24,3160.23,3139.89,3149.06,3927900
2023-10-18,3138.49,3178.18,3135.81,3172.33,2559900
2023-10-19,3167.35,3176.99,3083.82,3095.06,3115700
2023-10-20,3077.03,3172.05,3074.94,3169.35,3283200
2023-10-23,3169.90,3189.51,3151.32,3170.77,2867400
2023-10-24,3176.36,3186.98,3154.88,3166.09,2873900
2023-10-25,3156.71,3230.88,3149.63,3213.74,2785700
2023-10-26,3200.92,3230.01,3193.77,3216.74,3053300
2023-10-27,3209.62,3215.08,3175.43,3189.51,2066000
2023-10-30,3188.26,3311.90,3171.66,3288.97,3011200
2023-10-31,3288.56,3299.48,3225.78,3239.51,3089500
2023-11-01,3237.01,3244.71,3191.05,3234.88,2204200
2023-11-02,3234.56,3282.42,3222.19,3273.28,3247400
2023-11-03,3255.27,3269.20,3203.87,3224.33,2434900
2023-11-06,3188.76,3227.78,3172.96,3219.57,1440800
2023-11-07,3226.18,3251.65,3208.08,3236.91,1842500
2023-11-08,3253.82,3349.97,3230.91,3347.40,3037500
2023-11-09,3327.58,3349.00,3292.05,3305.30,3310200
2023-11-10,3295.43,3304.96,3294.04,3302.70,2728700
2023-11-13,3305.35,3352.22,3298.30,3332.92,2125800
2023-11-14,3344.15,3354.24,3321.83,3336.23,2883900
2023-11-15,3343.46,3358.21,3260.84,3280.04,3517700
2023-11-16,3295.29,3299.86,3283.56,3298.54,2951600
2023-11-17,3296.58,3327.70,3275.09,3303.15,2114200
2023-11-20,3307.26,3352.26,3288.73,3323.45,3252500
2023-11-21,3327.55,3415.73,3326.34,3376.08,2859800
2023-11-22,3369.07,3431.68,3360.61,3423.71,2875300
2023-11-23,3438.57,3451.72,3423.75,3442.56,3013200
2023-11-24,3449.66,3460.23,3432.73,3456.76,3306800
2023-11-27,3468.72,3478.26,3385.03,3403.18,2913200
2023-11-28,3396.66,3455.19,3375.49,3396.12,2411300
2023-11-29,3408.55,3431.46,3399.59,3405.97,2911700
2023-11-30,3390.61,3391.88,3378.63,3386.24,3055000
2023-12-01,3390.15,3391.31,3384.60,3390.26,3669800
2023-12-04,3354.39,3377.15,3325.65,3350.71,2256900
2023-12-05,3336.17,3449.08,3328.90,3422.96,2894800
2023-12-06,3431.52,3541.81,3426.72,3526.93,2461300
2023-12-07,3519.33,3526.59,3489.83,3506.71,3134100
2023-12-08,3507.71,3535.70,3498.26,3525.43,2655500
2023-12-11,3501.72,3530.00,3490.32,3512.86,1167400
2023-12-12,3532.83,3599.79,3513.24,3574.51,3535200
2023-12-13,3581.45,3603.87,3543.98,3595.14,2586300
2023-12-14,3593.36,3629.48,3574.09,3597.78,2333500
2023-12-15,3602.21,3621.51,3565.30,3585.27,2089700
2023-12-18,3588.45,3614.92,3584.40,3590.38,2347400
2023-12-19,3608.91,3672.86,3535.59,3539.23,2213200
2023-12-20,3540.80,3589.91,3524.59,3571.79,2889400
2023-12-21,3549.85,3560.43,3523.59,3535.11,3059800
2023-12-22,3530.17,3573.14,3515.26,3560.63,2928600
2023-12-25,3577.15,3604.63,3562.15,3565.97,3184800
2023-12-26,3572.51,3628.69,3565.57,3619.90,2485700
2023-12-27,3612.51,3620.07,3593.25,3617.73,3328700
2023-12-28,3624.93,3691.45,3609.37,3668.59,2913000
2023-12-29,3668.80,3675.83,3616.24,3620.07,3234900
2024-01-01,3627.27,3659.20,3622.00,3649.77,3335300
2024-01-02,3625.74,3647.93,3588.54,3636.94,2758400
2024-01-03,3622.74,3669.10,3619.44,3645.48,3702600
2024-01-04,3653.54,3658.24,3639.07,3647.76,3443900
2024-01-05,3643.13,3727.64,3633.65,3694.49,2734800
2024-01-08,3698.10,3713.44,3560.59,3589.99,4007800
2024-01-09,3616.16,3634.32,3564.19,3605.07,3952700
2024-01-10,3599.24,3617.21,3526.26,3529.22,2074300
2024-01-11,3531.14,3596.81,3512.74,3588.35,1656800
2024-01-12,3579.11,3580.27,3485.00,3489.46,2612600
2024-01-15,3479.56,3484.76,3429.39,3439.93,3249300
2024-01-16,3437.56,3440.11,3346.88,3359.59,3525400
2024-01-17,3339.23,3450.55,3322.90,3437.15,3366200
2024-01-18,3407.62,3417.67,3369.38,3375.02,2969500
2024-01-19,3391.74,3434.08,3348.09,3379.94,3545300
2024-01-22,3377.22,3391.65,3340.42,3354.20,3396300
2024-01-23,3367.63,3378.52,3265.46,3270.36,2721400
2024-01-24,3270.62,3309.25,3247.20,3254.81,3086700
2024-01-25,3255.41,3332.07,3235.11,3285.07,3603000
2024-01-26,3292.38,3293.12,3250.51,3276.43,2605300
2024-01-29,3284.33,3323.46,3273.18,3319.73,2611900
2024-01-30,3302.83,3324.10,3299.56,3302.68,2490200
2024-01-31,3316.99,3339.73,3261.77,3302.77,3836700
2024-02-01,3288.95,3292.37,3278.79,3284.81,3374300
2024-02-02,3286.11,3317.24,3283.50,3300.48,3475800
2024-02-05,3332.30,3397.45,3306.05,3389.19,2763400
2024-02-06,3388.91,3433.95,3363.06,3405.94,2965600
2024-02-07,3426.85,3440.95,3404.81,3414.70,3693400
2024-02-08,3408.71,3453.87,3357.04,3384.71,2818900
2024-02-09,3391.50,3415.10,3347.45,3348.65,3675500
2024-02-12,3347.99,3426.68,3347.41,3417.65,2970900
2024-02-13,3421.88,3422.55,3347.76,3364.29,2969400
2024-02-14,3351.75,3362.81,3315.36,3321.18,3307400
2024-02-15,3307.98,3340.63,3303.57,3316.40,3485800
2024-02-16,3319.44,3336.55,3275.57,3296.44,4011000
2024-02-19,3275.08,3409.24,3261.14,3387.80,2781400
2024-02-20,3375.31,3379.82,3261.20,3276.98,3971800
2024-02-21,3283.91,3308.64,3238.25,3293.49,2539800
2024-02-22,3284.29,3350.62,3258.47,3326.37,2482200
2024-02-23,3313.54,3316.83,3269.62,3274.35,1677100
2024-02-26,3258.93,3284.27,3244.19,3244.85,3477400
2024-02-27,3245.44,3298.38,3225.91,3264.57,3851400
2024-02-28,3258.65,3351.54,3220.13,3339.85,2284500
2024-02-29,3340.49,3349.30,3272.52,3296.81,2796400
2024-03-01,3293.10,3297.72,3224.14,3224.58,2835500
2024-03-04,3246.70,3273.71,3230.66,3268.86,2077000
2024-03-05,3262.01,3373.45,3261.19,3339.29,3027300
2024-03-06,3312.56,3327.06,3312.06,3323.40,3161900
2024-03-07,3323.61,3352.00,3216.89,3221.78,2693900
2024-03-08,3220.54,3292.03,3203.79,3288.03,2390400
2024-03-11,3288.75,3290.90,3249.01,3278.81,3065300
2024-03-12,3257.04,3353.39,3243.39,3330.73,3335700
2024-03-13,3344.17,3346.58,3314.83,3328.48,2160300
2024-03-14,3326.77,3334.24,3306.37,3310.81,2929100
2024-03-15,3308.96,3314.89,3268.73,3289.78,3315400
2024-03-18,3268.24,3365.90,3266.72,3358.25,1347800
2024-03-19,3363.14,3454.80,3362.50,3426.07,3176600
2024-03-20,3423.85,3444.20,3321.11,3324.56,3993200
2024-03-21,3340.81,3344.23,3265.19,3281.08,2236800
2024-03-22,3274.48,3375.44,3265.54,3363.68,3753100
2024-03-25,3346.20,3350.39,3295.53,3346.13,2816000
2024-03-26,3346.49,3354.82,3260.61,3282.76,3342600
2024-03-27,3269.81,3297.17,3252.34,3282.91,2895200
2024-03-28,3286.94,3291.86,3229.83,3277.89,2320100
2024-03-29,3262.81,3297.26,3238.35,3273.39,1986300
2024-04-01,3270.47,3275.75,3246.42,3251.48,4385900
2024-04-02,3247.33,3275.09,3235.67,3237.45,2205600
2024-04-03,3235.75,3247.68,3198.58,3216.95,2830600
2024-04-04,3209.25,3267.04,3182.10,3232.18,3824800
2024-04-05,3220.73,3236.41,3160.69,3195.73,3167600
2024-04-08,3193.74,3216.51,3134.47,3183.03,3092200
2024-04-09,3174.61,3181.44,3144.27,3176.89,1810600
2024-04-10,3177.53,3250.16,3167.34,3235.79,2627900
2024-04-11,3231.10,3254.95,3195.00,3252.87,2210400
2024-04-12,3223.31,3278.69,3188.12,3247.96,1939300
2024-04-15,3245.90,3280.61,3232.28,3272.52,3203200
2024-04-16,3288.95,3332.91,3275.02,3291.20,3477500
2024-04-17,3293.79,3344.31,3277.18,3341.67,2539200
2024-04-18,3348.15,3376.67,3339.28,3365.27,2609700
2024-04-19,3369.91,3457.56,3349.25,3450.59,3243100
2024-04-22,3442.96,3518.42,3441.94,3515.64,3506800
2024-04-23,3496.11,3519.70,3468.69,3512.90,2371900
2024-04-24,3522.58,3532.60,3471.10,3491.87,3677200
2024-04-25,3504.82,3581.72,3496.00,3534.64,3540600
2024-04-26,3541.03,3559.84,3517.39,3559.52,2993700
2024-04-29,3563.99,3567.83,3516.45,3553.96,2339500
2024-04-30,3558.01,3572.13,3438.51,3480.42,3323700
2024-05-01,3478.68,3506.07,3390.81,3391.70,3396100
2024-05-02,3393.97,3440.85,3367.57,3407.96,4023000
2024-05-03,3406.79,3458.31,3399.17,3444.58,2638900
2024-05-06,3447.59,3521.94,3434.40,3483.07,3921100
2024-05-07,3468.99,3498.29,3418.26,3420.29,2784300
2024-05-08,3410.63,3487.84,3404.18,3469.93,3301000
2024-05-09,3476.22,3482.34,3395.86,3443.54,2925400
2024-05-10,3437.69,3485.80,3411.81,3461.86,3040800
2024-05-13,3428.30,3482.24,3392.95,3481.61,3853700
2024-05-14,3481.93,3482.44,3421.05,3442.15,2590400
2024-05-15,3410.55,3436.46,3380.50,3413.34,3478600
2024-05-16,3437.30,3452.55,3290.43,3315.36,2834100
2024-05-17,3323.30,3330.78,3253.20,3273.03,2970500
2024-05-20,3280.27,3281.26,3160.46,3191.55,2571000
2024-05-21,3182.16,3216.77,3155.92,3211.48,3109200
2024-05-22,3196.32,3226.50,3182.43,3214.52,1819700
2024-05-23,3210.66,3289.63,3191.39,3256.19,2839700
2024-05-24,3255.19,3304.76,3209.16,3272.63,3586900
2024-05-27,3261.68,3274.85,3225.07,3243.77,3486800
2024-05-28,3244.52,3264.05,3220.90,3259.72,2037800
2024-05-29,3267.12,3286.76,3220.31,3242.09,2332900
2024-05-30,3248.36,3315.42,3236.25,3270.06,2749500
2024-05-31,3255.78,3318.49,3255.16,3284.64,4094700
2024-06-03,3256.19,3263.98,3236.86,3239.57,2741300
2024-06-04,3238.41,3276.46,3226.48,3239.89,2987500
2024-06-05,3230.48,3244.81,3197.11,3242.61,2848600
2024-06-06,3246.98,3257.18,3215.21,3228.88,3172100
2024-06-07,3248.12,3315.30,3237.32,3269.85,2457200
2024-06-10,3289.32,3370.72,3278.04,3349.35,3145800
2024-06-11,3351.82,3360.08,3330.66,3332.06,3273900
2024-06-12,3345.06,3350.26,3315.39,3315.69,3608000
2024-06-13,3335.48,3364.75,3188.32,3212.97,2474600
2024-06-14,3212.38,3223.77,3201.63,3207.49,3525800
2024-06-17,3209.69,3224.80,3164.25,3188.29,4127600
2024-06-18,3197.59,3205.33,3087.95,3093.65,3460100
2024-06-19,3092.13,3129.56,3087.57,3106.83,3398600
2024-06-20,3099.80,3137.78,3095.34,3133.27,1554100
2024-06-21,3123.18,3126.41,3074.24,3101.79,3784600
2024-06-24,3100.79,3122.21,3056.01,3086.29,4125900
2024-06-25,3077.89,3093.79,3025.81,3045.49,3715800
2024-06-26,3053.77,3093.56,3024.79,3078.99,3294600
2024-06-27,3074.02,3091.86,3009.85,3014.98,3486100
2024-06-28,3030.89,3039.37,2977.33,3002.67,4769900
2024-07-01,3015.61,3091.27,3014.70,3086.78,2575700
2024-07-02,3071.14,3098.89,3066.92,3089.71,2757900
2024-07-03,3101.48,3119.52,3096.39,3110.72,3647500
2024-07-04,3104.91,3113.96,3080.10,3104.98,3148000
2024-07-05,3120.28,3131.51,3043.87,3055.00,1718700
2024-07-08,3060.00,3084.36,3051.52,3054.40,3128900
2024-07-09,3052.89,3085.50,3046.18,3072.64,3202100
2024-07-10,3079.56,3083.55,3027.44,3029.71,2444200
2024-07-11,3022.31,3046.86,3006.91,3045.12,3221500
2024-07-12,3047.99,3119.27,3026.88,3099.51,3142400
2024-07-15,3103.10,3178.74,3102.90,3146.97,1930200
2024-07-16,3144.24,3148.27,3056.77,3078.56,3302200
2024-07-17,3082.17,3089.57,3016.14,3037.55,4271500
2024-07-18,3025.07,3042.43,2968.73,2970.55,4032400
2024-07-19,2975.98,3021.12,2972.79,3016.50,2325500
2024-07-22,3001.70,3050.68,2986.79,3043.32,2213000
2024-07-23,3049.66,3095.02,3017.13,3074.30,3032300
2024-07-24,3078.94,3099.76,3032.27,3037.50,3163500
2024-07-25,3044.84,3070.09,2974.49,2989.15,2202500
2024-07-26,2981.96,3011.47,2974.67,2993.39,2556900
2024-07-29,3027.37,3034.77,2991.89,2998.63,3803900
2024-07-30,2995.21,3011.98,2922.68,2963.97,3141300
2024-07-31,2964.87,2986.61,2948.82,2970.96,3613100
2024-08-01,2961.64,3012.12,2942.19,2998.98,2977700
2024-08-02,3014.56,3029.76,2996.58,3009.57,3606500
2024-08-05,3003.39,3008.37,2956.57,2967.05,2681600
2024-08-06,2977.53,3010.77,2879.19,2881.64,2688600
2024-08-07,2870.56,2894.01,2867.34,2872.53,2432000
2024-08-08,2875.20,2895.04,2844.20,2880.49,1855900
2024-08-09,2875.71,2899.77,2823.96,2871.33,2760300
2024-08-12,2880.82,2897.67,2828.73,2855.51,2189700
2024-08-13,2851.66,2891.18,2827.51,2829.37,2716800
2024-08-14,2819.43,2869.91,2805.69,2859.34,3080400
2024-08-15,2863.58,2866.33,2854.57,2858.62,3098000
2024-08-16,2845.03,2870.30,2821.53,2864.95,3228700
2024-08-19,2853.90,2862.63,2796.01,2827.61,2760200
2024-08-20,2835.23,2836.52,2802.22,2804.61,2960300
2024-08-21,2784.12,2815.25,2775.90,2812.58,3682500
2024-08-22,2820.09,2846.14,2772.76,2774.77,2902500
2024-08-23,2769.95,2800.09,2721.36,2727.85,3010500
2024-08-26,2717.81,2735.97,2704.80,2717.03,1535800
2024-08-27,2718.98,2769.39,2692.23,2764.88,2336500
2024-08-28,2770.94,2792.02,2749.14,2773.92,3645600
2024-08-29,2767.22,2845.98,2760.42,2832.84,2477700
2024-08-30,2830.38,2830.60,2816.51,2829.11,2351500
2024-09-02,2837.15,2865.09,2816.97,2818.34,3569200
2024-09-03,2825.85,2830.45,2738.81,2765.42,2261400
2024-09-04,2764.36,2781.86,2743.18,2744.84,3582500
2024-09-05,2736.33,2807.35,2733.15,2802.29,2932300
2024-09-06,2791.75,2820.78,2788.39,2816.74,2617500
2024-09-09,2809.88,2859.79,2780.69,2847.34,1768900
2024-09-10,2854.17,2880.87,2844.31,2877.06,3781800
2024-09-11,2882.86,2886.29,2858.89,2878.07,1906600
2024-09-12,2880.89,2897.70,2864.67,2871.21,2255600
2024-09-13,2885.89,2890.62,2836.95,2877.41,3459500
2024-09-16,2873.68,2914.87,2852.37,2905.99,2248600
2024-09-17,2901.35,2946.78,2899.29,2926.01,3292100
2024-09-18,2921.29,2948.03,2916.17,2947.51,2966900
2024-09-19,2968.44,2990.25,2952.82,2955.11,2826500
2024-09-20,2931.77,2947.81,2924.55,2924.61,2356900
2024-09-23,2927.40,2933.67,2905.44,2915.20,2593800
2024-09-24,2919.71,2928.53,2843.92,2878.33,3152400
2024-09-25,2878.60,2931.01,2843.95,2920.53,2402000
2024-09-26,2946.01,2954.00,2819.63,2837.10,3364900
2024-09-27,2849.30,2873.78,2804.77,2829.97,3130800
2024-09-30,2837.85,2928.75,2828.51,2927.73,3311300
2024-10-01,2917.45,2940.53,2901.67,2915.05,3125900
2024-10-02,2920.18,2925.17,2854.94,2870.41,3323800
2024-10-03,2866.04,2892.07,2861.76,2871.14,3214900
2024-10-04,2871.28,2942.17,2825.80,2924.90,3480800
2024-10-07,2926.79,2930.33,2911.00,2919.65,3212900
2024-10-08,2914.02,2964.75,2895.99,2946.16,3180100
2024-10-09,2952.89,2964.84,2947.33,2951.55,2440000
2024-10-10,2969.45,2979.92,2926.39,2937.42,1957100
2024-10-11,2948.63,3088.42,2922.12,3071.22,3017700
2024-10-14,3073.43,3088.67,3068.01,3075.22,3559800
2024-10-15,3052.61,3060.93,3029.53,3053.10,2432100
2024-10-16,3065.36,3092.43,3030.28,3033.22,2038600
2024-10-17,3045.30,3067.13,3008.04,3050.47,2660400
2024-10-18,3048.00,3084.63,3040.47,3069.01,3201800
2024-10-21,3063.25,3118.16,3058.09,3103.33,3497100
2024-10-22,3110.79,3136.88,3091.31,3110.33,2794600
2024-10-23,3100.63,3108.60,3041.74,3049.45,2284000
2024-10-24,3058.39,3078.29,3051.23,3073.27,2950100
2024-10-25,3060.58,3065.16,3051.47,3060.95,3392600
2024-10-28,3050.16,3059.42,3004.19,3049.71,2954900
2024-10-29,3049.70,3054.50,2987.85,2988.05,3590500
2024-10-30,2971.53,2986.71,2951.78,2965.33,2686000
2024-10-31,2965.18,2969.54,2919.15,2936.55,3506600
2024-11-01,2942.27,2943.49,2927.05,2936.38,3964000
2024-11-04,2921.72,2931.47,2871.50,2878.53,2392500
2024-11-05,2888.43,2914.16,2880.44,2882.05,2468200
2024-11-06,2875.83,2898.91,2863.40,2888.55,3374600
2024-11-07,2894.37,2896.74,2821.35,2845.05,4849500
2024-11-08,2847.21,2864.57,2820.28,2821.84,3289500
2024-11-11,2816.87,2826.65,2771.55,2789.77,2971100
2024-11-12,2784.16,2829.03,2778.50,2827.17,3768400
2024-11-13,2808.98,2815.36,2707.04,2730.41,2919600
2024-11-14,2723.17,2732.12,2698.88,2719.16,2021700
2024-11-15,2711.19,2712.54,2650.25,2658.52,2417600
2024-11-18,2674.87,2696.80,2641.59,2644.50,3792500
2024-11-19,2654.54,2714.92,2653.66,2678.12,1982800
2024-11-20,2664.28,2680.41,2648.36,2656.54,2137300
2024-11-21,2664.45,2673.53,2643.87,2663.73,3476500
2024-11-22,2665.86,2689.74,2630.77,2634.40,3075900
2024-11-25,2630.56,2709.53,2611.33,2709.06,3709300
2024-11-26,2713.68,2758.19,2702.54,2745.86,2354500
2024-11-27,2753.94,2800.97,2711.55,2791.40,2548400
2024-11-28,2785.36,2789.64,2720.71,2741.67,2779700
2024-11-29,2738.77,2739.21,2695.67,2701.55,2248700
2024-12-02,2703.16,2759.72,2674.09,2744.68,2847700
2024-12-03,2734.49,2749.77,2711.20,2739.06,2884900
2024-12-04,2740.89,2759.12,2716.47,2731.04,3504300
2024-12-05,2730.15,2754.14,2706.11,2745.73,2935100
2024-12-06,2738.68,2768.18,2695.71,2699.72,2748000
2024-12-09,2691.16,2740.15,2689.14,2731.07,3282700
2024-12-10,2734.15,2738.46,2719.57,2733.66,3648600
2024-12-11,2742.60,2780.73,2733.00,2753.97,3608400
2024-12-12,2757.33,2788.88,2709.52,2730.06,3152800
2024-12-13,2721.27,2786.54,2713.05,2751.66,2760100
2024-12-16,2759.34,2783.13,2718.97,2726.47,2704700
2024-12-17,2728.17,2784.33,2719.91,2765.08,2206000
2024-12-18,2771.18,2839.38,2765.41,2811.02,3027800
2024-12-19,2823.26,2852.97,2792.34,2848.88,2972600
2024-12-20,2839.22,2878.65,2822.44,2871.19,3971500
2024-12-23,2869.65,2899.99,2845.48,2898.37,3117300
2024-12-24,2891.86,2897.25,2780.65,2792.09,3433300
2024-12-25,2782.93,2842.04,2767.33,2826.71,3769000
2024-12-26,2847.96,2850.47,2813.76,2817.57,1870200
2024-12-27,2827.46,2846.55,2805.62,2823.04,2601300
2024-12-30,2804.40,2819.22,2792.39,2813.55,2846200
2024-12-31,2818.01,2824.50,2748.91,2760.98,3058900
2025-01-01,2755.21,2767.92,2734.85,2742.08,2309100
2025-01-02,2753.86,2773.79,2741.96,2769.40,3500300
2025-01-03,2770.25,2833.88,2767.11,2826.79,3528200
2025-01-06,2824.92,2825.38,2791.95,2803.94,3287600
2025-01-07,2805.41,2821.09,2766.19,2770.42,3394200
2025-01-08,2774.38,2833.40,2768.48,2829.19,2330900
2025-01-09,2829.49,2836.39,2789.14,2796.14,3666400
2025-01-10,2793.82,2905.00,2774.48,2880.35,2621800
2025-01-13,2878.84,2890.05,2867.15,2883.99,1859400
2025-01-14,2889.49,2903.85,2836.91,2850.10,3061400
2025-01-15,2838.08,2906.06,2803.38,2891.35,3240100
2025-01-16,2891.31,2969.81,2865.19,2962.32,2578600
2025-01-17,2960.98,2977.97,2903.54,2904.78,1996600
2025-01-20,2899.49,2994.40,2885.05,2970.46,2299400
2025-01-21,2978.63,2986.51,2954.11,2960.15,2896400
2025-01-22,2945.90,3036.86,2936.88,3023.84,1469600
2025-01-23,3019.70,3031.06,2996.82,3009.02,3601200
2025-01-24,2999.44,3019.38,2939.19,2944.57,3585400
2025-01-27,2950.56,2975.77,2927.87,2966.80,2879500
2025-01-28,2961.61,3024.84,2928.86,3006.96,3620100
2025-01-29,3007.50,3101.96,2992.94,3097.85,2888600
2025-01-30,3102.30,3176.87,3099.19,3174.61,2307900
2025-01-31,3155.70,3214.81,3142.69,3206.53,3365200
2025-02-03,3211.94,3221.54,3188.43,3196.66,3322300
2025-02-04,3187.72,3198.95,3166.53,3174.25,2432300
2025-02-05,3171.22,3178.38,3136.95,3162.04,2143300
2025-02-06,3160.70,3162.67,3115.61,3126.37,2398800
2025-02-07,3135.82,3137.62,3100.75,3115.38,3685800
2025-02-10,3123.98,3135.47,2979.98,3007.36,2804900
2025-02-11,3027.26,3028.09,3009.43,3016.23,4668100
2025-02-12,3018.22,3042.83,2973.51,3016.31,2593400
2025-02-13,3010.94,3142.67,3000.55,3127.99,3348600
2025-02-14,3122.12,3183.48,3114.79,3162.43,3179200
2025-02-17,3170.15,3206.22,3141.22,3142.16,2852900
2025-02-18,3161.03,3170.23,3160.19,3168.09,3486700
2025-02-19,3172.13,3194.77,3094.19,3115.09,2473900
2025-02-20,3108.39,3132.14,3079.41,3089.97,2953400
2025-02-21,3093.14,3112.97,2995.01,3011.33,2284300
2025-02-24,3014.21,3090.08,2997.78,3073.86,1680100
2025-02-25,3074.24,3106.34,3070.33,3100.69,3028000
2025-02-26,3092.10,3110.75,3044.15,3051.17,2301300
2025-02-27,3022.38,3051.35,2995.43,3049.83,2207300
2025-02-28,3043.72,3099.88,3036.51,3091.93,3334800
2025-03-03,3104.11,3125.26,3085.03,3114.58,2889100
2025-03-04,3117.06,3143.71,3115.09,3132.39,3217700
2025-03-05,3106.65,3108.91,3096.01,3096.02,4022200
2025-03-06,3096.08,3115.20,3051.21,3069.65,3094600
2025-03-07,3048.55,3083.27,3040.53,3074.96,3258200
2025-03-10,3097.90,3138.01,3097.77,3116.05,2273700
2025-03-11,3118.27,3122.98,3079.00,3081.18,3488400
2025-03-12,3067.36,3069.18,3030.49,3034.36,3497700
2025-03-13,3043.41,3112.20,3041.84,3084.68,2358900
2025-03-14,3075.68,3101.82,3039.98,3045.94,3380200
2025-03-17,3052.33,3106.17,3033.36,3093.53,3178800
2025-03-18,3093.78,3123.10,3045.70,3105.24,2859500
2025-03-19,3091.59,3149.36,3089.53,3144.94,3038800
2025-03-20,3152.76,3277.40,3148.18,3223.75,4438500
2025-03-21,3207.66,3285.71,3184.29,3255.81,2600900
2025-03-24,3272.16,3344.43,3263.33,3292.13,2788300
2025-03-25,3292.87,3300.48,3228.46,3250.73,3049100
2025-03-26,3238.26,3246.35,3186.44,3220.00,2880100
2025-03-27,3198.27,3270.59,3196.22,3250.01,1895200
2025-03-28,3269.69,3325.19,3253.21,3321.36,3376500
2025-03-31,3339.42,3393.69,3323.02,3387.31,3540400
2025-04-01,3371.44,3520.02,3359.41,3499.37,4025600
2025-04-02,3520.96,3540.87,3509.35,3514.69,2650700
2025-04-03,3516.89,3527.62,3486.50,3524.70,2233100
2025-04-04,3521.79,3592.10,3510.09,3574.69,3381400
2025-04-07,3573.53,3580.16,3549.98,3575.48,2373100
2025-04-08,3571.90,3610.19,3543.02,3572.20,2987000
2025-04-09,3591.34,3602.19,3519.28,3520.06,2746500
2025-04-10,3522.03,3594.24,3498.35,3569.26,3102500
2025-04-11,3544.78,3571.95,3488.97,3515.96,2721000
2025-04-14,3543.56,3564.15,3537.05,3541.30,3408000
2025-04-15,3552.99,3559.37,3463.14,3471.60,2437500
2025-04-16,3457.51,3530.66,3409.72,3525.47,4417400
2025-04-17,3520.78,3556.65,3441.73,3475.07,3456800
2025-04-18,3463.35,3553.58,3448.57,3516.52,2614000
2025-04-21,3517.13,3538.48,3436.38,3439.18,2410700
2025-04-22,3444.25,3456.96,3383.86,3418.34,2877000
2025-04-23,3421.39,3513.30,3384.70,3475.55,2707900
2025-04-24,3467.79,3475.35,3427.13,3436.76,2494000
2025-04-25,3426.50,3481.24,3417.36,3440.29,3826600
2025-04-28,3451.19,3468.35,3416.66,3417.61,3572500
2025-04-29,3416.32,3439.99,3293.00,3309.22,2340200
2025-04-30,3337.16,3355.99,3296.93,3324.19,3325600
2025-05-01,3314.18,3349.67,3291.96,3345.00,2998800
2025-05-02,3354.87,3385.05,3286.87,3294.09,3452300
2025-05-05,3294.69,3360.80,3283.92,3321.37,2594100
2025-05-06,3311.95,3323.28,3283.46,3285.21,4268400
2025-05-07,3301.98,3343.68,3234.86,3240.12,3037300
2025-05-08,3241.62,3277.56,3236.21,3241.31,4187800
2025-05-09,3230.50,3239.80,3191.63,3211.40,2707500
2025-05-12,3207.58,3319.87,3198.81,3317.13,3800500
2025-05-13,3329.76,3335.97,3244.82,3246.35,2926900
2025-05-14,3231.53,3293.08,3210.44,3280.97,3991400
2025-05-15,3297.91,3367.56,3294.70,3327.49,2883100
2025-05-16,3336.02,3343.34,3226.76,3237.18,2352500
2025-05-19,3233.82,3268.82,3159.95,3160.49,2347400
2025-05-20,3176.56,3189.64,3149.10,3186.59,2611300
2025-05-21,3207.49,3232.73,3129.99,3166.22,3355200
2025-05-22,3173.31,3199.76,3125.76,3184.37,3217700
2025-05-23,3186.40,3242.94,3182.96,3236.65,3064200
2025-05-26,3259.08,3262.45,3198.78,3220.74,3630000
2025-05-27,3238.80,3259.54,3140.91,3174.07,3976000
2025-05-28,3163.09,3163.66,3040.14,3056.12,2390700
2025-05-29,3053.76,3081.38,3043.19,3066.29,3596600
2025-05-30,3063.82,3073.47,3024.17,3028.04,4382000
2025-06-02,3023.39,3047.36,3022.57,3042.84,2623200
2025-06-03,3025.83,3061.23,3022.69,3054.17,2654500
2025-06-04,3064.50,3069.53,2989.38,2996.93,3237100
2025-06-05,2997.87,3085.41,2977.04,3071.74,3132300
2025-06-06,3072.87,3122.75,3061.25,3120.07,2672200
2025-06-09,3136.58,3158.99,3134.39,3158.61,2952500
2025-06-10,3151.93,3162.76,3077.31,3107.80,3960600
2025-06-11,3107.14,3109.64,3065.90,3091.41,3544300
2025-06-12,3094.59,3127.67,3060.44,3069.15,2510800
2025-06-13,3064.18,3113.05,3033.89,3052.77,1970800
2025-06-16,3051.50,3064.13,2983.17,3006.52,2331900
2025-06-17,3015.17,3028.06,3006.06,3026.44,3103600
2025-06-18,3026.34,3046.50,2989.84,3037.68,2524600
2025-06-19,3052.89,3063.88,3022.52,3054.75,2491000
2025-06-20,3046.16,3053.32,3027.48,3034.62,3428400
2025-06-23,3036.92,3101.17,3014.11,3091.50,2825700
2025-06-24,3074.98,3109.16,3072.23,3100.99,2766900
2025-06-25,3099.62,3125.45,2938.69,2985.67,3124900
2025-06-26,2977.80,2994.51,2907.58,2960.64,3866400
2025-06-27,2975.82,2996.91,2959.34,2959.97,3180500
2025-06-30,2968.26,3034.19,2953.87,3001.96,3410500
2025-07-01,3007.71,3032.00,2974.83,2990.94,3045700
2025-07-02,3011.75,3031.37,2980.09,2982.10,3926100
2025-07-03,2998.32,3001.56,2930.11,2956.19,2260700
2025-07-04,2964.18,3010.94,2944.93,2985.59,2323900
2025-07-07,2977.86,3008.35,2965.55,2968.58,2691900
2025-07-08,2952.48,2980.15,2937.11,2945.28,4212700
2025-07-09,2944.95,2946.91,2904.03,2916.56,3923300
2025-07-10,2912.66,2946.91,2898.67,2941.21,2338000
2025-07-11,2934.06,2959.23,2891.36,2921.10,2722400
2025-07-14,2917.90,2949.69,2853.69,2855.13,3327300
2025-07-15,2837.41,2898.99,2833.43,2882.11,3039300
2025-07-16,2898.33,2911.06,2848.57,2855.84,3529900
2025-07-17,2843.60,2873.15,2831.33,2872.14,2703100
2025-07-18,2864.88,2901.79,2847.31,2889.15,2004700
2025-07-21,2895.36,2942.36,2885.82,2940.18,3368700
2025-07-22,2922.20,2986.19,2911.78,2985.30,3748500
2025-07-23,2995.68,3006.41,2955.45,2963.03,2077200
2025-07-24,2973.52,2975.95,2936.15,2957.86,1872700
2025-07-25,2954.38,2958.24,2901.03,2906.62,2727000
2025-07-28,2894.83,2994.21,2884.07,2977.60,1878500
2025-07-29,2972.28,3008.90,2962.25,2997.78,3256500
2025-07-30,2976.93,3066.83,2957.44,3058.57,2304100
2025-07-31,3074.63,3079.40,3034.28,3046.44,3443700
2025-08-01,3047.07,3061.08,2956.57,2961.79,2793300
2025-08-04,2953.57,3039.37,2952.10,3027.78,3078900
2025-08-05,3017.42,3042.92,3005.98,3033.32,3396200
2025-08-06,3039.90,3041.06,3037.95,3040.57,2877400
2025-08-07,3057.88,3072.16,3027.30,3044.50,2391200
2025-08-08,3029.89,3089.85,3001.86,3073.68,3548400
2025-08-11,3067.01,3144.24,3045.08,3098.20,2117700
2025-08-12,3077.68,3093.24,3011.70,3031.38,3843900
2025-08-13,3039.13,3108.34,3027.18,3079.48,2634500
2025-08-14,3081.30,3096.10,3030.81,3058.23,2683400
2025-08-15,3084.46,3102.12,3038.88,3039.83,3236900
2025-08-18,3038.42,3139.90,3029.90,3115.87,3250300
2025-08-19,3110.74,3180.51,3086.90,3157.70,3303700
2025-08-20,3149.24,3164.85,3135.23,3144.07,2119600
2025-08-21,3154.23,3170.08,3050.65,3064.71,2471600
2025-08-22,3045.88,3100.08,3014.30,3073.19,3205400
2025-08-25,3081.93,3111.44,3076.03,3097.98,3223100
2025-08-26,3100.88,3110.18,3087.31,3095.95,2944700
2025-08-27,3090.03,3109.71,3027.79,3043.85,3776500
2025-08-28,3033.46,3045.01,3000.72,3011.92,2894400
2025-08-29,3023.97,3030.70,2958.98,2961.10,3564700
2025-09-01,2982.05,3003.46,2951.06,2971.85,3651400
2025-09-02,2966.84,3029.65,2948.78,3007.94,3209100
2025-09-03,3013.98,3071.22,3006.65,3053.16,2885100
2025-09-04,3073.38,3082.38,3013.98,3023.59,3444500
2025-09-05,3016.49,3041.33,3014.57,3035.22,3269700
2025-09-08,3032.33,3060.70,3000.53,3060.51,3372900
2025-09-09,3046.39,3049.60,3031.95,3040.25,2482600
2025-09-10,3038.55,3053.48,3010.66,3035.56,3281500
2025-09-11,3034.62,3129.63,3017.95,3128.87,3957100
2025-09-12,3123.91,3146.34,3120.83,3139.29,2832600
2025-09-15,3130.50,3208.86,3093.74,3179.74,3085400
2025-09-16,3160.69,3167.94,3139.27,3161.72,2859600
2025-09-17,3145.62,3199.46,3144.97,3164.91,3530700
2025-09-18,3153.19,3186.40,3089.23,3091.15,1768200
2025-09-19,3098.69,3124.11,3072.60,3091.59,3959600
2025-09-22,3085.62,3158.16,3083.11,3145.17,3309800
2025-09-23,3135.01,3261.46,3130.85,3240.39,2868000
2025-09-24,3248.48,3335.38,3244.07,3296.30,3167700
2025-09-25,3303.36,3347.36,3295.27,3329.16,3678500
2025-09-26,3319.63,3364.94,3307.88,3332.54,3226200
2025-09-29,3324.61,3329.30,3304.25,3305.56,3406000
2025-09-30,3313.87,3361.25,3268.05,3299.13,3724200
2025-10-01,3303.72,3345.42,3293.96,3328.57,3106800
2025-10-02,3318.01,3343.36,3275.59,3293.10,3449200
2025-10-03,3296.11,3338.20,3271.14,3337.44,3887900
2025-10-06,3337.06,3344.25,3287.97,3292.66,3342600
2025-10-07,3306.65,3325.66,3194.65,3212.66,2635600
2025-10-08,3202.07,3208.10,3147.66,3168.69,3468500
2025-10-09,3179.36,3184.09,3059.93,3096.99,4225400
2025-10-10,3102.09,3105.60,3036.93,3039.58,2817000
2025-10-13,3027.92,3093.76,2973.10,3089.85,3278700
2025-10-14,3102.29,3147.63,3072.13,3082.77,3263900
2025-10-15,3093.47,3102.61,3088.08,3093.82,3536300
2025-10-16,3078.31,3160.30,3071.00,3145.98,2763300
2025-10-17,3169.83,3207.70,3153.09,3203.38,2996600
2025-10-20,3189.41,3218.43,3154.13,3182.12,4175700
2025-10-21,3170.98,3249.20,3168.30,3243.23,3422300
2025-10-22,3239.24,3266.47,3215.79,3261.94,2640000
2025-10-23,3271.54,3291.33,3242.30,3263.23,3480000
2025-10-24,3270.50,3297.25,3266.01,3284.65,3046900
2025-10-27,3283.46,3299.93,3196.54,3220.81,3926900
2025-10-28,3237.66,3244.77,3182.83,3186.80,2048400
2025-10-29,3191.73,3194.50,3171.95,3183.33,3069400
2025-10-30,3200.35,3254.21,3195.35,3212.00,3595100
2025-10-31,3246.79,3253.73,3175.40,3196.60,2253800
2025-11-03,3198.96,3210.61,3187.41,3192.24,2565400
2025-11-04,3160.94,3250.43,3158.40,3237.22,3293700
2025-11-05,3231.62,3313.15,3220.92,3303.10,3032500
2025-11-06,3289.52,3342.99,3274.02,3339.84,2830000
2025-11-07,3341.02,3447.38,3317.58,3400.66,3193200
2025-11-10,3401.93,3407.27,3374.62,3382.26,2182900
2025-11-11,3366.39,3369.77,3357.82,3368.64,2510700
2025-11-12,3353.77,3411.53,3351.51,3384.59,4041300
2025-11-13,3381.16,3407.94,3367.58,3371.20,2626200
2025-11-14,3368.66,3374.22,3322.22,3348.24,3270600
2025-11-17,3314.91,3432.36,3308.91,3427.57,2979200
2025-11-18,3440.42,3468.30,3412.16,3418.68,3522300
2025-11-19,3419.08,3453.18,3356.21,3373.51,3206600
2025-11-20,3373.39,3409.86,3362.45,3397.52,3251300
2025-11-21,3401.40,3519.46,3393.01,3486.83,3703900
2025-11-24,3473.11,3500.86,3470.95,3491.37,3203200
2025-11-25,3490.69,3570.40,3449.64,3552.67,1999400
2025-11-26,3566.92,3581.31,3530.26,3531.37,2618200
2025-11-27,3546.07,3581.10,3499.96,3507.63,3859000
2025-11-28,3513.89,3522.99,3461.58,3474.46,3642100
2025-12-01,3470.71,3493.59,3433.45,3468.13,2873500
2025-12-02,3457.14,3561.87,3427.16,3559.12,2066200
2025-12-03,3577.33,3580.36,3501.20,3502.41,2587000
2025-12-04,3509.52,3594.20,3491.39,3584.20,4248100
2025-12-05,3578.34,3579.08,3523.12,3534.29,3723200
2025-12-08,3504.70,3544.39,3502.59,3523.22,3737000
2025-12-09,3511.36,3600.82,3497.03,3565.21,2053400
2025-12-10,3538.64,3609.33,3524.91,3597.22,2205400
2025-12-11,3614.65,3629.46,3608.15,3611.76,2660400
2025-12-12,3614.41,3620.42,3492.40,3529.59,2205800
2025-12-15,3519.39,3571.40,3511.94,3548.05,3077200
2025-12-16,3544.23,3570.64,3468.17,3498.08,2362000
2025-12-17,3533.61,3634.48,3488.38,3626.81,3291800
2025-12-18,3644.02,3646.21,3569.63,3616.23,2878100
2025-12-19,3597.35,3632.91,3590.87,3626.08,2677600
2025-12-22,3624.23,3628.65,3565.20,3568.58,3397400
2025-12-23,3551.49,3574.79,3511.59,3545.15,3276100
2025-12-24,3521.38,3558.03,3481.47,3482.13,3087400
2025-12-25,3484.50,3549.18,3432.73,3530.99,2793400
2025-12-26,3564.45,3569.21,3485.94,3518.60,2980200
2025-12-29,3540.13,3566.67,3507.73,3547.00,1866600
2025-12-30,3547.61,3574.10,3495.40,3513.66,1847200
2025-12-31,3508.49,3513.57,3476.15,3489.69,2608000
