Date,Open,High,Low,Close,Volume
2011-01-03,2.00,2.01,1.97,2.00,117870100
2011-01-04,1.99,2.00,1.94,1.94,96730600
2011-01-05,1.94,2.04,1.93,2.04,114158400
2011-01-06,2.04,2.17,2.03,2.16,114056000
2011-01-07,2.18,2.19,2.14,2.16,116914100
2011-01-10,2.14,2.15,2.08,2.10,76121500
2011-01-11,2.11,2.14,2.06,2.06,99267300
2011-01-12,2.06,2.08,2.02,2.06,92520900
2011-01-13,2.06,2.10,1.98,1.99,84212800
2011-01-14,2.00,2.15,2.00,2.12,99979300
2011-01-18,2.11,2.16,2.10,2.14,117207600
2011-01-19,2.11,2.24,2.10,2.21,125805900
2011-01-20,2.22,2.29,2.19,2.24,97342100
2011-01-21,2.28,2.35,2.27,2.32,143933200
2011-01-24,2.32,2.34,2.28,2.32,112415800
2011-01-25,2.34,2.37,2.19,2.27,102122500
2011-01-26,2.25,2.37,2.24,2.37,83161700
2011-01-27,2.38,2.40,2.33,2.33,103921800
2011-01-28,2.34,2.34,2.26,2.27,117418300
2011-01-31,2.28,2.36,2.27,2.34,105823300
2011-02-01,2.34,2.35,2.27,2.28,79535000
2011-02-02,2.26,2.28,2.18,2.20,108656200
2011-02-03,2.19,2.35,2.17,2.31,67755400
2011-02-04,2.31,2.35,2.27,2.35,121671400
2011-02-07,2.37,2.38,2.29,2.31,71876100
2011-02-08,2.32,2.33,2.24,2.28,99798600
2011-02-09,2.29,2.30,2.17,2.18,79877900
2011-02-10,2.21,2.27,2.20,2.26,94228000
2011-02-11,2.27,2.29,2.26,2.28,71190600
2011-02-14,2.27,2.35,2.25,2.35,94160800
2011-02-15,2.34,2.45,2.30,2.44,120168900
2011-02-16,2.44,2.47,2.39,2.40,104844000
2011-02-17,2.41,2.52,2.36,2.49,100114000
2011-02-18,2.53,2.60,2.49,2.52,86467800
2011-02-22,2.49,2.58,2.43,2.56,83168400
2011-02-23,2.58,2.59,2.39,2.44,95912700
2011-02-24,2.46,2.51,2.44,2.49,62518300
2011-02-25,2.46,2.50,2.43,2.47,89342900
2011-02-28,2.44,2.47,2.42,2.43,85324700
2011-03-01,2.45,2.46,2.39,2.43,116564300
2011-03-02,2.43,2.50,2.40,2.40,73020300
2011-03-03,2.38,2.39,2.33,2.37,93980000
2011-03-04,2.39,2.40,2.27,2.32,121510700
2011-03-07,2.32,2.35,2.27,2.28,98117000
2011-03-08,2.27,2.30,2.21,2.28,102738100
2011-03-09,2.27,2.42,2.24,2.40,115507900
2011-03-10,2.36,2.42,2.27,2.29,101246400
2011-03-11,2.27,2.27,2.12,2.13,103553900
2011-03-14,2.14,2.16,2.09,2.12,90868200
2011-03-15,2.14,2.25,2.13,2.18,100867000
2011-03-16,2.17,2.19,2.12,2.15,86779600
2011-03-17,2.15,2.18,1.96,2.00,104407900
2011-03-18,2.01,2.03,1.93,1.95,116544700
2011-03-21,1.97,1.99,1.85,1.90,122252900
2011-03-22,1.91,1.91,1.79,1.80,84236500
2011-03-23,1.78,1.86,1.77,1.83,95267100
2011-03-24,1.87,1.87,1.85,1.85,83979400
2011-03-25,1.86,1.90,1.77,1.78,82545500
2011-03-28,1.79,1.84,1.75,1.82,128473600
2011-03-29,1.85,1.86,1.75,1.79,99060100
2011-03-30,1.78,1.89,1.77,1.87,101670100
2011-03-31,1.89,1.92,1.88,1.91,73563100
2011-04-01,1.92,2.04,1.90,2.02,121769200
2011-04-04,2.01,2.04,1.97,2.02,92791800
2011-04-05,2.00,2.10,1.98,2.07,110383900
2011-04-06,2.04,2.07,2.00,2.03,105147800
2011-04-07,2.04,2.04,2.02,2.03,114012500
2011-04-08,2.04,2.09,2.03,2.07,121861500
2011-04-11,2.09,2.14,2.08,2.08,77980200
2011-04-12,2.07,2.08,2.01,2.08,61507700
2011-04-13,2.12,2.13,2.07,2.10,112468900
2011-04-14,2.11,2.13,2.06,2.10,92537800
2011-04-15,2.08,2.09,2.03,2.05,69538600
2011-04-18,2.04,2.09,1.99,2.06,94895600
2011-04-19,2.09,2.10,2.05,2.06,98698600
2011-04-20,2.03,2.08,2.00,2.07,102200400
2011-04-21,2.07,2.08,2.04,2.06,98936600
2011-04-22,2.04,2.12,2.03,2.09,98770100
2011-04-25,2.07,2.09,2.04,2.09,74450800
2011-04-26,2.10,2.10,1.95,1.97,100067200
2011-04-27,1.98,2.03,1.96,2.01,92382800
2011-04-28,2.03,2.06,2.03,2.03,69888300
2011-04-29,2.03,2.03,1.99,1.99,89237800
2011-05-02,2.03,2.06,2.02,2.05,152637100
2011-05-03,2.08,2.12,2.05,2.08,108977500
2011-05-04,2.05,2.21,2.01,2.17,100875600
2011-05-05,2.17,2.24,2.15,2.22,110187000
2011-05-06,2.21,2.30,2.16,2.27,109240400
2011-05-09,2.24,2.36,2.21,2.36,99699200
2011-05-10,2.37,2.41,2.34,2.35,77882000
2011-05-11,2.35,2.37,2.25,2.26,125404700
2011-05-12,2.23,2.29,2.22,2.27,98167400
2011-05-13,2.24,2.39,2.24,2.36,125284000
2011-05-16,2.38,2.40,2.35,2.40,91649900
2011-05-17,2.39,2.41,2.34,2.41,79468700
2011-05-18,2.41,2.48,2.33,2.34,78437900
2011-05-19,2.37,2.41,2.27,2.27,84615000
2011-05-20,2.27,2.28,2.24,2.26,101335700
2011-05-23,2.30,2.35,2.19,2.21,126898700
2011-05-24,2.23,2.28,2.17,2.20,103328400
2011-05-25,2.20,2.27,2.19,2.23,111883700
2011-05-26,2.21,2.32,2.18,2.31,122415900
2011-05-27,2.31,2.37,2.30,2.36,91880000
2011-05-31,2.37,2.48,2.34,2.46,105015500
2011-06-01,2.47,2.47,2.39,2.39,103794500
2011-06-02,2.38,2.40,2.21,2.27,86955300
2011-06-03,2.29,2.31,2.21,2.24,108942300
2011-06-06,2.21,2.22,2.11,2.14,106651800
2011-06-07,2.13,2.20,2.13,2.17,102821700
2011-06-08,2.15,2.24,2.15,2.21,106507800
2011-06-09,2.18,2.37,2.15,2.34,98336600
2011-06-10,2.36,2.36,2.25,2.27,126926300
2011-06-13,2.27,2.27,2.21,2.23,97186300
2011-06-14,2.22,2.26,2.14,2.15,136317300
2011-06-15,2.15,2.18,2.08,2.10,98897200
2011-06-16,2.11,2.15,2.10,2.15,85942800
2011-06-17,2.16,2.18,2.13,2.14,111941600
2011-06-20,2.12,2.22,2.12,2.16,114255900
2011-06-21,2.15,2.15,2.09,2.09,98254100
2011-06-22,2.11,2.12,2.03,2.07,80739900
2011-06-23,2.07,2.10,2.05,2.06,105588400
2011-06-24,2.08,2.15,2.06,2.06,115190500
2011-06-27,2.05,2.09,2.03,2.08,86581600
2011-06-28,2.08,2.16,2.06,2.13,62107000
2011-06-29,2.16,2.21,2.07,2.09,115189300
2011-06-30,2.06,2.13,2.03,2.13,109031300
2011-07-01,2.13,2.14,2.11,2.11,98349100
2011-07-05,2.14,2.22,2.09,2.17,118063900
2011-07-06,2.16,2.26,2.14,2.23,105844500
2011-07-07,2.21,2.29,2.19,2.26,80954600
2011-07-08,2.29,2.30,2.23,2.24,76470200
2011-07-11,2.24,2.25,2.16,2.16,140816600
2011-07-12,2.18,2.21,2.17,2.21,95693400
2011-07-13,2.22,2.27,2.21,2.26,96657500
2011-07-14,2.29,2.33,2.26,2.26,97572000
2011-07-15,2.24,2.26,2.22,2.23,105526800
2011-07-18,2.24,2.30,2.22,2.24,81347500
2011-07-19,2.24,2.27,2.20,2.25,83182700
2011-07-20,2.26,2.27,2.14,2.15,78415300
2011-07-21,2.15,2.15,2.12,2.13,58592300
2011-07-22,2.13,2.19,2.12,2.17,61991000
2011-07-25,2.18,2.29,2.16,2.26,63588700
2011-07-26,2.28,2.34,2.26,2.33,67784300
2011-07-27,2.30,2.34,2.24,2.34,112962700
2011-07-28,2.32,2.38,2.32,2.35,105563400
2011-07-29,2.36,2.40,2.34,2.34,132120300
2011-08-01,2.32,2.39,2.31,2.33,64857500
2011-08-02,2.34,2.39,2.34,2.35,106276400
2011-08-03,2.37,2.38,2.33,2.34,135361400
2011-08-04,2.36,2.39,2.33,2.34,80238800
2011-08-05,2.35,2.41,2.31,2.37,97171900
2011-08-08,2.39,2.41,2.26,2.30,84290800
2011-08-09,2.30,2.35,2.24,2.25,118805400
2011-08-10,2.25,2.33,2.23,2.30,61156200
2011-08-11,2.29,2.31,2.17,2.19,114330700
2011-08-12,2.16,2.17,2.14,2.16,93250300
2011-08-15,2.19,2.21,2.17,2.17,78067700
2011-08-16,2.17,2.19,2.12,2.14,86078900
2011-08-17,2.15,2.19,2.07,2.09,67415100
2011-08-18,2.12,2.12,1.90,1.91,75675100
2011-08-19,1.92,1.93,1.87,1.88,112879400
2011-08-22,1.88,1.89,1.81,1.84,68438400
2011-08-23,1.86,1.89,1.80,1.80,144210500
2011-08-24,1.78,1.78,1.74,1.75,83808400
2011-08-25,1.76,1.77,1.69,1.70,102887500
2011-08-26,1.70,1.80,1.69,1.79,83195200
2011-08-29,1.78,1.83,1.75,1.82,106499500
2011-08-30,1.83,1.84,1.78,1.84,91756200
2011-08-31,1.84,1.90,1.82,1.90,129005300
2011-09-01,1.88,1.88,1.86,1.87,115438600
2011-09-02,1.86,1.90,1.82,1.85,103830800
2011-09-06,1.84,1.84,1.81,1.82,101539900
2011-09-07,1.81,1.87,1.79,1.87,105626600
2011-09-08,1.86,1.92,1.85,1.90,58707200
2011-09-09,1.90,2.05,1.89,2.04,78472800
2011-09-12,2.05,2.05,2.00,2.01,118399400
2011-09-13,1.99,2.00,1.85,1.86,120694400
2011-09-14,1.83,1.92,1.80,1.92,108047400
2011-09-15,1.93,1.95,1.87,1.87,88586600
2011-09-16,1.87,1.90,1.84,1.85,103740000
2011-09-19,1.85,1.86,1.72,1.75,91174900
2011-09-20,1.74,1.80,1.72,1.80,133219200
2011-09-21,1.81,1.85,1.78,1.84,106871500
2011-09-22,1.85,1.91,1.85,1.86,80824000
2011-09-23,1.84,2.00,1.83,1.96,98562000
2011-09-26,1.99,2.01,1.97,1.98,137900900
2011-09-27,1.97,2.02,1.93,1.95,113068500
2011-09-28,1.93,2.02,1.90,1.99,67620800
2011-09-29,2.00,2.01,1.95,1.95,96021800
2011-09-30,1.98,2.04,1.96,2.02,106519800
2011-10-03,2.02,2.11,2.02,2.11,81169400
2011-10-04,2.11,2.16,2.10,2.12,104191500
2011-10-05,2.10,2.10,1.98,2.03,77252800
2011-10-06,2.04,2.04,1.85,1.88,103043900
2011-10-07,1.89,1.95,1.86,1.95,112006900
2011-10-11,1.96,2.01,1.95,1.98,98320200
2011-10-12,1.96,2.05,1.96,2.01,112250600
2011-10-13,1.99,2.05,1.99,2.01,98903900
2011-10-14,2.01,2.04,1.99,2.02,67516800
2011-10-17,2.02,2.05,1.98,2.02,91917900
2011-10-18,2.02,2.02,1.90,1.91,89818000
2011-10-19,1.91,1.93,1.90,1.91,73876400
2011-10-20,1.92,1.93,1.88,1.91,115608200
2011-10-21,1.91,1.93,1.89,1.90,94800200
2011-10-24,1.89,1.89,1.84,1.88,97716800
2011-10-25,1.90,1.91,1.89,1.90,97250800
2011-10-26,1.89,1.90,1.84,1.85,107764700
2011-10-27,1.85,1.86,1.78,1.80,38506600
2011-10-28,1.78,1.78,1.75,1.76,92733700
2011-10-31,1.75,1.80,1.74,1.80,88531000
2011-11-01,1.81,1.85,1.71,1.73,91155900
2011-11-02,1.70,1.75,1.69,1.74,74012800
2011-11-03,1.71,1.75,1.68,1.73,110755200
2011-11-04,1.70,1.83,1.66,1.81,107374100
2011-11-07,1.80,1.91,1.79,1.89,115983200
2011-11-08,1.89,1.93,1.88,1.91,103694600
2011-11-09,1.91,2.05,1.91,2.03,90826200
2011-11-10,2.01,2.06,1.99,2.06,101669300
2011-11-14,2.07,2.11,2.04,2.09,106006600
2011-11-15,2.09,2.17,2.08,2.14,94656700
2011-11-16,2.16,2.17,2.08,2.11,68874600
2011-11-17,2.09,2.20,2.08,2.16,99977000
2011-11-18,2.16,2.22,2.13,2.20,59540400
2011-11-21,2.20,2.22,2.12,2.14,95395800
2011-11-22,2.15,2.17,2.04,2.04,103746100
2011-11-23,2.08,2.17,2.08,2.15,98568100
2011-11-25,2.16,2.16,2.12,2.12,83323100
2011-11-28,2.09,2.13,2.09,2.13,122604600
2011-11-29,2.12,2.21,2.11,2.20,82303900
2011-11-30,2.21,2.22,2.12,2.12,86325100
2011-12-01,2.12,2.14,2.00,2.02,107156400
2011-12-02,2.03,2.04,1.91,1.92,116332100
2011-12-05,1.93,1.97,1.92,1.97,85256600
2011-12-06,1.97,2.02,1.95,1.99,114656100
2011-12-07,1.98,1.98,1.96,1.97,100384600
2011-12-08,1.96,2.09,1.94,2.06,83613500
2011-12-09,2.07,2.07,1.97,1.97,122463400
2011-12-12,1.95,2.00,1.84,1.87,87208100
2011-12-13,1.87,1.94,1.82,1.93,96423700
2011-12-14,1.91,1.94,1.85,1.87,104957900
2011-12-15,1.87,2.00,1.83,1.96,111294100
2011-12-16,1.95,1.96,1.91,1.95,93349900
2011-12-19,1.95,1.98,1.89,1.96,120244100
2011-12-20,1.96,1.97,1.94,1.95,148356500
2011-12-21,1.94,2.04,1.93,2.01,69082500
2011-12-22,2.01,2.02,1.95,1.97,116019000
2011-12-23,1.95,1.95,1.92,1.94,113771000
2011-12-27,1.94,2.07,1.94,2.05,61240400
2011-12-28,2.06,2.17,2.03,2.12,75037600
2011-12-29,2.13,2.17,2.13,2.16,97217500
2011-12-30,2.18,2.19,2.16,2.17,121931900
2012-01-03,2.16,2.24,2.15,2.21,116076100
2012-01-04,2.20,2.23,2.20,2.21,105963600
2012-01-05,2.19,2.26,2.19,2.25,75782700
2012-01-06,2.23,2.24,2.20,2.22,122544500
2012-01-09,2.23,2.32,2.23,2.31,93704400
2012-01-10,2.32,2.37,2.29,2.32,124143900
2012-01-11,2.28,2.30,2.24,2.29,88940800
2012-01-12,2.30,2.30,2.23,2.28,111328400
2012-01-13,2.27,2.31,2.21,2.30,85540700
2012-01-17,2.30,2.35,2.26,2.33,140405400
2012-01-18,2.33,2.42,2.32,2.40,95706500
2012-01-19,2.37,2.39,2.35,2.35,122729700
2012-01-20,2.35,2.40,2.33,2.37,83110100
2012-01-23,2.37,2.40,2.32,2.34,52237000
2012-01-24,2.32,2.43,2.29,2.40,116986000
2012-01-25,2.42,2.44,2.39,2.43,113159600
2012-01-26,2.47,2.49,2.35,2.37,69361800
2012-01-27,2.37,2.37,2.31,2.35,84976900
2012-01-30,2.38,2.41,2.30,2.34,85345100
2012-01-31,2.32,2.40,2.31,2.37,106022500
2012-02-01,2.37,2.40,2.27,2.27,89920200
2012-02-02,2.27,2.29,2.25,2.25,81284300
2012-02-03,2.23,2.23,2.22,2.22,122072200
2012-02-06,2.21,2.29,2.19,2.25,71554600
2012-02-07,2.25,2.26,2.18,2.19,70995800
2012-02-08,2.17,2.24,2.16,2.19,108553800
2012-02-09,2.22,2.23,2.16,2.16,102876300
2012-02-10,2.16,2.23,2.16,2.19,119658700
2012-02-13,2.20,2.22,2.16,2.18,103186600
2012-02-14,2.21,2.23,2.11,2.16,122245500
2012-02-15,2.16,2.18,2.15,2.16,102839500
2012-02-16,2.17,2.31,2.12,2.28,124313400
2012-02-17,2.29,2.46,2.29,2.42,53236800
2012-02-21,2.39,2.47,2.34,2.44,83717700
2012-02-22,2.42,2.53,2.41,2.48,88712900
2012-02-23,2.43,2.48,2.42,2.44,80729300
2012-02-24,2.42,2.63,2.36,2.61,81569900
2012-02-27,2.59,2.61,2.58,2.59,163083500
2012-02-28,2.57,2.57,2.50,2.54,70771600
2012-02-29,2.57,2.60,2.51,2.53,99222900
2012-03-01,2.54,2.56,2.42,2.44,81094700
2012-03-02,2.46,2.46,2.35,2.37,119847600
2012-03-05,2.34,2.46,2.31,2.45,61978500
2012-03-06,2.43,2.51,2.41,2.50,99491500
2012-03-07,2.50,2.54,2.38,2.43,135454000
2012-03-08,2.46,2.54,2.44,2.53,66992900
2012-03-09,2.54,2.56,2.47,2.51,121299500
2012-03-12,2.50,2.52,2.46,2.51,117823900
2012-03-13,2.51,2.57,2.49,2.56,107719100
2012-03-14,2.55,2.63,2.48,2.50,101028000
2012-03-15,2.50,2.52,2.48,2.51,87092400
2012-03-16,2.50,2.51,2.45,2.51,102128200
2012-03-19,2.50,2.53,2.39,2.40,106055100
2012-03-20,2.39,2.45,2.34,2.45,83523600
2012-03-21,2.47,2.50,2.43,2.47,90293700
2012-03-22,2.44,2.47,2.42,2.45,101732700
2012-03-23,2.44,2.51,2.42,2.49,119048100
2012-03-26,2.47,2.47,2.37,2.43,99960800
2012-03-27,2.44,2.48,2.42,2.43,89510500
2012-03-28,2.43,2.47,2.37,2.38,90804300
2012-03-29,2.37,2.39,2.35,2.37,82472300
2012-03-30,2.37,2.52,2.33,2.49,99497000
2012-04-02,2.45,2.58,2.44,2.57,70518000
2012-04-03,2.55,2.59,2.50,2.51,80395400
2012-04-04,2.52,2.58,2.35,2.38,82560400
2012-04-05,2.38,2.47,2.38,2.46,109467400
2012-04-06,2.44,2.48,2.42,2.48,94142200
2012-04-09,2.45,2.53,2.45,2.48,122699400
2012-04-10,2.46,2.51,2.43,2.50,99576700
2012-04-11,2.52,2.56,2.50,2.55,124113100
2012-04-12,2.59,2.64,2.58,2.62,100873400
2012-04-13,2.61,2.67,2.57,2.66,91076800
2012-04-16,2.68,2.77,2.65,2.76,125767700
2012-04-17,2.77,2.78,2.76,2.78,95054500
2012-04-18,2.72,2.82,2.71,2.82,61582600
2012-04-19,2.83,2.97,2.82,2.93,108032000
2012-04-20,2.95,2.98,2.87,2.89,97480800
2012-04-23,2.85,3.00,2.82,2.95,108510200
2012-04-24,2.98,3.00,2.91,2.95,88131900
2012-04-25,2.95,2.98,2.89,2.98,101474300
2012-04-26,2.99,3.11,2.99,3.06,112458800
2012-04-27,3.06,3.19,3.05,3.12,103875900
2012-04-30,3.13,3.13,2.97,3.01,113706600
2012-05-01,3.02,3.14,3.00,3.13,88662200
2012-05-02,3.11,3.21,3.10,3.14,121849900
2012-05-03,3.14,3.23,3.04,3.08,64605200
2012-05-04,3.05,3.11,3.03,3.09,132173200
2012-05-07,3.13,3.14,3.01,3.04,104863300
2012-05-08,3.04,3.30,3.04,3.24,96213000
2012-05-09,3.25,3.27,3.13,3.15,103748500
2012-05-10,3.11,3.20,3.09,3.17,131343900
2012-05-11,3.19,3.20,3.02,3.12,79315300
2012-05-14,3.11,3.19,3.09,3.16,89354200
2012-05-15,3.16,3.20,2.94,3.08,81688300
2012-05-16,3.08,3.19,3.04,3.18,80545600
2012-05-17,3.19,3.20,3.17,3.19,130382700
2012-05-18,3.21,3.24,3.09,3.13,125423700
2012-05-21,3.15,3.35,3.13,3.31,136788800
2012-05-22,3.36,3.39,3.21,3.27,86688400
2012-05-23,3.25,3.31,3.24,3.30,132727600
2012-05-24,3.31,3.32,3.23,3.26,88100100
2012-05-25,3.23,3.40,3.20,3.36,124685600
2012-05-29,3.33,3.39,3.31,3.37,124509900
2012-05-30,3.36,3.40,3.34,3.37,122540500
2012-05-31,3.40,3.41,3.23,3.24,31293200
2012-06-01,3.24,3.28,3.24,3.25,90895700
2012-06-04,3.26,3.35,3.15,3.29,104906700
2012-06-05,3.31,3.32,3.10,3.12,81331000
2012-06-06,3.14,3.24,3.13,3.14,120548800
2012-06-07,3.10,3.11,3.09,3.10,102755500
2012-06-08,3.09,3.11,3.00,3.05,106192900
2012-06-11,3.02,3.03,2.96,2.99,82988100
2012-06-12,2.95,3.04,2.94,3.00,131109400
2012-06-13,2.97,3.02,2.90,3.01,111085400
2012-06-14,3.03,3.12,2.97,3.12,85560800
2012-06-15,3.13,3.13,3.06,3.08,103964000
2012-06-18,3.10,3.12,2.98,3.00,118021800
2012-06-19,2.99,3.13,2.97,3.05,131726400
2012-06-20,3.13,3.21,3.07,3.09,83271800
2012-06-21,3.11,3.15,3.06,3.13,78025300
2012-06-22,3.09,3.23,3.06,3.21,94649600
2012-06-25,3.16,3.22,3.14,3.18,90686200
2012-06-26,3.13,3.28,3.06,3.24,114457500
2012-06-27,3.24,3.24,3.15,3.22,98900900
2012-06-28,3.24,3.26,3.14,3.16,78032200
2012-06-29,3.15,3.24,3.15,3.20,105579100
2012-07-02,3.20,3.34,3.17,3.29,134093000
2012-07-03,3.29,3.30,3.27,3.29,148604400
2012-07-05,3.29,3.38,3.27,3.33,94134500
2012-07-06,3.30,3.30,3.27,3.28,75673000
2012-07-09,3.32,3.43,3.30,3.39,91752700
2012-07-10,3.38,3.49,3.31,3.43,92906900
2012-07-11,3.39,3.67,3.38,3.66,132095600
2012-07-12,3.69,3.76,3.60,3.65,121111600
2012-07-13,3.64,3.74,3.63,3.72,95375800
2012-07-16,3.74,3.85,3.73,3.83,83249400
2012-07-17,3.82,3.87,3.69,3.74,94017700
2012-07-18,3.71,3.76,3.55,3.63,98442900
2012-07-19,3.62,3.62,3.46,3.46,91415700
2012-07-20,3.48,3.52,3.35,3.36,118144800
2012-07-23,3.32,3.47,3.30,3.46,74427000
2012-07-24,3.50,3.54,3.41,3.45,91059400
2012-07-25,3.48,3.55,3.48,3.52,147294600
2012-07-26,3.51,3.66,3.50,3.62,101805300
2012-07-27,3.57,3.87,3.55,3.85,119928800
2012-07-30,3.84,3.95,3.81,3.91,95741900
2012-07-31,3.92,4.13,3.86,4.11,121162600
2012-08-01,4.08,4.10,4.08,4.08,95285400
2012-08-02,4.05,4.13,4.03,4.12,100515000
2012-08-03,4.11,4.16,4.09,4.15,85004300
2012-08-06,4.17,4.18,4.12,4.16,103186100
2012-08-07,4.16,4.27,4.01,4.06,73462100
2012-08-08,4.09,4.21,4.05,4.12,106873300
2012-08-09,4.12,4.16,3.89,3.96,100203500
2012-08-10,3.96,4.10,3.91,4.04,100212800
2012-08-13,4.05,4.05,3.85,3.86,101250200
2012-08-14,3.83,3.99,3.78,3.97,127224900
2012-08-15,3.98,4.05,3.79,3.79,78396100
2012-08-16,3.78,3.79,3.68,3.69,103288700
2012-08-17,3.64,3.64,3.54,3.54,118394400
2012-08-20,3.55,3.59,3.53,3.56,119430300
2012-08-21,3.52,3.63,3.49,3.61,151087200
2012-08-22,3.66,3.69,3.42,3.44,77272700
2012-08-23,3.42,3.61,3.38,3.60,125625300
2012-08-24,3.63,3.64,3.55,3.57,103958400
2012-08-27,3.63,3.68,3.61,3.66,93342000
2012-08-28,3.71,4.03,3.65,3.98,99800900
2012-08-29,4.07,4.18,4.02,4.06,104114600
2012-08-30,4.08,4.09,3.80,3.91,131221800
2012-08-31,3.94,3.99,3.88,3.91,85286700
2012-09-04,3.90,4.06,3.89,4.03,97961700
2012-09-05,3.99,4.06,3.96,4.03,84801100
2012-09-06,4.02,4.18,4.02,4.15,68847900
2012-09-07,4.21,4.24,4.18,4.18,109079600
2012-09-10,4.23,4.35,4.20,4.33,129122600
2012-09-11,4.28,4.55,4.24,4.45,119111300
2012-09-12,4.50,4.51,4.23,4.28,134353600
2012-09-13,4.32,4.41,4.31,4.40,75670200
2012-09-14,4.38,4.43,4.30,4.34,73585700
2012-09-17,4.38,4.41,4.35,4.41,113955600
2012-09-18,4.38,4.39,4.30,4.30,106326300
2012-09-19,4.24,4.28,4.06,4.09,120391300
2012-09-20,4.09,4.10,4.00,4.01,86738800
2012-09-21,3.97,4.26,3.92,4.16,111072400
2012-09-24,4.16,4.23,3.98,3.98,95633300
2012-09-25,3.98,4.04,3.70,3.71,122792000
2012-09-26,3.70,3.75,3.61,3.62,118948800
2012-09-27,3.62,3.70,3.53,3.63,130890300
2012-09-28,3.68,3.74,3.63,3.65,81305100
2012-10-01,3.61,3.93,3.59,3.84,118627000
2012-10-02,3.89,3.99,3.79,3.81,125868000
2012-10-03,3.77,3.78,3.75,3.77,88564400
2012-10-04,3.80,3.82,3.67,3.70,135527700
2012-10-05,3.72,3.84,3.64,3.83,112539100
2012-10-09,3.88,3.98,3.66,3.69,78932800
2012-10-10,3.64,3.72,3.60,3.71,96276100
2012-10-11,3.69,3.84,3.66,3.81,91068200
2012-10-12,3.79,3.83,3.78,3.78,100976600
2012-10-15,3.79,3.88,3.74,3.88,155387600
2012-10-16,3.90,3.90,3.81,3.89,97513800
2012-10-17,3.89,4.04,3.80,4.02,90754500
2012-10-18,4.00,4.03,3.94,3.97,104198700
2012-10-19,3.94,3.98,3.74,3.81,113207500
2012-10-22,3.78,3.85,3.75,3.79,76948100
2012-10-23,3.82,3.84,3.73,3.74,98954900
2012-10-24,3.74,3.82,3.69,3.70,74046000
2012-10-25,3.72,3.87,3.71,3.75,93798000
2012-10-26,3.68,3.72,3.50,3.56,118236900
2012-10-29,3.54,3.64,3.52,3.62,112127100
2012-10-30,3.62,3.62,3.56,3.58,111015100
2012-10-31,3.57,3.71,3.56,3.70,85052700
2012-11-01,3.64,3.92,3.57,3.80,90164800
2012-11-02,3.79,3.86,3.64,3.76,79533200
2012-11-05,3.76,3.77,3.70,3.74,91279000
2012-11-06,3.70,3.74,3.69,3.74,97441800
2012-11-07,3.72,3.81,3.68,3.73,145019000
2012-11-08,3.74,3.75,3.61,3.62,99703700
2012-11-09,3.57,3.76,3.54,3.76,88629900
2012-11-13,3.80,3.81,3.59,3.63,116680600
2012-11-14,3.65,3.86,3.64,3.85,113773900
2012-11-15,3.84,3.85,3.65,3.69,78674500
2012-11-16,3.65,3.89,3.60,3.83,125461800
2012-11-19,3.84,4.07,3.82,3.97,121013200
2012-11-20,4.00,4.03,3.87,3.96,53115700
2012-11-21,3.94,4.09,3.94,4.09,70261300
2012-11-23,4.12,4.15,3.91,4.01,130539800
2012-11-26,4.04,4.09,3.88,3.89,130696300
2012-11-27,3.88,4.02,3.87,3.97,73481500
2012-11-28,3.99,4.04,3.80,3.90,112672700
2012-11-29,3.88,3.93,3.79,3.80,82242900
2012-11-30,3.78,3.80,3.70,3.73,81919100
2012-12-03,3.73,3.97,3.69,3.96,79227200
2012-12-04,3.98,4.09,3.97,4.04,70167400
2012-12-05,4.05,4.12,3.95,4.01,90742900
2012-12-06,4.03,4.11,3.98,4.09,93814300
2012-12-07,4.09,4.18,3.94,3.97,100953400
2012-12-10,3.97,4.03,3.83,3.87,90212300
2012-12-11,3.93,4.01,3.82,3.88,108742300
2012-12-12,3.86,4.06,3.82,4.02,102734100
2012-12-13,4.04,4.40,3.95,4.34,121920400
2012-12-14,4.36,4.41,4.11,4.11,87561600
2012-12-17,4.08,4.15,3.99,4.08,78333300
2012-12-18,4.08,4.13,3.97,3.99,87777100
2012-12-19,3.99,4.00,3.80,3.83,97669600
2012-12-20,3.79,3.85,3.77,3.82,79495200
2012-12-21,3.87,3.95,3.86,3.93,120976800
2012-12-24,3.89,3.92,3.82,3.86,95248500
2012-12-26,3.90,3.98,3.86,3.92,99873800
2012-12-27,3.90,3.91,3.76,3.77,124009100
2012-12-28,3.76,3.86,3.73,3.86,70897300
2012-12-31,3.80,3.83,3.50,3.64,87754500
2013-01-02,3.66,3.66,3.49,3.56,86406500
2013-01-03,3.53,3.53,3.43,3.52,98939800
2013-01-04,3.54,3.57,3.49,3.57,87339800
2013-01-07,3.56,3.59,3.39,3.39,89908000
2013-01-08,3.38,3.42,3.33,3.37,142546200
2013-01-09,3.39,3.39,3.21,3.25,110715700
2013-01-10,3.26,3.35,3.17,3.21,110865100
2013-01-11,3.22,3.26,3.19,3.25,89920100
2013-01-14,3.26,3.28,3.20,3.21,81875300
2013-01-15,3.23,3.55,3.20,3.49,93684700
2013-01-16,3.50,3.54,3.35,3.39,101877900
2013-01-17,3.41,3.53,3.39,3.51,85802900
2013-01-18,3.43,3.46,3.35,3.46,106206100
2013-01-22,3.49,3.68,3.46,3.62,111659000
2013-01-23,3.64,3.79,3.63,3.75,127453700
2013-01-24,3.73,3.85,3.69,3.77,99058900
2013-01-25,3.77,3.83,3.60,3.66,90976300
2013-01-28,3.63,3.80,3.60,3.79,86541800
2013-01-29,3.82,3.85,3.60,3.61,119582600
2013-01-30,3.65,3.71,3.56,3.67,94797800
2013-01-31,3.67,3.90,3.66,3.87,134113700
2013-02-01,3.88,4.04,3.84,4.03,70766100
2013-02-04,4.06,4.08,4.04,4.06,69344200
2013-02-05,4.12,4.25,4.02,4.16,66289000
2013-02-06,4.10,4.27,4.02,4.26,138891700
2013-02-07,4.29,4.30,4.15,4.25,87614900
2013-02-08,4.28,4.52,4.26,4.51,58925600
2013-02-11,4.47,4.63,4.42,4.53,131452600
2013-02-12,4.52,4.53,4.23,4.26,93277200
2013-02-13,4.23,4.47,4.21,4.43,100826900
2013-02-14,4.40,4.74,4.37,4.72,98094500
2013-02-15,4.70,4.90,4.66,4.87,84752000
2013-02-19,4.86,4.93,4.82,4.90,87403200
2013-02-20,4.84,5.01,4.71,4.80,83570000
2013-02-21,4.76,4.90,4.64,4.88,106995200
2013-02-22,4.90,4.98,4.72,4.76,92561400
2013-02-25,4.67,4.79,4.65,4.78,106792100
2013-02-26,4.78,4.82,4.67,4.77,81943100
2013-02-27,4.82,4.87,4.56,4.62,109398400
2013-02-28,4.68,4.69,4.51,4.53,101670800
2013-03-01,4.54,4.56,4.36,4.38,144437100
2013-03-04,4.36,4.42,4.19,4.27,91989700
2013-03-05,4.24,4.29,4.21,4.22,95825400
2013-03-06,4.23,4.28,4.11,4.18,103520900
2013-03-07,4.16,4.21,3.90,3.94,132671900
2013-03-08,3.95,4.03,3.87,3.94,97406000
2013-03-11,3.97,4.00,3.93,3.95,118889600
2013-03-12,3.89,3.90,3.70,3.73,104527800
2013-03-13,3.74,3.86,3.62,3.65,95399700
2013-03-14,3.70,3.71,3.61,3.65,133202900
2013-03-15,3.64,3.64,3.56,3.60,105531900
2013-03-18,3.60,3.61,3.54,3.57,96634700
2013-03-19,3.61,3.84,3.54,3.80,84002300
2013-03-20,3.79,3.82,3.75,3.76,99303100
2013-03-21,3.74,3.75,3.53,3.60,105791700
2013-03-22,3.59,3.67,3.53,3.62,123562700
2013-03-25,3.66,3.67,3.47,3.49,116235300
2013-03-26,3.49,3.50,3.42,3.47,96608600
2013-03-27,3.49,3.58,3.44,3.45,78533500
2013-03-28,3.49,3.60,3.44,3.47,96191100
2013-03-29,3.50,3.55,3.26,3.27,93358800
2013-04-01,3.28,3.29,3.16,3.23,103701500
2013-04-02,3.22,3.26,3.05,3.12,72608300
2013-04-03,3.12,3.24,3.10,3.20,104231400
2013-04-04,3.16,3.22,3.15,3.21,123132200
2013-04-05,3.21,3.23,3.17,3.19,99561900
2013-04-08,3.16,3.17,3.03,3.08,85074500
2013-04-09,3.09,3.11,2.95,2.97,105563000
2013-04-10,2.94,3.11,2.94,3.07,105369100
2013-04-11,3.08,3.10,2.86,2.93,119919200
2013-04-12,2.94,2.97,2.83,2.85,105642700
2013-04-15,2.84,2.84,2.81,2.81,96090100
2013-04-16,2.82,2.84,2.77,2.82,80246200
2013-04-17,2.85,2.86,2.67,2.71,107061100
2013-04-18,2.70,2.74,2.64,2.73,106070600
2013-04-19,2.71,2.80,2.71,2.76,100693300
2013-04-22,2.81,2.82,2.59,2.64,118518600
2013-04-23,2.64,2.74,2.64,2.72,58868700
2013-04-24,2.73,2.76,2.73,2.75,127848400
2013-04-25,2.75,2.87,2.67,2.84,103561600
2013-04-26,2.87,2.92,2.69,2.72,122002200
2013-04-29,2.72,2.77,2.65,2.70,84736400
2013-04-30,2.71,2.77,2.56,2.60,95673500
2013-05-01,2.59,2.70,2.56,2.69,104238400
2013-05-02,2.69,2.69,2.52,2.57,47407600
2013-05-03,2.57,2.62,2.55,2.57,105021800
2013-05-06,2.56,2.60,2.40,2.50,76001200
2013-05-07,2.50,2.50,2.43,2.46,95451800
2013-05-08,2.46,2.48,2.45,2.46,103142200
2013-05-09,2.49,2.61,2.40,2.61,93862500
2013-05-10,2.63,2.64,2.44,2.49,58213500
2013-05-13,2.52,2.58,2.47,2.49,113878000
2013-05-14,2.48,2.55,2.46,2.53,130914700
2013-05-15,2.53,2.61,2.50,2.57,89436100
2013-05-16,2.55,2.63,2.54,2.58,63824900
2013-05-17,2.56,2.62,2.51,2.60,119236900
2013-05-20,2.60,2.63,2.48,2.51,103475400
2013-05-21,2.52,2.59,2.49,2.56,90642200
2013-05-22,2.57,2.58,2.54,2.54,113559300
2013-05-23,2.52,2.55,2.50,2.51,66698600
2013-05-24,2.46,2.48,2.36,2.42,104401300
2013-05-28,2.45,2.50,2.38,2.48,105118300
2013-05-29,2.50,2.52,2.45,2.52,110767900
2013-05-30,2.50,2.56,2.48,2.54,103121600
2013-05-31,2.53,2.64,2.51,2.62,48808000
2013-06-03,2.62,2.69,2.59,2.66,71668600
2013-06-04,2.63,2.75,2.63,2.73,73246700
2013-06-05,2.76,2.76,2.73,2.74,110482600
2013-06-06,2.76,2.79,2.53,2.60,92946500
2013-06-07,2.63,2.64,2.61,2.63,81429000
2013-06-10,2.65,2.68,2.57,2.61,70366500
2013-06-11,2.65,2.67,2.51,2.55,91460500
2013-06-12,2.54,2.59,2.43,2.46,99467500
2013-06-13,2.49,2.54,2.47,2.54,74148500
2013-06-14,2.53,2.57,2.47,2.49,92975200
2013-06-17,2.49,2.64,2.46,2.63,113853800
2013-06-18,2.65,2.67,2.40,2.42,84674500
2013-06-19,2.41,2.47,2.40,2.43,122645100
2013-06-20,2.41,2.47,2.36,2.39,80339300
2013-06-21,2.38,2.41,2.24,2.24,94273800
2013-06-24,2.22,2.25,2.21,2.25,61648700
2013-06-25,2.26,2.28,2.18,2.20,94644900
2013-06-26,2.22,2.26,2.20,2.22,119242800
2013-06-27,2.26,2.27,2.23,2.24,104609800
2013-06-28,2.24,2.29,2.20,2.29,102347700
2013-07-01,2.30,2.33,2.22,2.23,68025400
2013-07-02,2.23,2.27,2.23,2.23,77841900
2013-07-03,2.22,2.31,2.18,2.30,120779000
2013-07-05,2.28,2.50,2.26,2.43,58095300
2013-07-08,2.38,2.48,2.34,2.46,83750200
2013-07-09,2.46,2.47,2.34,2.42,98060100
2013-07-10,2.45,2.47,2.31,2.32,118469500
2013-07-11,2.30,2.40,2.28,2.38,101053000
2013-07-12,2.41,2.43,2.36,2.38,96130400
2013-07-15,2.36,2.38,2.34,2.35,149048400
2013-07-16,2.34,2.44,2.31,2.38,96673200
2013-07-17,2.36,2.42,2.34,2.37,104305200
2013-07-18,2.40,2.41,2.39,2.40,93355700
2013-07-19,2.42,2.44,2.30,2.33,102781200
2013-07-22,2.34,2.37,2.34,2.35,94721300
2013-07-23,2.36,2.43,2.33,2.43,84128500
2013-07-24,2.44,2.52,2.42,2.48,119765800
2013-07-25,2.50,2.53,2.44,2.45,82207500
2013-07-26,2.43,2.59,2.40,2.53,82554700
2013-07-29,2.54,2.62,2.53,2.61,136265800
2013-07-30,2.63,2.82,2.58,2.79,112290300
2013-07-31,2.80,2.90,2.77,2.84,119474600
2013-08-01,2.83,2.90,2.80,2.88,82656800
2013-08-02,2.88,2.90,2.78,2.85,124990700
2013-08-05,2.80,2.82,2.73,2.74,156475800
2013-08-06,2.75,2.76,2.63,2.64,116446100
2013-08-07,2.63,2.64,2.57,2.59,114354900
2013-08-08,2.63,2.66,2.54,2.56,99912000
2013-08-09,2.56,2.56,2.43,2.46,105196900
2013-08-12,2.41,2.46,2.34,2.38,106420600
2013-08-13,2.35,2.36,2.31,2.36,72149000
2013-08-14,2.38,2.41,2.35,2.39,95914600
2013-08-15,2.41,2.45,2.31,2.32,91970200
2013-08-16,2.32,2.35,2.32,2.34,80822300
2013-08-19,2.36,2.41,2.35,2.37,88690100
2013-08-20,2.36,2.44,2.34,2.44,121623100
2013-08-21,2.47,2.53,2.47,2.47,110225300
2013-08-22,2.47,2.53,2.47,2.53,87280700
2013-08-23,2.53,2.57,2.41,2.46,109895700
2013-08-26,2.48,2.48,2.36,2.36,71919800
2013-08-27,2.35,2.43,2.33,2.43,80366100
2013-08-28,2.43,2.60,2.42,2.52,135363800
2013-08-29,2.54,2.62,2.53,2.59,113464000
2013-08-30,2.58,2.60,2.51,2.54,113276900
2013-09-03,2.54,2.55,2.48,2.50,116046600
2013-09-04,2.47,2.47,2.38,2.43,107716400
2013-09-05,2.43,2.46,2.33,2.37,84334800
2013-09-06,2.35,2.44,2.32,2.40,105489400
2013-09-09,2.39,2.51,2.38,2.50,106877900
2013-09-10,2.47,2.68,2.46,2.67,89973200
2013-09-11,2.66,2.67,2.59,2.59,127145600
2013-09-12,2.59,2.66,2.57,2.65,102752400
2013-09-13,2.66,2.69,2.58,2.60,117936800
2013-09-16,2.60,2.72,2.57,2.66,83641600
2013-09-17,2.66,2.72,2.64,2.65,113878200
2013-09-18,2.64,2.65,2.59,2.61,87190900
2013-09-19,2.64,2.65,2.61,2.61,92002900
2013-09-20,2.62,2.65,2.51,2.53,67122700
2013-09-23,2.51,2.53,2.49,2.52,125025000
2013-09-24,2.54,2.61,2.46,2.49,81830000
2013-09-25,2.48,2.56,2.47,2.53,74973500
2013-09-26,2.53,2.53,2.47,2.49,114257700
2013-09-27,2.47,2.64,2.45,2.60,113801700
2013-09-30,2.60,2.63,2.51,2.52,99315400
2013-10-01,2.53,2.53,2.43,2.48,83413200
2013-10-02,2.47,2.50,2.47,2.49,103105000
2013-10-03,2.51,2.57,2.50,2.55,93640200
2013-10-04,2.55,2.61,2.44,2.47,84672100
2013-10-07,2.47,2.51,2.44,2.49,110630200
2013-10-08,2.49,2.56,2.44,2.52,132537100
2013-10-09,2.51,2.60,2.45,2.57,80070900
2013-10-10,2.61,2.62,2.49,2.49,90665500
2013-10-11,2.46,2.66,2.44,2.61,78821200
2013-10-15,2.62,2.63,2.53,2.55,128549000
2013-10-16,2.54,2.62,2.53,2.61,80762800
2013-10-17,2.62,2.64,2.55,2.58,94096200
2013-10-18,2.60,2.71,2.59,2.69,74651100
2013-10-21,2.67,2.78,2.67,2.75,97552400
2013-10-22,2.77,2.89,2.77,2.88,109014000
2013-10-23,2.87,3.05,2.85,2.98,89817400
2013-10-24,2.95,3.09,2.93,3.08,126799500
2013-10-25,3.09,3.12,3.06,3.07,98731000
2013-10-28,3.06,3.17,3.03,3.16,120462700
2013-10-29,3.12,3.20,3.07,3.18,83875100
2013-10-30,3.18,3.20,3.07,3.11,46006700
2013-10-31,3.14,3.15,3.10,3.10,110136800
2013-11-01,3.14,3.28,3.13,3.20,101925400
2013-11-04,3.22,3.30,3.16,3.16,77026300
2013-11-05,3.16,3.22,3.11,3.19,32303900
2013-11-06,3.19,3.23,3.17,3.21,105991300
2013-11-07,3.16,3.20,3.13,3.17,90886600
2013-11-08,3.21,3.22,3.16,3.20,109113600
2013-11-12,3.22,3.40,3.18,3.38,114887400
2013-11-13,3.36,3.42,3.32,3.34,89535800
2013-11-14,3.29,3.47,3.25,3.41,112623800
2013-11-15,3.41,3.64,3.33,3.61,122291700
2013-11-18,3.60,3.66,3.59,3.59,105724700
2013-11-19,3.64,3.68,3.64,3.68,93186100
2013-11-20,3.65,3.69,3.57,3.58,114986900
2013-11-21,3.52,3.55,3.33,3.33,95320800
2013-11-22,3.39,3.44,3.35,3.39,93932100
2013-11-25,3.40,3.46,3.39,3.42,69949300
2013-11-26,3.40,3.58,3.33,3.54,73166800
2013-11-27,3.51,3.54,3.40,3.45,73975400
2013-11-29,3.47,3.50,3.42,3.49,108619200
2013-12-02,3.47,3.49,3.25,3.33,82716700
2013-12-03,3.31,3.39,3.28,3.36,126871500
2013-12-04,3.37,3.42,3.21,3.22,74538800
2013-12-05,3.19,3.20,3.16,3.17,103041700
2013-12-06,3.21,3.21,3.09,3.16,114335400
2013-12-09,3.10,3.19,3.08,3.12,128847100
2013-12-10,3.16,3.27,3.10,3.24,100590600
2013-12-11,3.27,3.41,3.22,3.34,81125100
2013-12-12,3.36,3.38,3.24,3.30,126625400
2013-12-13,3.35,3.44,3.14,3.22,100776100
2013-12-16,3.22,3.35,3.17,3.27,37319600
2013-12-17,3.21,3.38,3.15,3.32,106027500
2013-12-18,3.33,3.37,3.12,3.17,61370500
2013-12-19,3.16,3.27,3.16,3.26,70090400
2013-12-20,3.29,3.30,3.21,3.25,70715000
2013-12-23,3.24,3.28,3.13,3.16,141549500
2013-12-24,3.23,3.26,3.12,3.13,89601500
2013-12-26,3.13,3.18,2.89,2.97,107398200
2013-12-27,3.00,3.09,3.00,3.06,45086000
2013-12-30,3.07,3.10,3.04,3.07,71606300
2013-12-31,3.04,3.10,3.01,3.06,90964500
2014-01-02,3.07,3.07,2.96,3.04,110758500
2014-01-03,3.04,3.06,3.01,3.02,96565300
2014-01-06,3.02,3.04,3.01,3.03,99831500
2014-01-07,3.05,3.08,2.91,2.93,105387700
2014-01-08,2.94,3.17,2.92,3.12,75290200
2014-01-09,3.10,3.22,3.08,3.17,133533100
2014-01-10,3.18,3.21,3.05,3.10,100631800
2014-01-13,3.12,3.21,3.09,3.20,103896000
2014-01-14,3.20,3.23,3.17,3.20,108370000
2014-01-15,3.21,3.26,3.19,3.24,111205900
2014-01-16,3.26,3.26,3.13,3.17,79793700
2014-01-17,3.15,3.20,3.13,3.20,124150100
2014-01-21,3.16,3.26,3.13,3.19,70998500
2014-01-22,3.16,3.27,3.06,3.23,82224500
2014-01-23,3.23,3.23,3.07,3.09,102366000
2014-01-24,3.06,3.10,2.85,2.89,135629300
2014-01-27,2.91,2.94,2.89,2.89,96293100
2014-01-28,2.86,2.91,2.77,2.82,127278900
2014-01-29,2.82,2.86,2.75,2.82,97991000
2014-01-30,2.79,2.81,2.77,2.80,105807500
2014-01-31,2.79,2.83,2.77,2.82,89967200
2014-02-03,2.85,2.88,2.77,2.80,107065500
2014-02-04,2.82,2.83,2.66,2.72,113143600
2014-02-05,2.72,2.76,2.70,2.75,123702600
2014-02-06,2.72,2.89,2.72,2.89,136640900
2014-02-07,2.89,2.94,2.78,2.84,109247500
2014-02-10,2.84,3.00,2.81,2.97,82095500
2014-02-11,2.95,3.13,2.93,3.09,80794200
2014-02-12,3.10,3.29,3.03,3.23,88937300
2014-02-13,3.23,3.24,3.15,3.19,92959200
2014-02-14,3.16,3.17,3.02,3.04,136689900
2014-02-18,3.02,3.06,3.01,3.03,104685000
2014-02-19,3.00,3.13,2.98,3.11,113907400
2014-02-20,3.11,3.24,3.11,3.16,113360800
2014-02-21,3.15,3.23,3.15,3.21,107623400
2014-02-24,3.21,3.28,3.18,3.25,118178800
2014-02-25,3.25,3.25,3.21,3.21,99932900
2014-02-26,3.19,3.31,3.17,3.29,88665100
2014-02-27,3.29,3.32,3.25,3.29,106109800
2014-02-28,3.26,3.30,3.25,3.27,93869800
2014-03-03,3.29,3.34,3.16,3.20,86221500
2014-03-04,3.18,3.33,3.16,3.30,90211100
2014-03-05,3.32,3.40,3.29,3.33,84802500
2014-03-06,3.33,3.44,3.30,3.43,114964900
2014-03-07,3.44,3.48,3.31,3.32,102558000
2014-03-10,3.35,3.38,3.25,3.30,114837400
2014-03-11,3.29,3.32,3.23,3.26,88921400
2014-03-12,3.27,3.50,3.23,3.45,128430200
2014-03-13,3.43,3.50,3.40,3.47,92300100
2014-03-14,3.45,3.49,3.40,3.44,117746200
2014-03-17,3.48,3.48,3.37,3.39,116906200
2014-03-18,3.41,3.49,3.40,3.44,100489900
2014-03-19,3.43,3.50,3.34,3.46,140670400
2014-03-20,3.46,3.49,3.38,3.39,79914300
2014-03-21,3.45,3.48,3.35,3.36,103644400
2014-03-24,3.33,3.33,3.31,3.33,144092500
2014-03-25,3.31,3.34,3.17,3.22,83662300
2014-03-26,3.23,3.28,3.20,3.22,99346700
2014-03-27,3.26,3.28,3.14,3.20,103728600
2014-03-28,3.20,3.31,3.16,3.30,147935100
2014-03-31,3.29,3.41,3.25,3.39,120226500
2014-04-01,3.42,3.61,3.41,3.51,94612600
2014-04-02,3.54,3.59,3.44,3.51,76282400
2014-04-03,3.54,3.87,3.49,3.79,81797700
2014-04-04,3.78,3.87,3.74,3.81,102104100
2014-04-07,3.78,3.85,3.46,3.48,100488100
2014-04-08,3.46,3.46,3.30,3.36,57333100
2014-04-09,3.34,3.54,3.31,3.51,75304600
2014-04-10,3.53,3.54,3.39,3.41,88795600
2014-04-11,3.40,3.49,3.36,3.42,101677000
2014-04-14,3.39,3.51,3.38,3.50,101183800
2014-04-15,3.53,3.54,3.39,3.40,78186800
2014-04-16,3.43,3.47,3.33,3.35,145481000
2014-04-17,3.35,3.37,3.32,3.32,90575600
2014-04-18,3.31,3.36,3.22,3.30,103552200
2014-04-21,3.28,3.60,3.24,3.51,116414700
2014-04-22,3.50,3.52,3.45,3.47,110225800
2014-04-23,3.50,3.64,3.45,3.58,109710200
2014-04-24,3.60,3.76,3.57,3.70,120441900
2014-04-25,3.68,3.79,3.60,3.77,88691300
2014-04-28,3.76,3.78,3.67,3.68,105621600
2014-04-29,3.68,3.72,3.54,3.57,94106900
2014-04-30,3.58,3.72,3.52,3.65,96221900
2014-05-01,3.66,3.72,3.64,3.66,122881600
2014-05-02,3.68,3.71,3.65,3.67,114246100
2014-05-05,3.66,3.78,3.63,3.78,115833700
2014-05-06,3.74,3.80,3.70,3.79,98521400
2014-05-07,3.77,3.83,3.67,3.81,69376600
2014-05-08,3.80,3.83,3.73,3.75,88964000
2014-05-09,3.76,3.85,3.68,3.70,85703900
2014-05-12,3.71,3.76,3.58,3.63,90334800
2014-05-13,3.66,3.79,3.58,3.78,83309500
2014-05-14,3.76,3.77,3.71,3.71,108675100
2014-05-15,3.73,3.82,3.62,3.68,84108400
2014-05-16,3.64,3.89,3.63,3.82,73264800
2014-05-19,3.75,3.89,3.71,3.86,105386100
2014-05-20,3.91,3.97,3.81,3.87,98301100
2014-05-21,3.86,3.88,3.81,3.81,93018600
2014-05-22,3.84,4.05,3.80,4.01,122758100
2014-05-23,4.04,4.05,3.96,3.96,69802800
2014-05-27,3.93,4.10,3.87,4.01,77615000
2014-05-28,3.98,4.12,3.96,4.06,60950900
2014-05-29,4.01,4.10,3.96,4.09,100836100
2014-05-30,4.08,4.09,3.96,3.99,121793500
2014-06-02,3.99,4.49,3.94,4.44,93365700
2014-06-03,4.43,4.50,4.27,4.36,118943800
2014-06-04,4.35,4.45,4.30,4.42,96040400
2014-06-05,4.43,4.46,4.30,4.38,137649800
2014-06-06,4.40,4.50,4.37,4.46,69465800
2014-06-09,4.43,4.72,4.39,4.62,109054200
2014-06-10,4.68,4.78,4.52,4.56,77525300
2014-06-11,4.56,4.64,4.40,4.48,84066300
2014-06-12,4.53,4.66,4.50,4.62,129933400
2014-06-13,4.69,4.78,4.65,4.76,94656300
2014-06-16,4.79,4.80,4.73,4.79,106374200
2014-06-17,4.80,4.82,4.74,4.76,112941800
2014-06-18,4.71,4.87,4.66,4.80,110562100
2014-06-19,4.80,4.85,4.64,4.69,95288700
2014-06-20,4.65,4.71,4.64,4.67,78192000
2014-06-23,4.64,4.75,4.63,4.74,91574600
2014-06-24,4.71,4.80,4.46,4.51,112090600
2014-06-25,4.51,4.56,4.37,4.41,100032000
2014-06-26,4.43,4.80,4.41,4.66,152284400
2014-06-27,4.66,4.68,4.52,4.57,91089600
2014-06-30,4.59,4.63,4.49,4.53,142114700
2014-07-01,4.51,4.53,4.36,4.47,96875000
2014-07-02,4.46,4.53,4.39,4.52,107057100
2014-07-03,4.53,4.57,4.42,4.52,121397200
2014-07-07,4.54,4.87,4.49,4.82,131129900
2014-07-08,4.79,5.04,4.72,5.01,114666700
2014-07-09,5.03,5.05,4.92,5.02,91148400
2014-07-10,5.02,5.14,5.00,5.12,67195600
2014-07-11,5.11,5.18,5.07,5.11,103378600
2014-07-14,5.12,5.19,5.10,5.15,75754100
2014-07-15,5.20,5.28,4.96,4.98,123166300
2014-07-16,4.97,5.05,4.91,5.01,81030300
2014-07-17,4.97,5.25,4.92,5.24,102580700
2014-07-18,5.20,5.42,5.05,5.38,63852100
2014-07-21,5.48,5.56,5.15,5.17,89647200
2014-07-22,5.15,5.35,5.14,5.33,83605900
2014-07-23,5.35,5.67,5.29,5.59,82095700
2014-07-24,5.55,5.62,5.51,5.56,67628200
2014-07-25,5.51,5.70,5.50,5.64,96829600
2014-07-28,5.61,5.62,5.56,5.57,72649800
2014-07-29,5.52,5.69,5.45,5.67,108024100
2014-07-30,5.65,5.69,5.54,5.66,142272700
2014-07-31,5.66,5.68,5.47,5.48,84212400
2014-08-01,5.43,5.62,5.33,5.50,85225300
2014-08-04,5.48,5.59,5.26,5.28,91834500
2014-08-05,5.28,5.39,5.08,5.08,90035400
2014-08-06,5.02,5.17,5.00,5.08,95402900
2014-08-07,5.07,5.14,5.00,5.01,73605600
2014-08-08,5.05,5.07,4.95,4.98,51657300
2014-08-11,5.09,5.13,4.88,4.88,67525300
2014-08-12,4.85,4.88,4.78,4.86,104550100
2014-08-13,4.83,5.15,4.75,5.10,78155000
2014-08-14,5.15,5.21,5.03,5.21,88280700
2014-08-15,5.24,5.33,5.15,5.21,106721200
2014-08-18,5.25,5.35,5.21,5.29,79176500
2014-08-19,5.29,5.33,5.15,5.23,91794200
2014-08-20,5.21,5.21,5.09,5.11,96658600
2014-08-21,5.08,5.13,4.97,5.04,95989200
2014-08-22,5.08,5.11,4.99,5.10,89564200
2014-08-25,5.14,5.18,4.95,4.95,113766900
2014-08-26,5.01,5.02,4.74,4.76,92278200
2014-08-27,4.72,5.00,4.63,4.83,103392500
2014-08-28,4.85,4.85,4.65,4.65,89108700
2014-08-29,4.64,4.76,4.63,4.68,54248500
2014-09-02,4.69,4.75,4.61,4.69,111507600
2014-09-03,4.63,4.67,4.47,4.50,83460500
2014-09-04,4.49,4.78,4.47,4.67,63041000
2014-09-05,4.66,4.78,4.57,4.74,120468700
2014-09-08,4.74,4.98,4.69,4.86,103425500
2014-09-09,4.83,4.84,4.59,4.63,85435300
2014-09-10,4.65,4.74,4.46,4.51,127269600
2014-09-11,4.51,4.62,4.51,4.58,80799300
2014-09-12,4.58,4.66,4.49,4.59,115793900
2014-09-15,4.64,4.65,4.30,4.33,94973800
2014-09-16,4.29,4.33,4.07,4.17,78516200
2014-09-17,4.17,4.17,4.06,4.11,45327000
2014-09-18,4.15,4.16,4.02,4.06,113401600
2014-09-19,4.02,4.07,3.95,4.06,71709600
2014-09-22,4.07,4.14,4.03,4.04,91383000
2014-09-23,4.05,4.10,4.01,4.09,108310400
2014-09-24,4.10,4.16,4.07,4.15,101853800
2014-09-25,4.15,4.18,4.01,4.02,83703300
2014-09-26,4.04,4.05,3.88,3.90,124102600
2014-09-29,3.94,4.10,3.93,4.04,41672300
2014-09-30,4.05,4.32,4.02,4.27,97682300
2014-10-01,4.28,4.30,4.20,4.26,86730800
2014-10-02,4.28,4.30,4.13,4.15,125526800
2014-10-03,4.15,4.31,4.09,4.28,92007700
2014-10-06,4.29,4.31,4.16,4.25,90906000
2014-10-07,4.22,4.32,4.22,4.25,97493500
2014-10-08,4.27,4.34,4.26,4.30,107459800
2014-10-09,4.31,4.45,4.27,4.43,60899400
2014-10-10,4.37,4.46,4.28,4.46,89893700
2014-10-14,4.48,4.89,4.44,4.85,105675200
2014-10-15,4.80,4.90,4.61,4.63,77807400
2014-10-16,4.67,4.71,4.45,4.54,86356600
2014-10-17,4.57,4.72,4.54,4.65,110542500
2014-10-20,4.67,4.78,4.62,4.73,92860800
2014-10-21,4.75,4.85,4.74,4.80,75468600
2014-10-22,4.72,4.94,4.66,4.89,83327800
2014-10-23,4.84,5.12,4.80,5.09,116020600
2014-10-24,5.13,5.19,5.04,5.06,67891400
2014-10-27,5.07,5.08,4.94,5.00,86254300
2014-10-28,4.97,4.97,4.86,4.92,81877700
2014-10-29,5.00,5.17,4.96,5.12,88446800
2014-10-30,5.04,5.28,5.00,5.20,103506700
2014-10-31,5.23,5.24,5.06,5.08,144184300
2014-11-03,5.04,5.16,5.02,5.06,119170800
2014-11-04,5.01,5.24,4.97,5.22,98199000
2014-11-05,5.21,5.33,5.13,5.29,106597800
2014-11-06,5.35,5.47,5.27,5.45,63431700
2014-11-07,5.42,5.56,5.35,5.55,90150000
2014-11-10,5.51,5.75,5.47,5.69,124020500
2014-11-12,5.72,5.76,5.46,5.57,108586400
2014-11-13,5.58,5.71,5.27,5.31,86217400
2014-11-14,5.33,5.34,4.93,4.99,69742700
2014-11-17,4.99,5.26,4.97,5.23,96400400
2014-11-18,5.17,5.38,5.16,5.37,110556400
2014-11-19,5.33,5.59,5.28,5.50,103109400
2014-11-20,5.45,5.47,5.42,5.46,83783400
2014-11-21,5.52,5.71,5.46,5.57,98528200
2014-11-24,5.51,5.57,5.42,5.55,87908400
2014-11-25,5.50,5.86,5.39,5.74,113457600
2014-11-26,5.72,5.84,5.66,5.70,121233200
2014-11-28,5.67,5.73,5.63,5.72,114556500
2014-12-01,5.63,5.84,5.55,5.83,103843500
2014-12-02,5.88,5.88,5.74,5.82,95113400
2014-12-03,5.85,6.12,5.84,6.12,110419100
2014-12-04,6.11,6.20,6.01,6.06,67476400
2014-12-05,6.03,6.29,6.01,6.24,93836800
2014-12-08,6.30,6.39,6.24,6.34,126470100
2014-12-09,6.29,6.67,6.26,6.55,99676200
2014-12-10,6.47,6.60,6.40,6.45,108201400
2014-12-11,6.43,6.46,6.13,6.18,149363900
2014-12-12,6.16,6.25,6.12,6.21,116779700
2014-12-15,6.23,6.36,5.98,5.98,90416600
2014-12-16,6.04,6.06,5.57,5.58,106374100
2014-12-17,5.54,5.95,5.45,5.88,87545400
2014-12-18,5.85,6.00,5.78,5.94,95532900
2014-12-19,5.99,6.02,5.93,5.96,121107400
2014-12-22,5.99,6.29,5.92,6.19,99251900
2014-12-23,6.32,6.42,6.24,6.38,101704200
2014-12-24,6.33,6.40,6.29,6.32,96999900
2014-12-26,6.32,6.38,5.99,6.12,91707700
2014-12-29,6.03,6.17,6.00,6.14,133599100
2014-12-30,6.08,6.22,5.71,5.80,135071400
2014-12-31,5.71,5.86,5.65,5.86,68778400
2015-01-02,5.86,5.93,5.85,5.86,91962600
2015-01-05,5.84,6.01,5.77,5.93,108257700
2015-01-06,5.88,6.07,5.86,6.03,62852200
2015-01-07,5.98,5.99,5.89,5.90,102000800
2015-01-08,5.85,6.22,5.85,6.10,109595300
2015-01-09,6.10,6.28,5.94,6.27,90646500
2015-01-12,6.30,6.40,6.17,6.39,57543300
2015-01-13,6.40,6.57,6.36,6.53,92915800
2015-01-14,6.51,6.81,6.45,6.76,96300100
2015-01-15,6.76,6.98,6.63,6.94,99006300
2015-01-16,6.93,7.16,6.84,7.00,97084400
2015-01-20,7.09,7.16,7.06,7.08,65354100
2015-01-21,7.08,7.36,7.00,7.19,87799000
2015-01-22,7.17,7.28,7.16,7.17,101065400
2015-01-23,7.33,7.48,7.32,7.43,101486600
2015-01-26,7.40,7.78,7.16,7.68,50434000
2015-01-27,7.68,7.94,7.68,7.82,101839400
2015-01-28,7.87,7.91,7.78,7.84,82374900
2015-01-29,7.83,8.47,7.76,8.38,35329300
2015-01-30,8.42,8.68,8.42,8.60,87127100
2015-02-02,8.59,8.77,8.43,8.74,77821700
2015-02-03,8.67,8.81,8.62,8.75,103704800
2015-02-04,8.76,8.79,8.57,8.67,78462200
2015-02-05,8.61,8.70,8.50,8.56,95630300
2015-02-06,8.66,9.41,8.66,9.23,93847900
2015-02-09,9.23,9.49,9.08,9.29,145164700
2015-02-10,9.19,9.40,9.07,9.09,112003200
2015-02-11,9.09,9.21,9.01,9.10,99409900
2015-02-12,9.04,9.47,8.99,9.37,131063600
2015-02-13,9.37,9.41,9.15,9.39,115980800
2015-02-17,9.39,9.55,9.16,9.45,121031800
2015-02-18,9.42,9.95,9.37,9.93,106141000
2015-02-19,10.00,10.06,9.92,9.97,93105600
2015-02-20,9.90,9.97,9.30,9.50,61921400
2015-02-23,9.51,9.72,9.37,9.63,114619200
2015-02-24,9.69,9.98,9.69,9.72,108428300
2015-02-25,9.80,10.11,9.77,9.95,89034000
2015-02-26,9.86,10.60,9.85,10.54,115514200
2015-02-27,10.50,10.63,9.77,9.79,107409200
2015-03-02,9.82,9.96,9.47,9.66,84388100
2015-03-03,9.70,10.09,9.60,10.08,101696600
2015-03-04,10.05,10.20,9.67,9.68,109137200
2015-03-05,9.73,9.75,9.07,9.17,45096700
2015-03-06,9.11,9.19,8.66,8.69,94369900
2015-03-09,8.68,8.77,8.57,8.62,104250000
2015-03-10,8.73,8.78,8.17,8.35,75673400
2015-03-11,8.35,8.44,8.26,8.41,104863900
2015-03-12,8.51,8.62,8.07,8.14,112632400
2015-03-13,8.13,8.20,7.97,8.00,95930100
2015-03-16,7.89,7.96,7.72,7.82,93466700
2015-03-17,7.92,8.05,7.56,7.57,97873400
2015-03-18,7.63,7.78,7.29,7.37,90790100
2015-03-19,7.38,7.55,7.35,7.50,98896200
2015-03-20,7.51,7.59,7.45,7.51,82455600
2015-03-23,7.49,7.63,7.46,7.61,94998200
2015-03-24,7.62,7.66,7.36,7.45,116420800
2015-03-25,7.52,7.72,7.24,7.26,66379400
2015-03-26,7.31,7.35,6.95,7.10,92410100
2015-03-27,7.09,7.14,6.99,7.00,90651700
2015-03-30,7.08,7.16,6.90,7.02,70141100
2015-03-31,7.11,7.17,7.03,7.07,82521000
2015-04-01,7.07,7.67,7.07,7.51,118320500
2015-04-02,7.40,8.16,7.31,8.15,71998500
2015-04-03,8.13,8.31,8.05,8.19,119436500
2015-04-06,8.12,8.15,7.98,8.09,129316000
2015-04-07,8.14,8.20,7.77,7.84,132223900
2015-04-08,7.92,8.02,7.84,8.01,103156700
2015-04-09,7.98,8.05,7.82,7.91,102427400
2015-04-10,7.89,7.99,7.55,7.60,102901500
2015-04-13,7.57,7.58,7.51,7.51,124292800
2015-04-14,7.55,7.78,7.52,7.73,70563200
2015-04-15,7.68,7.84,7.58,7.59,105376400
2015-04-16,7.68,7.82,7.66,7.69,88971800
2015-04-17,7.78,7.99,7.77,7.77,81583900
2015-04-20,7.71,8.15,7.59,8.02,120612500
2015-04-21,8.07,8.14,7.64,7.88,107025800
2015-04-22,7.82,8.13,7.76,8.01,112180100
2015-04-23,7.99,8.34,7.90,8.12,113227700
2015-04-24,8.03,8.24,7.95,8.20,86232100
2015-04-27,8.09,8.18,7.98,8.06,93936100
2015-04-28,8.03,8.21,7.71,7.73,114901500
2015-04-29,7.70,7.92,7.65,7.77,99347500
2015-04-30,7.81,7.93,7.78,7.89,81392700
2015-05-01,7.97,8.04,7.75,7.83,135011200
2015-05-04,7.80,7.91,7.79,7.81,89082000
2015-05-05,7.75,7.91,7.54,7.86,95673100
2015-05-06,7.98,8.05,7.75,7.82,98045400
2015-05-07,7.78,7.95,7.39,7.52,118220300
2015-05-08,7.46,7.77,7.37,7.60,132036100
2015-05-11,7.61,7.63,7.36,7.54,88637600
2015-05-12,7.49,8.06,7.41,7.78,97151600
2015-05-13,7.82,7.95,7.73,7.90,88921500
2015-05-14,7.93,7.98,7.60,7.81,57992700
2015-05-15,7.74,7.94,7.72,7.93,110201700
2015-05-18,7.97,8.28,7.91,8.20,54003900
2015-05-19,8.23,8.37,8.12,8.14,102771700
2015-05-20,8.05,8.12,7.74,7.76,95206700
2015-05-21,7.79,8.08,7.78,8.05,79832600
2015-05-22,8.09,8.49,8.02,8.39,131221600
2015-05-26,8.33,8.57,8.32,8.54,125747700
2015-05-27,8.56,8.58,8.01,8.11,77268400
2015-05-28,8.05,8.42,8.04,8.36,126196000
2015-05-29,8.31,8.48,8.15,8.16,111895400
2015-06-01,8.14,8.47,7.98,8.42,120986000
2015-06-02,8.26,8.39,8.19,8.29,93673300
2015-06-03,8.35,8.41,8.27,8.31,67262900
2015-06-04,8.40,8.78,8.27,8.76,144976900
2015-06-05,8.72,8.86,8.66,8.83,110668900
2015-06-08,8.76,8.78,8.30,8.40,88757400
2015-06-09,8.34,8.88,8.31,8.71,118968100
2015-06-10,8.64,8.95,8.59,8.78,119023000
2015-06-11,8.84,9.08,8.82,9.03,52654700
2015-06-12,8.97,9.01,8.85,8.94,110154700
2015-06-15,8.84,8.91,8.49,8.64,112752900
2015-06-16,8.62,8.87,8.54,8.70,121668800
2015-06-17,8.85,8.98,8.60,8.70,105132800
2015-06-18,8.75,9.08,8.60,8.99,90378700
2015-06-19,8.98,9.22,8.82,9.14,104128700
2015-06-22,9.24,9.45,8.82,8.83,115636700
2015-06-23,8.87,8.88,8.58,8.66,77777200
2015-06-24,8.60,9.14,8.59,9.03,115765600
2015-06-25,9.11,9.22,8.93,8.93,98988300
2015-06-26,8.99,9.07,8.81,8.84,119510400
2015-06-29,8.88,9.19,8.74,9.14,77794600
2015-06-30,9.17,9.51,9.13,9.22,106092400
2015-07-01,9.21,9.36,9.15,9.28,104726600
2015-07-02,9.40,9.45,9.26,9.43,121028600
2015-07-06,9.41,9.70,9.24,9.67,96545900
2015-07-07,9.67,9.89,9.63,9.71,112354300
2015-07-08,9.72,9.92,9.59,9.86,106182900
2015-07-09,9.81,9.94,9.77,9.78,124815400
2015-07-10,9.77,10.16,9.71,10.13,91101600
2015-07-13,10.17,10.64,10.11,10.54,87009800
2015-07-14,10.42,10.51,10.40,10.46,101329300
2015-07-15,10.48,10.59,10.45,10.59,136928900
2015-07-16,10.44,10.51,10.43,10.46,91498600
2015-07-17,10.35,10.51,10.32,10.38,121066000
2015-07-20,10.41,10.43,10.26,10.29,112618200
2015-07-21,10.17,10.52,10.00,10.42,82257900
2015-07-22,10.52,10.67,9.98,10.09,108000600
2015-07-23,10.04,10.19,10.00,10.19,93604400
2015-07-24,10.18,10.22,9.82,9.86,172610900
2015-07-27,9.88,10.12,9.81,10.07,95701400
2015-07-28,10.12,10.25,9.95,10.19,55862600
2015-07-29,10.23,10.39,9.81,9.87,82969600
2015-07-30,9.80,9.91,9.63,9.67,112519200
2015-07-31,9.71,9.85,8.98,9.01,92759600
2015-08-03,9.03,9.36,8.87,9.29,129168800
2015-08-04,9.27,9.68,9.06,9.67,122374200
2015-08-05,9.65,9.73,9.49,9.51,127235100
2015-08-06,9.64,9.69,9.23,9.40,116464900
2015-08-07,9.41,9.51,9.06,9.18,69036500
2015-08-10,9.06,9.64,8.80,9.52,79382000
2015-08-11,9.51,9.55,9.46,9.47,115232800
2015-08-12,9.49,9.67,9.49,9.62,116232800
2015-08-13,9.62,9.99,9.52,9.95,113953300
2015-08-14,10.07,10.21,9.58,9.72,80152900
2015-08-17,9.67,9.77,9.09,9.20,102130900
2015-08-18,9.14,9.68,9.10,9.64,87261000
2015-08-19,9.66,9.88,9.63,9.84,97639900
2015-08-20,9.90,9.95,9.76,9.87,108123600
2015-08-21,9.80,9.86,9.60,9.62,72342000
2015-08-24,9.51,9.74,9.48,9.68,107757100
2015-08-25,9.71,9.85,8.86,9.01,118336400
2015-08-26,9.17,9.64,8.92,9.64,78588200
2015-08-27,9.56,9.79,9.17,9.23,110754300
2015-08-28,9.24,9.30,9.17,9.19,143090000
2015-08-31,9.19,9.52,9.08,9.52,125473700
2015-09-01,9.48,9.55,9.45,9.53,85502300
2015-09-02,9.58,9.66,9.44,9.54,122818300
2015-09-03,9.45,10.05,9.42,9.98,64543200
2015-09-04,9.97,10.34,9.97,10.11,87092000
2015-09-08,10.29,10.37,9.85,9.94,127095700
2015-09-09,9.94,10.02,9.74,9.77,88949100
2015-09-10,9.86,10.26,9.82,9.96,116195100
2015-09-11,9.99,10.18,9.93,10.11,91562700
2015-09-14,10.21,10.28,9.59,9.67,103547400
2015-09-15,9.69,10.00,9.68,9.93,88623000
2015-09-16,9.99,10.00,9.44,9.62,91975800
2015-09-17,9.46,9.75,9.42,9.74,92821600
2015-09-18,9.93,10.12,9.88,10.12,107537500
2015-09-21,10.08,10.76,10.00,10.68,116595300
2015-09-22,10.67,10.81,10.38,10.47,115597200
2015-09-23,10.43,10.58,10.34,10.37,87938200
2015-09-24,10.26,10.76,10.05,10.41,76332400
2015-09-25,10.43,10.49,9.41,9.44,102720100
2015-09-28,9.32,9.51,9.19,9.47,103358500
2015-09-29,9.41,9.49,9.21,9.45,108829300
2015-09-30,9.44,10.04,9.24,10.04,81822700
2015-10-01,9.99,10.00,9.37,9.57,115584300
2015-10-02,9.46,9.54,9.31,9.38,72460300
2015-10-05,9.43,9.57,8.96,9.11,74076400
2015-10-06,9.11,9.20,8.89,8.97,71086500
2015-10-07,8.97,9.15,8.61,8.72,115129400
2015-10-08,8.71,8.85,8.25,8.38,113264100
2015-10-09,8.43,8.61,7.83,7.90,126290300
2015-10-13,7.88,7.89,7.79,7.85,125309600
2015-10-14,7.82,8.00,7.79,7.84,110071900
2015-10-15,7.90,7.98,7.80,7.82,135710500
2015-10-16,7.74,7.82,7.69,7.77,109338800
2015-10-19,7.75,7.78,7.05,7.19,81035400
2015-10-20,7.06,7.61,6.97,7.52,82304100
2015-10-21,7.50,7.62,7.48,7.59,97521800
2015-10-22,7.50,7.65,7.46,7.49,65253800
2015-10-23,7.46,7.49,7.35,7.35,130539700
2015-10-26,7.35,7.41,7.22,7.26,91958100
2015-10-27,7.24,7.41,6.87,6.92,88111600
2015-10-28,6.89,6.95,6.57,6.62,71101200
2015-10-29,6.60,7.02,6.57,6.87,109279100
2015-10-30,6.90,6.97,6.83,6.93,121759200
2015-11-02,6.95,6.98,6.76,6.80,106713400
2015-11-03,6.87,6.90,6.74,6.85,81709600
2015-11-04,6.98,6.99,6.82,6.94,123637200
2015-11-05,6.94,6.95,6.49,6.52,104277100
2015-11-06,6.53,6.80,6.46,6.64,94943400
2015-11-09,6.62,6.74,6.52,6.70,95144300
2015-11-10,6.72,6.75,6.61,6.71,99507800
2015-11-12,6.59,6.65,6.56,6.62,103112500
2015-11-13,6.55,6.71,6.41,6.42,125266100
2015-11-16,6.50,6.58,6.33,6.38,76480100
2015-11-17,6.41,6.49,6.22,6.22,93602300
2015-11-18,6.23,6.38,6.22,6.37,125759500
2015-11-19,6.41,6.46,6.32,6.40,135572400
2015-11-20,6.45,6.54,6.32,6.35,94993600
2015-11-23,6.33,6.55,6.33,6.49,118336000
2015-11-24,6.45,6.74,6.35,6.63,133963100
2015-11-25,6.69,6.79,6.48,6.50,56216500
2015-11-27,6.52,6.54,6.48,6.52,72871100
2015-11-30,6.52,6.88,6.37,6.74,79989100
2015-12-01,6.78,6.83,6.71,6.71,80256900
2015-12-02,6.71,6.99,6.61,6.99,112373600
2015-12-03,6.94,7.43,6.84,7.36,86581300
2015-12-04,7.37,7.65,7.34,7.59,120325500
2015-12-07,7.60,7.62,7.53,7.55,92042800
2015-12-08,7.42,7.76,7.37,7.72,110958700
2015-12-09,7.68,7.82,7.02,7.07,89033800
2015-12-10,7.10,7.33,7.09,7.24,98344800
2015-12-11,7.27,7.33,7.11,7.21,145807800
2015-12-14,7.17,7.22,7.00,7.04,80242900
2015-12-15,6.96,7.06,6.87,6.90,98249600
2015-12-16,6.80,7.08,6.76,7.02,98698500
2015-12-17,7.00,7.01,6.60,6.73,109844900
2015-12-18,6.68,6.71,6.65,6.65,130102100
2015-12-21,6.79,6.80,6.38,6.50,56219200
2015-12-22,6.51,6.72,6.41,6.50,105603800
2015-12-23,6.44,6.50,6.36,6.38,87157600
2015-12-24,6.38,6.43,6.10,6.15,63850400
2015-12-28,6.16,6.17,5.88,5.89,117376800
2015-12-29,5.87,5.98,5.74,5.91,97083500
2015-12-30,5.90,5.99,5.84,5.96,90266900
2015-12-31,6.00,6.09,5.97,6.06,73707800
2016-01-04,6.07,6.25,6.03,6.20,115780200
2016-01-05,6.19,6.38,6.18,6.35,72023700
2016-01-06,6.35,6.49,6.03,6.04,92912500
2016-01-07,6.00,6.26,5.95,6.19,92067500
2016-01-08,6.11,6.32,6.08,6.27,111112600
2016-01-11,6.34,6.38,6.19,6.19,78499500
2016-01-12,6.17,6.24,6.10,6.20,86033800
2016-01-13,6.21,6.22,6.04,6.08,137967100
2016-01-14,6.14,6.45,6.05,6.41,106732100
2016-01-15,6.34,6.71,6.22,6.61,110915800
2016-01-19,6.70,6.91,6.65,6.85,107678000
2016-01-20,6.84,7.14,6.73,7.09,102283100
2016-01-21,7.04,7.08,6.35,6.37,115816900
2016-01-22,6.38,6.54,6.27,6.35,105894200
2016-01-25,6.30,6.49,6.20,6.43,96762000
2016-01-26,6.49,6.55,6.38,6.49,104660700
2016-01-27,6.51,6.82,6.30,6.73,103326400
2016-01-28,6.62,7.03,6.58,6.95,108245600
2016-01-29,6.93,6.96,6.71,6.80,126107100
2016-02-01,6.80,7.11,6.72,6.99,154280400
2016-02-02,7.03,7.11,6.97,7.10,170647300
2016-02-03,7.14,7.25,6.74,6.77,115128500
2016-02-04,6.73,6.84,6.61,6.80,61406500
2016-02-05,6.83,6.87,6.69,6.83,84066900
2016-02-08,6.88,6.99,6.76,6.87,92059600
2016-02-09,6.85,7.13,6.76,7.02,97214500
2016-02-10,7.10,7.18,6.96,6.97,117876600
2016-02-11,6.95,7.34,6.83,7.18,114504900
2016-02-12,7.09,7.33,7.02,7.30,77404700
2016-02-16,7.30,7.45,7.30,7.37,120164000
2016-02-17,7.41,7.57,7.33,7.47,93819200
2016-02-18,7.49,7.68,7.40,7.66,92918300
2016-02-19,7.58,7.68,7.56,7.64,100430700
2016-02-22,7.60,7.66,7.41,7.50,103132900
2016-02-23,7.43,7.57,7.39,7.50,109694000
2016-02-24,7.56,7.75,7.51,7.74,68468500
2016-02-25,7.75,7.89,7.67,7.83,91777600
2016-02-26,7.79,8.27,7.74,8.04,84919300
2016-02-29,7.96,8.79,7.94,8.73,91505100
2016-03-01,8.62,8.93,8.61,8.79,96285100
2016-03-02,8.72,8.79,8.55,8.58,51049100
2016-03-03,8.64,9.21,8.61,9.09,100994300
2016-03-04,9.14,9.56,9.02,9.43,102541300
2016-03-07,9.26,9.78,9.24,9.67,79385100
2016-03-08,9.61,10.21,9.60,10.03,105738400
2016-03-09,9.89,9.94,9.55,9.88,133577500
2016-03-10,9.87,9.88,9.64,9.70,134899400
2016-03-11,9.64,9.66,9.38,9.40,115353400
2016-03-14,9.41,9.45,9.38,9.43,77313500
2016-03-15,9.45,9.55,9.43,9.55,88815500
2016-03-16,9.47,9.59,9.40,9.49,130216500
2016-03-17,9.60,9.62,9.17,9.46,65954000
2016-03-18,9.62,9.95,8.92,9.00,99197800
2016-03-21,9.01,9.13,8.84,9.13,75806200
2016-03-22,9.06,9.13,8.88,8.90,159534700
2016-03-23,8.86,8.98,8.70,8.91,77939400
2016-03-24,8.85,9.15,8.83,9.12,133155500
2016-03-25,9.16,9.42,9.12,9.27,78891500
2016-03-28,9.37,9.44,9.13,9.24,96298300
2016-03-29,9.06,9.53,8.89,9.46,152461100
2016-03-30,9.51,9.60,9.29,9.40,108359600
2016-03-31,9.42,9.55,9.30,9.31,102698200
2016-04-01,9.27,9.36,8.72,9.01,113324000
2016-04-04,9.04,9.11,8.59,8.67,123197900
2016-04-05,8.79,8.93,8.41,8.42,84528800
2016-04-06,8.46,8.49,7.89,7.92,92628200
2016-04-07,7.97,8.44,7.86,8.19,89796100
2016-04-08,8.16,8.40,8.14,8.27,103523100
2016-04-11,8.28,8.52,8.26,8.34,128910700
2016-04-12,8.44,8.78,8.39,8.70,115529700
2016-04-13,8.76,8.77,8.54,8.61,54068900
2016-04-14,8.60,8.91,8.50,8.86,100027400
2016-04-15,8.87,9.28,8.80,9.14,91478500
2016-04-18,9.14,9.23,8.83,8.88,97074200
2016-04-19,8.77,9.22,8.62,9.14,141881800
2016-04-20,9.18,9.22,8.74,8.78,53264500
2016-04-21,8.81,9.02,8.68,8.73,116714300
2016-04-22,8.84,8.85,8.35,8.58,96192600
2016-04-25,8.57,8.74,8.56,8.57,112181000
2016-04-26,8.69,8.74,8.21,8.31,91019900
2016-04-27,8.26,8.37,7.92,8.08,97609600
2016-04-28,8.03,8.42,8.01,8.22,111555600
2016-04-29,8.19,8.45,8.03,8.07,61927400
2016-05-02,8.05,8.23,8.04,8.20,109370800
2016-05-03,8.30,8.43,7.97,8.00,99282300
2016-05-04,7.97,8.17,7.90,8.17,101612700
2016-05-05,8.27,8.41,7.93,8.00,116585300
2016-05-06,7.95,8.54,7.89,8.26,119451900
2016-05-09,8.26,8.30,8.07,8.19,137839300
2016-05-10,8.24,8.56,8.24,8.53,160340100
2016-05-11,8.56,9.09,8.54,8.92,121095300
2016-05-12,8.81,9.32,8.67,9.23,85220400
2016-05-13,9.32,9.41,9.20,9.33,115405500
2016-05-16,9.36,9.40,8.98,9.00,82516000
2016-05-17,8.97,9.32,8.82,9.30,102272600
2016-05-18,9.25,9.50,9.24,9.26,88896000
2016-05-19,9.36,9.37,9.16,9.30,112759000
2016-05-20,9.22,9.91,9.13,9.72,130415100
2016-05-23,9.70,9.73,9.52,9.69,113758800
2016-05-24,9.48,10.02,9.33,9.99,75434200
2016-05-25,9.99,10.12,9.97,9.99,46984200
2016-05-26,10.08,10.26,9.96,10.25,126881600
2016-05-27,10.04,10.08,9.98,10.04,72936000
2016-05-31,10.12,10.12,9.56,9.74,129873500
2016-06-01,9.95,10.05,9.85,10.04,120626900
2016-06-02,10.04,10.13,9.36,9.37,100105000
2016-06-03,9.26,9.32,9.15,9.23,82380600
2016-06-06,9.15,9.85,9.06,9.77,127825200
2016-06-07,9.79,10.00,9.69,9.93,107220800
2016-06-08,9.87,9.93,9.69,9.83,84147700
2016-06-09,9.78,10.44,9.76,10.35,93704500
2016-06-10,10.28,10.37,9.95,10.04,85564700
2016-06-13,9.98,10.19,9.86,10.11,121584700
2016-06-14,10.03,10.21,9.82,9.82,85549200
2016-06-15,9.86,9.93,9.26,9.56,86741100
2016-06-16,9.50,9.55,9.37,9.47,115044800
2016-06-17,9.48,9.87,9.44,9.71,80447900
2016-06-20,9.72,9.90,9.71,9.81,114240500
2016-06-21,9.86,10.18,9.71,10.08,84946600
2016-06-22,10.12,10.33,10.07,10.28,100896500
2016-06-23,10.27,10.68,10.18,10.41,109695600
2016-06-24,10.40,10.55,10.38,10.55,79168100
2016-06-27,10.45,10.57,10.38,10.49,80627900
2016-06-28,10.50,10.54,10.20,10.32,101579700
2016-06-29,10.39,10.51,10.24,10.47,132526800
2016-06-30,10.37,10.50,10.35,10.38,84687500
2016-07-01,10.28,10.35,10.20,10.29,129443500
2016-07-05,10.18,10.59,10.15,10.51,102051100
2016-07-06,10.54,10.54,10.28,10.36,71557300
2016-07-07,10.36,10.83,10.29,10.46,103168500
2016-07-08,10.54,10.60,9.90,9.97,80279400
2016-07-11,10.12,10.29,9.70,9.84,112480900
2016-07-12,9.90,10.03,9.73,9.77,87095400
2016-07-13,9.66,9.99,9.65,9.77,99622300
2016-07-14,9.78,9.82,9.41,9.43,115241600
2016-07-15,9.51,9.77,9.40,9.70,118053400
2016-07-18,9.69,9.78,9.52,9.65,125980000
2016-07-19,9.48,9.57,9.45,9.50,126269500
2016-07-20,9.39,10.26,9.35,10.19,96862200
2016-07-21,10.31,10.49,10.24,10.38,30000000
2016-07-22,10.23,10.47,10.02,10.38,88454800
2016-07-25,10.49,10.54,9.98,9.98,91276700
2016-07-26,9.94,9.99,9.79,9.92,97632000
2016-07-27,9.88,10.04,9.20,9.27,91703500
2016-07-28,9.49,9.55,8.73,8.89,136796900
2016-07-29,8.90,9.08,8.52,8.54,104327600
2016-08-01,8.52,8.56,8.32,8.43,109902000
2016-08-02,8.36,8.53,8.03,8.22,102068800
2016-08-03,8.15,8.23,7.92,7.92,78945100
2016-08-04,7.97,8.38,7.83,8.32,110244900
2016-08-05,8.35,8.69,8.11,8.62,64807000
2016-08-08,8.69,8.77,8.13,8.27,70582700
2016-08-09,8.23,8.70,8.16,8.58,90230900
2016-08-10,8.46,8.56,8.25,8.48,136547600
2016-08-11,8.59,8.62,8.41,8.50,148947700
2016-08-12,8.36,8.57,8.35,8.48,106163400
2016-08-15,8.46,8.50,8.33,8.49,120991300
2016-08-16,8.43,8.79,8.32,8.69,43481200
2016-08-17,8.75,9.04,8.72,8.94,101387700
2016-08-18,9.08,9.35,8.82,9.29,98605900
2016-08-19,9.16,9.21,9.09,9.15,89129900
2016-08-22,9.12,9.19,8.68,8.88,75848600
2016-08-23,8.82,9.23,8.74,9.16,96299500
2016-08-24,9.16,9.31,8.79,8.87,88204700
2016-08-25,9.05,9.10,8.69,8.83,77720700
2016-08-26,8.87,8.97,8.84,8.85,91993700
2016-08-29,8.78,8.84,8.58,8.63,143003300
2016-08-30,8.64,8.66,8.35,8.36,37780400
2016-08-31,8.34,8.63,8.19,8.54,96387600
2016-09-01,8.61,8.92,8.49,8.84,74523900
2016-09-02,8.87,8.93,8.65,8.81,59031000
2016-09-06,8.79,9.38,8.67,9.29,96675000
2016-09-07,9.21,9.32,9.02,9.20,119513500
2016-09-08,9.16,9.18,8.79,9.04,121259100
2016-09-09,9.05,9.12,8.93,9.07,66061900
2016-09-12,9.02,9.04,8.86,8.99,108075500
2016-09-13,8.96,9.44,8.90,9.34,118528200
2016-09-14,9.45,9.63,9.30,9.41,91278800
2016-09-15,9.43,9.57,9.26,9.31,102756800
2016-09-16,9.26,9.69,9.20,9.64,125423100
2016-09-19,9.69,9.87,9.38,9.63,108492600
2016-09-20,9.63,10.06,9.50,9.93,102648700
2016-09-21,10.02,10.30,10.01,10.10,87608500
2016-09-22,10.24,10.41,9.93,10.14,56164000
2016-09-23,10.08,10.21,9.85,9.94,64739400
2016-09-26,10.02,10.32,9.92,10.15,99285500
2016-09-27,10.07,10.70,10.06,10.55,101868000
2016-09-28,10.40,10.40,10.22,10.36,97185500
2016-09-29,10.30,10.85,10.19,10.77,91980000
2016-09-30,10.81,11.09,10.76,10.94,113188100
2016-10-03,10.93,11.46,10.79,11.34,130220600
2016-10-04,11.44,11.94,11.39,11.83,54250100
2016-10-05,11.72,11.92,11.51,11.83,134001500
2016-10-06,11.80,12.63,11.49,12.50,108722800
2016-10-07,12.49,12.84,12.47,12.58,65722800
2016-10-11,12.54,12.62,11.91,11.97,114641900
2016-10-12,12.03,12.06,11.72,11.78,141413500
2016-10-13,11.87,12.06,11.46,11.51,117300400
2016-10-14,11.59,11.79,11.36,11.73,104981200
2016-10-17,11.65,11.87,11.53,11.73,99981200
2016-10-18,11.50,11.79,11.39,11.74,84909400
2016-10-19,11.77,12.11,11.14,11.59,88359300
2016-10-20,11.49,11.84,11.31,11.83,126344000
2016-10-21,11.73,11.87,11.72,11.85,117993200
2016-10-24,11.62,12.09,11.62,11.99,84693700
2016-10-25,11.98,12.90,11.73,12.89,126494700
2016-10-26,13.02,13.42,12.82,12.86,92528200
2016-10-27,12.81,13.38,12.59,13.37,80628500
2016-10-28,13.18,13.74,13.00,13.55,85699200
2016-10-31,13.66,13.84,13.14,13.14,97373100
2016-11-01,13.09,13.43,13.06,13.13,112969900
2016-11-02,13.24,13.36,12.74,12.83,107810100
2016-11-03,12.93,13.02,12.53,12.76,73272000
2016-11-04,12.83,12.89,11.75,12.09,112089500
2016-11-07,11.96,11.97,11.82,11.96,119670600
2016-11-08,11.97,12.61,11.81,12.59,77621800
2016-11-09,12.56,13.22,12.38,13.04,135533100
2016-11-10,13.14,13.29,12.70,12.84,83258700
2016-11-14,12.89,13.04,12.55,12.60,85570600
2016-11-15,12.58,12.62,12.05,12.29,113164000
2016-11-16,12.36,12.39,11.92,12.16,82464100
2016-11-17,12.13,12.41,12.05,12.35,67833900
2016-11-18,12.20,12.31,12.13,12.23,113749200
2016-11-21,12.05,12.22,11.71,12.22,120391100
2016-11-22,12.27,12.57,12.08,12.35,98429900
2016-11-23,12.50,12.54,12.15,12.42,106969100
2016-11-25,12.38,12.77,11.96,12.68,114546200
2016-11-28,12.73,12.76,12.01,12.13,89113400
2016-11-29,12.23,12.25,11.54,11.70,83537800
2016-11-30,11.64,11.79,11.50,11.55,109942300
2016-12-01,11.39,11.98,11.21,11.85,67280800
2016-12-02,11.82,12.13,11.79,12.08,46546400
2016-12-05,12.01,12.16,11.98,12.15,121670500
2016-12-06,12.32,12.33,11.86,11.91,125290100
2016-12-07,12.01,12.12,11.63,11.81,106080700
2016-12-08,11.86,12.05,11.70,12.02,115183700
2016-12-09,11.86,12.41,11.76,12.34,84641800
2016-12-12,12.46,12.47,12.27,12.39,93892200
2016-12-13,12.31,12.37,11.45,11.77,89643700
2016-12-14,11.75,11.91,11.68,11.85,133528900
2016-12-15,11.86,12.45,11.76,12.36,87642500
2016-12-16,12.52,12.66,12.36,12.64,111519400
2016-12-19,12.90,13.02,12.77,12.92,144369000
2016-12-20,12.88,13.23,12.79,13.01,78706800
2016-12-21,13.06,13.09,12.79,12.87,72233800
2016-12-22,12.74,12.87,12.45,12.59,94527300
2016-12-23,12.60,13.08,12.46,12.94,119192400
2016-12-27,12.87,13.84,12.51,13.72,98485900
2016-12-28,13.74,14.18,13.58,13.83,147362100
2016-12-29,13.86,13.95,13.65,13.75,117433000
2016-12-30,13.58,13.87,13.58,13.59,92470000
2017-01-03,13.68,14.11,13.56,13.92,86460500
2017-01-04,14.05,14.13,13.48,13.50,90954800
2017-01-05,13.62,14.10,13.57,13.97,98262400
2017-01-06,14.08,14.14,13.43,13.57,96340200
2017-01-09,13.67,14.23,13.49,14.02,91055300
2017-01-10,13.96,14.09,13.60,13.64,93460400
2017-01-11,13.59,14.20,13.42,13.91,106377000
2017-01-12,13.93,14.01,13.54,13.71,113477900
2017-01-13,13.80,13.82,12.67,12.94,86019300
2017-01-17,12.80,12.95,12.78,12.80,123324000
2017-01-18,12.64,12.85,12.58,12.76,115088100
2017-01-19,12.59,12.67,12.50,12.58,100315500
2017-01-20,12.59,12.65,11.87,11.87,85836200
2017-01-23,11.81,11.83,11.34,11.46,136368900
2017-01-24,11.45,11.99,11.38,11.85,67627400
2017-01-25,11.83,12.10,11.68,12.09,107167200
2017-01-26,12.12,12.31,11.93,12.30,98581300
2017-01-27,12.31,12.81,12.27,12.77,99702400
2017-01-30,12.91,12.96,12.53,12.94,92514300
2017-01-31,12.83,13.39,12.65,13.02,130310900
2017-02-01,12.99,13.03,12.66,12.77,123170100
2017-02-02,12.76,13.82,12.67,13.39,94823600
2017-02-03,13.32,13.34,12.71,12.77,130642300
2017-02-06,12.82,12.90,12.27,12.42,99219100
2017-02-07,12.56,12.60,12.49,12.50,147487000
2017-02-08,12.39,12.49,12.07,12.47,103144000
2017-02-09,12.54,13.26,12.17,13.17,72118900
2017-02-10,13.24,13.64,13.20,13.43,78180600
2017-02-13,13.61,13.67,13.04,13.25,119490000
2017-02-14,13.33,13.38,13.18,13.18,78610500
2017-02-15,13.24,13.51,13.22,13.46,90259800
2017-02-16,13.42,13.61,13.42,13.59,95580700
2017-02-17,13.58,14.22,13.52,14.13,103594400
2017-02-21,14.21,14.34,13.61,13.74,66455400
2017-02-22,13.69,13.71,13.49,13.61,94953700
2017-02-23,13.80,14.01,13.19,13.40,90689600
2017-02-24,13.64,13.75,13.37,13.38,112151700
2017-02-27,13.28,13.51,12.94,13.00,134561700
2017-02-28,13.02,13.15,12.79,12.90,112811700
2017-03-01,12.77,12.79,12.17,12.31,120653800
2017-03-02,12.07,12.28,11.77,11.85,71462800
2017-03-03,11.78,12.28,11.64,12.28,122538300
2017-03-06,12.34,12.37,11.74,11.87,98186000
2017-03-07,11.99,12.22,11.94,12.12,52940000
2017-03-08,12.18,12.19,11.84,11.87,100449100
2017-03-09,11.97,12.22,11.79,12.16,101265800
2017-03-10,12.17,12.32,11.62,11.63,93233000
2017-03-13,11.57,11.62,11.36,11.43,80017900
2017-03-14,11.31,11.64,11.23,11.62,99454700
2017-03-15,11.70,12.23,11.61,11.95,109523400
2017-03-16,11.97,12.03,11.83,11.90,89808500
2017-03-17,11.79,12.15,11.75,12.06,113137400
2017-03-20,12.01,12.65,11.96,12.63,85194400
2017-03-21,12.57,12.85,12.04,12.06,135670700
2017-03-22,11.94,12.28,11.75,12.26,121771400
2017-03-23,12.35,12.74,12.25,12.74,111153300
2017-03-24,12.56,13.06,12.47,13.03,72809900
2017-03-27,12.88,13.17,12.80,12.89,110612000
2017-03-28,12.89,13.00,12.38,12.56,98653000
2017-03-29,12.62,12.67,12.55,12.67,104825900
2017-03-30,12.62,12.90,12.01,12.20,117815400
2017-03-31,12.40,12.53,12.06,12.31,108620700
2017-04-03,12.22,12.77,12.00,12.62,78033000
2017-04-04,12.64,12.70,12.08,12.13,123347200
2017-04-05,12.14,12.75,12.13,12.75,129316900
2017-04-06,12.63,13.44,12.46,13.27,102040900
2017-04-07,13.47,13.67,12.63,12.90,111753300
2017-04-10,12.84,13.05,12.63,12.91,69852400
2017-04-11,12.85,12.99,12.43,12.56,127501100
2017-04-12,12.65,12.88,11.72,11.91,81691600
2017-04-13,12.08,12.84,11.96,12.68,102532300
2017-04-14,12.51,13.14,12.35,12.96,109384800
2017-04-17,12.99,13.65,12.86,13.36,91054200
2017-04-18,13.52,13.56,12.63,13.03,99151500
2017-04-19,12.99,13.44,12.82,13.20,100966700
2017-04-20,13.26,13.82,13.19,13.79,123108700
2017-04-21,13.72,14.28,13.51,14.25,89660100
2017-04-24,14.29,14.68,14.24,14.56,79593400
2017-04-25,14.74,14.77,14.65,14.76,117220700
2017-04-26,14.79,15.33,14.70,15.22,93519000
2017-04-27,15.17,15.71,15.13,15.46,106645900
2017-04-28,15.50,16.18,15.45,16.12,118494400
2017-05-01,16.27,16.28,15.38,15.60,85472400
2017-05-02,15.57,15.77,15.12,15.26,107919700
2017-05-03,15.17,15.36,14.47,14.66,114380000
2017-05-04,14.65,15.42,14.65,15.11,93688400
2017-05-05,15.07,15.34,14.75,15.28,94152000
2017-05-08,15.38,15.52,14.95,14.98,61268500
2017-05-09,14.91,14.98,14.56,14.75,109927900
2017-05-10,14.64,15.08,14.55,15.00,122901400
2017-05-11,14.90,15.86,14.57,15.69,123963500
2017-05-12,15.62,15.65,15.24,15.37,96392600
2017-05-15,15.49,15.70,15.36,15.65,98878400
2017-05-16,15.84,16.03,15.71,15.87,93533700
2017-05-17,15.72,16.80,15.36,16.59,100314500
2017-05-18,16.59,17.11,15.19,15.63,115179000
2017-05-19,15.78,15.97,14.08,14.37,89243700
2017-05-22,14.26,14.44,14.12,14.37,110628800
2017-05-23,14.54,14.55,13.66,13.74,71770800
2017-05-24,13.86,13.98,13.68,13.72,102125800
2017-05-25,13.59,13.92,13.49,13.73,84272700
2017-05-26,13.82,14.26,13.75,14.11,105923400
2017-05-30,14.14,14.96,14.09,14.75,61495600
2017-05-31,14.52,15.11,14.46,15.11,64667600
2017-06-01,14.99,15.09,14.30,14.40,104070800
2017-06-02,14.35,14.92,14.34,14.54,161150600
2017-06-05,14.45,14.54,13.91,14.03,111209500
2017-06-06,14.08,14.20,13.38,13.68,100908800
2017-06-07,13.80,14.01,13.57,13.77,133001400
2017-06-08,13.93,14.73,13.91,14.51,102184300
2017-06-09,14.49,14.67,14.02,14.03,114041400
2017-06-12,14.04,14.14,13.55,13.67,133286700
2017-06-13,13.68,14.14,13.57,14.10,102535800
2017-06-14,14.30,14.68,14.05,14.09,110243800
2017-06-15,14.03,14.16,13.87,13.98,122129600
2017-06-16,13.88,14.36,13.84,14.31,107852800
2017-06-19,14.62,14.78,14.58,14.64,123710900
2017-06-20,14.60,14.68,14.45,14.55,98972000
2017-06-21,14.66,14.87,14.26,14.33,97719900
2017-06-22,14.33,14.60,14.27,14.55,124225200
2017-06-23,14.46,14.81,14.44,14.76,108873800
2017-06-26,14.69,14.79,14.18,14.64,105225700
2017-06-27,14.87,15.08,14.18,14.24,143249100
2017-06-28,14.32,15.01,14.21,14.69,94291200
2017-06-29,14.61,14.77,14.43,14.59,106122200
2017-06-30,14.63,14.80,14.26,14.41,138171400
2017-07-03,14.52,14.80,14.05,14.25,101823400
2017-07-05,14.12,15.13,13.90,15.03,95444500
2017-07-06,15.10,15.28,14.98,15.20,124137100
2017-07-07,15.17,16.17,15.10,16.04,103594000
2017-07-10,16.17,16.29,15.05,15.36,105777600
2017-07-11,15.45,15.71,15.34,15.69,96005800
2017-07-12,15.84,15.86,15.09,15.56,97344100
2017-07-13,15.64,16.08,15.30,15.37,107794200
2017-07-14,15.38,15.85,15.26,15.61,80847500
2017-07-17,15.79,16.03,15.77,15.96,90990600
2017-07-18,16.07,16.16,15.66,15.85,135547200
2017-07-19,15.74,16.34,15.69,16.20,95474900
2017-07-20,16.18,16.54,16.04,16.22,78640200
2017-07-21,16.33,16.57,16.20,16.48,117340200
2017-07-24,16.43,16.60,16.24,16.33,133641200
2017-07-25,16.36,16.52,16.25,16.39,135783300
2017-07-26,16.34,17.50,16.28,17.29,82202300
2017-07-27,17.25,18.27,17.03,18.04,104038700
2017-07-28,18.06,18.45,17.97,18.33,101810600
2017-07-31,18.15,18.61,17.97,18.07,93182300
2017-08-01,17.97,18.10,16.64,16.99,69620200
2017-08-02,17.10,17.35,17.00,17.08,125433400
2017-08-03,17.05,17.47,17.00,17.29,88827400
2017-08-04,17.01,17.16,16.93,17.10,105608900
2017-08-07,17.21,17.60,17.18,17.55,109779200
2017-08-08,17.59,17.94,17.35,17.93,82867600
2017-08-09,17.88,18.72,17.69,18.71,92434000
2017-08-10,18.81,19.13,18.70,19.01,126813600
2017-08-11,19.12,19.25,18.63,18.75,108427100
2017-08-14,19.17,19.39,18.62,18.71,116692000
2017-08-15,18.73,18.86,18.05,18.31,118728200
2017-08-16,18.30,18.69,17.83,17.86,112845500
2017-08-17,17.93,18.02,17.48,17.54,81123500
2017-08-18,17.52,17.62,16.91,17.23,93212200
2017-08-21,17.35,17.56,17.22,17.52,114296300
2017-08-22,17.56,17.87,17.40,17.58,137408900
2017-08-23,17.47,17.93,17.39,17.72,97671700
2017-08-24,17.89,18.15,17.31,17.60,108201800
2017-08-25,17.92,18.21,17.33,17.37,129208700
2017-08-28,17.15,18.29,16.98,18.27,109112000
2017-08-29,18.51,18.77,18.44,18.75,97516700
2017-08-30,18.50,18.64,18.41,18.63,119821400
2017-08-31,18.40,19.14,18.32,19.02,101205700
2017-09-01,18.87,19.31,18.26,18.27,79142300
2017-09-05,18.29,18.74,17.65,17.93,95809600
2017-09-06,17.83,18.55,17.81,18.17,119344700
2017-09-07,18.01,18.19,17.38,17.48,121536300
2017-09-08,17.33,18.31,17.26,18.13,138565200
2017-09-11,17.95,18.95,17.91,18.79,83115200
2017-09-12,18.83,18.94,18.25,18.37,93374000
2017-09-13,18.17,19.63,17.80,19.48,111317800
2017-09-14,19.27,20.13,19.07,20.04,87845800
2017-09-15,20.19,21.01,20.17,20.76,86692100
2017-09-18,20.94,21.16,20.85,21.00,123837700
2017-09-19,20.74,20.79,20.21,20.25,91504500
2017-09-20,20.27,20.52,20.20,20.43,119080300
2017-09-21,20.67,20.98,20.52,20.78,112418900
2017-09-22,20.85,21.02,20.59,20.84,118951400
2017-09-25,20.74,21.56,20.35,21.04,76255000
2017-09-26,21.26,21.34,20.42,20.43,58886700
2017-09-27,20.64,20.80,19.65,19.71,112828500
2017-09-28,19.81,20.00,19.28,19.52,68539800
2017-09-29,19.53,20.06,19.28,19.96,100241200
2017-10-02,19.88,20.11,19.04,19.30,70246900
2017-10-03,19.52,19.53,18.50,18.77,75593500
2017-10-04,18.83,19.15,18.66,19.01,85894000
2017-10-05,19.10,19.23,18.93,19.17,79206400
2017-10-06,19.17,20.18,18.95,19.77,123855400
2017-10-10,19.95,19.99,19.04,19.59,78869900
2017-10-11,19.53,19.88,19.45,19.77,99348600
2017-10-12,19.80,19.86,19.02,19.04,88366800
2017-10-13,18.92,19.27,18.46,19.25,97294500
2017-10-16,19.32,19.73,19.04,19.47,115813400
2017-10-17,19.58,19.72,18.69,18.98,107723900
2017-10-18,19.10,19.43,18.44,18.66,108137100
2017-10-19,18.57,19.13,18.29,19.11,119877500
2017-10-20,19.23,19.48,19.09,19.32,90773500
2017-10-23,19.25,19.27,18.72,18.76,75053200
2017-10-24,18.70,18.81,18.60,18.79,86084200
2017-10-25,18.80,20.09,18.39,19.85,103762500
2017-10-26,20.09,20.91,19.98,20.66,93376900
2017-10-27,20.85,20.88,20.51,20.52,115229100
2017-10-30,20.45,21.22,20.35,20.98,88874000
2017-10-31,21.08,21.16,20.57,20.88,112802500
2017-11-01,20.80,21.22,20.72,21.19,81171100
2017-11-02,21.00,21.40,19.78,20.20,85602600
2017-11-03,20.37,20.37,19.30,19.59,71424300
2017-11-06,19.41,20.41,19.33,20.01,98003800
2017-11-07,19.99,20.15,19.75,19.91,77211300
2017-11-08,19.90,20.02,19.65,19.94,128293900
2017-11-09,20.23,20.32,19.05,19.14,63777400
2017-11-13,19.24,19.63,19.02,19.09,120108200
2017-11-14,19.15,19.26,18.85,18.95,95126000
2017-11-15,19.10,19.38,18.71,18.84,90791000
2017-11-16,18.50,19.93,18.32,19.71,126177200
2017-11-17,19.83,20.25,19.80,20.20,131146700
2017-11-20,20.38,20.47,19.35,19.38,104363900
2017-11-21,19.23,19.96,19.14,19.72,85719300
2017-11-22,19.66,19.98,19.25,19.29,105000200
2017-11-24,19.43,19.62,19.42,19.61,73011800
2017-11-27,19.87,20.07,19.55,19.84,130327400
2017-11-28,19.69,20.00,19.67,19.84,56978400
2017-11-29,20.24,20.36,19.23,19.33,78797300
2017-11-30,19.43,19.43,19.28,19.32,138716400
2017-12-01,19.54,19.95,19.30,19.80,106064600
2017-12-04,19.93,20.25,19.78,20.08,95790100
2017-12-05,20.14,20.25,19.85,20.23,90109200
2017-12-06,20.28,20.40,20.15,20.34,71118600
2017-12-07,20.59,21.06,19.99,20.27,90055000
2017-12-08,20.24,22.05,20.11,22.04,115609800
2017-12-11,21.58,21.92,21.55,21.87,91639400
2017-12-12,21.77,21.87,20.23,20.57,112493700
2017-12-13,20.61,20.86,19.76,19.92,110016400
2017-12-14,19.80,19.98,19.52,19.87,128844300
2017-12-15,20.01,20.40,19.99,20.23,104713500
2017-12-18,20.30,21.17,20.29,20.88,102754200
2017-12-19,20.83,20.86,19.60,20.05,82585400
2017-12-20,20.12,20.59,19.87,20.58,121980200
2017-12-21,20.29,20.37,19.51,19.62,97559400
2017-12-22,19.72,19.99,19.62,19.98,93251000
2017-12-26,19.92,20.51,19.46,20.26,116791300
2017-12-27,20.02,20.78,19.78,20.22,138844100
2017-12-28,20.16,20.21,19.46,19.60,78388700
2017-12-29,19.59,19.87,18.01,18.17,119267600
2018-01-02,18.44,18.55,18.21,18.37,98447400
2018-01-03,18.42,18.62,18.02,18.13,114842300
2018-01-04,18.05,18.10,17.20,17.52,90429300
2018-01-05,17.63,17.94,17.45,17.92,120791300
2018-01-08,17.98,18.32,17.73,17.87,104652500
2018-01-09,17.88,18.18,17.66,18.11,115234100
2018-01-10,17.93,18.73,17.52,18.62,110991900
2018-01-11,18.75,18.92,18.39,18.67,58308500
2018-01-12,19.00,19.08,18.99,19.08,88456300
2018-01-16,19.22,19.65,19.19,19.62,106792300
2018-01-17,19.72,20.08,19.15,19.56,129165000
2018-01-18,19.70,19.80,18.96,19.11,81537600
2018-01-19,19.06,19.34,18.45,18.72,137170500
2018-01-22,18.81,18.95,18.13,18.14,90645300
2018-01-23,18.32,18.48,17.92,18.16,99932200
2018-01-24,18.31,18.77,18.03,18.72,116136400
2018-01-25,18.66,18.67,18.51,18.62,95994700
2018-01-26,18.64,19.11,18.56,19.00,107354000
2018-01-29,19.15,20.26,19.02,19.61,98188400
2018-01-30,19.72,19.99,19.07,19.33,105904100
2018-01-31,18.97,20.02,18.80,19.78,91487600
2018-02-01,19.89,19.99,19.49,19.60,129549300
2018-02-02,19.52,19.85,19.38,19.84,134195800
2018-02-05,20.13,20.86,19.99,20.57,124032900
2018-02-06,20.33,20.59,19.84,20.44,132142900
2018-02-07,20.72,20.91,20.03,20.14,118845400
2018-02-08,20.20,20.39,19.66,20.03,107023700
2018-02-09,19.79,19.80,18.74,19.07,108455600
2018-02-12,19.38,19.50,19.37,19.48,58690900
2018-02-13,19.53,20.78,19.11,20.64,88327200
2018-02-14,20.85,20.89,20.22,20.57,113964200
2018-02-15,20.54,21.17,20.29,21.14,78751800
2018-02-16,21.18,21.52,21.08,21.42,105567100
2018-02-20,21.72,22.10,20.30,20.47,85744500
2018-02-21,20.34,20.57,19.32,19.32,81905900
2018-02-22,19.47,19.92,19.40,19.91,114771000
2018-02-23,19.75,21.07,19.74,20.83,112520000
2018-02-26,20.89,20.99,20.55,20.79,92535600
2018-02-27,20.68,21.15,20.51,20.97,91796600
2018-02-28,20.95,21.51,20.88,21.45,117408000
2018-03-01,21.23,23.05,20.64,22.84,79932700
2018-03-02,22.63,22.77,22.03,22.22,86286300
2018-03-05,22.27,22.30,22.00,22.09,71340300
2018-03-06,22.06,22.16,21.92,22.13,71132300
2018-03-07,22.26,23.22,21.97,23.14,80581300
2018-03-08,23.30,23.30,21.89,22.25,79295700
2018-03-09,22.19,22.83,22.19,22.68,104492100
2018-03-12,22.66,23.84,22.55,23.81,68769300
2018-03-13,23.89,23.93,22.66,23.18,114480700
2018-03-14,23.05,23.48,22.73,23.31,116308200
2018-03-15,23.57,23.68,22.78,23.03,93086000
2018-03-16,23.12,23.20,22.12,22.12,119872700
2018-03-19,21.93,22.15,20.73,21.14,99030800
2018-03-20,21.48,21.61,20.50,20.84,86778200
2018-03-21,20.68,21.65,20.63,21.35,83340400
2018-03-22,21.15,21.28,21.13,21.28,113728400
2018-03-23,21.47,21.52,21.23,21.44,96694000
2018-03-26,21.30,21.45,20.82,21.20,101431200
2018-03-27,20.95,21.98,20.83,21.68,101678400
2018-03-28,21.76,22.12,21.63,22.09,98877300
2018-03-29,22.05,23.66,21.86,23.20,94044000
2018-03-30,22.91,23.16,22.03,22.20,85704800
2018-04-02,22.13,23.52,22.10,23.11,109204000
2018-04-03,23.03,23.62,23.00,23.53,79402800
2018-04-04,23.88,24.17,22.19,22.26,105667800
2018-04-05,22.21,22.39,21.65,22.01,99649600
2018-04-06,21.77,21.86,21.34,21.61,97825200
2018-04-09,21.61,22.48,21.41,22.34,93770000
2018-04-10,22.38,22.39,22.19,22.35,74091700
2018-04-11,22.07,22.75,21.95,22.47,123779500
2018-04-12,22.52,22.70,22.24,22.65,79847400
2018-04-13,22.28,22.68,22.07,22.43,81019200
2018-04-16,22.61,22.93,22.46,22.88,108665600
2018-04-17,22.92,23.26,22.61,22.78,81512800
2018-04-18,22.57,22.82,20.91,21.02,64550700
2018-04-19,21.28,21.70,21.22,21.64,84244800
2018-04-20,21.74,22.35,21.27,21.95,101739900
2018-04-23,21.77,22.80,21.69,22.71,89444600
2018-04-24,22.63,22.70,21.96,22.10,61887100
2018-04-25,22.15,22.30,21.93,22.14,90166100
2018-04-26,22.08,22.76,21.85,22.44,90824600
2018-04-27,22.48,23.72,22.31,23.28,99277200
2018-04-30,23.07,23.85,22.91,23.80,85608200
2018-05-01,23.78,24.72,23.35,24.60,76022900
2018-05-02,24.67,24.86,23.98,24.33,96909500
2018-05-03,24.39,25.19,24.12,25.11,127602700
2018-05-04,24.88,26.64,24.81,26.59,86519600
2018-05-07,26.66,27.76,26.42,27.08,92443600
2018-05-08,27.14,27.35,26.80,27.10,53591100
2018-05-09,27.46,28.18,26.90,28.11,77675000
2018-05-10,27.94,28.06,27.57,27.76,97882800
2018-05-11,27.66,28.00,27.27,27.91,102439500
2018-05-14,28.09,28.62,27.54,27.79,85894000
2018-05-15,27.89,27.94,27.48,27.81,106026500
2018-05-16,27.46,28.74,27.38,28.70,92548800
2018-05-17,28.65,29.87,28.51,29.62,78366000
2018-05-18,29.56,29.68,29.02,29.03,100834100
2018-05-21,29.18,29.23,27.82,28.23,107985500
2018-05-22,28.33,29.35,28.05,29.24,117167900
2018-05-23,29.28,29.67,29.26,29.61,83139700
2018-05-24,29.69,30.91,28.82,30.66,92615600
2018-05-25,30.96,31.04,29.84,30.09,84976400
2018-05-29,30.36,32.93,30.08,32.37,104569400
2018-05-30,32.77,33.71,32.67,33.39,120868000
2018-05-31,33.63,34.35,33.17,33.94,102244200
2018-06-01,33.94,34.04,33.32,33.71,84860500
2018-06-04,33.48,34.52,33.18,34.35,109911400
2018-06-05,34.48,34.97,32.47,32.55,147333700
2018-06-06,32.62,32.66,32.23,32.38,117716400
2018-06-07,32.62,32.65,30.50,31.06,146908400
2018-06-08,31.38,32.02,30.79,31.97,84456000
2018-06-11,31.91,33.74,31.69,33.46,83532400
2018-06-12,33.61,33.64,32.72,33.14,122193800
2018-06-13,33.21,33.21,32.58,32.58,123814800
2018-06-14,32.34,32.54,32.21,32.33,93868900
2018-06-15,32.69,33.17,32.47,32.90,99981500
2018-06-18,32.82,33.38,32.50,32.96,93038500
2018-06-19,32.68,34.18,32.58,33.96,105450600
2018-06-20,33.89,34.07,33.64,34.04,106553900
2018-06-21,34.50,34.56,32.28,32.40,81950000
2018-06-22,32.38,33.78,32.04,33.70,127671000
2018-06-25,33.79,34.36,31.88,32.46,102002500
2018-06-26,32.63,32.86,30.04,30.10,104882300
2018-06-27,30.24,32.39,29.82,31.84,59790400
2018-06-28,32.12,32.29,31.63,32.15,106021100
2018-06-29,31.79,31.99,31.20,31.34,109716800
2018-07-02,31.67,33.21,31.55,32.61,61568100
2018-07-03,33.30,33.41,32.29,32.33,107005900
2018-07-05,32.49,34.55,32.22,34.28,96826900
2018-07-06,33.95,35.56,33.56,35.23,108563100
2018-07-09,35.59,35.96,33.56,34.33,100058200
2018-07-10,33.87,34.41,33.78,34.06,82940700
2018-07-11,33.75,34.23,32.65,32.83,71745100
2018-07-12,32.51,33.85,32.17,33.67,79605600
2018-07-13,33.39,34.14,31.92,32.00,118875000
2018-07-16,31.66,31.95,30.59,30.76,121907000
2018-07-17,30.88,31.17,30.66,30.88,78946300
2018-07-18,30.55,31.95,29.89,31.65,68561500
2018-07-19,32.35,32.70,30.23,30.73,81497500
2018-07-20,30.66,31.01,30.22,30.87,124800400
2018-07-23,30.69,31.88,30.68,31.42,110185500
2018-07-24,31.54,32.19,31.34,32.13,97190100
2018-07-25,32.14,32.84,32.11,32.55,116870500
2018-07-26,33.23,34.55,31.85,31.87,106751100
2018-07-27,32.25,32.43,32.13,32.27,79701900
2018-07-30,32.21,33.23,31.40,33.02,82448300
2018-07-31,32.86,33.40,32.41,32.97,109883200
2018-08-01,32.64,32.70,32.01,32.20,105686300
2018-08-02,32.04,32.13,31.70,31.92,82752200
2018-08-03,32.40,33.12,30.25,31.09,88570600
2018-08-06,31.23,31.67,30.98,31.03,94225000
2018-08-07,31.40,31.94,29.50,29.58,115270300
2018-08-08,29.07,30.33,28.50,30.14,87189300
2018-08-09,30.18,30.72,30.13,30.53,116374700
2018-08-10,30.23,30.57,29.80,30.50,91371000
2018-08-13,30.62,30.64,29.07,29.58,97351500
2018-08-14,29.23,29.61,29.07,29.21,133781000
2018-08-15,28.98,29.34,28.49,28.80,92745200
2018-08-16,28.67,31.33,28.62,31.07,90342200
2018-08-17,30.82,31.27,29.35,29.60,115296300
2018-08-20,29.12,30.96,28.69,30.76,87690100
2018-08-21,30.44,32.15,30.25,31.94,89629900
2018-08-22,31.87,32.48,31.55,32.30,101520900
2018-08-23,32.65,33.33,32.03,32.52,66682700
2018-08-24,32.67,33.06,32.63,32.88,108105600
2018-08-27,32.56,33.53,32.18,33.30,109066700
2018-08-28,33.29,33.71,32.01,32.70,81729000
2018-08-29,32.63,32.97,31.25,31.92,156844100
2018-08-30,31.41,32.33,31.23,32.32,113627900
2018-08-31,32.48,32.60,30.92,31.28,138943500
2018-09-04,30.86,32.17,30.74,32.10,101382200
2018-09-05,32.20,32.41,31.76,32.21,109225900
2018-09-06,32.09,32.16,31.12,31.46,139192600
2018-09-07,31.93,32.71,31.31,32.45,85442000
2018-09-10,32.40,32.79,32.01,32.57,114201700
2018-09-11,32.62,33.61,31.68,31.72,95263900
2018-09-12,31.92,32.68,31.63,31.80,109383600
2018-09-13,31.42,32.23,30.96,31.68,94345600
2018-09-14,31.63,31.98,31.57,31.83,101182600
2018-09-17,31.52,32.31,31.28,32.19,89673600
2018-09-18,32.08,32.17,30.09,30.55,80844000
2018-09-19,30.91,31.54,30.15,30.31,95858600
2018-09-20,30.31,30.36,28.22,28.53,84213200
2018-09-21,28.23,28.46,27.38,28.14,92501600
2018-09-24,27.89,28.33,26.72,26.89,118538800
2018-09-25,26.95,27.07,26.52,26.79,117698700
2018-09-26,26.85,26.93,26.48,26.72,96888400
2018-09-27,26.70,27.07,25.97,26.23,94014100
2018-09-28,26.28,27.42,25.94,27.35,99552100
2018-10-01,27.60,27.83,26.95,27.09,124653800
2018-10-02,26.87,28.55,26.80,28.27,81334300
2018-10-03,28.35,28.89,28.31,28.74,97257500
2018-10-04,28.79,29.30,28.56,28.97,85243500
2018-10-05,29.26,29.48,27.82,28.13,120871200
2018-10-09,27.87,29.45,27.76,29.38,112405000
2018-10-10,29.83,29.90,27.92,28.13,89619700
2018-10-11,28.34,28.63,27.01,27.39,93364500
2018-10-12,27.57,27.91,26.41,26.70,99634200
2018-10-15,26.77,27.08,25.95,26.32,98098000
2018-10-16,26.36,27.83,26.16,27.44,77921200
2018-10-17,27.15,28.07,26.84,27.59,77409400
2018-10-18,27.16,27.19,26.18,26.32,81982600
2018-10-19,26.48,26.82,26.01,26.24,100596400
2018-10-22,25.95,26.90,25.73,26.64,91707600
2018-10-23,26.80,27.74,26.67,27.34,102628100
2018-10-24,27.41,29.08,27.34,28.69,103882300
2018-10-25,28.67,28.72,28.51,28.58,108829100
2018-10-26,28.87,30.64,28.53,30.43,119485100
2018-10-29,30.43,30.82,30.21,30.24,94506800
2018-10-30,30.33,30.73,29.65,30.20,104936500
2018-10-31,30.00,30.23,29.78,30.22,58687100
2018-11-01,30.16,30.73,29.56,30.23,45577100
2018-11-02,30.11,31.56,29.94,31.25,75475900
2018-11-05,31.30,32.09,30.94,31.66,100473600
2018-11-06,31.46,32.48,31.25,32.28,113935200
2018-11-07,32.32,32.33,30.37,30.70,71702300
2018-11-08,30.36,30.97,30.31,30.82,97148900
2018-11-09,30.88,31.67,30.65,31.00,125220700
2018-11-13,30.88,32.17,30.84,32.02,86387500
2018-11-14,32.11,32.42,31.73,31.87,102836600
2018-11-15,31.83,32.30,31.21,32.04,111727100
2018-11-16,32.23,32.50,31.68,32.41,98981800
2018-11-19,32.80,32.83,32.29,32.44,107593500
2018-11-20,32.03,33.18,31.63,33.04,93996200
2018-11-21,32.62,34.48,32.58,33.58,103021500
2018-11-23,33.76,34.04,32.55,33.60,118123000
2018-11-26,33.61,34.62,32.94,34.20,124296600
2018-11-27,34.12,36.44,34.11,35.87,83696600
2018-11-28,36.27,36.63,34.41,34.56,126371000
2018-11-29,34.85,35.09,32.09,32.49,108919900
2018-11-30,32.61,32.92,31.27,31.48,111375100
2018-12-03,31.79,31.98,30.71,30.86,73892000
2018-12-04,30.89,31.80,30.33,31.71,96377400
2018-12-05,31.77,32.07,30.76,31.17,122989200
2018-12-06,31.48,31.86,31.16,31.82,64441800
2018-12-07,32.09,33.71,31.82,33.49,98466400
2018-12-10,33.32,34.05,33.30,33.77,76432200
2018-12-11,33.64,34.14,33.48,33.78,118438600
2018-12-12,33.76,37.59,33.27,37.50,83689900
2018-12-13,37.72,37.81,36.11,36.26,95829900
2018-12-14,36.27,36.49,36.02,36.35,105801500
2018-12-17,36.25,36.46,35.51,35.99,94395800
2018-12-18,35.96,36.11,33.68,33.81,84988800
2018-12-19,33.96,35.40,33.36,35.05,73225900
2018-12-20,35.35,35.46,34.89,35.32,105981000
2018-12-21,34.97,35.00,34.46,34.70,76713100
2018-12-24,34.56,34.97,33.14,33.60,99427000
2018-12-26,33.33,34.17,32.75,33.60,111746300
2018-12-27,33.74,33.82,32.63,32.80,124860500
2018-12-28,32.93,35.06,32.92,34.18,90891800
2018-12-31,34.27,34.56,32.59,32.67,84448800
2019-01-02,32.88,33.60,31.35,31.66,125808200
2019-01-03,31.65,31.74,30.76,31.27,108933700
2019-01-04,31.16,32.09,30.83,31.60,91752200
2019-01-07,32.23,32.45,30.93,31.02,113314400
2019-01-08,31.50,33.10,30.87,32.86,87585300
2019-01-09,32.63,33.95,32.45,33.48,102815900
2019-01-10,32.92,33.47,32.67,33.00,107945200
2019-01-11,33.10,33.22,31.98,32.11,88080900
2019-01-14,32.41,32.69,30.83,30.93,93251800
2019-01-15,30.98,31.41,29.61,29.61,62941800
2019-01-16,30.16,30.49,29.89,30.18,157793400
2019-01-17,30.03,30.94,29.71,30.17,115090000
2019-01-18,30.30,32.25,30.23,32.17,89320900
2019-01-22,31.80,32.57,31.18,31.58,94021400
2019-01-23,31.82,32.34,30.20,30.46,86966300
2019-01-24,30.46,30.59,29.17,29.60,114735900
2019-01-25,29.47,30.02,29.12,29.13,114712200
2019-01-28,29.18,29.86,29.10,29.54,101007200
2019-01-29,29.84,30.04,27.88,28.46,124183000
2019-01-30,28.22,29.41,28.00,29.19,128186700
2019-01-31,29.42,29.50,28.39,28.64,74131700
2019-02-01,28.05,28.63,27.93,28.42,128865100
2019-02-04,28.68,29.60,27.95,29.36,112578600
2019-02-05,29.57,29.58,28.33,28.58,81802800
2019-02-06,28.61,28.76,27.51,27.54,87594300
2019-02-07,27.52,28.70,27.12,28.58,87078900
2019-02-08,28.35,29.22,28.12,28.90,62437400
2019-02-11,28.70,29.81,28.38,29.74,125348300
2019-02-12,29.50,30.48,28.81,30.17,120497600
2019-02-13,30.51,31.62,30.28,31.00,113857100
2019-02-14,31.55,33.02,30.88,32.51,100958400
2019-02-15,32.45,32.55,31.28,31.85,91119400
2019-02-19,31.78,32.04,29.89,30.62,108991100
2019-02-20,30.85,31.01,30.61,30.62,97540000
2019-02-21,30.51,31.47,30.01,30.99,63854500
2019-02-22,30.53,30.66,29.20,29.32,104442200
2019-02-25,29.24,30.17,29.09,29.95,64857700
2019-02-26,29.87,31.37,29.83,31.27,74553100
2019-02-27,30.91,32.63,30.62,32.20,104028700
2019-02-28,32.24,32.73,31.69,31.93,91732900
2019-03-01,31.81,31.93,31.19,31.51,105640200
2019-03-04,31.17,31.27,30.53,30.93,84137100
2019-03-05,30.40,31.88,29.91,31.65,78474400
2019-03-06,31.93,32.46,31.69,31.70,88701600
2019-03-07,31.78,31.81,30.47,30.75,144423500
2019-03-08,31.18,31.53,30.98,31.10,120867300
2019-03-11,30.26,32.17,30.10,31.51,121400800
2019-03-12,30.92,31.86,28.81,29.05,105640900
2019-03-13,28.95,29.47,27.61,27.88,114422100
2019-03-14,28.18,28.33,27.64,27.79,111516500
2019-03-15,27.46,29.02,27.24,28.99,99919500
2019-03-18,29.13,29.28,28.45,28.67,96370900
2019-03-19,27.94,29.32,27.37,28.86,116000800
2019-03-20,29.03,29.42,28.48,28.99,73648600
2019-03-21,28.82,29.62,28.53,28.91,95631100
2019-03-22,28.50,28.83,28.49,28.72,117981600
2019-03-25,28.55,29.24,28.42,28.89,119811400
2019-03-26,28.87,29.12,28.38,28.78,82520700
2019-03-27,28.76,28.98,27.55,27.73,130207300
2019-03-28,28.14,28.18,26.57,27.06,80867500
2019-03-29,26.94,26.97,26.30,26.44,99605600
2019-04-01,26.25,27.60,25.81,27.53,90560800
2019-04-02,27.39,28.68,26.96,28.08,77241400
2019-04-03,28.06,28.17,27.14,27.31,103654200
2019-04-04,27.56,28.09,26.50,26.97,97499700
2019-04-05,26.76,27.08,25.91,26.41,51023300
2019-04-08,26.63,26.67,24.60,25.01,128236900
2019-04-09,25.09,25.40,23.94,24.29,103613500
2019-04-10,24.22,24.78,24.22,24.63,96394000
2019-04-11,24.89,24.92,24.38,24.55,113275000
2019-04-12,24.77,25.73,24.33,25.37,67385300
2019-04-15,25.59,25.91,24.73,25.23,57427500
2019-04-16,25.65,25.76,25.40,25.60,126059500
2019-04-17,25.63,26.58,25.40,26.35,79817500
2019-04-18,26.49,26.99,26.42,26.70,93833900
2019-04-19,26.35,26.37,25.64,26.01,74060600
2019-04-22,26.31,27.17,26.31,26.90,103621500
2019-04-23,27.11,27.16,25.25,25.34,109430600
2019-04-24,25.41,26.41,24.92,26.28,97151000
2019-04-25,26.29,26.78,26.19,26.73,73460200
2019-04-26,26.68,26.92,26.30,26.52,85509200
2019-04-29,26.20,27.90,26.08,27.86,105454500
2019-04-30,27.70,28.43,26.92,27.15,105446700
2019-05-01,27.02,27.33,26.50,26.70,86558900
2019-05-02,26.77,27.80,26.32,27.54,110871300
2019-05-03,27.61,28.83,27.24,28.23,124669800
2019-05-06,28.27,28.29,27.05,27.37,86845500
2019-05-07,27.39,27.86,26.95,27.73,113680900
2019-05-08,27.53,27.80,27.18,27.49,105340400
2019-05-09,27.53,27.68,26.92,27.01,77334400
2019-05-10,27.31,27.58,26.96,27.40,56116900
2019-05-13,27.35,27.72,26.97,27.51,79251600
2019-05-14,27.37,28.96,26.92,28.32,121821400
2019-05-15,28.17,28.31,27.98,28.19,115008800
2019-05-16,28.17,29.35,27.91,29.21,71598800
2019-05-17,28.71,28.94,27.61,27.76,141963500
2019-05-20,28.16,28.88,27.40,27.90,137968900
2019-05-21,28.09,28.94,27.71,28.70,88888400
2019-05-22,28.80,29.19,28.52,29.15,103578800
2019-05-23,29.69,29.85,28.47,28.76,92832200
2019-05-24,28.51,28.52,27.67,27.94,90865600
2019-05-28,27.85,27.93,27.18,27.29,61599300
2019-05-29,27.27,27.67,25.58,25.96,90778300
2019-05-30,25.98,26.06,25.28,25.34,92154700
2019-05-31,25.18,25.37,24.53,25.05,61848700
2019-06-03,25.24,25.55,24.65,24.82,91974500
2019-06-04,24.79,25.51,24.54,25.35,94366700
2019-06-05,25.33,25.58,24.12,24.27,93154400
2019-06-06,24.01,24.87,23.92,24.45,93235300
2019-06-07,24.72,25.03,23.79,24.07,118244000
2019-06-10,24.15,25.92,24.02,25.48,85625900
2019-06-11,25.85,26.73,25.54,26.49,122643200
2019-06-12,25.98,27.07,25.72,26.85,95905100
2019-06-13,26.66,27.28,26.63,27.24,71378600
2019-06-14,27.05,28.24,26.86,28.13,94979600
2019-06-17,28.38,28.42,26.74,26.94,54316200
2019-06-18,26.95,26.98,25.83,26.09,130820000
2019-06-19,26.10,27.49,25.95,27.00,94277400
2019-06-20,26.68,28.39,26.26,28.18,111436300
2019-06-21,27.81,28.29,27.18,27.82,125269900
2019-06-24,27.48,27.77,25.63,25.97,72866800
2019-06-25,26.04,26.36,25.08,25.11,118455900
2019-06-26,25.10,25.53,24.28,24.60,102663000
2019-06-27,24.48,25.53,24.37,25.17,67018800
2019-06-28,24.98,25.35,24.64,25.02,80306500
2019-07-01,25.00,25.45,24.94,25.24,65560700
2019-07-02,25.11,25.77,24.77,25.42,110688600
2019-07-03,25.45,25.79,25.10,25.29,104660400
2019-07-05,25.23,26.81,25.08,26.77,75710000
2019-07-08,26.87,28.19,26.75,27.61,98024200
2019-07-09,27.45,28.10,27.24,27.86,148588200
2019-07-10,27.88,28.66,27.81,27.99,108953200
2019-07-11,27.91,28.36,25.88,26.29,80647100
2019-07-12,26.44,26.85,25.38,25.58,116845200
2019-07-15,25.48,25.66,24.30,25.03,114302800
2019-07-16,25.08,25.34,23.87,23.92,109447700
2019-07-17,24.17,24.19,23.89,23.93,111101200
2019-07-18,23.87,24.86,23.66,24.08,131069400
2019-07-19,24.23,24.86,24.19,24.76,78494300
2019-07-22,25.05,25.36,24.26,24.52,103854400
2019-07-23,24.41,24.77,22.81,23.01,114823500
2019-07-24,22.90,23.97,22.71,23.54,75724700
2019-07-25,23.57,24.29,23.11,24.28,102416200
2019-07-26,23.98,24.73,23.84,24.27,88338200
2019-07-29,24.29,24.74,24.10,24.22,91909400
2019-07-30,24.08,25.07,23.83,24.51,82416100
2019-07-31,24.49,24.95,24.00,24.36,93885000
2019-08-01,24.72,24.94,24.01,24.59,70777000
2019-08-02,24.96,25.17,22.93,23.10,91018900
2019-08-05,23.00,23.20,22.50,22.65,149477000
2019-08-06,22.57,22.64,22.44,22.64,108957800
2019-08-07,22.75,22.82,21.89,22.04,104746800
2019-08-08,22.12,24.18,21.95,23.50,101237500
2019-08-09,23.52,23.78,21.94,22.11,108890800
2019-08-12,22.39,23.27,21.82,21.84,90072900
2019-08-13,21.78,21.90,21.62,21.79,82110600
2019-08-14,21.55,22.55,21.52,22.35,105279000
2019-08-15,22.51,22.66,22.26,22.40,86416300
2019-08-16,22.72,22.72,21.94,22.34,79817700
2019-08-19,22.36,22.65,20.87,21.05,78427700
2019-08-20,21.15,21.62,20.99,21.40,72878900
2019-08-21,21.26,21.65,21.20,21.63,123775900
2019-08-22,21.82,22.07,20.93,21.20,85877800
2019-08-23,21.13,21.75,20.64,20.82,124431000
2019-08-26,20.95,21.06,20.75,20.92,92574000
2019-08-27,21.17,21.44,20.28,20.43,109393400
2019-08-28,20.25,21.30,20.21,20.87,117032100
2019-08-29,20.99,21.54,20.74,21.34,103675700
2019-08-30,21.30,22.32,21.22,22.30,74489000
2019-09-03,21.96,23.03,21.74,22.78,130921500
2019-09-04,22.68,23.09,21.82,22.56,58465100
2019-09-05,22.46,23.51,21.97,23.15,96007600
2019-09-06,22.95,23.73,22.90,23.44,84228200
2019-09-09,23.73,25.02,23.70,24.50,107264400
2019-09-10,24.80,25.10,23.29,23.31,100715900
2019-09-11,23.34,23.64,22.74,23.29,85779200
2019-09-12,23.38,23.53,21.84,22.02,116136100
2019-09-13,22.11,24.20,21.87,24.11,94996200
2019-09-16,24.17,24.93,24.13,24.51,132812000
2019-09-17,24.53,24.77,23.86,23.86,117451700
2019-09-18,23.91,25.30,23.72,24.88,105911400
2019-09-19,25.08,25.27,22.87,23.07,98804900
2019-09-20,22.95,23.27,21.99,22.19,82010900
2019-09-23,22.51,22.80,21.86,22.02,136327800
2019-09-24,21.71,21.88,21.20,21.46,107603300
2019-09-25,21.65,23.04,21.01,22.71,76624800
2019-09-26,22.70,22.83,22.57,22.82,111969200
2019-09-27,22.88,23.17,22.59,22.75,103791900
2019-09-30,23.11,23.37,21.78,21.91,79054500
2019-10-01,21.96,22.39,21.68,22.35,94411600
2019-10-02,22.35,23.25,22.34,22.68,72689000
2019-10-03,23.09,23.61,23.09,23.15,102413300
2019-10-04,22.98,23.60,22.77,23.18,93258100
2019-10-07,23.07,23.56,22.85,22.88,102495900
2019-10-08,22.61,22.86,22.26,22.36,62056300
2019-10-09,22.21,22.41,21.89,21.89,110770500
2019-10-10,22.10,22.42,20.84,21.01,69999100
2019-10-11,20.97,21.30,20.91,21.22,66391200
2019-10-15,20.78,21.00,20.57,20.73,135033900
2019-10-16,20.50,20.84,20.03,20.79,126401100
2019-10-17,20.76,20.80,19.82,20.19,83894700
2019-10-18,20.39,20.58,20.11,20.40,124359300
2019-10-21,20.34,20.63,19.75,19.93,82689900
2019-10-22,20.17,20.40,19.77,20.18,102490100
2019-10-23,20.19,20.40,20.08,20.23,97896600
2019-10-24,20.29,20.90,20.08,20.89,54723300
2019-10-25,20.98,21.33,20.63,20.74,115577100
2019-10-28,20.87,20.88,20.08,20.09,101863500
2019-10-29,20.03,20.30,19.21,19.31,88117700
2019-10-30,19.28,20.37,19.11,20.31,114757000
2019-10-31,20.19,20.67,19.88,20.46,95048900
2019-11-01,20.56,21.71,20.53,21.42,90117400
2019-11-04,21.62,21.64,21.07,21.25,91550800
2019-11-05,21.21,22.26,21.17,22.23,85745700
2019-11-06,21.92,22.03,21.34,21.51,92112800
2019-11-07,21.49,21.86,21.33,21.67,75616500
2019-11-08,21.39,22.09,21.29,21.95,106915800
2019-11-12,21.98,22.51,21.21,21.81,103571100
2019-11-13,21.89,22.27,21.82,22.17,87937100
2019-11-14,22.27,22.81,22.14,22.30,106997500
2019-11-15,22.39,22.53,21.74,22.10,87638100
2019-11-18,21.80,22.17,21.72,21.85,99342200
2019-11-19,22.04,22.34,21.65,22.25,105170500
2019-11-20,22.17,22.89,21.79,22.63,110950900
2019-11-21,22.50,22.89,22.49,22.54,50780200
2019-11-22,22.71,23.15,22.37,23.03,109793200
2019-11-25,23.08,24.79,22.97,24.59,95774200
2019-11-26,24.47,25.71,24.33,25.13,78711400
2019-11-27,25.23,25.43,24.50,24.53,123821200
2019-11-29,24.84,25.02,23.85,24.04,72186800
2019-12-02,24.16,24.20,24.02,24.08,102238200
2019-12-03,24.23,24.33,23.96,24.26,89300400
2019-12-04,24.03,24.47,23.55,23.92,98047400
2019-12-05,23.88,25.13,23.79,24.72,74301700
2019-12-06,24.92,25.20,24.60,24.96,76649000
2019-12-09,24.92,24.99,23.50,23.79,91109200
2019-12-10,23.82,24.70,23.56,24.19,100417600
2019-12-11,24.25,24.48,23.36,23.42,111837400
2019-12-12,23.56,23.90,23.37,23.52,102978100
2019-12-13,23.52,23.68,21.92,22.04,93032500
2019-12-16,21.98,22.10,21.24,21.41,96540500
2019-12-17,21.15,21.23,20.44,20.95,83757400
2019-12-18,20.75,21.17,20.72,21.11,88081200
2019-12-19,20.98,21.55,20.68,21.21,66300800
2019-12-20,21.30,21.59,20.13,20.62,79623600
2019-12-23,20.44,20.54,19.93,20.27,111242600
2019-12-24,20.11,20.39,19.91,20.35,107796200
2019-12-26,20.16,20.73,20.04,20.49,90309700
2019-12-27,20.59,21.15,20.31,21.09,113460500
2019-12-30,21.37,21.85,20.88,21.83,94431300
2019-12-31,21.78,22.88,21.54,22.84,123226900
2020-01-02,22.81,23.71,22.79,23.35,82877300
2020-01-03,23.08,23.15,22.61,22.87,109561700
2020-01-06,22.79,22.84,21.66,21.92,113794400
2020-01-07,21.82,23.68,21.14,23.31,88015700
2020-01-08,23.33,23.59,22.87,23.44,102232700
2020-01-09,23.29,23.47,23.22,23.28,100196200
2020-01-10,23.23,23.65,21.93,22.11,112959600
2020-01-13,21.73,22.83,21.62,22.38,72227300
2020-01-14,22.62,23.44,22.59,23.11,97206300
2020-01-15,22.62,22.68,22.40,22.49,61888400
2020-01-16,22.58,23.01,22.42,22.76,78038000
2020-01-17,22.42,23.15,22.06,22.76,67474800
2020-01-21,23.13,23.77,22.93,23.60,92201000
2020-01-22,23.60,23.86,23.32,23.37,48364400
2020-01-23,23.39,23.82,23.15,23.52,82034400
2020-01-24,23.48,25.22,23.23,25.07,85056700
2020-01-27,25.08,26.54,25.07,26.28,126074600
2020-01-28,26.32,26.73,25.90,25.94,80638100
2020-01-29,25.74,25.99,24.76,25.20,108406600
2020-01-30,25.21,25.48,25.09,25.19,108236600
2020-01-31,25.04,25.83,24.28,25.57,64399300
2020-02-03,25.40,25.43,23.98,24.41,98330900
2020-02-04,24.33,24.48,23.75,23.87,87216500
2020-02-05,24.19,24.40,24.10,24.39,81160200
2020-02-06,24.61,24.72,23.58,23.74,119056700
2020-02-07,23.66,24.44,23.49,23.83,99269000
2020-02-10,23.80,24.21,23.76,24.16,93672600
2020-02-11,24.03,24.21,23.65,23.88,115501700
2020-02-12,23.86,24.02,23.18,23.20,87498500
2020-02-13,23.41,23.50,23.18,23.24,114507700
2020-02-14,23.42,23.62,23.14,23.56,107819800
2020-02-18,23.48,24.26,23.26,23.97,73200500
2020-02-19,24.09,25.39,23.70,25.02,110841000
2020-02-20,24.91,25.20,24.59,24.82,101842600
2020-02-21,24.63,26.56,24.34,26.14,135378400
2020-02-24,26.24,28.20,25.93,28.13,89341000
2020-02-25,28.07,28.21,26.81,27.02,74417000
2020-02-26,26.93,28.35,26.81,28.07,94678300
2020-02-27,27.99,28.00,26.96,27.41,93889000
2020-02-28,27.19,27.23,26.64,26.82,74998400
2020-03-02,26.90,27.37,26.71,27.27,62122600
2020-03-03,27.72,27.80,27.57,27.80,74729600
2020-03-04,27.34,27.90,27.33,27.52,94034700
2020-03-05,27.11,29.23,26.83,29.02,107358900
2020-03-06,28.85,29.59,28.30,29.55,111377400
2020-03-09,29.66,29.94,28.66,29.23,131025900
2020-03-10,29.15,31.67,28.64,31.46,101322900
2020-03-11,31.18,32.42,31.09,32.19,103129000
2020-03-12,31.98,33.33,31.61,32.58,111408300
2020-03-13,32.63,33.57,32.40,33.22,63562300
2020-03-16,33.62,34.76,33.33,34.70,102293900
2020-03-17,34.98,35.20,32.47,32.60,73895400
2020-03-18,32.63,32.90,31.97,32.28,75608400
2020-03-19,32.01,32.16,31.16,31.22,96210500
2020-03-20,31.10,31.18,29.47,29.49,100710200
2020-03-23,29.79,30.18,29.38,29.87,80473800
2020-03-24,29.87,31.39,29.65,30.63,99667500
2020-03-25,30.74,31.38,30.29,31.25,97956200
2020-03-26,31.23,31.54,30.25,30.44,104548300
2020-03-27,30.32,30.52,29.61,29.93,122948700
2020-03-30,29.48,30.38,28.60,29.18,120077900
2020-03-31,28.92,30.76,28.78,30.63,93318700
2020-04-01,31.08,32.44,30.95,31.53,76192900
2020-04-02,31.85,31.98,31.33,31.87,119728300
2020-04-03,32.12,32.71,31.42,31.72,110132700
2020-04-06,32.00,32.01,31.67,31.89,102728800
2020-04-07,31.64,34.14,31.47,33.33,93867800
2020-04-08,33.98,36.26,33.16,35.54,80670700
2020-04-09,35.35,35.89,33.67,33.77,93409600
2020-04-10,34.02,34.29,32.04,32.91,132439100
2020-04-13,32.26,33.17,31.84,32.90,122979300
2020-04-14,32.62,33.14,31.43,31.62,94667400
2020-04-15,31.42,31.68,30.23,30.85,97068800
2020-04-16,30.92,32.53,30.83,32.18,121138000
2020-04-17,32.62,32.79,31.71,32.22,117968900
2020-04-20,32.33,33.81,32.32,33.55,114353400
2020-04-21,33.33,33.49,32.85,33.46,75451100
2020-04-22,33.02,34.82,32.86,34.26,63809800
2020-04-23,34.05,34.16,33.60,33.66,76020800
2020-04-24,33.91,34.80,33.36,34.69,94645400
2020-04-27,34.81,36.54,34.47,35.78,66876200
2020-04-28,35.98,36.11,34.98,35.49,115393500
2020-04-29,35.11,35.41,33.68,34.05,91204400
2020-04-30,33.66,35.82,33.29,35.58,85817300
2020-05-01,35.15,35.51,34.32,34.78,45266000
2020-05-04,34.96,35.63,34.77,35.31,91252900
2020-05-05,35.19,35.36,33.40,33.77,114426100
2020-05-06,33.75,34.28,32.04,32.68,92111600
2020-05-07,32.82,34.03,32.05,33.24,93059600
2020-05-08,33.77,33.79,32.58,33.05,132837500
2020-05-11,33.14,34.06,31.99,32.48,117959000
2020-05-12,32.35,33.03,31.96,32.75,58712300
2020-05-13,32.85,33.04,31.14,31.46,119399800
2020-05-14,30.63,30.86,30.37,30.79,69067200
2020-05-15,31.11,31.28,31.11,31.21,100361400
2020-05-18,30.92,31.33,30.30,31.05,78950500
2020-05-19,30.66,32.25,30.64,31.85,65758000
2020-05-20,32.03,33.51,31.98,33.13,94958200
2020-05-21,33.27,33.37,31.96,32.38,74809300
2020-05-22,32.28,32.60,30.27,30.34,120111600
2020-05-26,30.62,31.47,30.17,31.41,87902600
2020-05-27,31.59,31.64,29.87,30.12,101522600
2020-05-28,30.41,30.88,30.05,30.71,100094900
2020-05-29,30.84,31.13,28.90,29.65,90089000
2020-06-01,29.67,31.80,29.17,31.14,109722300
2020-06-02,31.14,31.42,30.28,30.46,74445800
2020-06-03,30.60,30.74,30.43,30.53,91070800
2020-06-04,30.65,30.97,29.32,30.00,99149200
2020-06-05,29.92,31.88,29.46,31.53,118921100
2020-06-08,31.50,31.58,29.42,29.75,112947600
2020-06-09,29.98,30.48,27.82,28.26,115407200
2020-06-10,28.06,28.10,26.39,26.86,119941000
2020-06-11,26.85,28.49,26.25,27.93,98727300
2020-06-12,27.92,29.10,27.37,28.05,159581800
2020-06-15,28.41,29.55,28.28,29.45,49221000
2020-06-16,29.34,29.90,29.19,29.41,88203300
2020-06-17,29.13,29.30,28.32,28.76,95465100
2020-06-18,29.06,30.13,28.99,29.75,99067400
2020-06-19,29.49,29.85,27.99,28.08,131913300
2020-06-22,28.40,28.52,27.47,27.60,110482600
2020-06-23,27.45,27.80,26.88,27.09,108619400
2020-06-24,26.75,26.89,25.98,26.20,101195300
2020-06-25,26.21,26.33,25.63,26.19,133591700
2020-06-26,26.13,26.20,25.43,25.74,87973800
2020-06-29,25.68,26.05,24.79,25.06,114603400
2020-06-30,25.15,26.01,25.02,26.00,114896800
2020-07-01,25.84,26.88,25.67,26.76,73652200
2020-07-02,26.82,27.52,26.80,27.33,120867700
2020-07-06,26.94,27.36,26.66,27.24,105113100
2020-07-07,27.09,27.33,26.40,26.60,69958400
2020-07-08,26.66,27.09,26.07,26.33,66072500
2020-07-09,26.39,26.60,24.37,24.76,95228800
2020-07-10,24.73,25.11,24.61,24.98,111410200
2020-07-13,25.13,25.88,25.09,25.77,97765900
2020-07-14,25.92,27.35,25.69,26.87,107061300
2020-07-15,26.99,27.74,26.49,27.08,50412000
2020-07-16,27.19,27.28,26.80,27.11,98514900
2020-07-17,26.97,27.12,25.28,25.76,119016600
2020-07-20,25.57,26.38,25.52,25.96,89515300
2020-07-21,25.94,26.62,25.67,26.16,96244100
2020-07-22,26.15,26.88,25.78,26.74,113870900
2020-07-23,26.45,26.95,26.25,26.80,81714800
2020-07-24,26.59,29.06,26.32,28.70,125871300
2020-07-27,28.65,29.26,26.73,27.05,76021700
2020-07-28,27.06,27.42,26.28,26.67,105421500
2020-07-29,26.62,28.57,26.24,28.49,90025800
2020-07-30,28.44,28.80,28.02,28.41,135378500
2020-07-31,28.65,28.87,27.88,27.92,115432600
2020-08-03,27.80,29.28,27.79,29.18,71854700
2020-08-04,29.17,30.61,28.18,30.55,87373100
2020-08-05,30.06,30.53,29.75,30.38,76761500
2020-08-06,30.92,31.35,30.23,30.40,70622900
2020-08-07,30.65,31.08,29.13,29.93,82228700
2020-08-10,30.07,30.18,28.72,29.04,48409500
2020-08-11,29.23,31.49,28.86,31.17,107460900
2020-08-12,31.58,32.55,29.50,29.65,95318100
2020-08-13,29.88,30.38,29.82,30.34,126330700
2020-08-14,30.36,31.62,29.84,31.45,116150500
2020-08-17,31.62,31.99,31.43,31.91,107295800
2020-08-18,31.77,32.26,31.63,32.01,105218400
2020-08-19,31.58,31.83,31.06,31.72,108085200
2020-08-20,31.94,32.17,30.54,31.03,95028200
2020-08-21,31.20,32.63,30.82,32.43,126427800
2020-08-24,32.41,34.28,32.40,33.95,97783900
2020-08-25,33.79,35.66,33.60,34.88,82836900
2020-08-26,35.01,36.79,33.77,36.68,76818400
2020-08-27,37.26,38.08,36.22,36.51,139662400
2020-08-28,36.41,37.07,36.22,36.70,109384900
2020-08-31,36.80,36.93,35.94,36.53,106368400
2020-09-01,36.36,37.13,35.86,36.85,120924000
2020-09-02,37.10,37.49,35.49,36.17,96510900
2020-09-03,36.33,36.81,36.28,36.47,86516100
2020-09-04,36.66,36.89,35.44,35.77,123994500
2020-09-08,35.51,37.69,35.46,36.80,99899200
2020-09-09,36.51,37.68,36.21,36.99,89482700
2020-09-10,37.09,38.06,36.47,37.93,95139200
2020-09-11,37.65,37.85,36.51,37.21,130947700
2020-09-14,36.84,37.58,36.35,37.08,113238500
2020-09-15,36.96,37.17,35.83,36.01,122613100
2020-09-16,35.67,38.38,35.37,37.54,103789900
2020-09-17,37.72,40.03,37.52,39.28,96625400
2020-09-18,39.28,40.27,38.63,39.92,132552000
2020-09-21,39.66,42.24,39.27,42.15,84692200
2020-09-22,41.49,42.64,41.30,41.92,84364200
2020-09-23,41.82,42.62,40.82,40.85,92659000
2020-09-24,41.46,43.57,41.22,42.77,110591800
2020-09-25,43.07,44.97,41.97,44.25,78111000
2020-09-28,43.88,44.64,43.34,43.37,65492900
2020-09-29,43.44,43.62,43.02,43.26,126021200
2020-09-30,43.01,44.21,42.04,43.64,98863000
2020-10-01,42.94,43.05,41.21,41.36,105370000
2020-10-02,41.80,43.75,41.36,43.22,118557700
2020-10-05,42.84,43.26,42.09,42.45,146743200
2020-10-06,42.30,42.66,40.05,40.61,99743700
2020-10-07,40.18,41.87,39.87,41.55,88586200
2020-10-08,41.14,43.79,40.62,43.20,70242800
2020-10-09,43.16,43.97,42.40,43.58,99761800
2020-10-13,42.76,44.15,42.49,44.06,78915500
2020-10-14,44.30,44.34,42.04,42.27,117079500
2020-10-15,42.65,42.83,42.18,42.76,101860200
2020-10-16,43.01,43.73,41.75,41.94,137686700
2020-10-19,42.36,42.75,41.72,41.77,60894500
2020-10-20,41.70,42.80,41.70,41.99,61367100
2020-10-21,42.10,42.79,40.97,42.33,111036800
2020-10-22,42.52,43.05,40.31,40.86,95287900
2020-10-23,40.82,40.95,38.03,38.36,117020800
2020-10-26,38.14,38.31,37.73,37.87,100926400
2020-10-27,38.39,38.64,37.70,38.11,110339300
2020-10-28,38.09,38.44,37.31,37.51,65031200
2020-10-29,37.73,38.67,37.72,38.54,122206600
2020-10-30,38.33,38.50,38.21,38.33,100971300
2020-11-02,37.98,38.93,36.76,37.06,111405500
2020-11-03,37.17,37.23,35.31,36.29,125371200
2020-11-04,36.32,37.92,35.75,37.91,82795900
2020-11-05,37.82,37.89,37.59,37.62,102317600
2020-11-06,37.78,38.30,37.62,37.99,86390300
2020-11-09,37.71,38.05,37.36,37.94,100513800
2020-11-10,37.79,38.67,37.31,37.76,72304500
2020-11-12,37.77,37.96,36.70,36.95,71156600
2020-11-13,37.18,37.69,36.66,36.74,62134700
2020-11-16,36.43,36.78,35.35,35.47,95589400
2020-11-17,34.92,35.76,34.72,35.46,120745200
2020-11-18,35.61,36.42,35.15,36.20,86796900
2020-11-19,35.90,38.27,35.82,37.93,100560300
2020-11-20,38.10,38.46,37.28,37.74,109366500
2020-11-23,37.51,39.10,37.47,37.79,104293000
2020-11-24,37.57,37.71,36.75,37.64,110093300
2020-11-25,37.60,39.18,36.92,39.04,98861100
2020-11-27,39.39,39.84,37.69,37.96,94034900
2020-11-30,38.22,38.52,38.00,38.39,88936600
2020-12-01,38.56,38.66,37.30,37.35,120453500
2020-12-02,37.20,37.48,36.25,36.40,71390700
2020-12-03,36.35,36.39,34.59,34.66,75878700
2020-12-04,34.86,36.59,34.28,36.25,111002900
2020-12-07,36.09,36.19,35.77,36.01,74938000
2020-12-08,36.19,37.29,35.75,37.03,83773200
2020-12-09,36.72,37.21,36.58,36.91,87198700
2020-12-10,36.72,38.54,36.46,37.98,89743200
2020-12-11,37.89,38.80,37.64,38.63,97800600
2020-12-14,38.57,39.20,38.45,38.88,99531400
2020-12-15,39.45,39.98,38.38,38.47,106675200
2020-12-16,38.00,38.03,37.73,37.91,122537900
2020-12-17,37.28,39.13,37.15,38.89,103713100
2020-12-18,38.98,41.01,38.72,40.35,102555600
2020-12-21,39.81,40.41,37.78,38.13,104627500
2020-12-22,37.87,37.97,36.91,37.29,119198400
2020-12-23,37.21,37.78,37.15,37.50,118550600
2020-12-24,37.79,38.15,36.59,36.90,70537400
2020-12-28,36.63,36.77,36.43,36.53,87782300
2020-12-29,36.64,37.18,35.43,35.46,86387500
2020-12-30,35.54,36.46,34.45,35.69,119857600
2020-12-31,35.92,36.32,35.60,36.12,88052800
2021-01-04,35.83,35.93,34.62,34.97,106624400
2021-01-05,35.12,35.15,34.63,34.82,113340600
2021-01-06,34.48,34.87,34.19,34.32,123147400
2021-01-07,34.68,37.25,34.36,36.67,116803400
2021-01-08,36.80,39.28,36.06,38.27,62037500
2021-01-11,38.62,38.91,37.44,37.59,116103300
2021-01-12,37.31,39.18,37.19,38.46,105126300
2021-01-13,38.06,38.76,37.52,38.76,102141300
2021-01-14,38.47,40.07,38.47,39.85,96580800
2021-01-15,40.24,40.67,39.44,39.68,88103900
2021-01-19,39.80,40.53,39.36,40.26,64879100
2021-01-20,40.83,41.46,40.47,41.30,72400300
2021-01-21,41.39,41.59,39.69,40.53,108511600
2021-01-22,40.20,41.03,40.17,40.89,106352700
2021-01-25,40.38,43.22,39.89,42.44,124869800
2021-01-26,42.07,44.69,41.02,44.14,110071000
2021-01-27,44.21,44.48,43.98,44.41,66241700
2021-01-28,44.79,45.19,44.35,44.80,114677800
2021-01-29,44.53,46.49,44.43,46.20,111205500
2021-02-01,46.19,46.41,45.61,45.84,79698800
2021-02-02,45.82,45.90,45.42,45.78,97892500
2021-02-03,45.73,46.09,44.87,45.89,119632100
2021-02-04,45.90,47.28,44.47,45.34,67314700
2021-02-05,45.31,48.27,44.68,47.79,108994800
2021-02-08,47.71,48.20,46.66,46.78,140532000
2021-02-09,46.37,48.84,46.14,48.01,78911900
2021-02-10,47.32,48.86,46.29,47.11,79384000
2021-02-11,47.39,47.65,46.68,46.92,116113100
2021-02-12,46.14,46.32,43.80,44.54,150526200
2021-02-16,44.20,46.31,44.18,45.54,110717300
2021-02-17,45.65,46.48,44.23,46.16,54776700
2021-02-18,46.00,47.33,44.97,46.32,98947400
2021-02-19,46.86,48.61,46.03,48.04,62103600
2021-02-22,47.71,48.88,46.55,48.65,114533300
2021-02-23,48.01,48.46,47.55,47.67,93072900
2021-02-24,48.08,48.70,46.75,46.87,109145900
2021-02-25,47.28,48.10,45.92,46.53,108470500
2021-02-26,46.44,48.36,45.34,47.75,120752100
2021-03-01,47.82,48.68,44.00,44.96,134786200
2021-03-02,44.11,48.21,43.91,47.92,110770000
2021-03-03,47.54,47.94,47.48,47.56,83812100
2021-03-04,47.05,47.44,46.35,47.37,75742100
2021-03-05,47.91,51.07,47.57,50.92,116629700
2021-03-08,50.43,50.84,49.46,49.85,117383100
2021-03-09,50.11,51.24,49.89,51.05,79690700
2021-03-10,51.38,52.79,51.04,52.40,114070300
2021-03-11,51.86,53.52,51.22,52.08,123369500
2021-03-12,52.08,52.53,49.55,50.12,99223600
2021-03-15,49.98,50.67,49.65,50.26,134996500
2021-03-16,50.20,53.46,48.74,53.36,110704400
2021-03-17,52.81,52.89,51.97,52.43,107544500
2021-03-18,51.94,51.98,48.77,50.08,102027300
2021-03-19,50.08,50.25,49.42,49.51,110551500
2021-03-22,49.01,50.08,48.64,48.77,88763900
2021-03-23,49.09,50.33,48.98,49.67,104173200
2021-03-24,49.90,50.44,49.54,50.28,84981300
2021-03-25,49.47,50.07,48.36,49.09,88408400
2021-03-26,49.13,53.39,48.71,52.94,142752900
2021-03-29,53.76,54.95,52.49,54.21,68788300
2021-03-30,54.27,54.38,52.47,53.28,99205000
2021-03-31,53.97,54.10,52.12,52.69,77600500
2021-04-01,52.66,54.03,49.43,50.54,102270500
2021-04-02,51.20,51.64,50.29,50.86,76910700
2021-04-05,50.47,52.32,50.00,52.02,117742300
2021-04-06,52.01,52.87,50.87,51.87,94156600
2021-04-07,52.22,52.80,49.15,49.82,96928400
2021-04-08,50.29,51.37,49.70,50.93,108939800
2021-04-09,51.59,55.30,50.75,53.93,101991100
2021-04-12,54.37,57.00,54.07,56.74,110788600
2021-04-13,57.69,58.56,55.81,56.05,91460200
2021-04-14,55.93,60.86,55.79,60.55,122793200
2021-04-15,60.49,63.31,60.49,63.04,115059200
2021-04-16,62.70,64.37,62.40,64.19,134688900
2021-04-19,63.53,64.48,62.37,62.99,121402400
2021-04-20,63.64,64.26,58.86,59.42,113824100
2021-04-21,59.91,62.25,59.42,61.17,94199900
2021-04-22,60.70,61.41,60.15,61.11,80648600
2021-04-23,61.14,62.05,60.79,61.17,99806400
2021-04-26,60.86,63.30,59.47,62.16,114382600
2021-04-27,62.66,64.67,62.25,63.34,133179900
2021-04-28,63.08,64.09,60.92,60.99,120511200
2021-04-29,60.62,61.18,60.15,61.12,76705600
2021-04-30,61.90,66.56,60.71,65.71,117721600
2021-05-03,65.74,66.87,64.84,66.77,100759400
2021-05-04,66.37,66.37,65.17,65.33,48930100
2021-05-05,65.77,66.14,64.00,65.21,89114200
2021-05-06,65.98,66.31,65.58,66.16,96312400
2021-05-07,66.24,69.42,65.81,68.48,76492000
2021-05-10,69.08,69.82,63.41,64.20,116666400
2021-05-11,64.51,67.44,63.62,66.23,84208900
2021-05-12,65.57,67.87,65.31,66.74,106736700
2021-05-13,66.85,68.80,65.14,66.17,134055800
2021-05-14,67.08,69.99,65.57,69.36,93202800
2021-05-17,69.99,70.97,68.09,68.33,105783200
2021-05-18,67.46,69.74,66.86,69.12,76471700
2021-05-19,69.59,69.90,68.74,68.76,119493000
2021-05-20,69.30,69.66,65.39,66.72,97478900
2021-05-21,66.81,68.11,66.81,67.57,110987800
2021-05-24,67.51,67.80,67.08,67.32,129461000
2021-05-25,67.83,68.50,67.31,67.69,70923200
2021-05-26,67.88,67.89,65.27,66.07,114366000
2021-05-27,66.25,66.77,64.68,65.55,79876800
2021-05-28,65.58,66.90,64.68,64.78,99103000
2021-06-01,64.45,66.36,64.19,65.98,68441800
2021-06-02,65.25,65.40,64.64,64.72,99586900
2021-06-03,64.69,65.69,61.02,61.22,84003800
2021-06-04,61.78,62.26,60.87,61.08,152026100
2021-06-07,61.85,62.01,57.74,58.30,105697800
2021-06-08,58.47,58.55,56.43,56.65,109484000
2021-06-09,56.98,58.27,56.36,56.73,101275500
2021-06-10,55.64,55.93,55.35,55.81,118847400
2021-06-11,56.12,57.41,53.99,55.38,131285200
2021-06-14,54.71,56.27,54.35,55.25,113635400
2021-06-15,55.21,56.54,54.41,55.80,74884700
2021-06-16,55.79,56.32,55.28,55.51,90174000
2021-06-17,55.80,56.54,54.63,54.75,103759200
2021-06-21,54.75,55.27,53.54,54.86,113521200
2021-06-22,54.84,58.22,54.68,57.49,95332100
2021-06-23,58.01,58.98,55.48,55.52,125191500
2021-06-24,55.76,58.06,55.01,57.33,93276600
2021-06-25,57.31,57.90,55.98,56.93,61147800
2021-06-28,57.33,58.38,56.21,58.08,117209200
2021-06-29,58.25,59.02,57.75,57.95,80517600
2021-06-30,58.15,58.69,57.35,57.72,124850500
2021-07-01,57.62,60.09,56.96,59.54,96174400
2021-07-02,60.13,60.77,57.38,58.14,135139200
2021-07-06,58.11,59.82,58.02,58.33,114918000
2021-07-07,58.22,58.45,57.15,57.89,79158800
2021-07-08,57.54,59.95,55.91,59.74,75526900
2021-07-09,59.66,60.33,59.29,59.49,118523700
2021-07-12,59.98,64.94,59.90,63.84,112578100
2021-07-13,64.31,66.21,64.19,65.20,65788700
2021-07-14,64.77,66.01,64.56,65.43,109313200
2021-07-15,65.41,66.84,65.08,66.40,109998000
2021-07-16,66.43,68.09,66.27,66.73,106908000
2021-07-19,67.46,68.38,66.72,67.86,170431100
2021-07-20,67.85,69.49,64.67,64.89,75357400
2021-07-21,64.89,66.24,63.75,66.01,118515900
2021-07-22,67.64,69.03,66.83,67.68,119616300
2021-07-23,66.86,74.01,66.50,73.44,44081700
2021-07-26,72.86,75.80,72.56,74.43,73244300
2021-07-27,75.07,76.28,74.13,74.61,102442700
2021-07-28,75.16,77.48,73.98,76.90,98844200
2021-07-29,76.58,76.96,73.98,75.31,95895400
2021-07-30,74.49,77.15,73.86,75.89,48457500
2021-08-02,75.69,77.62,75.21,77.48,103578800
2021-08-03,77.58,78.22,74.23,74.95,110967600
2021-08-04,75.50,78.10,75.16,78.00,114561100
2021-08-05,77.58,81.07,76.04,80.18,107535900
2021-08-06,80.52,80.96,78.78,79.04,67617600
2021-08-09,78.86,79.43,75.43,76.23,83833800
2021-08-10,74.57,79.47,74.40,78.64,81615000
2021-08-11,78.38,82.21,77.16,80.97,75629900
2021-08-12,80.49,82.04,79.47,81.70,96916800
2021-08-13,81.86,84.00,81.26,82.90,94973100
2021-08-16,82.82,85.88,82.39,84.80,129625400
2021-08-17,84.23,86.83,83.88,86.18,82835300
2021-08-18,85.74,89.54,84.44,87.96,92747500
2021-08-19,87.76,90.43,85.85,85.85,83317700
2021-08-20,87.01,91.43,86.37,90.20,88477800
2021-08-23,88.66,88.94,85.38,86.90,130921900
2021-08-24,86.29,87.34,85.86,87.14,78021200
2021-08-25,87.82,90.58,87.80,89.08,61565000
2021-08-26,88.91,91.64,87.59,90.04,123080400
2021-08-27,90.87,92.83,90.76,92.71,68096100
2021-08-30,94.30,94.82,91.83,92.06,116920300
2021-08-31,92.78,93.95,90.50,93.89,88637500
2021-09-01,94.88,97.88,93.33,93.97,104870100
2021-09-02,93.50,98.87,92.77,97.35,67192300
2021-09-03,98.35,98.82,96.75,98.17,131191000
2021-09-07,97.71,98.82,91.91,92.51,113824400
2021-09-08,93.26,94.24,90.35,90.90,102926400
2021-09-09,91.26,94.65,89.90,94.30,103051200
2021-09-10,93.96,96.18,92.40,93.55,111627000
2021-09-13,94.19,95.40,90.41,91.01,85198400
2021-09-14,91.55,93.77,91.35,92.64,132168600
2021-09-15,93.14,94.43,88.37,88.95,108193800
2021-09-16,88.59,93.06,87.74,91.50,91741300
2021-09-17,91.96,92.13,90.40,91.41,109777400
2021-09-20,91.72,92.85,89.02,90.52,135972800
2021-09-21,90.78,91.02,87.74,88.30,129120300
2021-09-22,88.24,88.24,85.54,88.13,99421100
2021-09-23,88.66,91.25,88.47,90.16,80816000
2021-09-24,89.81,90.10,88.30,89.14,76941400
2021-09-27,88.79,90.46,87.54,89.62,74935600
2021-09-28,90.73,95.96,90.46,94.77,70803700
2021-09-29,94.69,97.49,93.77,95.85,105137800
2021-09-30,95.70,97.18,94.71,95.35,95351200
2021-10-01,94.78,95.47,93.00,93.25,138628800
2021-10-04,92.74,94.65,91.93,92.18,132318200
2021-10-05,91.38,94.12,90.69,93.30,105095000
2021-10-06,93.71,97.65,93.41,95.74,90556600
2021-10-07,95.85,96.22,88.54,90.05,112503000
2021-10-08,91.12,92.29,88.31,89.94,112427400
2021-10-12,89.12,90.66,84.69,85.82,112204000
2021-10-13,84.56,86.00,84.07,84.13,117364800
2021-10-14,83.19,88.51,82.72,87.56,128307500
2021-10-15,87.19,87.54,86.94,87.26,112146700
2021-10-18,87.56,88.95,87.53,87.60,143325000
2021-10-19,87.99,89.34,85.08,86.01,73249600
2021-10-20,85.63,88.27,81.86,82.31,104356300
2021-10-21,83.45,84.34,82.97,84.28,110647300
2021-10-22,83.99,83.99,81.59,82.60,87778900
2021-10-25,83.38,84.20,81.00,82.85,110111500
2021-10-26,82.60,83.55,78.50,80.20,87533700
2021-10-27,80.43,81.02,75.99,77.02,62642900
2021-10-28,76.51,78.28,75.53,77.35,111544000
2021-10-29,77.05,79.31,76.68,78.46,99706800
2021-11-01,78.50,79.07,75.16,75.28,91272000
2021-11-02,75.44,76.79,73.22,74.08,95142000
2021-11-03,73.72,74.50,72.36,73.99,111070500
2021-11-04,74.36,75.79,74.14,75.37,114616700
2021-11-05,75.36,77.35,74.04,76.35,77539400
2021-11-08,76.77,77.03,75.26,75.72,132162100
2021-11-09,77.19,77.66,73.66,73.92,99937400
2021-11-10,73.96,74.77,72.67,73.11,100433700
2021-11-12,73.39,73.90,70.62,70.88,111797300
2021-11-15,71.35,73.70,68.45,73.39,100026800
2021-11-16,73.26,78.61,72.62,77.70,92238100
2021-11-17,78.06,78.18,76.88,76.95,128727800
2021-11-18,77.49,77.65,73.59,75.06,139994600
2021-11-19,75.52,81.63,75.10,80.19,102656900
2021-11-22,80.31,81.94,78.08,80.87,93329500
2021-11-23,80.56,81.55,77.32,78.22,97654200
2021-11-24,78.59,78.87,76.04,76.11,107591500
2021-11-26,75.78,77.08,74.53,76.28,103673900
2021-11-29,76.21,76.66,73.78,74.51,79790100
2021-11-30,74.71,74.80,71.76,73.14,91230900
2021-12-01,73.29,74.10,72.16,73.77,73881500
2021-12-02,73.56,76.33,73.20,76.06,75867800
2021-12-03,75.87,76.09,72.94,75.40,108415500
2021-12-06,75.75,76.67,73.03,73.93,83018700
2021-12-07,75.31,75.86,73.69,74.15,109565800
2021-12-08,73.82,74.74,70.98,71.59,109515800
2021-12-09,71.34,74.59,69.31,73.79,133119600
2021-12-10,74.04,75.11,71.92,72.63,108157300
2021-12-13,73.08,73.63,69.71,70.75,123599900
2021-12-14,70.82,71.50,68.67,69.26,89198200
2021-12-15,69.43,69.47,67.18,68.26,91774200
2021-12-16,68.80,71.61,67.79,71.09,98487300
2021-12-17,70.62,71.51,69.28,69.41,116183500
2021-12-20,69.99,73.74,69.80,72.80,100378100
2021-12-21,72.53,72.76,69.01,70.71,118161400
2021-12-22,71.13,73.15,68.71,69.14,107769000
2021-12-23,68.65,69.19,67.83,68.85,80637800
2021-12-27,67.91,68.56,63.92,64.79,80153100
2021-12-28,63.88,64.73,62.85,63.62,78709600
2021-12-29,63.73,66.05,63.09,64.81,119883600
2021-12-30,65.19,65.60,63.23,64.48,123021600
2022-01-03,64.63,65.69,62.94,63.94,109340900
2022-01-04,62.97,63.70,61.77,61.90,116937300
2022-01-05,62.57,64.22,62.47,62.97,100963100
2022-01-06,63.11,63.60,61.92,63.28,116545600
2022-01-07,63.59,64.03,63.51,63.99,82975900
2022-01-10,63.47,66.55,63.15,66.01,83503800
2022-01-11,66.26,69.60,65.56,67.92,90625900
2022-01-12,68.59,69.01,66.09,68.50,123697700
2022-01-13,68.37,68.44,65.87,67.32,114414000
2022-01-14,67.36,69.85,66.47,69.11,84476300
2022-01-18,68.90,70.18,67.50,69.75,120844500
2022-01-19,69.30,72.90,69.24,71.89,100940600
2022-01-20,72.90,73.60,68.65,70.44,72250600
2022-01-21,69.79,74.99,69.41,74.20,123112500
2022-01-24,74.10,75.51,71.47,72.43,116644300
2022-01-25,72.06,74.74,71.73,73.88,71749000
2022-01-26,74.50,74.64,70.36,70.61,109621600
2022-01-27,70.56,71.86,66.10,66.35,58344900
2022-01-28,66.96,67.09,63.61,64.17,82219500
2022-01-31,64.88,67.00,64.36,66.39,98557000
2022-02-01,66.51,68.36,66.09,68.22,88007000
2022-02-02,67.96,70.75,67.79,69.98,80541000
2022-02-03,69.03,72.09,68.30,72.01,123836500
2022-02-04,72.04,75.67,71.80,75.23,136789300
2022-02-07,75.14,77.91,73.94,77.18,84262100
2022-02-08,76.51,77.30,72.29,72.93,106136500
2022-02-09,73.96,74.70,68.87,71.18,117360400
2022-02-10,70.89,71.30,65.38,66.06,112751500
2022-02-11,66.11,66.93,64.25,64.90,107850300
2022-02-14,64.52,66.84,63.86,65.21,84128900
2022-02-15,66.22,69.53,65.60,68.55,80103000
2022-02-16,68.50,72.32,68.13,72.11,108307600
2022-02-17,73.90,74.83,72.37,73.76,146159000
2022-02-18,72.75,75.88,72.61,75.87,84398900
2022-02-22,76.20,77.70,75.44,76.78,87708100
2022-02-23,76.77,77.05,75.18,75.68,108638200
2022-02-24,74.76,76.79,74.43,76.65,102430200
2022-02-25,76.35,77.81,73.74,76.49,111349100
2022-02-28,77.37,77.47,76.19,76.88,110288700
2022-03-01,76.71,77.20,71.63,73.71,95268000
2022-03-02,74.16,74.36,69.67,70.43,104420500
2022-03-03,70.92,73.14,70.79,73.08,102254800
2022-03-04,73.87,73.94,70.08,70.99,112113400
2022-03-07,70.48,72.75,69.59,72.20,91928300
2022-03-08,71.93,73.28,71.52,72.55,126217100
2022-03-09,73.26,74.69,72.38,74.19,108789200
2022-03-10,73.37,75.18,71.52,75.15,74015000
2022-03-11,75.05,77.86,74.51,75.66,106486300
2022-03-14,76.17,76.70,73.05,74.39,124215900
2022-03-15,74.52,75.88,74.40,74.79,106249200
2022-03-16,74.87,75.85,73.77,74.02,87479300
2022-03-17,74.07,74.93,72.54,73.78,108628800
2022-03-18,73.97,76.30,72.43,75.66,101465400
2022-03-21,75.24,75.40,73.88,74.68,94587600
2022-03-22,74.16,74.41,72.55,73.32,104440600
2022-03-23,72.93,73.62,72.53,72.91,116927700
2022-03-24,72.41,72.69,70.52,70.81,111207800
2022-03-25,70.38,70.45,69.96,70.20,93798700
2022-03-28,69.95,71.39,68.60,68.63,105035200
2022-03-29,69.02,70.03,68.33,69.86,113280800
2022-03-30,69.37,71.36,68.43,68.90,67349900
2022-03-31,69.39,69.70,68.46,68.78,112324900
2022-04-01,68.58,69.13,68.50,68.82,114642700
2022-04-04,69.49,70.54,69.33,69.96,92477200
2022-04-05,69.22,70.10,65.92,67.20,129740400
2022-04-06,67.75,69.10,66.70,66.84,104261300
2022-04-07,66.17,70.70,65.27,70.11,86252400
2022-04-08,69.60,70.40,67.13,67.24,97613100
2022-04-11,67.72,68.44,63.42,64.95,106970000
2022-04-12,64.98,65.81,61.87,62.10,118412100
2022-04-13,62.28,63.02,62.03,62.08,104445000
2022-04-14,61.75,62.21,60.43,60.43,97194300
2022-04-15,61.58,61.76,59.42,60.68,105509800
2022-04-18,60.39,62.75,60.37,62.08,102814000
2022-04-19,62.05,62.17,58.78,59.13,108238900
2022-04-20,58.96,59.51,57.39,58.32,85313900
2022-04-21,57.70,57.88,56.65,56.98,109722100
2022-04-22,57.99,58.62,56.70,56.84,98786100
2022-04-25,56.52,58.91,56.14,58.01,107507300
2022-04-26,57.57,59.53,57.33,59.02,100047600
2022-04-27,59.12,60.95,58.29,60.71,107223800
2022-04-28,60.82,62.46,60.79,61.50,91334300
2022-04-29,61.24,64.43,60.33,63.97,121723900
2022-05-02,64.00,64.80,63.87,64.50,69082800
2022-05-03,64.64,64.92,63.49,63.99,65871800
2022-05-04,64.99,65.54,62.36,63.56,95747200
2022-05-05,64.10,64.58,61.30,62.13,106235800
2022-05-06,61.96,63.93,60.30,63.06,86800500
2022-05-09,63.24,65.71,62.34,65.10,104026800
2022-05-10,65.42,65.57,63.44,63.91,102128800
2022-05-11,64.13,65.81,62.89,63.15,126192600
2022-05-12,62.99,63.64,62.75,63.19,103540800
2022-05-13,63.31,63.68,62.79,63.56,111480200
2022-05-16,63.18,63.24,62.71,63.13,92786800
2022-05-17,63.13,64.82,62.46,63.97,134361700
2022-05-18,63.40,64.06,60.73,61.46,116992900
2022-05-19,61.33,63.96,61.10,63.39,89453300
2022-05-20,63.22,63.81,62.50,63.69,122166100
2022-05-23,64.17,64.75,61.16,62.53,96377900
2022-05-24,62.59,63.98,62.12,63.92,108868000
2022-05-25,63.77,69.27,63.41,67.33,106658100
2022-05-26,67.11,68.06,66.09,67.65,104664600
2022-05-27,69.10,70.22,62.59,63.53,124919200
2022-05-31,63.54,63.97,62.68,62.83,158237400
2022-06-01,62.13,64.03,61.08,63.20,112528000
2022-06-02,62.45,63.68,62.30,63.52,100530000
2022-06-03,63.31,64.31,63.26,64.00,98370800
2022-06-06,64.45,65.83,63.55,65.82,98444800
2022-06-07,64.93,65.38,64.12,64.74,73739000
2022-06-08,65.46,68.09,64.65,67.48,61770800
2022-06-09,67.85,68.05,66.24,67.10,80728300
2022-06-10,66.93,68.06,63.67,64.48,90828000
2022-06-13,63.73,65.59,63.63,64.39,112320900
2022-06-14,64.12,64.20,60.21,61.78,59656600
2022-06-15,61.80,62.39,61.57,61.87,114036700
2022-06-16,61.58,63.93,61.31,62.40,117104400
2022-06-17,63.27,64.00,62.56,62.98,113947100
2022-06-21,63.52,64.03,62.88,63.11,68169700
2022-06-22,62.36,63.06,61.62,62.02,112477900
2022-06-23,62.13,63.27,61.16,61.88,90067100
2022-06-24,61.37,64.43,60.45,64.17,82127000
2022-06-27,64.44,66.84,64.05,65.88,113888900
2022-06-28,65.89,68.79,64.86,67.82,105773800
2022-06-29,67.93,69.99,67.32,69.75,97585800
2022-06-30,69.88,70.36,68.37,68.77,104772900
2022-07-01,68.46,71.61,68.02,71.47,108298700
2022-07-05,71.53,77.42,70.82,76.58,91982000
2022-07-06,77.29,77.90,73.38,73.50,85725600
2022-07-07,73.51,73.70,67.03,69.22,107538700
2022-07-08,69.81,70.87,68.13,68.67,113221100
2022-07-11,69.22,69.27,67.41,68.21,85898200
2022-07-12,67.70,70.29,66.16,68.27,88990900
2022-07-13,67.77,68.90,66.89,68.58,125093600
2022-07-14,68.72,69.46,68.20,69.33,111623000
2022-07-15,69.28,69.40,65.99,67.97,84844000
2022-07-18,68.93,69.33,66.96,67.34,106783700
2022-07-19,67.27,67.29,65.85,66.43,102835700
2022-07-20,65.59,67.37,65.20,66.73,117037800
2022-07-21,65.77,67.74,64.79,66.95,124864500
2022-07-22,66.29,67.44,66.20,67.08,90178600
2022-07-25,67.83,69.06,67.15,67.39,94979200
2022-07-26,67.35,70.12,66.83,70.05,92131700
2022-07-27,69.16,71.90,69.15,71.59,104461700
2022-07-28,71.82,72.31,70.15,71.11,118860100
2022-07-29,71.06,71.67,68.90,68.95,86831400
2022-08-01,68.26,70.16,67.89,70.02,92380100
2022-08-02,69.85,71.45,68.82,70.89,99218500
2022-08-03,70.48,74.37,70.07,73.28,115586100
2022-08-04,73.23,77.16,71.23,76.76,101043800
2022-08-05,77.14,82.69,76.18,82.19,94597300
2022-08-08,82.53,83.75,81.72,82.02,93094900
2022-08-09,82.21,82.42,79.48,80.38,135636300
2022-08-10,81.34,81.95,79.01,79.47,113307100
2022-08-11,78.06,80.82,76.18,80.73,106835200
2022-08-12,80.81,82.03,80.38,81.40,112147700
2022-08-15,80.86,81.32,79.49,80.20,85459700
2022-08-16,78.23,78.64,77.94,78.28,108925400
2022-08-17,79.46,80.15,75.35,75.91,109076600
2022-08-18,76.25,78.95,74.52,76.69,95910200
2022-08-19,76.27,77.83,73.61,75.05,88713300
2022-08-22,74.98,75.78,73.57,74.78,102868900
2022-08-23,75.70,79.87,74.75,78.95,87207800
2022-08-24,79.63,83.62,78.75,83.31,85143600
2022-08-25,82.96,83.12,75.52,77.41,114824000
2022-08-26,77.88,78.43,76.58,77.09,94147600
2022-08-29,76.60,79.24,76.51,78.82,86650300
2022-08-30,78.68,79.38,75.56,76.46,82138400
2022-08-31,76.01,77.96,75.68,77.59,104567600
2022-09-01,78.08,78.51,75.15,76.29,93596700
2022-09-02,76.11,77.18,75.81,77.13,120195500
2022-09-06,77.01,79.02,76.26,78.68,69391900
2022-09-07,79.38,81.01,79.02,79.31,62286400
2022-09-08,80.78,82.35,79.18,82.04,117018100
2022-09-09,83.49,84.28,79.26,79.56,73340700
2022-09-12,79.75,80.80,79.59,80.18,93430000
2022-09-13,81.53,81.67,78.66,78.68,126383100
2022-09-14,78.37,79.57,77.46,79.24,110339700
2022-09-15,78.40,79.10,77.40,78.20,93246400
2022-09-16,77.92,80.65,77.13,78.42,131053100
2022-09-19,79.34,79.65,77.06,77.81,147037000
2022-09-20,77.92,79.20,76.92,77.13,85757800
2022-09-21,77.63,79.70,76.81,78.72,128083000
2022-09-22,78.48,78.48,76.73,76.77,141861600
2022-09-23,77.35,78.61,75.12,76.04,97145700
2022-09-26,76.13,77.83,70.86,72.05,152116900
2022-09-27,71.64,74.69,71.34,73.83,95153400
2022-09-28,74.09,75.80,65.79,66.45,85786500
2022-09-29,65.71,65.91,65.51,65.58,102958400
2022-09-30,65.78,67.36,65.23,66.32,124880800
2022-10-03,66.74,69.61,65.97,68.87,75177800
2022-10-04,68.98,75.26,68.83,74.89,112066500
2022-10-05,75.17,77.85,73.25,76.44,102414600
2022-10-06,75.65,76.82,75.59,76.74,88980600
2022-10-07,76.78,77.76,75.60,77.47,114271800
2022-10-11,77.43,82.54,76.93,79.67,149704000
2022-10-12,80.45,81.47,79.63,80.74,91437000
2022-10-13,80.65,81.56,79.44,81.41,78296600
2022-10-14,80.75,81.35,79.49,79.60,131101800
2022-10-17,79.43,82.18,78.33,81.54,136525900
2022-10-18,81.98,82.30,79.52,79.65,113638800
2022-10-19,79.03,81.47,77.33,81.35,81551300
2022-10-20,82.68,83.15,79.29,82.08,86549200
2022-10-21,83.46,87.73,82.60,87.53,126381800
2022-10-24,87.97,88.53,84.33,86.47,94290200
2022-10-25,84.72,86.95,84.44,86.77,113940200
2022-10-26,86.97,89.77,86.88,89.32,78343600
2022-10-27,89.32,89.85,88.28,88.88,95931400
2022-10-28,89.94,93.11,88.21,92.76,103463300
2022-10-31,93.47,95.68,92.62,94.69,125918200
2022-11-01,93.98,94.71,92.97,93.81,79480100
2022-11-02,94.68,99.44,94.08,98.28,120773600
2022-11-03,98.43,99.82,97.58,99.26,113248500
2022-11-04,98.04,101.74,97.01,101.02,106707200
2022-11-07,101.85,102.25,97.19,98.03,123150900
2022-11-08,97.21,99.65,96.40,98.67,108984400
2022-11-09,98.39,103.14,97.61,101.89,105342200
2022-11-10,102.48,103.20,99.57,100.82,114024600
2022-11-14,101.09,101.34,99.57,100.26,94606900
2022-11-15,100.61,101.45,98.45,99.73,122342800
2022-11-16,99.37,103.97,95.60,101.63,88092600
2022-11-17,101.19,101.45,91.88,93.60,95238800
2022-11-18,93.52,96.17,92.77,95.77,102477200
2022-11-21,96.51,98.03,95.88,97.26,98070100
2022-11-22,96.93,98.82,96.79,97.16,124554300
2022-11-23,97.41,97.65,95.72,95.72,116858400
2022-11-25,95.39,97.57,94.17,97.09,85413400
2022-11-28,96.98,98.67,96.14,97.52,130819900
2022-11-29,99.78,100.82,94.22,94.48,78172600
2022-11-30,95.37,99.49,95.26,97.97,102522800
2022-12-01,96.22,99.59,95.26,96.70,96402900
2022-12-02,97.71,98.06,95.94,97.41,131490600
2022-12-05,97.02,101.49,95.85,101.23,96709300
2022-12-06,100.14,105.56,99.37,104.53,130287300
2022-12-07,105.18,106.24,103.93,105.81,74086400
2022-12-08,106.05,106.89,105.85,105.88,66239700
2022-12-09,104.99,111.52,103.03,110.24,121984200
2022-12-12,109.17,113.42,108.71,111.21,85358900
2022-12-13,112.33,119.02,111.11,117.87,90017600
2022-12-14,117.66,123.61,117.10,123.16,115255600
2022-12-15,122.98,123.03,119.43,120.27,92091800
2022-12-16,119.38,120.98,118.49,120.56,116917600
2022-12-19,120.59,124.28,119.22,122.47,93436500
2022-12-20,123.06,123.72,122.28,122.36,133859000
2022-12-21,123.11,124.68,118.75,121.80,105775600
2022-12-22,122.36,128.21,121.54,125.52,105640300
2022-12-23,126.71,127.47,126.18,126.77,83258500
2022-12-27,125.30,127.74,125.09,125.87,99117000
2022-12-28,125.15,126.63,123.42,125.93,113589400
2022-12-29,126.08,128.92,125.83,128.87,131257000
2022-12-30,126.67,132.24,125.55,131.20,72655300
2023-01-03,131.50,136.01,118.60,120.70,129690200
2023-01-04,122.69,123.13,120.51,122.23,133478900
2023-01-05,122.98,124.92,121.50,123.40,128576600
2023-01-06,123.03,129.19,120.75,127.72,104717800
2023-01-09,128.42,139.41,127.99,137.82,79089100
2023-01-10,136.79,143.87,135.48,143.18,88237300
2023-01-11,142.88,143.27,137.72,137.98,103007600
2023-01-12,138.85,139.74,131.96,132.16,82546100
2023-01-13,133.62,133.65,130.16,131.00,97761700
2023-01-17,130.55,132.83,129.47,129.68,84103900
2023-01-18,130.12,131.26,127.21,129.39,106680100
2023-01-19,128.29,131.18,127.59,130.61,122961700
2023-01-20,130.92,132.98,130.40,131.28,102559700
2023-01-23,132.13,133.58,127.69,129.09,104633200
2023-01-24,127.66,138.81,125.63,137.68,95280800
2023-01-25,137.90,140.40,137.74,139.25,94862400
2023-01-26,136.47,141.44,135.04,140.85,116292700
2023-01-27,139.55,147.52,136.44,145.28,110153700
2023-01-30,145.71,148.26,140.12,142.22,92248200
2023-01-31,140.28,141.86,131.69,134.23,130691400
2023-02-01,134.85,136.17,128.94,129.63,86531100
2023-02-02,129.57,133.47,127.23,133.14,116895800
2023-02-03,133.35,134.86,129.68,132.87,114282300
2023-02-06,131.58,132.28,130.19,130.30,66978900
2023-02-07,130.90,133.28,129.53,129.67,123434800
2023-02-08,130.01,130.54,125.44,126.82,90440700
2023-02-09,127.35,132.70,126.24,131.17,108843100
2023-02-10,132.53,134.50,120.30,121.84,121402700
2023-02-13,122.49,123.75,116.30,117.10,112660500
2023-02-14,118.12,119.47,111.97,112.54,118999600
2023-02-15,112.19,114.36,111.85,114.15,78261700
2023-02-16,115.35,116.52,113.67,113.70,99299100
2023-02-17,112.31,116.35,111.69,115.32,101430800
2023-02-21,116.45,117.89,115.28,115.76,107940700
2023-02-22,116.19,117.56,110.82,112.15,106085100
2023-02-23,112.31,112.80,110.57,110.95,107214500
2023-02-24,110.91,117.14,109.60,116.76,92432700
2023-02-27,115.25,122.22,114.40,120.39,97415700
2023-02-28,121.43,122.79,115.30,118.24,106583500
2023-03-01,117.85,120.76,116.82,120.52,91950100
2023-03-02,120.32,126.31,118.00,123.66,94537000
2023-03-03,124.00,124.11,118.72,120.36,81854200
2023-03-06,120.94,121.40,119.42,120.45,99136100
2023-03-07,118.83,126.62,117.10,125.83,82675600
2023-03-08,125.14,125.98,123.75,124.84,134441300
2023-03-09,126.59,130.77,123.25,123.51,99676800
2023-03-10,121.99,127.46,121.72,126.70,91092100
2023-03-13,128.38,129.50,123.41,125.49,110964000
2023-03-14,125.63,127.33,121.99,124.62,134679000
2023-03-15,124.98,129.21,124.21,128.34,122676500
2023-03-16,128.15,129.14,126.56,126.90,128123100
2023-03-17,126.07,127.84,124.99,126.89,79242800
2023-03-20,127.17,129.43,126.49,128.79,131668600
2023-03-21,128.21,129.36,123.82,128.43,101693600
2023-03-22,129.18,129.76,127.01,127.39,122119500
2023-03-23,127.07,128.32,123.11,124.46,115881200
2023-03-24,124.20,125.86,119.99,121.16,89956200
2023-03-27,121.06,121.44,120.15,120.35,123609200
2023-03-28,120.22,125.15,118.27,124.52,70138400
2023-03-29,122.91,129.36,122.45,128.30,122534900
2023-03-30,128.90,129.53,120.00,123.31,102512500
2023-03-31,123.00,124.14,117.14,117.91,81169500
2023-04-03,117.96,118.23,115.89,116.57,93167900
2023-04-04,117.91,117.96,112.98,114.19,118377900
2023-04-05,114.32,115.36,111.49,113.11,128091100
2023-04-06,112.40,113.43,110.33,111.84,96968500
2023-04-07,110.87,115.36,110.29,113.08,98610600
2023-04-10,113.59,113.98,113.32,113.64,89104200
2023-04-11,112.69,112.91,109.05,111.84,107730800
2023-04-12,112.93,114.32,108.50,108.60,109572800
2023-04-13,107.30,110.80,106.72,110.24,83644100
2023-04-14,111.11,114.67,109.89,113.69,115348000
2023-04-17,112.69,121.48,111.94,120.48,102603400
2023-04-18,119.31,129.94,117.69,128.78,116644600
2023-04-19,127.19,127.41,120.43,120.65,100102600
2023-04-20,121.00,123.44,118.74,119.76,132107800
2023-04-21,119.69,125.53,118.74,122.94,94828800
2023-04-24,123.32,128.75,121.25,128.74,82633400
2023-04-25,129.29,130.24,128.18,129.49,112196400
2023-04-26,130.07,130.94,129.37,130.21,94533200
2023-04-27,130.00,132.18,129.73,131.54,95996800
2023-04-28,132.21,137.71,129.11,136.49,100713600
2023-05-01,135.21,138.62,132.64,137.43,125832800
2023-05-02,137.90,139.28,136.12,138.52,98431800
2023-05-03,139.08,146.94,138.60,143.61,106465000
2023-05-04,142.72,142.95,138.70,138.75,69329300
2023-05-05,139.11,139.47,133.51,138.74,95019500
2023-05-08,138.08,143.89,137.85,139.82,85250100
2023-05-09,137.11,140.53,135.84,139.86,100609500
2023-05-10,140.72,143.00,137.63,138.46,97598100
2023-05-11,139.32,143.26,136.85,141.04,106755200
2023-05-12,138.27,142.02,133.85,141.39,80951200
2023-05-15,141.22,147.79,138.94,145.09,118080500
2023-05-16,145.52,146.31,136.91,138.27,111383200
2023-05-17,137.59,138.42,131.72,133.26,95819400
2023-05-18,133.27,135.25,126.85,129.97,111996800
2023-05-19,131.40,140.45,131.35,140.29,79224200
2023-05-22,139.21,140.31,138.69,139.38,102991300
2023-05-23,139.90,140.48,134.95,136.09,85473600
2023-05-24,134.88,136.97,132.76,136.19,107022700
2023-05-25,136.02,137.35,132.71,132.78,94533300
2023-05-26,132.65,133.09,132.20,132.56,126520000
2023-05-30,134.31,136.92,131.57,134.58,119187300
2023-05-31,134.62,135.55,126.98,129.82,77474400
2023-06-01,128.16,128.97,125.58,128.35,98339300
2023-06-02,127.67,133.16,127.20,133.10,124293400
2023-06-05,132.55,136.60,131.41,135.71,88133100
2023-06-06,133.92,134.44,133.07,133.39,122381400
2023-06-07,132.38,139.39,130.95,136.21,89131000
2023-06-08,135.94,138.46,131.30,133.96,94844100
2023-06-09,136.27,136.82,134.69,135.04,107181800
2023-06-12,134.00,140.55,133.97,138.80,117496600
2023-06-13,137.30,145.01,136.94,142.62,107989800
2023-06-14,141.91,149.13,139.29,148.75,78587700
2023-06-15,151.02,152.86,147.19,148.98,125287300
2023-06-16,147.82,151.29,145.52,150.84,119243900
2023-06-20,153.37,154.89,149.40,150.87,116355700
2023-06-21,152.57,158.57,151.37,157.40,93931400
2023-06-22,157.52,158.12,154.38,156.86,94160800
2023-06-23,155.97,156.12,153.69,155.22,79497800
2023-06-26,154.71,155.06,148.58,150.25,83117000
2023-06-27,149.70,150.41,149.07,149.36,102347900
2023-06-28,148.16,149.50,147.39,148.63,116897100
2023-06-29,147.30,150.66,146.20,149.85,114404200
2023-06-30,150.98,152.23,149.80,150.67,98544200
2023-07-03,151.69,152.28,151.35,152.22,117802200
2023-07-05,150.72,151.80,148.17,148.38,105787900
2023-07-06,150.09,151.66,148.11,150.65,110157800
2023-07-07,149.27,156.11,148.44,153.55,93515100
2023-07-10,152.73,159.02,152.57,158.64,135716000
2023-07-11,158.89,160.81,156.61,157.69,94556600
2023-07-12,157.72,161.31,157.72,160.08,107305500
2023-07-13,159.52,164.48,159.21,163.57,70851300
2023-07-14,162.42,166.15,157.60,161.66,127897500
2023-07-17,160.93,161.40,155.68,155.77,79763500
2023-07-18,157.10,159.87,148.89,152.81,140708400
2023-07-19,152.68,156.57,151.62,156.51,99385200
2023-07-20,154.67,156.08,152.38,153.78,122637200
2023-07-21,151.78,161.50,149.76,160.13,108978200
2023-07-24,157.73,162.24,157.46,159.70,101905700
2023-07-25,160.23,165.83,157.40,165.47,128699700
2023-07-26,166.20,171.77,165.58,170.46,125371400
2023-07-27,169.14,170.31,167.36,170.11,98564500
2023-07-28,170.83,175.18,170.03,174.34,89352300
2023-07-31,175.30,186.85,173.67,186.49,105317600
2023-08-01,187.19,198.13,185.34,195.04,53316500
2023-08-02,195.51,200.19,186.22,187.47,104698600
2023-08-03,187.06,187.75,184.65,186.10,95218100
2023-08-04,184.04,189.42,181.56,187.22,95181800
2023-08-07,186.96,192.39,185.40,191.93,76433500
2023-08-08,194.08,196.30,187.62,188.77,101151900
2023-08-09,189.65,196.92,186.39,193.32,87607100
2023-08-10,193.82,195.78,190.54,191.10,107296900
2023-08-11,190.77,194.40,188.79,189.61,106138700
2023-08-14,189.34,196.38,188.93,196.18,95830200
2023-08-15,196.00,197.83,191.28,196.79,99985400
2023-08-16,198.51,201.38,197.66,199.05,115480200
2023-08-17,199.23,202.75,185.34,187.00,102398300
2023-08-18,187.81,200.74,186.52,197.10,98670200
2023-08-21,194.24,196.18,189.47,192.18,122146700
2023-08-22,191.17,199.01,189.91,198.61,106193400
2023-08-23,197.19,198.02,187.68,189.75,68896200
2023-08-24,190.88,201.16,188.87,199.11,70423800
2023-08-25,196.46,208.67,195.43,206.53,94692100
2023-08-28,205.57,207.76,193.23,199.93,116984300
2023-08-29,199.49,203.71,197.47,201.85,166463600
2023-08-30,204.16,204.44,195.05,196.73,109617500
2023-08-31,196.44,197.32,190.99,194.27,109362200
2023-09-01,194.93,200.23,192.28,197.09,104956500
2023-09-05,199.61,203.48,198.59,199.30,89239800
2023-09-06,198.61,202.51,193.63,194.05,105917100
2023-09-07,192.97,193.44,181.87,184.08,91245600
2023-09-08,185.27,190.39,182.71,185.88,135588000
2023-09-11,187.29,187.56,181.25,184.06,114696800
2023-09-12,188.55,190.96,180.24,181.84,108253200
2023-09-13,183.08,183.29,173.17,173.40,84705500
2023-09-14,175.10,181.73,173.26,179.19,98786400
2023-09-15,178.56,180.40,171.42,171.53,141273700
2023-09-18,170.10,171.35,168.62,169.50,112403900
2023-09-19,170.18,171.91,169.31,170.94,119704200
2023-09-20,171.99,172.91,171.25,172.06,122298600
2023-09-21,170.01,180.71,167.20,180.56,97503400
2023-09-22,178.72,184.91,178.18,184.76,135634200
2023-09-25,183.38,185.69,179.25,180.74,97870800
2023-09-26,181.54,184.04,177.94,182.96,114444400
2023-09-27,180.54,183.41,180.15,182.57,105606000
2023-09-28,182.98,184.51,179.04,181.32,102510900
2023-09-29,182.95,193.93,182.72,187.27,107324000
2023-10-02,189.06,198.41,185.23,196.24,97124700
2023-10-03,196.23,201.63,195.00,198.98,93989500
2023-10-04,200.33,200.79,194.78,196.17,88320600
2023-10-05,194.65,202.39,194.24,200.21,71501700
2023-10-06,202.48,214.28,196.31,213.09,93328300
2023-10-10,214.76,216.24,206.89,206.91,106388500
2023-10-11,206.12,206.36,196.46,198.36,116835200
2023-10-12,200.74,204.27,199.23,199.39,105599700
2023-10-13,200.31,201.90,195.34,196.36,101776500
2023-10-16,196.65,198.00,194.09,197.34,91827200
2023-10-17,197.68,210.09,196.12,209.32,105354500
2023-10-18,209.20,212.95,206.11,211.09,111296000
2023-10-19,211.32,212.52,207.29,211.71,124642900
2023-10-20,210.92,212.51,197.49,199.89,105380900
2023-10-23,199.66,211.81,198.74,211.18,110516000
2023-10-24,214.93,215.01,195.04,197.47,130808600
2023-10-25,196.99,197.87,188.39,190.75,89312700
2023-10-26,191.37,204.26,187.38,200.84,94662600
2023-10-27,200.79,203.93,197.91,200.58,89151600
2023-10-30,201.57,201.87,192.73,193.59,91219000
2023-10-31,195.54,196.53,189.49,191.23,86860200
2023-11-01,190.58,194.36,189.04,191.67,121696300
2023-11-02,193.08,201.53,191.67,197.97,99109700
2023-11-03,198.86,208.06,195.91,207.28,95296300
2023-11-06,206.54,208.68,206.27,208.08,126095000
2023-11-07,205.57,206.15,196.55,197.08,101163400
2023-11-08,194.89,195.41,186.89,189.50,72563600
2023-11-09,192.33,196.14,190.52,195.03,109748300
2023-11-13,196.50,206.72,192.31,205.27,75426600
2023-11-14,203.85,206.46,194.50,198.59,87294500
2023-11-15,198.40,199.15,187.16,190.11,135943000
2023-11-16,190.38,195.35,187.47,195.22,76667800
2023-11-17,197.71,201.87,196.63,201.80,93310800
2023-11-20,200.29,202.89,186.92,191.52,151877200
2023-11-21,191.12,193.55,184.95,188.03,103974800
2023-11-22,187.36,189.62,182.46,188.87,68472600
2023-11-24,191.90,193.46,184.19,187.35,111188800
2023-11-27,185.34,193.15,184.50,190.47,114101100
2023-11-28,187.74,189.92,185.50,185.79,120835800
2023-11-29,183.93,186.40,179.29,182.19,115187000
2023-11-30,181.82,182.45,170.53,175.15,112401100
2023-12-01,174.89,191.06,173.83,186.41,94339400
2023-12-04,184.67,190.60,180.53,189.79,84146700
2023-12-05,189.55,191.12,186.99,190.55,82909300
2023-12-06,192.58,194.56,189.41,194.55,106261000
2023-12-07,198.02,211.03,197.93,210.50,64144900
2023-12-08,214.13,214.49,212.14,213.30,91311300
2023-12-11,213.67,227.49,210.88,226.32,103441000
2023-12-12,224.49,230.12,212.51,214.13,96884700
2023-12-13,214.95,217.61,207.67,208.76,86459400
2023-12-14,210.66,210.93,199.02,199.18,112835600
2023-12-15,197.82,198.62,193.47,194.82,94006600
2023-12-18,195.68,198.57,194.03,195.33,123662500
2023-12-19,193.62,199.53,188.73,198.67,106430800
2023-12-20,199.54,203.63,195.55,196.76,93229300
2023-12-21,196.16,197.44,194.47,196.69,108166100
2023-12-22,199.24,199.66,179.00,180.82,94552500
2023-12-26,178.70,190.38,175.16,188.53,79847800
2023-12-27,188.96,193.43,186.21,192.61,113068100
2023-12-28,192.67,202.16,191.34,199.00,78091300
2023-12-29,196.04,212.66,192.07,210.89,140413200
2024-01-02,211.18,213.49,204.32,206.03,106589500
2024-01-03,203.39,206.26,191.17,191.84,102831500
2024-01-04,192.75,192.97,186.62,187.29,113877000
2024-01-05,185.66,186.75,178.44,179.09,105292500
2024-01-08,178.70,187.80,173.24,184.95,123570900
2024-01-09,186.15,197.67,185.46,196.64,79276000
2024-01-10,196.92,201.43,194.51,198.44,85257600
2024-01-11,198.82,205.53,196.80,203.20,90714200
2024-01-12,201.33,201.95,189.21,191.85,85617700
2024-01-16,192.95,195.82,184.55,187.03,95199900
2024-01-17,185.74,194.99,184.73,192.75,84569300
2024-01-18,192.09,199.28,188.71,196.95,83759000
2024-01-19,197.77,203.09,197.69,201.82,144450100
2024-01-22,203.24,204.33,200.07,200.66,79236600
2024-01-23,198.20,200.68,192.12,195.14,88846100
2024-01-24,191.26,193.05,189.63,190.91,141781300
2024-01-25,188.40,200.49,188.11,199.08,90096100
2024-01-26,197.86,198.11,186.71,187.92,91897800
2024-01-29,188.63,188.92,181.34,183.03,102038900
2024-01-30,182.46,187.43,177.90,185.42,92365000
2024-01-31,184.75,189.43,183.59,189.29,126156000
2024-02-01,187.39,187.51,182.54,182.91,72455000
2024-02-02,182.31,191.14,181.09,190.26,107155000
2024-02-05,191.33,192.93,190.77,191.14,90394600
2024-02-06,191.69,195.21,190.01,194.58,96687700
2024-02-07,194.23,195.84,185.06,188.97,65008200
2024-02-08,187.16,188.57,183.26,185.55,100554000
2024-02-09,183.49,187.18,182.38,182.44,108782600
2024-02-12,183.00,192.32,180.94,186.52,95471300
2024-02-13,185.97,193.12,185.34,190.88,84703500
2024-02-14,193.88,197.14,189.50,190.29,74720600
2024-02-15,190.24,192.39,187.70,191.24,70003900
2024-02-16,189.91,199.42,186.73,194.87,122209300
2024-02-20,193.54,199.72,193.27,198.83,60919500
2024-02-21,195.02,209.66,194.42,206.12,104010500
2024-02-22,204.90,206.09,197.70,199.13,109162300
2024-02-23,199.11,200.33,191.47,192.72,104753500
2024-02-26,192.11,192.98,189.33,190.14,110384900
2024-02-27,188.93,194.71,186.79,192.38,96730700
2024-02-28,192.49,194.46,192.46,193.24,137925800
2024-02-29,193.56,194.35,190.99,190.99,90645400
2024-03-01,190.67,201.08,189.67,198.07,80838600
2024-03-04,199.28,200.62,192.78,193.70,82708100
2024-03-05,193.95,202.86,193.47,201.28,112597800
2024-03-06,201.29,202.37,187.52,188.17,113106600
2024-03-07,192.58,196.97,191.01,192.79,53352600
2024-03-08,190.34,194.41,189.56,192.23,94249300
2024-03-11,194.97,195.78,189.13,194.71,99741900
2024-03-12,193.83,202.26,193.38,201.91,110166900
2024-03-13,202.36,221.88,200.18,219.34,83327300
2024-03-14,220.81,225.78,215.34,216.96,74390000
2024-03-15,220.83,224.92,207.71,210.45,70683800
2024-03-18,211.09,214.53,205.93,209.95,96863800
2024-03-19,208.80,210.53,201.18,201.44,125694300
2024-03-20,200.62,202.15,200.02,201.40,99362200
2024-03-21,201.03,211.10,198.49,207.23,69893200
2024-03-22,205.30,207.79,196.17,197.96,66645200
2024-03-25,200.58,205.13,198.79,201.47,112480000
2024-03-26,202.67,205.88,202.20,205.04,100777200
2024-03-27,205.64,209.92,204.84,208.94,104970800
2024-03-28,206.90,222.36,203.43,219.33,81584500
2024-03-29,220.39,225.21,218.88,225.04,100287600
2024-04-01,225.92,231.05,223.77,230.75,109078400
2024-04-02,232.59,237.02,226.14,228.35,121580300
2024-04-03,224.68,240.12,223.97,237.90,120006300
2024-04-04,235.31,235.37,222.78,224.76,98245600
2024-04-05,227.15,233.76,224.38,232.00,107919400
2024-04-08,229.98,232.57,227.39,229.39,99779800
2024-04-09,230.72,231.62,212.43,216.21,111944400
2024-04-10,215.20,222.93,213.74,222.69,106498900
2024-04-11,226.42,241.91,225.01,234.76,100407500
2024-04-12,233.41,235.83,216.65,217.12,117044500
2024-04-15,215.37,220.53,211.80,219.65,95538800
2024-04-16,218.39,218.46,212.86,213.98,114585600
2024-04-17,214.80,220.09,211.19,219.68,123950800
2024-04-18,219.94,220.09,214.11,216.01,91710100
2024-04-19,215.73,216.25,214.79,215.61,82210100
2024-04-22,215.89,225.96,212.81,222.32,85572500
2024-04-23,223.36,230.45,223.23,228.85,101879400
2024-04-24,230.87,244.46,228.00,243.04,114722400
2024-04-25,246.15,247.66,239.02,240.64,98443700
2024-04-26,240.45,245.77,222.05,226.31,72479100
2024-04-29,227.04,230.58,226.78,227.19,86816600
2024-04-30,230.59,232.74,225.44,226.27,105038900
2024-05-01,226.67,238.29,224.50,236.25,104326700
2024-05-02,234.68,241.82,227.69,228.06,74785500
2024-05-03,230.31,231.16,219.60,220.64,116191500
2024-05-06,219.33,240.21,219.16,239.62,72278200
2024-05-07,238.72,238.80,233.87,235.74,95350500
2024-05-08,235.45,239.07,235.18,237.24,98284700
2024-05-09,235.72,236.79,232.87,235.57,99764300
2024-05-10,234.94,241.52,234.81,239.33,141031000
2024-05-13,238.21,240.17,234.02,239.25,91196100
2024-05-14,239.53,254.62,236.36,253.50,123840700
2024-05-15,251.73,256.75,246.02,253.83,94549700
2024-05-16,254.58,255.20,247.54,248.88,106439300
2024-05-17,251.55,253.27,250.87,252.42,84695700
2024-05-20,248.98,251.80,236.56,242.36,129226300
2024-05-21,243.88,245.00,224.51,232.51,102827000
2024-05-22,232.64,232.76,229.16,230.60,89927400
2024-05-23,228.94,229.81,225.23,226.70,73515500
2024-05-24,226.85,233.48,225.33,229.79,74543600
2024-05-28,226.56,229.60,216.17,222.31,115955100
2024-05-29,219.93,230.06,215.95,229.79,61129300
2024-05-30,228.52,229.03,228.34,228.95,67942400
2024-05-31,227.92,228.77,220.41,221.12,80167500
2024-06-03,215.86,230.49,211.55,227.06,112162700
2024-06-04,226.94,230.40,223.15,225.92,105930600
2024-06-05,227.19,227.56,220.80,221.37,105910300
2024-06-06,221.54,222.25,220.99,221.45,94163200
2024-06-07,221.52,222.36,218.51,220.35,103046100
2024-06-10,220.41,228.21,216.89,227.92,86354000
2024-06-11,225.33,233.75,224.14,231.30,91696800
2024-06-12,232.04,235.08,230.05,233.69,79746600
2024-06-13,231.39,238.30,226.49,236.71,142376900
2024-06-14,236.78,248.06,233.65,243.08,106175500
2024-06-17,245.38,248.40,223.90,229.49,92454000
2024-06-18,230.79,235.01,223.89,234.37,103216500
2024-06-20,233.51,246.92,229.32,246.42,103271200
2024-06-21,246.56,255.83,246.33,251.64,106827300
2024-06-24,253.29,253.70,232.68,233.28,103848000
2024-06-25,234.69,235.94,223.73,225.54,130130400
2024-06-26,226.37,228.51,219.15,223.35,125838100
2024-06-27,222.99,229.23,220.71,229.02,92472600
2024-06-28,229.80,234.67,228.88,233.92,97851900
2024-07-01,234.18,238.27,231.82,233.04,117758900
2024-07-02,232.91,237.09,229.53,235.08,147233500
2024-07-03,234.65,247.55,233.20,245.21,109694300
2024-07-05,246.94,248.55,241.85,242.22,110949900
2024-07-08,244.97,247.34,233.68,234.44,101411500
2024-07-09,232.70,235.80,219.72,220.11,86726700
2024-07-10,221.58,227.51,219.84,225.77,108367500
2024-07-11,228.29,234.24,227.46,232.52,87426000
2024-07-12,229.74,251.74,228.65,246.12,100501300
2024-07-15,245.76,247.19,243.05,243.75,90914800
2024-07-16,244.01,249.27,237.79,245.51,101318200
2024-07-17,244.15,254.41,239.98,250.89,65612900
2024-07-18,253.75,258.03,242.76,246.41,93638900
2024-07-19,242.00,249.74,240.27,243.69,106215700
2024-07-22,243.65,245.43,233.71,237.81,72996400
2024-07-23,240.78,242.87,219.34,219.90,102587400
2024-07-24,220.44,227.76,219.86,224.68,78765700
2024-07-25,224.95,235.53,222.06,229.31,73626800
2024-07-26,227.67,239.91,227.35,236.98,98323700
2024-07-29,233.99,234.03,223.01,231.68,119426500
2024-07-30,231.40,231.92,217.58,221.31,118719300
2024-07-31,222.82,226.63,210.78,215.23,102503500
2024-08-01,217.47,217.71,214.05,217.69,62281700
2024-08-02,217.86,219.01,211.52,212.35,107164800
2024-08-05,214.14,216.97,209.04,210.96,88445500
2024-08-06,210.99,220.18,209.19,217.94,81853800
2024-08-07,217.27,225.80,215.22,224.04,111912000
2024-08-08,226.89,228.28,224.98,225.53,70047800
2024-08-09,224.97,230.82,223.58,229.13,72270700
2024-08-12,229.67,229.81,221.00,221.49,66324500
2024-08-13,222.76,229.29,218.78,229.00,87667200
2024-08-14,231.64,234.69,216.32,220.71,80415600
2024-08-15,220.75,223.30,217.29,222.06,82088200
2024-08-16,225.64,227.87,222.10,223.03,99838400
2024-08-19,221.10,221.39,212.85,214.10,107914700
2024-08-20,211.88,226.75,210.40,223.65,84130800
2024-08-21,221.31,230.94,217.88,230.54,111236600
2024-08-22,230.23,232.06,226.14,228.66,126563100
2024-08-23,232.73,232.84,227.59,229.59,70311600
2024-08-26,231.53,235.56,229.89,230.57,99931100
2024-08-27,233.63,260.07,231.75,254.50,134480100
2024-08-28,254.26,254.44,252.49,252.94,130889800
2024-08-29,252.05,256.48,250.53,256.45,94692200
2024-08-30,254.83,271.09,248.96,265.39,108973200
2024-09-03,268.10,279.52,267.21,276.70,87904200
2024-09-04,278.35,280.51,277.01,278.19,119606500
2024-09-05,273.65,281.46,271.56,276.13,94036800
2024-09-06,277.94,279.46,263.29,263.53,107190900
2024-09-09,264.66,268.21,259.49,259.64,79269000
2024-09-10,256.78,267.12,255.07,262.14,106930300
2024-09-11,261.56,281.99,257.67,276.54,172096800
2024-09-12,277.68,280.71,269.10,272.64,103769200
2024-09-13,275.02,296.70,273.55,286.14,123979200
2024-09-16,287.90,290.62,282.17,288.39,75962100
2024-09-17,284.86,288.03,280.39,284.12,131724600
2024-09-18,286.18,290.59,282.33,284.51,70817100
2024-09-19,282.10,283.89,279.18,281.05,119690100
2024-09-20,281.85,282.01,276.19,276.64,80902300
2024-09-23,277.40,281.27,265.24,270.75,111594000
2024-09-24,267.44,271.08,263.55,264.09,66367900
2024-09-25,261.69,273.31,259.60,269.84,99102200
2024-09-26,268.92,283.97,267.88,282.73,77846200
2024-09-27,279.24,283.98,272.25,274.28,77635600
2024-09-30,276.40,278.25,273.95,276.86,127885200
2024-10-01,277.73,280.29,276.64,277.39,74039600
2024-10-02,275.09,277.05,269.33,270.82,111443800
2024-10-03,266.05,273.83,265.58,273.76,92977100
2024-10-04,275.26,284.42,272.02,280.67,117597400
2024-10-07,277.21,287.85,277.11,285.14,78528000
2024-10-08,287.74,289.44,272.16,277.74,147254700
2024-10-09,274.19,278.36,269.07,277.13,101717500
2024-10-10,277.48,278.60,268.87,271.18,71279400
2024-10-11,274.18,274.41,269.61,270.83,109763000
2024-10-15,271.40,278.69,266.44,276.77,88912300
2024-10-16,274.93,277.29,271.63,274.92,117935200
2024-10-17,275.07,277.80,270.68,276.92,87772000
2024-10-18,277.84,281.28,274.69,278.72,87679000
2024-10-21,280.78,283.39,276.78,283.16,127639200
2024-10-22,289.13,291.71,282.25,284.23,73120000
2024-10-23,286.47,290.98,285.46,285.87,64831500
2024-10-24,284.52,285.02,277.94,281.52,90026300
2024-10-25,281.34,283.81,273.57,275.93,82239300
2024-10-28,275.61,281.50,273.37,281.12,79677200
2024-10-29,280.05,285.63,259.65,260.69,119013900
2024-10-30,263.90,268.54,240.76,244.06,83829800
2024-10-31,241.03,263.04,238.59,261.22,73328400
2024-11-01,262.29,266.64,262.20,265.08,76048000
2024-11-04,267.49,271.37,257.92,258.04,88855000
2024-11-05,257.78,273.44,254.42,272.81,84443000
2024-11-06,273.12,279.28,271.48,278.55,85734400
2024-11-07,276.61,286.49,274.45,281.83,92152400
2024-11-08,283.02,291.29,277.77,289.78,94569500
2024-11-12,290.54,295.61,282.01,285.56,144514000
2024-11-13,285.24,289.00,283.77,287.70,87134700
2024-11-14,284.62,290.13,282.40,288.29,85440400
2024-11-15,288.34,289.83,277.03,278.66,134712500
2024-11-18,277.40,285.30,274.54,282.47,84818900
2024-11-19,282.69,293.00,279.14,292.03,127112100
2024-11-20,290.47,293.79,274.39,279.91,131882900
2024-11-21,277.13,282.60,276.87,280.59,109051900
2024-11-22,280.39,304.42,274.00,295.48,128403400
2024-11-25,298.77,302.79,297.39,301.79,90211100
2024-11-26,303.12,306.19,288.59,293.12,110867800
2024-11-27,289.89,299.21,277.90,278.95,127949800
2024-11-29,279.65,280.69,264.14,264.66,64436500
2024-12-02,260.61,270.38,256.15,264.73,144312100
2024-12-03,267.37,272.33,257.38,261.65,66470000
2024-12-04,260.82,279.23,257.81,277.70,80813200
2024-12-05,279.28,282.30,277.03,279.63,84105800
2024-12-06,281.32,284.27,279.59,281.25,101061300
2024-12-09,282.78,283.94,275.15,279.65,80738100
2024-12-10,275.98,276.24,255.60,258.93,117866800
2024-12-11,259.86,263.46,246.26,248.42,110996600
2024-12-12,248.20,259.26,245.99,258.62,114451700
2024-12-13,255.80,270.90,255.30,268.91,94156700
2024-12-16,266.16,267.03,253.31,256.89,103435600
2024-12-17,257.72,258.52,249.56,258.11,85384700
2024-12-18,260.33,268.53,259.52,265.17,80233800
2024-12-19,264.92,274.77,262.65,266.13,96264700
2024-12-20,268.20,273.66,263.23,270.98,90378100
2024-12-23,270.36,272.85,264.35,265.06,99749800
2024-12-24,263.68,264.33,260.99,263.22,69241000
2024-12-26,263.70,272.66,260.26,271.80,130803300
2024-12-27,274.41,281.40,273.06,279.91,133292800
2024-12-30,280.64,280.82,254.68,259.64,97699800
2024-12-31,261.17,264.25,260.97,261.45,95928500
2025-01-02,263.46,266.11,261.78,265.17,83893000
2025-01-03,261.14,263.26,245.81,248.11,79001100
2025-01-06,247.03,258.51,243.35,255.40,84338600
2025-01-07,254.16,254.44,244.96,246.39,103242500
2025-01-08,251.04,256.09,243.46,244.23,97463200
2025-01-09,243.86,250.36,235.30,236.70,75013100
2025-01-10,236.19,247.99,235.66,244.75,87623500
2025-01-13,242.77,243.76,235.30,236.33,118680100
2025-01-14,236.68,241.41,233.49,240.32,107512100
2025-01-15,238.17,264.68,236.74,259.89,100219300
2025-01-16,260.09,273.84,256.34,273.72,111639500
2025-01-17,275.46,275.97,260.74,263.83,68388000
2025-01-21,262.16,268.33,259.02,264.29,99267300
2025-01-22,262.70,263.73,262.65,263.69,126295300
2025-01-23,264.67,275.15,259.51,272.71,63633500
2025-01-24,272.65,275.38,268.05,270.57,98397800
2025-01-27,266.24,280.74,264.72,277.29,101537400
2025-01-28,275.07,277.21,259.31,260.29,64652000
2025-01-29,259.61,264.28,247.81,251.49,99083100
2025-01-30,255.47,255.88,250.47,251.19,97736000
2025-01-31,252.70,258.27,251.96,256.28,59907500
2025-02-03,253.69,254.28,245.51,251.35,104306200
2025-02-04,250.42,252.18,245.97,246.92,87927100
2025-02-05,248.24,249.27,234.42,238.17,98731900
2025-02-06,240.50,241.54,231.62,234.26,64594200
2025-02-07,232.87,234.73,228.75,232.55,100519300
2025-02-10,230.00,245.94,228.88,244.43,98889000
2025-02-11,247.44,252.63,246.45,251.04,121397400
2025-02-12,251.90,251.90,242.84,243.70,133868500
2025-02-13,244.64,248.21,243.02,244.85,114600500
2025-02-14,244.84,247.19,233.70,234.94,92519100
2025-02-18,238.50,243.77,233.41,242.14,112685500
2025-02-19,242.09,245.16,236.31,241.00,94363000
2025-02-20,243.84,250.36,237.32,247.56,102123400
2025-02-21,246.47,250.28,244.85,250.09,106625600
2025-02-24,251.14,252.00,237.12,237.76,83333100
2025-02-25,242.03,242.04,238.29,238.67,146839600
2025-02-26,242.30,242.83,233.19,235.68,85936000
2025-02-27,239.30,243.38,232.73,236.06,125455100
2025-02-28,235.57,236.74,227.21,228.49,113478100
2025-03-03,227.56,228.22,220.17,221.48,118597900
2025-03-04,223.23,229.46,222.70,228.29,107190000
2025-03-05,228.52,239.24,228.17,234.08,102393900
2025-03-06,234.55,243.24,232.39,240.03,110547500
2025-03-07,237.88,238.43,234.50,234.52,114064400
2025-03-10,232.35,233.74,222.76,223.39,132785300
2025-03-11,224.46,230.85,221.51,230.47,112303700
2025-03-12,231.14,237.80,230.56,236.36,102667600
2025-03-13,235.92,242.15,234.89,238.48,80948500
2025-03-14,238.99,249.66,238.96,245.09,109417700
2025-03-17,240.46,261.36,237.80,257.01,105767400
2025-03-18,258.34,262.16,249.36,249.41,78949300
2025-03-19,251.77,254.91,248.67,253.77,128009400
2025-03-20,256.05,256.67,247.08,248.01,120875500
2025-03-21,248.57,253.63,230.10,230.57,107299100
2025-03-24,232.79,234.05,209.04,209.11,52214700
2025-03-25,207.08,213.34,204.75,211.80,83042800
2025-03-26,213.48,213.97,209.70,209.99,135907500
2025-03-27,207.53,211.52,206.55,209.58,84502400
2025-03-28,207.84,209.97,205.22,209.73,92100000
2025-03-31,210.04,213.25,209.90,212.81,109103700
2025-04-01,210.44,223.47,210.06,220.89,98483800
2025-04-02,221.67,225.93,221.53,221.96,108495500
2025-04-03,221.12,239.34,219.90,234.79,86184500
2025-04-04,230.80,238.96,227.58,236.12,105240500
2025-04-07,238.91,242.17,236.61,239.30,104602000
2025-04-08,239.24,249.01,236.55,239.01,96470800
2025-04-09,239.44,243.75,224.25,226.62,104650700
2025-04-10,228.59,236.89,223.03,235.07,93053400
2025-04-11,232.47,236.94,229.57,236.22,111101700
2025-04-14,235.19,240.96,233.62,239.73,110781800
2025-04-15,241.04,241.08,235.05,237.05,107813700
2025-04-16,235.70,240.98,234.73,237.36,97982300
2025-04-17,236.92,256.70,235.86,255.22,34289700
2025-04-18,253.82,256.67,246.55,247.84,115585100
2025-04-21,250.01,250.36,244.84,247.20,104376300
2025-04-22,245.35,248.32,243.95,245.89,101532800
2025-04-23,246.56,256.58,239.66,255.26,101265100
2025-04-24,255.93,256.95,251.33,256.64,55906800
2025-04-25,256.65,259.99,253.29,257.16,127990100
2025-04-28,257.24,259.24,244.72,245.02,137828700
2025-04-29,245.18,248.45,240.50,246.12,81495700
2025-04-30,244.06,250.33,240.00,249.08,84901000
2025-05-01,248.06,253.67,238.65,239.03,99813500
2025-05-02,239.83,245.54,228.65,230.21,64593900
2025-05-05,232.07,234.07,221.25,224.94,114743100
2025-05-06,226.66,230.86,219.12,219.31,79204600
2025-05-07,218.41,223.16,211.61,214.84,90372000
2025-05-08,215.84,216.83,210.72,211.98,107683200
2025-05-09,210.95,216.21,209.93,216.14,92163700
2025-05-12,216.97,219.76,213.60,218.76,115389400
2025-05-13,216.03,232.15,212.75,224.98,89751200
2025-05-14,225.04,226.99,215.24,219.28,119570900
2025-05-15,221.40,231.29,216.65,225.96,91763200
2025-05-16,228.59,233.76,227.06,233.12,114715200
2025-05-19,234.19,236.87,231.94,233.78,144162600
2025-05-20,229.61,231.81,217.33,217.48,85851300
2025-05-21,215.97,218.72,213.83,218.43,96561700
2025-05-22,216.27,218.41,207.46,208.17,111136700
2025-05-23,207.07,214.11,205.92,212.62,128909600
2025-05-27,211.63,216.02,209.96,215.04,59915200
2025-05-28,214.64,222.56,209.40,218.58,81440800
2025-05-29,219.55,221.68,219.42,219.70,95685600
2025-05-30,221.41,228.71,219.15,227.71,78542000
2025-06-02,229.95,230.37,227.37,228.08,120860200
2025-06-03,228.89,229.77,224.95,228.63,92408200
2025-06-04,228.22,230.53,212.71,215.00,105167800
2025-06-05,215.03,221.71,211.16,211.77,130606800
2025-06-06,211.43,214.74,209.35,212.77,116206900
2025-06-09,212.66,215.41,200.90,204.16,84229100
2025-06-10,202.86,217.62,200.11,217.11,127168300
2025-06-11,219.82,220.97,208.78,212.85,94104100
2025-06-12,214.68,217.57,212.37,215.02,94322900
2025-06-13,214.70,226.31,211.86,224.92,156600600
2025-06-16,220.77,224.46,215.98,217.72,76607600
2025-06-17,216.36,226.00,215.55,224.80,108586900
2025-06-18,225.84,227.49,222.63,224.14,90396600
2025-06-20,223.64,226.10,217.83,223.92,98982400
2025-06-23,221.94,235.76,220.88,235.52,96139200
2025-06-24,237.56,240.64,222.50,228.60,72020100
2025-06-25,226.03,232.78,225.51,229.72,78784100
2025-06-26,226.85,228.07,217.23,217.76,53175900
2025-06-27,217.70,219.80,204.32,206.97,104518100
2025-06-30,209.63,209.69,199.19,201.87,127146300
2025-07-01,201.72,202.86,194.49,197.62,71026600
2025-07-02,198.19,198.77,194.22,197.46,112333200
2025-07-03,196.15,196.28,178.99,180.01,83382100
2025-07-07,179.92,188.43,179.36,188.32,86562000
2025-07-08,188.01,194.83,185.33,191.63,96388100
2025-07-09,193.16,193.50,189.03,190.66,109933000
2025-07-10,191.68,194.51,181.51,184.65,125414100
2025-07-11,185.86,190.52,180.56,188.53,122751700
2025-07-14,188.51,192.19,186.44,191.98,86947500
2025-07-15,191.44,199.29,190.95,196.77,97878300
2025-07-16,196.98,208.70,195.86,208.35,109937300
2025-07-17,209.56,213.28,199.50,199.94,114029700
2025-07-18,196.86,199.87,193.57,198.28,111799100
2025-07-21,198.73,201.38,184.60,186.04,95883900
2025-07-22,188.50,194.23,187.63,193.24,113812100
2025-07-23,192.03,197.14,189.77,193.87,115718300
2025-07-24,192.85,196.88,191.67,196.60,86115200
2025-07-25,193.84,194.12,186.21,189.57,131931000
2025-07-28,193.59,194.05,181.79,186.25,113759500
2025-07-29,186.10,190.62,185.74,188.53,99643800
2025-07-30,188.60,194.12,187.53,193.98,113604300
2025-07-31,194.03,195.87,191.93,193.36,51637100
2025-08-01,191.53,195.47,184.37,186.23,127330000
2025-08-04,186.07,187.93,185.20,187.33,90074200
2025-08-05,188.54,194.43,184.71,194.05,116070300
2025-08-06,194.02,195.08,191.36,192.86,127585600
2025-08-07,191.01,195.09,189.19,193.23,108804400
2025-08-08,193.52,203.51,192.39,200.61,85913700
2025-08-11,201.79,204.98,201.26,204.05,71727400
2025-08-12,203.54,208.23,203.50,204.97,123688500
2025-08-13,206.92,215.66,205.14,211.26,105332700
2025-08-14,209.03,225.62,205.42,224.74,106330200
2025-08-15,225.70,232.89,224.81,231.67,89044500
2025-08-18,233.64,241.03,233.15,239.75,76389900
2025-08-19,238.07,239.69,235.28,235.46,94354600
2025-08-20,233.46,235.72,229.27,234.60,87925700
2025-08-21,233.72,236.17,230.49,233.08,61635100
2025-08-22,232.59,234.64,230.93,234.49,133971800
2025-08-25,232.99,237.50,229.47,237.34,108930500
2025-08-26,237.26,243.88,231.26,235.09,135348600
2025-08-27,232.84,236.15,229.31,234.04,73732000
2025-08-28,232.31,238.65,227.51,234.52,96782400
2025-08-29,232.75,240.87,231.43,240.32,79629700
2025-09-02,239.77,247.37,238.49,244.91,77352700
2025-09-03,251.40,255.90,234.97,240.92,85543500
2025-09-04,239.17,240.26,236.86,239.94,80155500
2025-09-05,240.32,242.83,236.60,240.76,73447400
2025-09-08,242.31,242.74,232.78,235.58,138076500
2025-09-09,236.61,243.53,231.34,242.47,98294400
2025-09-10,242.11,243.28,237.40,237.67,87000300
2025-09-11,238.74,248.40,238.35,247.40,112659500
2025-09-12,249.69,252.48,249.08,250.67,105102900
2025-09-15,253.30,254.95,250.98,251.70,82568000
2025-09-16,249.62,257.05,243.89,254.74,115068100
2025-09-17,256.87,264.59,254.31,262.51,116945600
2025-09-18,266.35,267.94,249.17,256.47,95400100
2025-09-19,255.53,261.23,252.81,261.19,86148900
2025-09-22,257.45,272.07,256.51,269.98,116113500
2025-09-23,268.85,288.10,268.80,285.91,69562200
2025-09-24,287.21,305.10,284.26,304.20,104587300
2025-09-25,302.52,304.42,298.69,302.77,105881800
2025-09-26,304.56,312.19,303.22,309.77,105139700
2025-09-29,307.46,321.41,301.35,320.47,121777900
2025-09-30,323.80,331.32,318.16,327.98,111479500
2025-10-01,324.79,342.95,318.24,340.80,91403400
2025-10-02,338.38,348.95,335.13,345.84,77683100
2025-10-03,346.11,356.77,342.63,354.61,81095000
2025-10-06,349.03,354.18,344.30,347.57,88691300
2025-10-07,349.94,353.41,340.83,341.08,123562000
2025-10-08,340.43,344.20,334.31,343.49,109921000
2025-10-09,342.39,358.99,341.70,353.27,93420200
2025-10-10,356.87,360.00,353.79,354.60,124188100
2025-10-14,352.85,357.64,348.18,354.15,91620700
2025-10-15,359.98,366.58,345.71,346.09,118901600
2025-10-16,345.54,350.46,344.62,346.55,100240700
2025-10-17,350.20,360.87,347.96,357.58,148108600
2025-10-20,356.49,358.37,337.77,342.09,67686100
2025-10-21,344.69,363.11,343.72,356.22,105039200
2025-10-22,359.28,359.39,334.49,339.85,91938000
2025-10-23,339.51,344.53,338.53,343.31,100109500
2025-10-24,341.69,357.53,339.04,353.80,88100200
2025-10-27,355.41,364.97,352.40,364.13,101681100
2025-10-28,360.84,390.22,359.25,388.30,126642100
2025-10-29,383.67,389.36,376.50,382.08,76018900
2025-10-30,381.38,398.22,376.62,396.62,101058700
2025-10-31,393.69,411.06,386.48,407.89,87849000
2025-11-03,403.91,404.83,389.36,400.95,113789300
2025-11-04,407.40,421.32,403.99,407.47,95086500
2025-11-05,409.89,418.22,396.29,398.75,96751800
2025-11-06,394.35,396.68,390.51,396.59,108337800
2025-11-07,403.49,409.78,397.78,409.20,61237200
2025-11-10,412.04,414.87,378.32,382.69,109175200
2025-11-12,383.10,388.22,371.49,375.63,108291800
2025-11-13,379.28,383.03,378.50,378.55,110007700
2025-11-14,377.66,397.35,371.22,397.31,93414400
2025-11-17,395.49,396.90,382.54,386.95,108005700
2025-11-18,385.64,386.64,361.41,362.21,77340400
2025-11-19,357.41,371.63,349.52,366.44,42446500
2025-11-20,362.05,376.86,360.45,374.34,112081100
2025-11-21,372.71,373.49,364.71,369.45,121301200
2025-11-24,364.36,388.02,354.84,384.07,89901700
2025-11-25,389.03,392.37,376.02,383.12,64883400
2025-11-26,386.46,392.37,360.64,366.40,83202600
2025-11-28,369.03,371.64,355.69,359.57,59492300
2025-12-01,360.50,365.92,334.96,339.44,56217300
2025-12-02,338.99,343.67,332.53,340.08,106428700
2025-12-03,336.62,342.03,335.05,341.36,124658500
2025-12-04,336.48,356.19,336.00,352.03,81864900
2025-12-05,350.21,366.01,350.13,363.66,97222200
2025-12-08,364.88,372.79,357.39,359.41,78911100
2025-12-09,359.27,362.10,347.24,353.92,113867800
2025-12-10,359.04,362.60,344.66,353.00,98333800
2025-12-11,356.29,356.84,349.90,350.62,88039900
2025-12-12,355.14,367.64,350.33,363.21,85201100
2025-12-15,366.34,369.70,337.39,340.63,62754200
2025-12-16,343.12,366.39,340.73,365.15,87419100
2025-12-17,368.37,385.75,366.07,376.38,79932700
2025-12-18,377.91,389.13,375.49,386.68,75585200
2025-12-19,387.22,396.20,376.67,391.00,104074000
2025-12-22,387.23,396.68,385.02,396.29,76266100
2025-12-23,393.76,402.90,376.29,380.54,94547900
2025-12-24,375.93,382.10,360.76,366.33,115367200
2025-12-26,363.69,371.17,356.06,360.43,149869500
2025-12-29,363.74,365.02,352.72,357.19,125524800
2025-12-30,358.51,383.77,354.81,380.93,121393600
2025-12-31,378.95,379.35,367.88,376.57,89059500
